Season,Round,TeamA,TeamB,Prob_TeamA_Win,PredictedWinner,Simulation
2026,1,Duke,Siena,0.9944116614139509,Duke,1
2026,1,Ohio St.,TCU,0.8247307005139348,Ohio St.,1
2026,1,St. John's,Northern Iowa,0.8331464003573522,Northern Iowa,1
2026,1,Kansas,Cal Baptist,0.9378160074405435,Kansas,1
2026,1,Louisville,South Florida,0.7942578724375865,Louisville,1
2026,1,Michigan St.,North Dakota St.,0.9552857140503138,North Dakota St.,1
2026,1,UCLA,UCF,0.8599254415690811,UCLA,1
2026,1,Connecticut,Furman,0.9823903432449944,Connecticut,1
2026,1,Florida,Prairie View A&M,0.9969490217891839,Florida,1
2026,1,Clemson,Iowa,0.3627148326932703,Iowa,1
2026,1,Vanderbilt,McNeese St.,0.9261622028485247,Vanderbilt,1
2026,1,Nebraska,Troy,0.9459366397748131,Nebraska,1
2026,1,North Carolina,VCU,0.6938511955149728,North Carolina,1
2026,1,Illinois,Penn,0.9914285746265543,Illinois,1
2026,1,Saint Mary's,Texas A&M,0.47165331625093126,Saint Mary's,1
2026,1,Houston,Idaho,0.9889877212017745,Houston,1
2026,1,Arizona,LIU,0.9971492836437457,Arizona,1
2026,1,Villanova,Utah St.,0.5200329159906949,Villanova,1
2026,1,Wisconsin,High Point,0.9551567732814226,Wisconsin,1
2026,1,Arkansas,Hawaii,0.9712160813684694,Arkansas,1
2026,1,BYU,Texas,0.5184462126308838,Texas,1
2026,1,Gonzaga,Kennesaw St.,0.9523105407589534,Gonzaga,1
2026,1,Miami FL,Missouri,0.4371796951565946,Missouri,1
2026,1,Purdue,Queens,0.9942485827871558,Purdue,1
2026,1,Michigan,Howard,0.9958654763245225,Michigan,1
2026,1,Georgia,Saint Louis,0.7588390832517659,Georgia,1
2026,1,Texas Tech,Akron,0.9516622481492901,Texas Tech,1
2026,1,Alabama,Hofstra,0.9292101382980879,Alabama,1
2026,1,Tennessee,Miami OH,0.9743983186142834,Tennessee,1
2026,1,Virginia,Wright St.,0.9554897234928257,Virginia,1
2026,1,Kentucky,Santa Clara,0.45174906885620525,Santa Clara,1
2026,1,Iowa St.,Tennessee St.,0.9969838955993388,Iowa St.,1
2026,2,Duke,Ohio St.,0.754111157056542,Duke,1
2026,2,Northern Iowa,Kansas,0.18066986949018937,Kansas,1
2026,2,Louisville,North Dakota St.,0.9646944676613756,Louisville,1
2026,2,UCLA,Connecticut,0.4656160824030859,UCLA,1
2026,2,Florida,Iowa,0.7926434027221209,Florida,1
2026,2,Vanderbilt,Nebraska,0.6958811683383198,Vanderbilt,1
2026,2,North Carolina,Illinois,0.10245434976003936,Illinois,1
2026,2,Saint Mary's,Houston,0.10279738958252423,Houston,1
2026,2,Arizona,Villanova,0.8323482094236314,Arizona,1
2026,2,Wisconsin,Arkansas,0.5029063675214598,Arkansas,1
2026,2,Texas,Gonzaga,0.3446493122370096,Gonzaga,1
2026,2,Missouri,Purdue,0.12262663643158621,Purdue,1
2026,2,Michigan,Georgia,0.866337900347868,Michigan,1
2026,2,Texas Tech,Alabama,0.5906841722207969,Alabama,1
2026,2,Tennessee,Virginia,0.5921018558449337,Tennessee,1
2026,2,Santa Clara,Iowa St.,0.2071920828857785,Iowa St.,1
2026,3,Duke,Kansas,0.7759678663752496,Duke,1
2026,3,Louisville,UCLA,0.5137306737144266,Louisville,1
2026,3,Florida,Vanderbilt,0.6613068485024125,Florida,1
2026,3,Illinois,Houston,0.5459470626236897,Illinois,1
2026,3,Arizona,Arkansas,0.6903897195952309,Arkansas,1
2026,3,Gonzaga,Purdue,0.18791666028135517,Purdue,1
2026,3,Michigan,Alabama,0.6895962556154527,Alabama,1
2026,3,Tennessee,Iowa St.,0.37868166566768885,Iowa St.,1
2026,4,Duke,Louisville,0.7581892365730687,Duke,1
2026,4,Florida,Illinois,0.38940877286056486,Illinois,1
2026,4,Arkansas,Purdue,0.2846930993448674,Arkansas,1
2026,4,Alabama,Iowa St.,0.36672481055933426,Alabama,1
2026,5,Duke,Illinois,0.41587894615796644,Illinois,1
2026,5,Arkansas,Alabama,0.4438146126735109,Alabama,1
2026,6,Illinois,Alabama,0.7662193952692907,Illinois,1
2026,1,Duke,Siena,0.9944116614139509,Duke,2
2026,1,Ohio St.,TCU,0.8247307005139348,Ohio St.,2
2026,1,St. John's,Northern Iowa,0.8331464003573522,St. John's,2
2026,1,Kansas,Cal Baptist,0.9378160074405435,Kansas,2
2026,1,Louisville,South Florida,0.7942578724375865,Louisville,2
2026,1,Michigan St.,North Dakota St.,0.9552857140503138,Michigan St.,2
2026,1,UCLA,UCF,0.8599254415690811,UCLA,2
2026,1,Connecticut,Furman,0.9823903432449944,Connecticut,2
2026,1,Florida,Prairie View A&M,0.9969490217891839,Florida,2
2026,1,Clemson,Iowa,0.3627148326932703,Iowa,2
2026,1,Vanderbilt,McNeese St.,0.9261622028485247,Vanderbilt,2
2026,1,Nebraska,Troy,0.9459366397748131,Nebraska,2
2026,1,North Carolina,VCU,0.6938511955149728,North Carolina,2
2026,1,Illinois,Penn,0.9914285746265543,Illinois,2
2026,1,Saint Mary's,Texas A&M,0.47165331625093126,Texas A&M,2
2026,1,Houston,Idaho,0.9889877212017745,Houston,2
2026,1,Arizona,LIU,0.9971492836437457,Arizona,2
2026,1,Villanova,Utah St.,0.5200329159906949,Utah St.,2
2026,1,Wisconsin,High Point,0.9551567732814226,Wisconsin,2
2026,1,Arkansas,Hawaii,0.9712160813684694,Arkansas,2
2026,1,BYU,Texas,0.5184462126308838,BYU,2
2026,1,Gonzaga,Kennesaw St.,0.9523105407589534,Gonzaga,2
2026,1,Miami FL,Missouri,0.4371796951565946,Miami FL,2
2026,1,Purdue,Queens,0.9942485827871558,Purdue,2
2026,1,Michigan,Howard,0.9958654763245225,Michigan,2
2026,1,Georgia,Saint Louis,0.7588390832517659,Georgia,2
2026,1,Texas Tech,Akron,0.9516622481492901,Texas Tech,2
2026,1,Alabama,Hofstra,0.9292101382980879,Alabama,2
2026,1,Tennessee,Miami OH,0.9743983186142834,Tennessee,2
2026,1,Virginia,Wright St.,0.9554897234928257,Virginia,2
2026,1,Kentucky,Santa Clara,0.45174906885620525,Kentucky,2
2026,1,Iowa St.,Tennessee St.,0.9969838955993388,Iowa St.,2
2026,2,Duke,Ohio St.,0.754111157056542,Duke,2
2026,2,St. John's,Kansas,0.524050661834133,St. John's,2
2026,2,Louisville,Michigan St.,0.5612051015065629,Louisville,2
2026,2,UCLA,Connecticut,0.4656160824030859,UCLA,2
2026,2,Florida,Iowa,0.7926434027221209,Iowa,2
2026,2,Vanderbilt,Nebraska,0.6958811683383198,Nebraska,2
2026,2,North Carolina,Illinois,0.10245434976003936,Illinois,2
2026,2,Texas A&M,Houston,0.11374825773649348,Houston,2
2026,2,Arizona,Utah St.,0.8432400875380335,Utah St.,2
2026,2,Wisconsin,Arkansas,0.5029063675214598,Arkansas,2
2026,2,BYU,Gonzaga,0.3615080571960916,Gonzaga,2
2026,2,Miami FL,Purdue,0.09793306781615119,Purdue,2
2026,2,Michigan,Georgia,0.866337900347868,Michigan,2
2026,2,Texas Tech,Alabama,0.5906841722207969,Texas Tech,2
2026,2,Tennessee,Virginia,0.5921018558449337,Virginia,2
2026,2,Kentucky,Iowa St.,0.1771844338333049,Iowa St.,2
2026,3,Duke,St. John's,0.7587877180879463,Duke,2
2026,3,Louisville,UCLA,0.5137306737144266,Louisville,2
2026,3,Iowa,Nebraska,0.5389087669585145,Nebraska,2
2026,3,Illinois,Houston,0.5459470626236897,Illinois,2
2026,3,Utah St.,Arkansas,0.2930546194880675,Arkansas,2
2026,3,Gonzaga,Purdue,0.18791666028135517,Purdue,2
2026,3,Michigan,Texas Tech,0.606217000166059,Texas Tech,2
2026,3,Virginia,Iowa St.,0.2957104446671426,Iowa St.,2
2026,4,Duke,Louisville,0.7581892365730687,Duke,2
2026,4,Nebraska,Illinois,0.12491561484566359,Illinois,2
2026,4,Arkansas,Purdue,0.2846930993448674,Purdue,2
2026,4,Texas Tech,Iowa St.,0.4552453740527298,Texas Tech,2
2026,5,Duke,Illinois,0.41587894615796644,Duke,2
2026,5,Purdue,Texas Tech,0.5814699902357143,Purdue,2
2026,6,Duke,Purdue,0.5378689018747759,Duke,2
2026,1,Duke,Siena,0.9944116614139509,Duke,3
2026,1,Ohio St.,TCU,0.8247307005139348,Ohio St.,3
2026,1,St. John's,Northern Iowa,0.8331464003573522,St. John's,3
2026,1,Kansas,Cal Baptist,0.9378160074405435,Kansas,3
2026,1,Louisville,South Florida,0.7942578724375865,Louisville,3
2026,1,Michigan St.,North Dakota St.,0.9552857140503138,Michigan St.,3
2026,1,UCLA,UCF,0.8599254415690811,UCLA,3
2026,1,Connecticut,Furman,0.9823903432449944,Connecticut,3
2026,1,Florida,Prairie View A&M,0.9969490217891839,Florida,3
2026,1,Clemson,Iowa,0.3627148326932703,Clemson,3
2026,1,Vanderbilt,McNeese St.,0.9261622028485247,McNeese St.,3
2026,1,Nebraska,Troy,0.9459366397748131,Nebraska,3
2026,1,North Carolina,VCU,0.6938511955149728,VCU,3
2026,1,Illinois,Penn,0.9914285746265543,Illinois,3
2026,1,Saint Mary's,Texas A&M,0.47165331625093126,Texas A&M,3
2026,1,Houston,Idaho,0.9889877212017745,Houston,3
2026,1,Arizona,LIU,0.9971492836437457,Arizona,3
2026,1,Villanova,Utah St.,0.5200329159906949,Utah St.,3
2026,1,Wisconsin,High Point,0.9551567732814226,Wisconsin,3
2026,1,Arkansas,Hawaii,0.9712160813684694,Arkansas,3
2026,1,BYU,Texas,0.5184462126308838,BYU,3
2026,1,Gonzaga,Kennesaw St.,0.9523105407589534,Gonzaga,3
2026,1,Miami FL,Missouri,0.4371796951565946,Missouri,3
2026,1,Purdue,Queens,0.9942485827871558,Purdue,3
2026,1,Michigan,Howard,0.9958654763245225,Michigan,3
2026,1,Georgia,Saint Louis,0.7588390832517659,Saint Louis,3
2026,1,Texas Tech,Akron,0.9516622481492901,Texas Tech,3
2026,1,Alabama,Hofstra,0.9292101382980879,Alabama,3
2026,1,Tennessee,Miami OH,0.9743983186142834,Tennessee,3
2026,1,Virginia,Wright St.,0.9554897234928257,Virginia,3
2026,1,Kentucky,Santa Clara,0.45174906885620525,Kentucky,3
2026,1,Iowa St.,Tennessee St.,0.9969838955993388,Iowa St.,3
2026,2,Duke,Ohio St.,0.754111157056542,Duke,3
2026,2,St. John's,Kansas,0.524050661834133,Kansas,3
2026,2,Louisville,Michigan St.,0.5612051015065629,Louisville,3
2026,2,UCLA,Connecticut,0.4656160824030859,Connecticut,3
2026,2,Florida,Clemson,0.8704037936386363,Florida,3
2026,2,McNeese St.,Nebraska,0.1542801261498085,McNeese St.,3
2026,2,VCU,Illinois,0.047951180201484304,Illinois,3
2026,2,Texas A&M,Houston,0.11374825773649348,Houston,3
2026,2,Arizona,Utah St.,0.8432400875380335,Arizona,3
2026,2,Wisconsin,Arkansas,0.5029063675214598,Arkansas,3
2026,2,BYU,Gonzaga,0.3615080571960916,BYU,3
2026,2,Missouri,Purdue,0.12262663643158621,Purdue,3
2026,2,Michigan,Saint Louis,0.9532599115629986,Michigan,3
2026,2,Texas Tech,Alabama,0.5906841722207969,Texas Tech,3
2026,2,Tennessee,Virginia,0.5921018558449337,Tennessee,3
2026,2,Kentucky,Iowa St.,0.1771844338333049,Iowa St.,3
2026,3,Duke,Kansas,0.7759678663752496,Duke,3
2026,3,Louisville,Connecticut,0.4793076795515448,Louisville,3
2026,3,Florida,McNeese St.,0.9607703298840732,Florida,3
2026,3,Illinois,Houston,0.5459470626236897,Houston,3
2026,3,Arizona,Arkansas,0.6903897195952309,Arkansas,3
2026,3,BYU,Purdue,0.1158398959796437,Purdue,3
2026,3,Michigan,Texas Tech,0.606217000166059,Texas Tech,3
2026,3,Tennessee,Iowa St.,0.37868166566768885,Iowa St.,3
2026,4,Duke,Louisville,0.7581892365730687,Duke,3
2026,4,Florida,Houston,0.4340146591383405,Florida,3
2026,4,Arkansas,Purdue,0.2846930993448674,Purdue,3
2026,4,Texas Tech,Iowa St.,0.4552453740527298,Iowa St.,3
2026,5,Duke,Florida,0.5274932579747873,Duke,3
2026,5,Purdue,Iowa St.,0.5372587698757884,Purdue,3
2026,6,Duke,Purdue,0.5378689018747759,Purdue,3
2026,1,Duke,Siena,0.9944116614139509,Duke,4
2026,1,Ohio St.,TCU,0.8247307005139348,TCU,4
2026,1,St. John's,Northern Iowa,0.8331464003573522,St. John's,4
2026,1,Kansas,Cal Baptist,0.9378160074405435,Kansas,4
2026,1,Louisville,South Florida,0.7942578724375865,South Florida,4
2026,1,Michigan St.,North Dakota St.,0.9552857140503138,Michigan St.,4
2026,1,UCLA,UCF,0.8599254415690811,UCLA,4
2026,1,Connecticut,Furman,0.9823903432449944,Connecticut,4
2026,1,Florida,Prairie View A&M,0.9969490217891839,Florida,4
2026,1,Clemson,Iowa,0.3627148326932703,Clemson,4
2026,1,Vanderbilt,McNeese St.,0.9261622028485247,Vanderbilt,4
2026,1,Nebraska,Troy,0.9459366397748131,Nebraska,4
2026,1,North Carolina,VCU,0.6938511955149728,VCU,4
2026,1,Illinois,Penn,0.9914285746265543,Illinois,4
2026,1,Saint Mary's,Texas A&M,0.47165331625093126,Saint Mary's,4
2026,1,Houston,Idaho,0.9889877212017745,Houston,4
2026,1,Arizona,LIU,0.9971492836437457,Arizona,4
2026,1,Villanova,Utah St.,0.5200329159906949,Villanova,4
2026,1,Wisconsin,High Point,0.9551567732814226,Wisconsin,4
2026,1,Arkansas,Hawaii,0.9712160813684694,Arkansas,4
2026,1,BYU,Texas,0.5184462126308838,BYU,4
2026,1,Gonzaga,Kennesaw St.,0.9523105407589534,Gonzaga,4
2026,1,Miami FL,Missouri,0.4371796951565946,Missouri,4
2026,1,Purdue,Queens,0.9942485827871558,Purdue,4
2026,1,Michigan,Howard,0.9958654763245225,Michigan,4
2026,1,Georgia,Saint Louis,0.7588390832517659,Georgia,4
2026,1,Texas Tech,Akron,0.9516622481492901,Texas Tech,4
2026,1,Alabama,Hofstra,0.9292101382980879,Alabama,4
2026,1,Tennessee,Miami OH,0.9743983186142834,Tennessee,4
2026,1,Virginia,Wright St.,0.9554897234928257,Virginia,4
2026,1,Kentucky,Santa Clara,0.45174906885620525,Kentucky,4
2026,1,Iowa St.,Tennessee St.,0.9969838955993388,Iowa St.,4
2026,2,Duke,TCU,0.9351962827442268,Duke,4
2026,2,St. John's,Kansas,0.524050661834133,Kansas,4
2026,2,South Florida,Michigan St.,0.24885463353731688,Michigan St.,4
2026,2,UCLA,Connecticut,0.4656160824030859,UCLA,4
2026,2,Florida,Clemson,0.8704037936386363,Clemson,4
2026,2,Vanderbilt,Nebraska,0.6958811683383198,Vanderbilt,4
2026,2,VCU,Illinois,0.047951180201484304,Illinois,4
2026,2,Saint Mary's,Houston,0.10279738958252423,Houston,4
2026,2,Arizona,Villanova,0.8323482094236314,Arizona,4
2026,2,Wisconsin,Arkansas,0.5029063675214598,Wisconsin,4
2026,2,BYU,Gonzaga,0.3615080571960916,Gonzaga,4
2026,2,Missouri,Purdue,0.12262663643158621,Purdue,4
2026,2,Michigan,Georgia,0.866337900347868,Michigan,4
2026,2,Texas Tech,Alabama,0.5906841722207969,Alabama,4
2026,2,Tennessee,Virginia,0.5921018558449337,Virginia,4
2026,2,Kentucky,Iowa St.,0.1771844338333049,Iowa St.,4
2026,3,Duke,Kansas,0.7759678663752496,Kansas,4
2026,3,Michigan St.,UCLA,0.4523654463161424,Michigan St.,4
2026,3,Clemson,Vanderbilt,0.2252358976607075,Clemson,4
2026,3,Illinois,Houston,0.5459470626236897,Houston,4
2026,3,Arizona,Wisconsin,0.68789924261849,Wisconsin,4
2026,3,Gonzaga,Purdue,0.18791666028135517,Purdue,4
2026,3,Michigan,Alabama,0.6895962556154527,Michigan,4
2026,3,Virginia,Iowa St.,0.2957104446671426,Iowa St.,4
2026,4,Kansas,Michigan St.,0.5365621913412327,Michigan St.,4
2026,4,Clemson,Houston,0.10247486367160984,Houston,4
2026,4,Wisconsin,Purdue,0.28706648492331593,Purdue,4
2026,4,Michigan,Iowa St.,0.562653722755456,Michigan,4
2026,5,Michigan St.,Houston,0.17592008330111863,Houston,4
2026,5,Purdue,Michigan,0.47436568406645174,Michigan,4
2026,6,Houston,Michigan,0.5509586529000877,Michigan,4
2026,1,Duke,Siena,0.9944116614139509,Duke,5
2026,1,Ohio St.,TCU,0.8247307005139348,Ohio St.,5
2026,1,St. John's,Northern Iowa,0.8331464003573522,St. John's,5
2026,1,Kansas,Cal Baptist,0.9378160074405435,Kansas,5
2026,1,Louisville,South Florida,0.7942578724375865,South Florida,5
2026,1,Michigan St.,North Dakota St.,0.9552857140503138,Michigan St.,5
2026,1,UCLA,UCF,0.8599254415690811,UCLA,5
2026,1,Connecticut,Furman,0.9823903432449944,Connecticut,5
2026,1,Florida,Prairie View A&M,0.9969490217891839,Florida,5
2026,1,Clemson,Iowa,0.3627148326932703,Iowa,5
2026,1,Vanderbilt,McNeese St.,0.9261622028485247,Vanderbilt,5
2026,1,Nebraska,Troy,0.9459366397748131,Nebraska,5
2026,1,North Carolina,VCU,0.6938511955149728,VCU,5
2026,1,Illinois,Penn,0.9914285746265543,Illinois,5
2026,1,Saint Mary's,Texas A&M,0.47165331625093126,Saint Mary's,5
2026,1,Houston,Idaho,0.9889877212017745,Houston,5
2026,1,Arizona,LIU,0.9971492836437457,Arizona,5
2026,1,Villanova,Utah St.,0.5200329159906949,Villanova,5
2026,1,Wisconsin,High Point,0.9551567732814226,Wisconsin,5
2026,1,Arkansas,Hawaii,0.9712160813684694,Arkansas,5
2026,1,BYU,Texas,0.5184462126308838,BYU,5
2026,1,Gonzaga,Kennesaw St.,0.9523105407589534,Gonzaga,5
2026,1,Miami FL,Missouri,0.4371796951565946,Missouri,5
2026,1,Purdue,Queens,0.9942485827871558,Purdue,5
2026,1,Michigan,Howard,0.9958654763245225,Michigan,5
2026,1,Georgia,Saint Louis,0.7588390832517659,Georgia,5
2026,1,Texas Tech,Akron,0.9516622481492901,Texas Tech,5
2026,1,Alabama,Hofstra,0.9292101382980879,Alabama,5
2026,1,Tennessee,Miami OH,0.9743983186142834,Tennessee,5
2026,1,Virginia,Wright St.,0.9554897234928257,Virginia,5
2026,1,Kentucky,Santa Clara,0.45174906885620525,Kentucky,5
2026,1,Iowa St.,Tennessee St.,0.9969838955993388,Iowa St.,5
2026,2,Duke,Ohio St.,0.754111157056542,Duke,5
2026,2,St. John's,Kansas,0.524050661834133,St. John's,5
2026,2,South Florida,Michigan St.,0.24885463353731688,South Florida,5
2026,2,UCLA,Connecticut,0.4656160824030859,UCLA,5
2026,2,Florida,Iowa,0.7926434027221209,Florida,5
2026,2,Vanderbilt,Nebraska,0.6958811683383198,Vanderbilt,5
2026,2,VCU,Illinois,0.047951180201484304,Illinois,5
2026,2,Saint Mary's,Houston,0.10279738958252423,Saint Mary's,5
2026,2,Arizona,Villanova,0.8323482094236314,Villanova,5
2026,2,Wisconsin,Arkansas,0.5029063675214598,Wisconsin,5
2026,2,BYU,Gonzaga,0.3615080571960916,Gonzaga,5
2026,2,Missouri,Purdue,0.12262663643158621,Purdue,5
2026,2,Michigan,Georgia,0.866337900347868,Georgia,5
2026,2,Texas Tech,Alabama,0.5906841722207969,Alabama,5
2026,2,Tennessee,Virginia,0.5921018558449337,Virginia,5
2026,2,Kentucky,Iowa St.,0.1771844338333049,Iowa St.,5
2026,3,Duke,St. John's,0.7587877180879463,St. John's,5
2026,3,South Florida,UCLA,0.21486460401218846,South Florida,5
2026,3,Florida,Vanderbilt,0.6613068485024125,Florida,5
2026,3,Illinois,Saint Mary's,0.913000175815042,Illinois,5
2026,3,Villanova,Wisconsin,0.3074548005820875,Wisconsin,5
2026,3,Gonzaga,Purdue,0.18791666028135517,Purdue,5
2026,3,Georgia,Alabama,0.2552647377745327,Alabama,5
2026,3,Virginia,Iowa St.,0.2957104446671426,Iowa St.,5
2026,4,St. John's,South Florida,0.7937234727944465,St. John's,5
2026,4,Florida,Illinois,0.38940877286056486,Florida,5
2026,4,Wisconsin,Purdue,0.28706648492331593,Purdue,5
2026,4,Alabama,Iowa St.,0.36672481055933426,Iowa St.,5
2026,5,St. John's,Florida,0.2619301505398761,St. John's,5
2026,5,Purdue,Iowa St.,0.5372587698757884,Purdue,5
2026,6,St. John's,Purdue,0.27006783682576224,Purdue,5
2026,1,Duke,Siena,0.9944116614139509,Duke,6
2026,1,Ohio St.,TCU,0.8247307005139348,Ohio St.,6
2026,1,St. John's,Northern Iowa,0.8331464003573522,St. John's,6
2026,1,Kansas,Cal Baptist,0.9378160074405435,Kansas,6
2026,1,Louisville,South Florida,0.7942578724375865,South Florida,6
2026,1,Michigan St.,North Dakota St.,0.9552857140503138,Michigan St.,6
2026,1,UCLA,UCF,0.8599254415690811,UCLA,6
2026,1,Connecticut,Furman,0.9823903432449944,Connecticut,6
2026,1,Florida,Prairie View A&M,0.9969490217891839,Florida,6
2026,1,Clemson,Iowa,0.3627148326932703,Iowa,6
2026,1,Vanderbilt,McNeese St.,0.9261622028485247,Vanderbilt,6
2026,1,Nebraska,Troy,0.9459366397748131,Nebraska,6
2026,1,North Carolina,VCU,0.6938511955149728,North Carolina,6
2026,1,Illinois,Penn,0.9914285746265543,Illinois,6
2026,1,Saint Mary's,Texas A&M,0.47165331625093126,Saint Mary's,6
2026,1,Houston,Idaho,0.9889877212017745,Houston,6
2026,1,Arizona,LIU,0.9971492836437457,Arizona,6
2026,1,Villanova,Utah St.,0.5200329159906949,Utah St.,6
2026,1,Wisconsin,High Point,0.9551567732814226,Wisconsin,6
2026,1,Arkansas,Hawaii,0.9712160813684694,Arkansas,6
2026,1,BYU,Texas,0.5184462126308838,Texas,6
2026,1,Gonzaga,Kennesaw St.,0.9523105407589534,Gonzaga,6
2026,1,Miami FL,Missouri,0.4371796951565946,Missouri,6
2026,1,Purdue,Queens,0.9942485827871558,Purdue,6
2026,1,Michigan,Howard,0.9958654763245225,Michigan,6
2026,1,Georgia,Saint Louis,0.7588390832517659,Georgia,6
2026,1,Texas Tech,Akron,0.9516622481492901,Akron,6
2026,1,Alabama,Hofstra,0.9292101382980879,Alabama,6
2026,1,Tennessee,Miami OH,0.9743983186142834,Tennessee,6
2026,1,Virginia,Wright St.,0.9554897234928257,Virginia,6
2026,1,Kentucky,Santa Clara,0.45174906885620525,Santa Clara,6
2026,1,Iowa St.,Tennessee St.,0.9969838955993388,Iowa St.,6
2026,2,Duke,Ohio St.,0.754111157056542,Duke,6
2026,2,St. John's,Kansas,0.524050661834133,Kansas,6
2026,2,South Florida,Michigan St.,0.24885463353731688,South Florida,6
2026,2,UCLA,Connecticut,0.4656160824030859,Connecticut,6
2026,2,Florida,Iowa,0.7926434027221209,Florida,6
2026,2,Vanderbilt,Nebraska,0.6958811683383198,Vanderbilt,6
2026,2,North Carolina,Illinois,0.10245434976003936,Illinois,6
2026,2,Saint Mary's,Houston,0.10279738958252423,Houston,6
2026,2,Arizona,Utah St.,0.8432400875380335,Arizona,6
2026,2,Wisconsin,Arkansas,0.5029063675214598,Arkansas,6
2026,2,Texas,Gonzaga,0.3446493122370096,Gonzaga,6
2026,2,Missouri,Purdue,0.12262663643158621,Purdue,6
2026,2,Michigan,Georgia,0.866337900347868,Michigan,6
2026,2,Akron,Alabama,0.06829352289582973,Alabama,6
2026,2,Tennessee,Virginia,0.5921018558449337,Tennessee,6
2026,2,Santa Clara,Iowa St.,0.2071920828857785,Santa Clara,6
2026,3,Duke,Kansas,0.7759678663752496,Duke,6
2026,3,South Florida,Connecticut,0.19253819698176136,Connecticut,6
2026,3,Florida,Vanderbilt,0.6613068485024125,Florida,6
2026,3,Illinois,Houston,0.5459470626236897,Houston,6
2026,3,Arizona,Arkansas,0.6903897195952309,Arizona,6
2026,3,Gonzaga,Purdue,0.18791666028135517,Purdue,6
2026,3,Michigan,Alabama,0.6895962556154527,Alabama,6
2026,3,Tennessee,Santa Clara,0.6998927132305507,Santa Clara,6
2026,4,Duke,Connecticut,0.7426830871082504,Duke,6
2026,4,Florida,Houston,0.4340146591383405,Florida,6
2026,4,Arizona,Purdue,0.4701958688898175,Arizona,6
2026,4,Alabama,Santa Clara,0.6890413492881927,Alabama,6
2026,5,Duke,Florida,0.5274932579747873,Duke,6
2026,5,Arizona,Alabama,0.640203423738967,Alabama,6
2026,6,Duke,Alabama,0.7000154503115001,Duke,6
2026,1,Duke,Siena,0.9944116614139509,Duke,7
2026,1,Ohio St.,TCU,0.8247307005139348,Ohio St.,7
2026,1,St. John's,Northern Iowa,0.8331464003573522,St. John's,7
2026,1,Kansas,Cal Baptist,0.9378160074405435,Kansas,7
2026,1,Louisville,South Florida,0.7942578724375865,Louisville,7
2026,1,Michigan St.,North Dakota St.,0.9552857140503138,Michigan St.,7
2026,1,UCLA,UCF,0.8599254415690811,UCLA,7
2026,1,Connecticut,Furman,0.9823903432449944,Furman,7
2026,1,Florida,Prairie View A&M,0.9969490217891839,Florida,7
2026,1,Clemson,Iowa,0.3627148326932703,Iowa,7
2026,1,Vanderbilt,McNeese St.,0.9261622028485247,Vanderbilt,7
2026,1,Nebraska,Troy,0.9459366397748131,Nebraska,7
2026,1,North Carolina,VCU,0.6938511955149728,North Carolina,7
2026,1,Illinois,Penn,0.9914285746265543,Illinois,7
2026,1,Saint Mary's,Texas A&M,0.47165331625093126,Texas A&M,7
2026,1,Houston,Idaho,0.9889877212017745,Houston,7
2026,1,Arizona,LIU,0.9971492836437457,Arizona,7
2026,1,Villanova,Utah St.,0.5200329159906949,Villanova,7
2026,1,Wisconsin,High Point,0.9551567732814226,Wisconsin,7
2026,1,Arkansas,Hawaii,0.9712160813684694,Arkansas,7
2026,1,BYU,Texas,0.5184462126308838,BYU,7
2026,1,Gonzaga,Kennesaw St.,0.9523105407589534,Gonzaga,7
2026,1,Miami FL,Missouri,0.4371796951565946,Miami FL,7
2026,1,Purdue,Queens,0.9942485827871558,Purdue,7
2026,1,Michigan,Howard,0.9958654763245225,Michigan,7
2026,1,Georgia,Saint Louis,0.7588390832517659,Georgia,7
2026,1,Texas Tech,Akron,0.9516622481492901,Akron,7
2026,1,Alabama,Hofstra,0.9292101382980879,Alabama,7
2026,1,Tennessee,Miami OH,0.9743983186142834,Tennessee,7
2026,1,Virginia,Wright St.,0.9554897234928257,Virginia,7
2026,1,Kentucky,Santa Clara,0.45174906885620525,Kentucky,7
2026,1,Iowa St.,Tennessee St.,0.9969838955993388,Tennessee St.,7
2026,2,Duke,Ohio St.,0.754111157056542,Duke,7
2026,2,St. John's,Kansas,0.524050661834133,Kansas,7
2026,2,Louisville,Michigan St.,0.5612051015065629,Louisville,7
2026,2,UCLA,Furman,0.9798419625531463,UCLA,7
2026,2,Florida,Iowa,0.7926434027221209,Florida,7
2026,2,Vanderbilt,Nebraska,0.6958811683383198,Vanderbilt,7
2026,2,North Carolina,Illinois,0.10245434976003936,Illinois,7
2026,2,Texas A&M,Houston,0.11374825773649348,Houston,7
2026,2,Arizona,Villanova,0.8323482094236314,Arizona,7
2026,2,Wisconsin,Arkansas,0.5029063675214598,Arkansas,7
2026,2,BYU,Gonzaga,0.3615080571960916,Gonzaga,7
2026,2,Miami FL,Purdue,0.09793306781615119,Miami FL,7
2026,2,Michigan,Georgia,0.866337900347868,Michigan,7
2026,2,Akron,Alabama,0.06829352289582973,Akron,7
2026,2,Tennessee,Virginia,0.5921018558449337,Virginia,7
2026,2,Kentucky,Tennessee St.,0.9861459623986171,Kentucky,7
2026,3,Duke,Kansas,0.7759678663752496,Duke,7
2026,3,Louisville,UCLA,0.5137306737144266,UCLA,7
2026,3,Florida,Vanderbilt,0.6613068485024125,Florida,7
2026,3,Illinois,Houston,0.5459470626236897,Houston,7
2026,3,Arizona,Arkansas,0.6903897195952309,Arkansas,7
2026,3,Gonzaga,Miami FL,0.6806585884530112,Miami FL,7
2026,3,Michigan,Akron,0.9680600126646123,Michigan,7
2026,3,Virginia,Kentucky,0.6609951443740734,Kentucky,7
2026,4,Duke,UCLA,0.768117878478023,Duke,7
2026,4,Florida,Houston,0.4340146591383405,Florida,7
2026,4,Arkansas,Miami FL,0.7856842385031371,Arkansas,7
2026,4,Michigan,Kentucky,0.8566180380622178,Michigan,7
2026,5,Duke,Florida,0.5274932579747873,Florida,7
2026,5,Arkansas,Michigan,0.2642631414307739,Michigan,7
2026,6,Florida,Michigan,0.48476844617225257,Michigan,7
2026,1,Duke,Siena,0.9944116614139509,Duke,8
2026,1,Ohio St.,TCU,0.8247307005139348,Ohio St.,8
2026,1,St. John's,Northern Iowa,0.8331464003573522,St. John's,8
2026,1,Kansas,Cal Baptist,0.9378160074405435,Kansas,8
2026,1,Louisville,South Florida,0.7942578724375865,Louisville,8
2026,1,Michigan St.,North Dakota St.,0.9552857140503138,North Dakota St.,8
2026,1,UCLA,UCF,0.8599254415690811,UCLA,8
2026,1,Connecticut,Furman,0.9823903432449944,Connecticut,8
2026,1,Florida,Prairie View A&M,0.9969490217891839,Florida,8
2026,1,Clemson,Iowa,0.3627148326932703,Clemson,8
2026,1,Vanderbilt,McNeese St.,0.9261622028485247,Vanderbilt,8
2026,1,Nebraska,Troy,0.9459366397748131,Nebraska,8
2026,1,North Carolina,VCU,0.6938511955149728,North Carolina,8
2026,1,Illinois,Penn,0.9914285746265543,Illinois,8
2026,1,Saint Mary's,Texas A&M,0.47165331625093126,Saint Mary's,8
2026,1,Houston,Idaho,0.9889877212017745,Houston,8
2026,1,Arizona,LIU,0.9971492836437457,Arizona,8
2026,1,Villanova,Utah St.,0.5200329159906949,Utah St.,8
2026,1,Wisconsin,High Point,0.9551567732814226,Wisconsin,8
2026,1,Arkansas,Hawaii,0.9712160813684694,Arkansas,8
2026,1,BYU,Texas,0.5184462126308838,BYU,8
2026,1,Gonzaga,Kennesaw St.,0.9523105407589534,Gonzaga,8
2026,1,Miami FL,Missouri,0.4371796951565946,Miami FL,8
2026,1,Purdue,Queens,0.9942485827871558,Purdue,8
2026,1,Michigan,Howard,0.9958654763245225,Michigan,8
2026,1,Georgia,Saint Louis,0.7588390832517659,Georgia,8
2026,1,Texas Tech,Akron,0.9516622481492901,Texas Tech,8
2026,1,Alabama,Hofstra,0.9292101382980879,Alabama,8
2026,1,Tennessee,Miami OH,0.9743983186142834,Tennessee,8
2026,1,Virginia,Wright St.,0.9554897234928257,Virginia,8
2026,1,Kentucky,Santa Clara,0.45174906885620525,Santa Clara,8
2026,1,Iowa St.,Tennessee St.,0.9969838955993388,Iowa St.,8
2026,2,Duke,Ohio St.,0.754111157056542,Duke,8
2026,2,St. John's,Kansas,0.524050661834133,St. John's,8
2026,2,Louisville,North Dakota St.,0.9646944676613756,Louisville,8
2026,2,UCLA,Connecticut,0.4656160824030859,UCLA,8
2026,2,Florida,Clemson,0.8704037936386363,Florida,8
2026,2,Vanderbilt,Nebraska,0.6958811683383198,Vanderbilt,8
2026,2,North Carolina,Illinois,0.10245434976003936,Illinois,8
2026,2,Saint Mary's,Houston,0.10279738958252423,Houston,8
2026,2,Arizona,Utah St.,0.8432400875380335,Arizona,8
2026,2,Wisconsin,Arkansas,0.5029063675214598,Arkansas,8
2026,2,BYU,Gonzaga,0.3615080571960916,BYU,8
2026,2,Miami FL,Purdue,0.09793306781615119,Miami FL,8
2026,2,Michigan,Georgia,0.866337900347868,Michigan,8
2026,2,Texas Tech,Alabama,0.5906841722207969,Texas Tech,8
2026,2,Tennessee,Virginia,0.5921018558449337,Tennessee,8
2026,2,Santa Clara,Iowa St.,0.2071920828857785,Iowa St.,8
2026,3,Duke,St. John's,0.7587877180879463,Duke,8
2026,3,Louisville,UCLA,0.5137306737144266,UCLA,8
2026,3,Florida,Vanderbilt,0.6613068485024125,Florida,8
2026,3,Illinois,Houston,0.5459470626236897,Houston,8
2026,3,Arizona,Arkansas,0.6903897195952309,Arizona,8
2026,3,BYU,Miami FL,0.5468559432627973,Miami FL,8
2026,3,Michigan,Texas Tech,0.606217000166059,Michigan,8
2026,3,Tennessee,Iowa St.,0.37868166566768885,Iowa St.,8
2026,4,Duke,UCLA,0.768117878478023,Duke,8
2026,4,Florida,Houston,0.4340146591383405,Florida,8
2026,4,Arizona,Miami FL,0.8910048450083328,Arizona,8
2026,4,Michigan,Iowa St.,0.562653722755456,Iowa St.,8
2026,5,Duke,Florida,0.5274932579747873,Florida,8
2026,5,Arizona,Iowa St.,0.5074878989723941,Iowa St.,8
2026,6,Florida,Iowa St.,0.5476038850580078,Florida,8
2026,1,Duke,Siena,0.9944116614139509,Duke,9
2026,1,Ohio St.,TCU,0.8247307005139348,Ohio St.,9
2026,1,St. John's,Northern Iowa,0.8331464003573522,St. John's,9
2026,1,Kansas,Cal Baptist,0.9378160074405435,Kansas,9
2026,1,Louisville,South Florida,0.7942578724375865,Louisville,9
2026,1,Michigan St.,North Dakota St.,0.9552857140503138,Michigan St.,9
2026,1,UCLA,UCF,0.8599254415690811,UCLA,9
2026,1,Connecticut,Furman,0.9823903432449944,Connecticut,9
2026,1,Florida,Prairie View A&M,0.9969490217891839,Florida,9
2026,1,Clemson,Iowa,0.3627148326932703,Clemson,9
2026,1,Vanderbilt,McNeese St.,0.9261622028485247,Vanderbilt,9
2026,1,Nebraska,Troy,0.9459366397748131,Nebraska,9
2026,1,North Carolina,VCU,0.6938511955149728,North Carolina,9
2026,1,Illinois,Penn,0.9914285746265543,Illinois,9
2026,1,Saint Mary's,Texas A&M,0.47165331625093126,Saint Mary's,9
2026,1,Houston,Idaho,0.9889877212017745,Houston,9
2026,1,Arizona,LIU,0.9971492836437457,Arizona,9
2026,1,Villanova,Utah St.,0.5200329159906949,Villanova,9
2026,1,Wisconsin,High Point,0.9551567732814226,Wisconsin,9
2026,1,Arkansas,Hawaii,0.9712160813684694,Arkansas,9
2026,1,BYU,Texas,0.5184462126308838,BYU,9
2026,1,Gonzaga,Kennesaw St.,0.9523105407589534,Gonzaga,9
2026,1,Miami FL,Missouri,0.4371796951565946,Missouri,9
2026,1,Purdue,Queens,0.9942485827871558,Queens,9
2026,1,Michigan,Howard,0.9958654763245225,Michigan,9
2026,1,Georgia,Saint Louis,0.7588390832517659,Georgia,9
2026,1,Texas Tech,Akron,0.9516622481492901,Texas Tech,9
2026,1,Alabama,Hofstra,0.9292101382980879,Alabama,9
2026,1,Tennessee,Miami OH,0.9743983186142834,Tennessee,9
2026,1,Virginia,Wright St.,0.9554897234928257,Virginia,9
2026,1,Kentucky,Santa Clara,0.45174906885620525,Kentucky,9
2026,1,Iowa St.,Tennessee St.,0.9969838955993388,Iowa St.,9
2026,2,Duke,Ohio St.,0.754111157056542,Duke,9
2026,2,St. John's,Kansas,0.524050661834133,St. John's,9
2026,2,Louisville,Michigan St.,0.5612051015065629,Louisville,9
2026,2,UCLA,Connecticut,0.4656160824030859,Connecticut,9
2026,2,Florida,Clemson,0.8704037936386363,Clemson,9
2026,2,Vanderbilt,Nebraska,0.6958811683383198,Vanderbilt,9
2026,2,North Carolina,Illinois,0.10245434976003936,Illinois,9
2026,2,Saint Mary's,Houston,0.10279738958252423,Houston,9
2026,2,Arizona,Villanova,0.8323482094236314,Arizona,9
2026,2,Wisconsin,Arkansas,0.5029063675214598,Wisconsin,9
2026,2,BYU,Gonzaga,0.3615080571960916,Gonzaga,9
2026,2,Missouri,Queens,0.9602564414099746,Missouri,9
2026,2,Michigan,Georgia,0.866337900347868,Michigan,9
2026,2,Texas Tech,Alabama,0.5906841722207969,Texas Tech,9
2026,2,Tennessee,Virginia,0.5921018558449337,Tennessee,9
2026,2,Kentucky,Iowa St.,0.1771844338333049,Kentucky,9
2026,3,Duke,St. John's,0.7587877180879463,Duke,9
2026,3,Louisville,Connecticut,0.4793076795515448,Connecticut,9
2026,3,Clemson,Vanderbilt,0.2252358976607075,Clemson,9
2026,3,Illinois,Houston,0.5459470626236897,Illinois,9
2026,3,Arizona,Wisconsin,0.68789924261849,Arizona,9
2026,3,Gonzaga,Missouri,0.6234420736108527,Gonzaga,9
2026,3,Michigan,Texas Tech,0.606217000166059,Michigan,9
2026,3,Tennessee,Kentucky,0.7389258749973996,Tennessee,9
2026,4,Duke,Connecticut,0.7426830871082504,Duke,9
2026,4,Clemson,Illinois,0.08672207215582714,Illinois,9
2026,4,Arizona,Gonzaga,0.7931873894151327,Gonzaga,9
2026,4,Michigan,Tennessee,0.6785435855710996,Michigan,9
2026,5,Duke,Illinois,0.41587894615796644,Illinois,9
2026,5,Gonzaga,Michigan,0.1727542640889092,Michigan,9
2026,6,Illinois,Michigan,0.596006556359772,Michigan,9
2026,1,Duke,Siena,0.9944116614139509,Duke,10
2026,1,Ohio St.,TCU,0.8247307005139348,Ohio St.,10
2026,1,St. John's,Northern Iowa,0.8331464003573522,St. John's,10
2026,1,Kansas,Cal Baptist,0.9378160074405435,Kansas,10
2026,1,Louisville,South Florida,0.7942578724375865,South Florida,10
2026,1,Michigan St.,North Dakota St.,0.9552857140503138,Michigan St.,10
2026,1,UCLA,UCF,0.8599254415690811,UCLA,10
2026,1,Connecticut,Furman,0.9823903432449944,Connecticut,10
2026,1,Florida,Prairie View A&M,0.9969490217891839,Florida,10
2026,1,Clemson,Iowa,0.3627148326932703,Iowa,10
2026,1,Vanderbilt,McNeese St.,0.9261622028485247,Vanderbilt,10
2026,1,Nebraska,Troy,0.9459366397748131,Nebraska,10
2026,1,North Carolina,VCU,0.6938511955149728,North Carolina,10
2026,1,Illinois,Penn,0.9914285746265543,Illinois,10
2026,1,Saint Mary's,Texas A&M,0.47165331625093126,Texas A&M,10
2026,1,Houston,Idaho,0.9889877212017745,Houston,10
2026,1,Arizona,LIU,0.9971492836437457,Arizona,10
2026,1,Villanova,Utah St.,0.5200329159906949,Utah St.,10
2026,1,Wisconsin,High Point,0.9551567732814226,Wisconsin,10
2026,1,Arkansas,Hawaii,0.9712160813684694,Arkansas,10
2026,1,BYU,Texas,0.5184462126308838,BYU,10
2026,1,Gonzaga,Kennesaw St.,0.9523105407589534,Gonzaga,10
2026,1,Miami FL,Missouri,0.4371796951565946,Miami FL,10
2026,1,Purdue,Queens,0.9942485827871558,Purdue,10
2026,1,Michigan,Howard,0.9958654763245225,Michigan,10
2026,1,Georgia,Saint Louis,0.7588390832517659,Georgia,10
2026,1,Texas Tech,Akron,0.9516622481492901,Texas Tech,10
2026,1,Alabama,Hofstra,0.9292101382980879,Alabama,10
2026,1,Tennessee,Miami OH,0.9743983186142834,Tennessee,10
2026,1,Virginia,Wright St.,0.9554897234928257,Virginia,10
2026,1,Kentucky,Santa Clara,0.45174906885620525,Santa Clara,10
2026,1,Iowa St.,Tennessee St.,0.9969838955993388,Iowa St.,10
2026,2,Duke,Ohio St.,0.754111157056542,Duke,10
2026,2,St. John's,Kansas,0.524050661834133,St. John's,10
2026,2,South Florida,Michigan St.,0.24885463353731688,Michigan St.,10
2026,2,UCLA,Connecticut,0.4656160824030859,Connecticut,10
2026,2,Florida,Iowa,0.7926434027221209,Florida,10
2026,2,Vanderbilt,Nebraska,0.6958811683383198,Nebraska,10
2026,2,North Carolina,Illinois,0.10245434976003936,Illinois,10
2026,2,Texas A&M,Houston,0.11374825773649348,Houston,10
2026,2,Arizona,Utah St.,0.8432400875380335,Arizona,10
2026,2,Wisconsin,Arkansas,0.5029063675214598,Arkansas,10
2026,2,BYU,Gonzaga,0.3615080571960916,Gonzaga,10
2026,2,Miami FL,Purdue,0.09793306781615119,Purdue,10
2026,2,Michigan,Georgia,0.866337900347868,Michigan,10
2026,2,Texas Tech,Alabama,0.5906841722207969,Alabama,10
2026,2,Tennessee,Virginia,0.5921018558449337,Virginia,10
2026,2,Santa Clara,Iowa St.,0.2071920828857785,Iowa St.,10
2026,3,Duke,St. John's,0.7587877180879463,Duke,10
2026,3,Michigan St.,Connecticut,0.41851537121286536,Connecticut,10
2026,3,Florida,Nebraska,0.8171092464488837,Florida,10
2026,3,Illinois,Houston,0.5459470626236897,Illinois,10
2026,3,Arizona,Arkansas,0.6903897195952309,Arizona,10
2026,3,Gonzaga,Purdue,0.18791666028135517,Purdue,10
2026,3,Michigan,Alabama,0.6895962556154527,Michigan,10
2026,3,Virginia,Iowa St.,0.2957104446671426,Iowa St.,10
2026,4,Duke,Connecticut,0.7426830871082504,Duke,10
2026,4,Florida,Illinois,0.38940877286056486,Illinois,10
2026,4,Arizona,Purdue,0.4701958688898175,Arizona,10
2026,4,Michigan,Iowa St.,0.562653722755456,Iowa St.,10
2026,5,Duke,Illinois,0.41587894615796644,Duke,10
2026,5,Arizona,Iowa St.,0.5074878989723941,Iowa St.,10
2026,6,Duke,Iowa St.,0.5747060461556229,Iowa St.,10
2026,1,Duke,Siena,0.9944116614139509,Duke,11
2026,1,Ohio St.,TCU,0.8247307005139348,Ohio St.,11
2026,1,St. John's,Northern Iowa,0.8331464003573522,St. John's,11
2026,1,Kansas,Cal Baptist,0.9378160074405435,Kansas,11
2026,1,Louisville,South Florida,0.7942578724375865,Louisville,11
2026,1,Michigan St.,North Dakota St.,0.9552857140503138,Michigan St.,11
2026,1,UCLA,UCF,0.8599254415690811,UCLA,11
2026,1,Connecticut,Furman,0.9823903432449944,Connecticut,11
2026,1,Florida,Prairie View A&M,0.9969490217891839,Florida,11
2026,1,Clemson,Iowa,0.3627148326932703,Iowa,11
2026,1,Vanderbilt,McNeese St.,0.9261622028485247,Vanderbilt,11
2026,1,Nebraska,Troy,0.9459366397748131,Nebraska,11
2026,1,North Carolina,VCU,0.6938511955149728,North Carolina,11
2026,1,Illinois,Penn,0.9914285746265543,Illinois,11
2026,1,Saint Mary's,Texas A&M,0.47165331625093126,Texas A&M,11
2026,1,Houston,Idaho,0.9889877212017745,Houston,11
2026,1,Arizona,LIU,0.9971492836437457,Arizona,11
2026,1,Villanova,Utah St.,0.5200329159906949,Villanova,11
2026,1,Wisconsin,High Point,0.9551567732814226,Wisconsin,11
2026,1,Arkansas,Hawaii,0.9712160813684694,Arkansas,11
2026,1,BYU,Texas,0.5184462126308838,BYU,11
2026,1,Gonzaga,Kennesaw St.,0.9523105407589534,Gonzaga,11
2026,1,Miami FL,Missouri,0.4371796951565946,Missouri,11
2026,1,Purdue,Queens,0.9942485827871558,Purdue,11
2026,1,Michigan,Howard,0.9958654763245225,Michigan,11
2026,1,Georgia,Saint Louis,0.7588390832517659,Georgia,11
2026,1,Texas Tech,Akron,0.9516622481492901,Texas Tech,11
2026,1,Alabama,Hofstra,0.9292101382980879,Alabama,11
2026,1,Tennessee,Miami OH,0.9743983186142834,Tennessee,11
2026,1,Virginia,Wright St.,0.9554897234928257,Virginia,11
2026,1,Kentucky,Santa Clara,0.45174906885620525,Kentucky,11
2026,1,Iowa St.,Tennessee St.,0.9969838955993388,Iowa St.,11
2026,2,Duke,Ohio St.,0.754111157056542,Duke,11
2026,2,St. John's,Kansas,0.524050661834133,St. John's,11
2026,2,Louisville,Michigan St.,0.5612051015065629,Louisville,11
2026,2,UCLA,Connecticut,0.4656160824030859,Connecticut,11
2026,2,Florida,Iowa,0.7926434027221209,Iowa,11
2026,2,Vanderbilt,Nebraska,0.6958811683383198,Nebraska,11
2026,2,North Carolina,Illinois,0.10245434976003936,Illinois,11
2026,2,Texas A&M,Houston,0.11374825773649348,Houston,11
2026,2,Arizona,Villanova,0.8323482094236314,Arizona,11
2026,2,Wisconsin,Arkansas,0.5029063675214598,Arkansas,11
2026,2,BYU,Gonzaga,0.3615080571960916,Gonzaga,11
2026,2,Missouri,Purdue,0.12262663643158621,Purdue,11
2026,2,Michigan,Georgia,0.866337900347868,Michigan,11
2026,2,Texas Tech,Alabama,0.5906841722207969,Texas Tech,11
2026,2,Tennessee,Virginia,0.5921018558449337,Virginia,11
2026,2,Kentucky,Iowa St.,0.1771844338333049,Iowa St.,11
2026,3,Duke,St. John's,0.7587877180879463,Duke,11
2026,3,Louisville,Connecticut,0.4793076795515448,Louisville,11
2026,3,Iowa,Nebraska,0.5389087669585145,Iowa,11
2026,3,Illinois,Houston,0.5459470626236897,Illinois,11
2026,3,Arizona,Arkansas,0.6903897195952309,Arizona,11
2026,3,Gonzaga,Purdue,0.18791666028135517,Purdue,11
2026,3,Michigan,Texas Tech,0.606217000166059,Texas Tech,11
2026,3,Virginia,Iowa St.,0.2957104446671426,Iowa St.,11
2026,4,Duke,Louisville,0.7581892365730687,Duke,11
2026,4,Iowa,Illinois,0.14298305959580024,Illinois,11
2026,4,Arizona,Purdue,0.4701958688898175,Purdue,11
2026,4,Texas Tech,Iowa St.,0.4552453740527298,Iowa St.,11
2026,5,Duke,Illinois,0.41587894615796644,Duke,11
2026,5,Purdue,Iowa St.,0.5372587698757884,Iowa St.,11
2026,6,Duke,Iowa St.,0.5747060461556229,Duke,11
2026,1,Duke,Siena,0.9944116614139509,Duke,12
2026,1,Ohio St.,TCU,0.8247307005139348,TCU,12
2026,1,St. John's,Northern Iowa,0.8331464003573522,St. John's,12
2026,1,Kansas,Cal Baptist,0.9378160074405435,Kansas,12
2026,1,Louisville,South Florida,0.7942578724375865,Louisville,12
2026,1,Michigan St.,North Dakota St.,0.9552857140503138,Michigan St.,12
2026,1,UCLA,UCF,0.8599254415690811,UCLA,12
2026,1,Connecticut,Furman,0.9823903432449944,Connecticut,12
2026,1,Florida,Prairie View A&M,0.9969490217891839,Florida,12
2026,1,Clemson,Iowa,0.3627148326932703,Clemson,12
2026,1,Vanderbilt,McNeese St.,0.9261622028485247,Vanderbilt,12
2026,1,Nebraska,Troy,0.9459366397748131,Nebraska,12
2026,1,North Carolina,VCU,0.6938511955149728,North Carolina,12
2026,1,Illinois,Penn,0.9914285746265543,Illinois,12
2026,1,Saint Mary's,Texas A&M,0.47165331625093126,Texas A&M,12
2026,1,Houston,Idaho,0.9889877212017745,Houston,12
2026,1,Arizona,LIU,0.9971492836437457,Arizona,12
2026,1,Villanova,Utah St.,0.5200329159906949,Utah St.,12
2026,1,Wisconsin,High Point,0.9551567732814226,Wisconsin,12
2026,1,Arkansas,Hawaii,0.9712160813684694,Arkansas,12
2026,1,BYU,Texas,0.5184462126308838,Texas,12
2026,1,Gonzaga,Kennesaw St.,0.9523105407589534,Gonzaga,12
2026,1,Miami FL,Missouri,0.4371796951565946,Miami FL,12
2026,1,Purdue,Queens,0.9942485827871558,Purdue,12
2026,1,Michigan,Howard,0.9958654763245225,Michigan,12
2026,1,Georgia,Saint Louis,0.7588390832517659,Georgia,12
2026,1,Texas Tech,Akron,0.9516622481492901,Akron,12
2026,1,Alabama,Hofstra,0.9292101382980879,Alabama,12
2026,1,Tennessee,Miami OH,0.9743983186142834,Tennessee,12
2026,1,Virginia,Wright St.,0.9554897234928257,Virginia,12
2026,1,Kentucky,Santa Clara,0.45174906885620525,Santa Clara,12
2026,1,Iowa St.,Tennessee St.,0.9969838955993388,Iowa St.,12
2026,2,Duke,TCU,0.9351962827442268,Duke,12
2026,2,St. John's,Kansas,0.524050661834133,St. John's,12
2026,2,Louisville,Michigan St.,0.5612051015065629,Louisville,12
2026,2,UCLA,Connecticut,0.4656160824030859,UCLA,12
2026,2,Florida,Clemson,0.8704037936386363,Florida,12
2026,2,Vanderbilt,Nebraska,0.6958811683383198,Vanderbilt,12
2026,2,North Carolina,Illinois,0.10245434976003936,North Carolina,12
2026,2,Texas A&M,Houston,0.11374825773649348,Texas A&M,12
2026,2,Arizona,Utah St.,0.8432400875380335,Arizona,12
2026,2,Wisconsin,Arkansas,0.5029063675214598,Wisconsin,12
2026,2,Texas,Gonzaga,0.3446493122370096,Gonzaga,12
2026,2,Miami FL,Purdue,0.09793306781615119,Purdue,12
2026,2,Michigan,Georgia,0.866337900347868,Michigan,12
2026,2,Akron,Alabama,0.06829352289582973,Alabama,12
2026,2,Tennessee,Virginia,0.5921018558449337,Tennessee,12
2026,2,Santa Clara,Iowa St.,0.2071920828857785,Santa Clara,12
2026,3,Duke,St. John's,0.7587877180879463,Duke,12
2026,3,Louisville,UCLA,0.5137306737144266,UCLA,12
2026,3,Florida,Vanderbilt,0.6613068485024125,Florida,12
2026,3,North Carolina,Texas A&M,0.5167624343251269,North Carolina,12
2026,3,Arizona,Wisconsin,0.68789924261849,Arizona,12
2026,3,Gonzaga,Purdue,0.18791666028135517,Purdue,12
2026,3,Michigan,Alabama,0.6895962556154527,Michigan,12
2026,3,Tennessee,Santa Clara,0.6998927132305507,Santa Clara,12
2026,4,Duke,UCLA,0.768117878478023,UCLA,12
2026,4,Florida,North Carolina,0.8481866048018866,Florida,12
2026,4,Arizona,Purdue,0.4701958688898175,Arizona,12
2026,4,Michigan,Santa Clara,0.8311604180459907,Michigan,12
2026,5,UCLA,Florida,0.25206482848367573,Florida,12
2026,5,Arizona,Michigan,0.4447304585569584,Michigan,12
2026,6,Florida,Michigan,0.48476844617225257,Florida,12
2026,1,Duke,Siena,0.9944116614139509,Duke,13
2026,1,Ohio St.,TCU,0.8247307005139348,TCU,13
2026,1,St. John's,Northern Iowa,0.8331464003573522,St. John's,13
2026,1,Kansas,Cal Baptist,0.9378160074405435,Kansas,13
2026,1,Louisville,South Florida,0.7942578724375865,Louisville,13
2026,1,Michigan St.,North Dakota St.,0.9552857140503138,Michigan St.,13
2026,1,UCLA,UCF,0.8599254415690811,UCLA,13
2026,1,Connecticut,Furman,0.9823903432449944,Connecticut,13
2026,1,Florida,Prairie View A&M,0.9969490217891839,Florida,13
2026,1,Clemson,Iowa,0.3627148326932703,Clemson,13
2026,1,Vanderbilt,McNeese St.,0.9261622028485247,Vanderbilt,13
2026,1,Nebraska,Troy,0.9459366397748131,Nebraska,13
2026,1,North Carolina,VCU,0.6938511955149728,North Carolina,13
2026,1,Illinois,Penn,0.9914285746265543,Illinois,13
2026,1,Saint Mary's,Texas A&M,0.47165331625093126,Saint Mary's,13
2026,1,Houston,Idaho,0.9889877212017745,Houston,13
2026,1,Arizona,LIU,0.9971492836437457,Arizona,13
2026,1,Villanova,Utah St.,0.5200329159906949,Utah St.,13
2026,1,Wisconsin,High Point,0.9551567732814226,Wisconsin,13
2026,1,Arkansas,Hawaii,0.9712160813684694,Arkansas,13
2026,1,BYU,Texas,0.5184462126308838,Texas,13
2026,1,Gonzaga,Kennesaw St.,0.9523105407589534,Gonzaga,13
2026,1,Miami FL,Missouri,0.4371796951565946,Missouri,13
2026,1,Purdue,Queens,0.9942485827871558,Purdue,13
2026,1,Michigan,Howard,0.9958654763245225,Michigan,13
2026,1,Georgia,Saint Louis,0.7588390832517659,Saint Louis,13
2026,1,Texas Tech,Akron,0.9516622481492901,Texas Tech,13
2026,1,Alabama,Hofstra,0.9292101382980879,Alabama,13
2026,1,Tennessee,Miami OH,0.9743983186142834,Miami OH,13
2026,1,Virginia,Wright St.,0.9554897234928257,Virginia,13
2026,1,Kentucky,Santa Clara,0.45174906885620525,Santa Clara,13
2026,1,Iowa St.,Tennessee St.,0.9969838955993388,Iowa St.,13
2026,2,Duke,TCU,0.9351962827442268,Duke,13
2026,2,St. John's,Kansas,0.524050661834133,Kansas,13
2026,2,Louisville,Michigan St.,0.5612051015065629,Louisville,13
2026,2,UCLA,Connecticut,0.4656160824030859,UCLA,13
2026,2,Florida,Clemson,0.8704037936386363,Florida,13
2026,2,Vanderbilt,Nebraska,0.6958811683383198,Vanderbilt,13
2026,2,North Carolina,Illinois,0.10245434976003936,North Carolina,13
2026,2,Saint Mary's,Houston,0.10279738958252423,Houston,13
2026,2,Arizona,Utah St.,0.8432400875380335,Arizona,13
2026,2,Wisconsin,Arkansas,0.5029063675214598,Wisconsin,13
2026,2,Texas,Gonzaga,0.3446493122370096,Gonzaga,13
2026,2,Missouri,Purdue,0.12262663643158621,Purdue,13
2026,2,Michigan,Saint Louis,0.9532599115629986,Michigan,13
2026,2,Texas Tech,Alabama,0.5906841722207969,Texas Tech,13
2026,2,Miami OH,Virginia,0.03673845417328201,Virginia,13
2026,2,Santa Clara,Iowa St.,0.2071920828857785,Iowa St.,13
2026,3,Duke,Kansas,0.7759678663752496,Duke,13
2026,3,Louisville,UCLA,0.5137306737144266,Louisville,13
2026,3,Florida,Vanderbilt,0.6613068485024125,Vanderbilt,13
2026,3,North Carolina,Houston,0.12068722015957356,Houston,13
2026,3,Arizona,Wisconsin,0.68789924261849,Arizona,13
2026,3,Gonzaga,Purdue,0.18791666028135517,Purdue,13
2026,3,Michigan,Texas Tech,0.606217000166059,Michigan,13
2026,3,Virginia,Iowa St.,0.2957104446671426,Virginia,13
2026,4,Duke,Louisville,0.7581892365730687,Louisville,13
2026,4,Vanderbilt,Houston,0.28198971818666835,Houston,13
2026,4,Arizona,Purdue,0.4701958688898175,Arizona,13
2026,4,Michigan,Virginia,0.7539419566136315,Virginia,13
2026,5,Louisville,Houston,0.21447091401142218,Houston,13
2026,5,Arizona,Virginia,0.7104895114601911,Arizona,13
2026,6,Houston,Arizona,0.605044776123337,Arizona,13
2026,1,Duke,Siena,0.9944116614139509,Duke,14
2026,1,Ohio St.,TCU,0.8247307005139348,Ohio St.,14
2026,1,St. John's,Northern Iowa,0.8331464003573522,St. John's,14
2026,1,Kansas,Cal Baptist,0.9378160074405435,Kansas,14
2026,1,Louisville,South Florida,0.7942578724375865,Louisville,14
2026,1,Michigan St.,North Dakota St.,0.9552857140503138,Michigan St.,14
2026,1,UCLA,UCF,0.8599254415690811,UCLA,14
2026,1,Connecticut,Furman,0.9823903432449944,Connecticut,14
2026,1,Florida,Prairie View A&M,0.9969490217891839,Florida,14
2026,1,Clemson,Iowa,0.3627148326932703,Iowa,14
2026,1,Vanderbilt,McNeese St.,0.9261622028485247,Vanderbilt,14
2026,1,Nebraska,Troy,0.9459366397748131,Nebraska,14
2026,1,North Carolina,VCU,0.6938511955149728,North Carolina,14
2026,1,Illinois,Penn,0.9914285746265543,Illinois,14
2026,1,Saint Mary's,Texas A&M,0.47165331625093126,Texas A&M,14
2026,1,Houston,Idaho,0.9889877212017745,Houston,14
2026,1,Arizona,LIU,0.9971492836437457,Arizona,14
2026,1,Villanova,Utah St.,0.5200329159906949,Utah St.,14
2026,1,Wisconsin,High Point,0.9551567732814226,High Point,14
2026,1,Arkansas,Hawaii,0.9712160813684694,Arkansas,14
2026,1,BYU,Texas,0.5184462126308838,BYU,14
2026,1,Gonzaga,Kennesaw St.,0.9523105407589534,Gonzaga,14
2026,1,Miami FL,Missouri,0.4371796951565946,Missouri,14
2026,1,Purdue,Queens,0.9942485827871558,Purdue,14
2026,1,Michigan,Howard,0.9958654763245225,Michigan,14
2026,1,Georgia,Saint Louis,0.7588390832517659,Georgia,14
2026,1,Texas Tech,Akron,0.9516622481492901,Texas Tech,14
2026,1,Alabama,Hofstra,0.9292101382980879,Alabama,14
2026,1,Tennessee,Miami OH,0.9743983186142834,Tennessee,14
2026,1,Virginia,Wright St.,0.9554897234928257,Virginia,14
2026,1,Kentucky,Santa Clara,0.45174906885620525,Santa Clara,14
2026,1,Iowa St.,Tennessee St.,0.9969838955993388,Iowa St.,14
2026,2,Duke,Ohio St.,0.754111157056542,Duke,14
2026,2,St. John's,Kansas,0.524050661834133,Kansas,14
2026,2,Louisville,Michigan St.,0.5612051015065629,Michigan St.,14
2026,2,UCLA,Connecticut,0.4656160824030859,UCLA,14
2026,2,Florida,Iowa,0.7926434027221209,Florida,14
2026,2,Vanderbilt,Nebraska,0.6958811683383198,Nebraska,14
2026,2,North Carolina,Illinois,0.10245434976003936,Illinois,14
2026,2,Texas A&M,Houston,0.11374825773649348,Houston,14
2026,2,Arizona,Utah St.,0.8432400875380335,Arizona,14
2026,2,High Point,Arkansas,0.04534382132942886,Arkansas,14
2026,2,BYU,Gonzaga,0.3615080571960916,Gonzaga,14
2026,2,Missouri,Purdue,0.12262663643158621,Purdue,14
2026,2,Michigan,Georgia,0.866337900347868,Michigan,14
2026,2,Texas Tech,Alabama,0.5906841722207969,Texas Tech,14
2026,2,Tennessee,Virginia,0.5921018558449337,Virginia,14
2026,2,Santa Clara,Iowa St.,0.2071920828857785,Iowa St.,14
2026,3,Duke,Kansas,0.7759678663752496,Kansas,14
2026,3,Michigan St.,UCLA,0.4523654463161424,Michigan St.,14
2026,3,Florida,Nebraska,0.8171092464488837,Florida,14
2026,3,Illinois,Houston,0.5459470626236897,Houston,14
2026,3,Arizona,Arkansas,0.6903897195952309,Arizona,14
2026,3,Gonzaga,Purdue,0.18791666028135517,Purdue,14
2026,3,Michigan,Texas Tech,0.606217000166059,Michigan,14
2026,3,Virginia,Iowa St.,0.2957104446671426,Iowa St.,14
2026,4,Kansas,Michigan St.,0.5365621913412327,Michigan St.,14
2026,4,Florida,Houston,0.4340146591383405,Florida,14
2026,4,Arizona,Purdue,0.4701958688898175,Arizona,14
2026,4,Michigan,Iowa St.,0.562653722755456,Iowa St.,14
2026,5,Michigan St.,Florida,0.21776344706281867,Florida,14
2026,5,Arizona,Iowa St.,0.5074878989723941,Arizona,14
2026,6,Florida,Arizona,0.5401732656229963,Arizona,14
2026,1,Duke,Siena,0.9944116614139509,Duke,15
2026,1,Ohio St.,TCU,0.8247307005139348,Ohio St.,15
2026,1,St. John's,Northern Iowa,0.8331464003573522,St. John's,15
2026,1,Kansas,Cal Baptist,0.9378160074405435,Kansas,15
2026,1,Louisville,South Florida,0.7942578724375865,Louisville,15
2026,1,Michigan St.,North Dakota St.,0.9552857140503138,Michigan St.,15
2026,1,UCLA,UCF,0.8599254415690811,UCLA,15
2026,1,Connecticut,Furman,0.9823903432449944,Connecticut,15
2026,1,Florida,Prairie View A&M,0.9969490217891839,Florida,15
2026,1,Clemson,Iowa,0.3627148326932703,Iowa,15
2026,1,Vanderbilt,McNeese St.,0.9261622028485247,Vanderbilt,15
2026,1,Nebraska,Troy,0.9459366397748131,Nebraska,15
2026,1,North Carolina,VCU,0.6938511955149728,VCU,15
2026,1,Illinois,Penn,0.9914285746265543,Illinois,15
2026,1,Saint Mary's,Texas A&M,0.47165331625093126,Saint Mary's,15
2026,1,Houston,Idaho,0.9889877212017745,Houston,15
2026,1,Arizona,LIU,0.9971492836437457,Arizona,15
2026,1,Villanova,Utah St.,0.5200329159906949,Utah St.,15
2026,1,Wisconsin,High Point,0.9551567732814226,Wisconsin,15
2026,1,Arkansas,Hawaii,0.9712160813684694,Arkansas,15
2026,1,BYU,Texas,0.5184462126308838,BYU,15
2026,1,Gonzaga,Kennesaw St.,0.9523105407589534,Gonzaga,15
2026,1,Miami FL,Missouri,0.4371796951565946,Missouri,15
2026,1,Purdue,Queens,0.9942485827871558,Purdue,15
2026,1,Michigan,Howard,0.9958654763245225,Michigan,15
2026,1,Georgia,Saint Louis,0.7588390832517659,Georgia,15
2026,1,Texas Tech,Akron,0.9516622481492901,Texas Tech,15
2026,1,Alabama,Hofstra,0.9292101382980879,Alabama,15
2026,1,Tennessee,Miami OH,0.9743983186142834,Tennessee,15
2026,1,Virginia,Wright St.,0.9554897234928257,Virginia,15
2026,1,Kentucky,Santa Clara,0.45174906885620525,Santa Clara,15
2026,1,Iowa St.,Tennessee St.,0.9969838955993388,Iowa St.,15
2026,2,Duke,Ohio St.,0.754111157056542,Ohio St.,15
2026,2,St. John's,Kansas,0.524050661834133,Kansas,15
2026,2,Louisville,Michigan St.,0.5612051015065629,Louisville,15
2026,2,UCLA,Connecticut,0.4656160824030859,UCLA,15
2026,2,Florida,Iowa,0.7926434027221209,Florida,15
2026,2,Vanderbilt,Nebraska,0.6958811683383198,Vanderbilt,15
2026,2,VCU,Illinois,0.047951180201484304,Illinois,15
2026,2,Saint Mary's,Houston,0.10279738958252423,Houston,15
2026,2,Arizona,Utah St.,0.8432400875380335,Arizona,15
2026,2,Wisconsin,Arkansas,0.5029063675214598,Arkansas,15
2026,2,BYU,Gonzaga,0.3615080571960916,BYU,15
2026,2,Missouri,Purdue,0.12262663643158621,Purdue,15
2026,2,Michigan,Georgia,0.866337900347868,Michigan,15
2026,2,Texas Tech,Alabama,0.5906841722207969,Alabama,15
2026,2,Tennessee,Virginia,0.5921018558449337,Tennessee,15
2026,2,Santa Clara,Iowa St.,0.2071920828857785,Iowa St.,15
2026,3,Ohio St.,Kansas,0.5303778919627196,Ohio St.,15
2026,3,Louisville,UCLA,0.5137306737144266,Louisville,15
2026,3,Florida,Vanderbilt,0.6613068485024125,Florida,15
2026,3,Illinois,Houston,0.5459470626236897,Houston,15
2026,3,Arizona,Arkansas,0.6903897195952309,Arkansas,15
2026,3,BYU,Purdue,0.1158398959796437,Purdue,15
2026,3,Michigan,Alabama,0.6895962556154527,Alabama,15
2026,3,Tennessee,Iowa St.,0.37868166566768885,Tennessee,15
2026,4,Ohio St.,Louisville,0.5055291125020047,Louisville,15
2026,4,Florida,Houston,0.4340146591383405,Florida,15
2026,4,Arkansas,Purdue,0.2846930993448674,Arkansas,15
2026,4,Alabama,Tennessee,0.4872163646022674,Tennessee,15
2026,5,Louisville,Florida,0.26256224876084705,Louisville,15
2026,5,Arkansas,Tennessee,0.43122855859146786,Arkansas,15
2026,6,Louisville,Arkansas,0.4825792072015514,Louisville,15
2026,1,Duke,Siena,0.9944116614139509,Duke,16
2026,1,Ohio St.,TCU,0.8247307005139348,Ohio St.,16
2026,1,St. John's,Northern Iowa,0.8331464003573522,Northern Iowa,16
2026,1,Kansas,Cal Baptist,0.9378160074405435,Kansas,16
2026,1,Louisville,South Florida,0.7942578724375865,Louisville,16
2026,1,Michigan St.,North Dakota St.,0.9552857140503138,Michigan St.,16
2026,1,UCLA,UCF,0.8599254415690811,UCLA,16
2026,1,Connecticut,Furman,0.9823903432449944,Connecticut,16
2026,1,Florida,Prairie View A&M,0.9969490217891839,Florida,16
2026,1,Clemson,Iowa,0.3627148326932703,Iowa,16
2026,1,Vanderbilt,McNeese St.,0.9261622028485247,Vanderbilt,16
2026,1,Nebraska,Troy,0.9459366397748131,Nebraska,16
2026,1,North Carolina,VCU,0.6938511955149728,North Carolina,16
2026,1,Illinois,Penn,0.9914285746265543,Illinois,16
2026,1,Saint Mary's,Texas A&M,0.47165331625093126,Texas A&M,16
2026,1,Houston,Idaho,0.9889877212017745,Houston,16
2026,1,Arizona,LIU,0.9971492836437457,Arizona,16
2026,1,Villanova,Utah St.,0.5200329159906949,Villanova,16
2026,1,Wisconsin,High Point,0.9551567732814226,Wisconsin,16
2026,1,Arkansas,Hawaii,0.9712160813684694,Arkansas,16
2026,1,BYU,Texas,0.5184462126308838,BYU,16
2026,1,Gonzaga,Kennesaw St.,0.9523105407589534,Kennesaw St.,16
2026,1,Miami FL,Missouri,0.4371796951565946,Miami FL,16
2026,1,Purdue,Queens,0.9942485827871558,Purdue,16
2026,1,Michigan,Howard,0.9958654763245225,Michigan,16
2026,1,Georgia,Saint Louis,0.7588390832517659,Georgia,16
2026,1,Texas Tech,Akron,0.9516622481492901,Texas Tech,16
2026,1,Alabama,Hofstra,0.9292101382980879,Alabama,16
2026,1,Tennessee,Miami OH,0.9743983186142834,Tennessee,16
2026,1,Virginia,Wright St.,0.9554897234928257,Virginia,16
2026,1,Kentucky,Santa Clara,0.45174906885620525,Santa Clara,16
2026,1,Iowa St.,Tennessee St.,0.9969838955993388,Iowa St.,16
2026,2,Duke,Ohio St.,0.754111157056542,Duke,16
2026,2,Northern Iowa,Kansas,0.18066986949018937,Kansas,16
2026,2,Louisville,Michigan St.,0.5612051015065629,Louisville,16
2026,2,UCLA,Connecticut,0.4656160824030859,Connecticut,16
2026,2,Florida,Iowa,0.7926434027221209,Iowa,16
2026,2,Vanderbilt,Nebraska,0.6958811683383198,Nebraska,16
2026,2,North Carolina,Illinois,0.10245434976003936,Illinois,16
2026,2,Texas A&M,Houston,0.11374825773649348,Houston,16
2026,2,Arizona,Villanova,0.8323482094236314,Villanova,16
2026,2,Wisconsin,Arkansas,0.5029063675214598,Wisconsin,16
2026,2,BYU,Kennesaw St.,0.9187405064893115,BYU,16
2026,2,Miami FL,Purdue,0.09793306781615119,Purdue,16
2026,2,Michigan,Georgia,0.866337900347868,Michigan,16
2026,2,Texas Tech,Alabama,0.5906841722207969,Alabama,16
2026,2,Tennessee,Virginia,0.5921018558449337,Virginia,16
2026,2,Santa Clara,Iowa St.,0.2071920828857785,Iowa St.,16
2026,3,Duke,Kansas,0.7759678663752496,Duke,16
2026,3,Louisville,Connecticut,0.4793076795515448,Connecticut,16
2026,3,Iowa,Nebraska,0.5389087669585145,Iowa,16
2026,3,Illinois,Houston,0.5459470626236897,Houston,16
2026,3,Villanova,Wisconsin,0.3074548005820875,Villanova,16
2026,3,BYU,Purdue,0.1158398959796437,Purdue,16
2026,3,Michigan,Alabama,0.6895962556154527,Michigan,16
2026,3,Virginia,Iowa St.,0.2957104446671426,Virginia,16
2026,4,Duke,Connecticut,0.7426830871082504,Duke,16
2026,4,Iowa,Houston,0.1670857831397108,Iowa,16
2026,4,Villanova,Purdue,0.151649782237869,Purdue,16
2026,4,Michigan,Virginia,0.7539419566136315,Michigan,16
2026,5,Duke,Iowa,0.8101549795082249,Duke,16
2026,5,Purdue,Michigan,0.47436568406645174,Michigan,16
2026,6,Duke,Michigan,0.5122822777010291,Duke,16
2026,1,Duke,Siena,0.9944116614139509,Duke,17
2026,1,Ohio St.,TCU,0.8247307005139348,Ohio St.,17
2026,1,St. John's,Northern Iowa,0.8331464003573522,St. John's,17
2026,1,Kansas,Cal Baptist,0.9378160074405435,Kansas,17
2026,1,Louisville,South Florida,0.7942578724375865,Louisville,17
2026,1,Michigan St.,North Dakota St.,0.9552857140503138,Michigan St.,17
2026,1,UCLA,UCF,0.8599254415690811,UCLA,17
2026,1,Connecticut,Furman,0.9823903432449944,Connecticut,17
2026,1,Florida,Prairie View A&M,0.9969490217891839,Florida,17
2026,1,Clemson,Iowa,0.3627148326932703,Iowa,17
2026,1,Vanderbilt,McNeese St.,0.9261622028485247,Vanderbilt,17
2026,1,Nebraska,Troy,0.9459366397748131,Nebraska,17
2026,1,North Carolina,VCU,0.6938511955149728,VCU,17
2026,1,Illinois,Penn,0.9914285746265543,Illinois,17
2026,1,Saint Mary's,Texas A&M,0.47165331625093126,Texas A&M,17
2026,1,Houston,Idaho,0.9889877212017745,Houston,17
2026,1,Arizona,LIU,0.9971492836437457,Arizona,17
2026,1,Villanova,Utah St.,0.5200329159906949,Villanova,17
2026,1,Wisconsin,High Point,0.9551567732814226,Wisconsin,17
2026,1,Arkansas,Hawaii,0.9712160813684694,Arkansas,17
2026,1,BYU,Texas,0.5184462126308838,Texas,17
2026,1,Gonzaga,Kennesaw St.,0.9523105407589534,Gonzaga,17
2026,1,Miami FL,Missouri,0.4371796951565946,Missouri,17
2026,1,Purdue,Queens,0.9942485827871558,Purdue,17
2026,1,Michigan,Howard,0.9958654763245225,Michigan,17
2026,1,Georgia,Saint Louis,0.7588390832517659,Saint Louis,17
2026,1,Texas Tech,Akron,0.9516622481492901,Texas Tech,17
2026,1,Alabama,Hofstra,0.9292101382980879,Alabama,17
2026,1,Tennessee,Miami OH,0.9743983186142834,Tennessee,17
2026,1,Virginia,Wright St.,0.9554897234928257,Virginia,17
2026,1,Kentucky,Santa Clara,0.45174906885620525,Kentucky,17
2026,1,Iowa St.,Tennessee St.,0.9969838955993388,Iowa St.,17
2026,2,Duke,Ohio St.,0.754111157056542,Duke,17
2026,2,St. John's,Kansas,0.524050661834133,Kansas,17
2026,2,Louisville,Michigan St.,0.5612051015065629,Michigan St.,17
2026,2,UCLA,Connecticut,0.4656160824030859,Connecticut,17
2026,2,Florida,Iowa,0.7926434027221209,Florida,17
2026,2,Vanderbilt,Nebraska,0.6958811683383198,Vanderbilt,17
2026,2,VCU,Illinois,0.047951180201484304,Illinois,17
2026,2,Texas A&M,Houston,0.11374825773649348,Houston,17
2026,2,Arizona,Villanova,0.8323482094236314,Villanova,17
2026,2,Wisconsin,Arkansas,0.5029063675214598,Wisconsin,17
2026,2,Texas,Gonzaga,0.3446493122370096,Gonzaga,17
2026,2,Missouri,Purdue,0.12262663643158621,Purdue,17
2026,2,Michigan,Saint Louis,0.9532599115629986,Michigan,17
2026,2,Texas Tech,Alabama,0.5906841722207969,Texas Tech,17
2026,2,Tennessee,Virginia,0.5921018558449337,Tennessee,17
2026,2,Kentucky,Iowa St.,0.1771844338333049,Iowa St.,17
2026,3,Duke,Kansas,0.7759678663752496,Kansas,17
2026,3,Michigan St.,Connecticut,0.41851537121286536,Michigan St.,17
2026,3,Florida,Vanderbilt,0.6613068485024125,Florida,17
2026,3,Illinois,Houston,0.5459470626236897,Houston,17
2026,3,Villanova,Wisconsin,0.3074548005820875,Wisconsin,17
2026,3,Gonzaga,Purdue,0.18791666028135517,Purdue,17
2026,3,Michigan,Texas Tech,0.606217000166059,Michigan,17
2026,3,Tennessee,Iowa St.,0.37868166566768885,Iowa St.,17
2026,4,Kansas,Michigan St.,0.5365621913412327,Kansas,17
2026,4,Florida,Houston,0.4340146591383405,Houston,17
2026,4,Wisconsin,Purdue,0.28706648492331593,Purdue,17
2026,4,Michigan,Iowa St.,0.562653722755456,Iowa St.,17
2026,5,Kansas,Houston,0.19817698414959542,Kansas,17
2026,5,Purdue,Iowa St.,0.5372587698757884,Purdue,17
2026,6,Kansas,Purdue,0.2515137122525538,Purdue,17
2026,1,Duke,Siena,0.9944116614139509,Duke,18
2026,1,Ohio St.,TCU,0.8247307005139348,Ohio St.,18
2026,1,St. John's,Northern Iowa,0.8331464003573522,Northern Iowa,18
2026,1,Kansas,Cal Baptist,0.9378160074405435,Kansas,18
2026,1,Louisville,South Florida,0.7942578724375865,Louisville,18
2026,1,Michigan St.,North Dakota St.,0.9552857140503138,Michigan St.,18
2026,1,UCLA,UCF,0.8599254415690811,UCLA,18
2026,1,Connecticut,Furman,0.9823903432449944,Connecticut,18
2026,1,Florida,Prairie View A&M,0.9969490217891839,Florida,18
2026,1,Clemson,Iowa,0.3627148326932703,Clemson,18
2026,1,Vanderbilt,McNeese St.,0.9261622028485247,Vanderbilt,18
2026,1,Nebraska,Troy,0.9459366397748131,Nebraska,18
2026,1,North Carolina,VCU,0.6938511955149728,VCU,18
2026,1,Illinois,Penn,0.9914285746265543,Illinois,18
2026,1,Saint Mary's,Texas A&M,0.47165331625093126,Texas A&M,18
2026,1,Houston,Idaho,0.9889877212017745,Houston,18
2026,1,Arizona,LIU,0.9971492836437457,Arizona,18
2026,1,Villanova,Utah St.,0.5200329159906949,Villanova,18
2026,1,Wisconsin,High Point,0.9551567732814226,Wisconsin,18
2026,1,Arkansas,Hawaii,0.9712160813684694,Arkansas,18
2026,1,BYU,Texas,0.5184462126308838,Texas,18
2026,1,Gonzaga,Kennesaw St.,0.9523105407589534,Gonzaga,18
2026,1,Miami FL,Missouri,0.4371796951565946,Miami FL,18
2026,1,Purdue,Queens,0.9942485827871558,Purdue,18
2026,1,Michigan,Howard,0.9958654763245225,Michigan,18
2026,1,Georgia,Saint Louis,0.7588390832517659,Georgia,18
2026,1,Texas Tech,Akron,0.9516622481492901,Texas Tech,18
2026,1,Alabama,Hofstra,0.9292101382980879,Alabama,18
2026,1,Tennessee,Miami OH,0.9743983186142834,Tennessee,18
2026,1,Virginia,Wright St.,0.9554897234928257,Virginia,18
2026,1,Kentucky,Santa Clara,0.45174906885620525,Kentucky,18
2026,1,Iowa St.,Tennessee St.,0.9969838955993388,Iowa St.,18
2026,2,Duke,Ohio St.,0.754111157056542,Ohio St.,18
2026,2,Northern Iowa,Kansas,0.18066986949018937,Northern Iowa,18
2026,2,Louisville,Michigan St.,0.5612051015065629,Michigan St.,18
2026,2,UCLA,Connecticut,0.4656160824030859,UCLA,18
2026,2,Florida,Clemson,0.8704037936386363,Florida,18
2026,2,Vanderbilt,Nebraska,0.6958811683383198,Nebraska,18
2026,2,VCU,Illinois,0.047951180201484304,Illinois,18
2026,2,Texas A&M,Houston,0.11374825773649348,Houston,18
2026,2,Arizona,Villanova,0.8323482094236314,Arizona,18
2026,2,Wisconsin,Arkansas,0.5029063675214598,Arkansas,18
2026,2,Texas,Gonzaga,0.3446493122370096,Gonzaga,18
2026,2,Miami FL,Purdue,0.09793306781615119,Purdue,18
2026,2,Michigan,Georgia,0.866337900347868,Michigan,18
2026,2,Texas Tech,Alabama,0.5906841722207969,Texas Tech,18
2026,2,Tennessee,Virginia,0.5921018558449337,Virginia,18
2026,2,Kentucky,Iowa St.,0.1771844338333049,Iowa St.,18
2026,3,Ohio St.,Northern Iowa,0.8366454048569276,Northern Iowa,18
2026,3,Michigan St.,UCLA,0.4523654463161424,UCLA,18
2026,3,Florida,Nebraska,0.8171092464488837,Florida,18
2026,3,Illinois,Houston,0.5459470626236897,Houston,18
2026,3,Arizona,Arkansas,0.6903897195952309,Arizona,18
2026,3,Gonzaga,Purdue,0.18791666028135517,Purdue,18
2026,3,Michigan,Texas Tech,0.606217000166059,Michigan,18
2026,3,Virginia,Iowa St.,0.2957104446671426,Iowa St.,18
2026,4,Northern Iowa,UCLA,0.17416049330455352,UCLA,18
2026,4,Florida,Houston,0.4340146591383405,Houston,18
2026,4,Arizona,Purdue,0.4701958688898175,Purdue,18
2026,4,Michigan,Iowa St.,0.562653722755456,Iowa St.,18
2026,5,UCLA,Houston,0.20536078045275538,Houston,18
2026,5,Purdue,Iowa St.,0.5372587698757884,Purdue,18
2026,6,Houston,Purdue,0.5761948385476594,Purdue,18
2026,1,Duke,Siena,0.9944116614139509,Duke,19
2026,1,Ohio St.,TCU,0.8247307005139348,Ohio St.,19
2026,1,St. John's,Northern Iowa,0.8331464003573522,St. John's,19
2026,1,Kansas,Cal Baptist,0.9378160074405435,Kansas,19
2026,1,Louisville,South Florida,0.7942578724375865,Louisville,19
2026,1,Michigan St.,North Dakota St.,0.9552857140503138,Michigan St.,19
2026,1,UCLA,UCF,0.8599254415690811,UCLA,19
2026,1,Connecticut,Furman,0.9823903432449944,Connecticut,19
2026,1,Florida,Prairie View A&M,0.9969490217891839,Florida,19
2026,1,Clemson,Iowa,0.3627148326932703,Iowa,19
2026,1,Vanderbilt,McNeese St.,0.9261622028485247,Vanderbilt,19
2026,1,Nebraska,Troy,0.9459366397748131,Nebraska,19
2026,1,North Carolina,VCU,0.6938511955149728,VCU,19
2026,1,Illinois,Penn,0.9914285746265543,Illinois,19
2026,1,Saint Mary's,Texas A&M,0.47165331625093126,Texas A&M,19
2026,1,Houston,Idaho,0.9889877212017745,Houston,19
2026,1,Arizona,LIU,0.9971492836437457,Arizona,19
2026,1,Villanova,Utah St.,0.5200329159906949,Utah St.,19
2026,1,Wisconsin,High Point,0.9551567732814226,Wisconsin,19
2026,1,Arkansas,Hawaii,0.9712160813684694,Arkansas,19
2026,1,BYU,Texas,0.5184462126308838,Texas,19
2026,1,Gonzaga,Kennesaw St.,0.9523105407589534,Gonzaga,19
2026,1,Miami FL,Missouri,0.4371796951565946,Miami FL,19
2026,1,Purdue,Queens,0.9942485827871558,Purdue,19
2026,1,Michigan,Howard,0.9958654763245225,Michigan,19
2026,1,Georgia,Saint Louis,0.7588390832517659,Saint Louis,19
2026,1,Texas Tech,Akron,0.9516622481492901,Texas Tech,19
2026,1,Alabama,Hofstra,0.9292101382980879,Alabama,19
2026,1,Tennessee,Miami OH,0.9743983186142834,Tennessee,19
2026,1,Virginia,Wright St.,0.9554897234928257,Virginia,19
2026,1,Kentucky,Santa Clara,0.45174906885620525,Kentucky,19
2026,1,Iowa St.,Tennessee St.,0.9969838955993388,Iowa St.,19
2026,2,Duke,Ohio St.,0.754111157056542,Ohio St.,19
2026,2,St. John's,Kansas,0.524050661834133,Kansas,19
2026,2,Louisville,Michigan St.,0.5612051015065629,Michigan St.,19
2026,2,UCLA,Connecticut,0.4656160824030859,UCLA,19
2026,2,Florida,Iowa,0.7926434027221209,Florida,19
2026,2,Vanderbilt,Nebraska,0.6958811683383198,Nebraska,19
2026,2,VCU,Illinois,0.047951180201484304,Illinois,19
2026,2,Texas A&M,Houston,0.11374825773649348,Houston,19
2026,2,Arizona,Utah St.,0.8432400875380335,Arizona,19
2026,2,Wisconsin,Arkansas,0.5029063675214598,Arkansas,19
2026,2,Texas,Gonzaga,0.3446493122370096,Gonzaga,19
2026,2,Miami FL,Purdue,0.09793306781615119,Purdue,19
2026,2,Michigan,Saint Louis,0.9532599115629986,Michigan,19
2026,2,Texas Tech,Alabama,0.5906841722207969,Texas Tech,19
2026,2,Tennessee,Virginia,0.5921018558449337,Virginia,19
2026,2,Kentucky,Iowa St.,0.1771844338333049,Kentucky,19
2026,3,Ohio St.,Kansas,0.5303778919627196,Ohio St.,19
2026,3,Michigan St.,UCLA,0.4523654463161424,Michigan St.,19
2026,3,Florida,Nebraska,0.8171092464488837,Florida,19
2026,3,Illinois,Houston,0.5459470626236897,Houston,19
2026,3,Arizona,Arkansas,0.6903897195952309,Arizona,19
2026,3,Gonzaga,Purdue,0.18791666028135517,Purdue,19
2026,3,Michigan,Texas Tech,0.606217000166059,Michigan,19
2026,3,Virginia,Kentucky,0.6609951443740734,Virginia,19
2026,4,Ohio St.,Michigan St.,0.5666440020504419,Ohio St.,19
2026,4,Florida,Houston,0.4340146591383405,Florida,19
2026,4,Arizona,Purdue,0.4701958688898175,Purdue,19
2026,4,Michigan,Virginia,0.7539419566136315,Virginia,19
2026,5,Ohio St.,Florida,0.26686711517120315,Florida,19
2026,5,Purdue,Virginia,0.7344113641208082,Purdue,19
2026,6,Florida,Purdue,0.5104190345732924,Florida,19
2026,1,Duke,Siena,0.9944116614139509,Duke,20
2026,1,Ohio St.,TCU,0.8247307005139348,Ohio St.,20
2026,1,St. John's,Northern Iowa,0.8331464003573522,St. John's,20
2026,1,Kansas,Cal Baptist,0.9378160074405435,Kansas,20
2026,1,Louisville,South Florida,0.7942578724375865,Louisville,20
2026,1,Michigan St.,North Dakota St.,0.9552857140503138,Michigan St.,20
2026,1,UCLA,UCF,0.8599254415690811,UCLA,20
2026,1,Connecticut,Furman,0.9823903432449944,Connecticut,20
2026,1,Florida,Prairie View A&M,0.9969490217891839,Florida,20
2026,1,Clemson,Iowa,0.3627148326932703,Iowa,20
2026,1,Vanderbilt,McNeese St.,0.9261622028485247,Vanderbilt,20
2026,1,Nebraska,Troy,0.9459366397748131,Nebraska,20
2026,1,North Carolina,VCU,0.6938511955149728,North Carolina,20
2026,1,Illinois,Penn,0.9914285746265543,Illinois,20
2026,1,Saint Mary's,Texas A&M,0.47165331625093126,Texas A&M,20
2026,1,Houston,Idaho,0.9889877212017745,Houston,20
2026,1,Arizona,LIU,0.9971492836437457,Arizona,20
2026,1,Villanova,Utah St.,0.5200329159906949,Villanova,20
2026,1,Wisconsin,High Point,0.9551567732814226,Wisconsin,20
2026,1,Arkansas,Hawaii,0.9712160813684694,Arkansas,20
2026,1,BYU,Texas,0.5184462126308838,Texas,20
2026,1,Gonzaga,Kennesaw St.,0.9523105407589534,Gonzaga,20
2026,1,Miami FL,Missouri,0.4371796951565946,Miami FL,20
2026,1,Purdue,Queens,0.9942485827871558,Purdue,20
2026,1,Michigan,Howard,0.9958654763245225,Michigan,20
2026,1,Georgia,Saint Louis,0.7588390832517659,Saint Louis,20
2026,1,Texas Tech,Akron,0.9516622481492901,Texas Tech,20
2026,1,Alabama,Hofstra,0.9292101382980879,Alabama,20
2026,1,Tennessee,Miami OH,0.9743983186142834,Tennessee,20
2026,1,Virginia,Wright St.,0.9554897234928257,Virginia,20
2026,1,Kentucky,Santa Clara,0.45174906885620525,Santa Clara,20
2026,1,Iowa St.,Tennessee St.,0.9969838955993388,Iowa St.,20
2026,2,Duke,Ohio St.,0.754111157056542,Duke,20
2026,2,St. John's,Kansas,0.524050661834133,St. John's,20
2026,2,Louisville,Michigan St.,0.5612051015065629,Michigan St.,20
2026,2,UCLA,Connecticut,0.4656160824030859,UCLA,20
2026,2,Florida,Iowa,0.7926434027221209,Florida,20
2026,2,Vanderbilt,Nebraska,0.6958811683383198,Vanderbilt,20
2026,2,North Carolina,Illinois,0.10245434976003936,North Carolina,20
2026,2,Texas A&M,Houston,0.11374825773649348,Houston,20
2026,2,Arizona,Villanova,0.8323482094236314,Arizona,20
2026,2,Wisconsin,Arkansas,0.5029063675214598,Wisconsin,20
2026,2,Texas,Gonzaga,0.3446493122370096,Texas,20
2026,2,Miami FL,Purdue,0.09793306781615119,Purdue,20
2026,2,Michigan,Saint Louis,0.9532599115629986,Michigan,20
2026,2,Texas Tech,Alabama,0.5906841722207969,Texas Tech,20
2026,2,Tennessee,Virginia,0.5921018558449337,Tennessee,20
2026,2,Santa Clara,Iowa St.,0.2071920828857785,Iowa St.,20
2026,3,Duke,St. John's,0.7587877180879463,Duke,20
2026,3,Michigan St.,UCLA,0.4523654463161424,UCLA,20
2026,3,Florida,Vanderbilt,0.6613068485024125,Florida,20
2026,3,North Carolina,Houston,0.12068722015957356,Houston,20
2026,3,Arizona,Wisconsin,0.68789924261849,Wisconsin,20
2026,3,Texas,Purdue,0.10849108035402699,Texas,20
2026,3,Michigan,Texas Tech,0.606217000166059,Michigan,20
2026,3,Tennessee,Iowa St.,0.37868166566768885,Tennessee,20
2026,4,Duke,UCLA,0.768117878478023,Duke,20
2026,4,Florida,Houston,0.4340146591383405,Florida,20
2026,4,Wisconsin,Texas,0.7679146061133931,Texas,20
2026,4,Michigan,Tennessee,0.6785435855710996,Tennessee,20
2026,5,Duke,Florida,0.5274932579747873,Florida,20
2026,5,Texas,Tennessee,0.18819401129248262,Tennessee,20
2026,6,Florida,Tennessee,0.6651080748950208,Tennessee,20
2026,1,Duke,Siena,0.9944116614139509,Duke,21
2026,1,Ohio St.,TCU,0.8247307005139348,Ohio St.,21
2026,1,St. John's,Northern Iowa,0.8331464003573522,St. John's,21
2026,1,Kansas,Cal Baptist,0.9378160074405435,Cal Baptist,21
2026,1,Louisville,South Florida,0.7942578724375865,Louisville,21
2026,1,Michigan St.,North Dakota St.,0.9552857140503138,Michigan St.,21
2026,1,UCLA,UCF,0.8599254415690811,UCLA,21
2026,1,Connecticut,Furman,0.9823903432449944,Connecticut,21
2026,1,Florida,Prairie View A&M,0.9969490217891839,Florida,21
2026,1,Clemson,Iowa,0.3627148326932703,Iowa,21
2026,1,Vanderbilt,McNeese St.,0.9261622028485247,McNeese St.,21
2026,1,Nebraska,Troy,0.9459366397748131,Nebraska,21
2026,1,North Carolina,VCU,0.6938511955149728,North Carolina,21
2026,1,Illinois,Penn,0.9914285746265543,Illinois,21
2026,1,Saint Mary's,Texas A&M,0.47165331625093126,Saint Mary's,21
2026,1,Houston,Idaho,0.9889877212017745,Houston,21
2026,1,Arizona,LIU,0.9971492836437457,Arizona,21
2026,1,Villanova,Utah St.,0.5200329159906949,Villanova,21
2026,1,Wisconsin,High Point,0.9551567732814226,Wisconsin,21
2026,1,Arkansas,Hawaii,0.9712160813684694,Arkansas,21
2026,1,BYU,Texas,0.5184462126308838,BYU,21
2026,1,Gonzaga,Kennesaw St.,0.9523105407589534,Gonzaga,21
2026,1,Miami FL,Missouri,0.4371796951565946,Miami FL,21
2026,1,Purdue,Queens,0.9942485827871558,Purdue,21
2026,1,Michigan,Howard,0.9958654763245225,Michigan,21
2026,1,Georgia,Saint Louis,0.7588390832517659,Saint Louis,21
2026,1,Texas Tech,Akron,0.9516622481492901,Texas Tech,21
2026,1,Alabama,Hofstra,0.9292101382980879,Alabama,21
2026,1,Tennessee,Miami OH,0.9743983186142834,Tennessee,21
2026,1,Virginia,Wright St.,0.9554897234928257,Virginia,21
2026,1,Kentucky,Santa Clara,0.45174906885620525,Santa Clara,21
2026,1,Iowa St.,Tennessee St.,0.9969838955993388,Iowa St.,21
2026,2,Duke,Ohio St.,0.754111157056542,Duke,21
2026,2,St. John's,Cal Baptist,0.9431995224563661,St. John's,21
2026,2,Louisville,Michigan St.,0.5612051015065629,Louisville,21
2026,2,UCLA,Connecticut,0.4656160824030859,UCLA,21
2026,2,Florida,Iowa,0.7926434027221209,Florida,21
2026,2,McNeese St.,Nebraska,0.1542801261498085,Nebraska,21
2026,2,North Carolina,Illinois,0.10245434976003936,Illinois,21
2026,2,Saint Mary's,Houston,0.10279738958252423,Houston,21
2026,2,Arizona,Villanova,0.8323482094236314,Arizona,21
2026,2,Wisconsin,Arkansas,0.5029063675214598,Arkansas,21
2026,2,BYU,Gonzaga,0.3615080571960916,Gonzaga,21
2026,2,Miami FL,Purdue,0.09793306781615119,Purdue,21
2026,2,Michigan,Saint Louis,0.9532599115629986,Michigan,21
2026,2,Texas Tech,Alabama,0.5906841722207969,Alabama,21
2026,2,Tennessee,Virginia,0.5921018558449337,Virginia,21
2026,2,Santa Clara,Iowa St.,0.2071920828857785,Iowa St.,21
2026,3,Duke,St. John's,0.7587877180879463,Duke,21
2026,3,Louisville,UCLA,0.5137306737144266,UCLA,21
2026,3,Florida,Nebraska,0.8171092464488837,Florida,21
2026,3,Illinois,Houston,0.5459470626236897,Houston,21
2026,3,Arizona,Arkansas,0.6903897195952309,Arizona,21
2026,3,Gonzaga,Purdue,0.18791666028135517,Gonzaga,21
2026,3,Michigan,Alabama,0.6895962556154527,Michigan,21
2026,3,Virginia,Iowa St.,0.2957104446671426,Iowa St.,21
2026,4,Duke,UCLA,0.768117878478023,Duke,21
2026,4,Florida,Houston,0.4340146591383405,Florida,21
2026,4,Arizona,Gonzaga,0.7931873894151327,Arizona,21
2026,4,Michigan,Iowa St.,0.562653722755456,Iowa St.,21
2026,5,Duke,Florida,0.5274932579747873,Duke,21
2026,5,Arizona,Iowa St.,0.5074878989723941,Arizona,21
2026,6,Duke,Arizona,0.5673688894729472,Duke,21
2026,1,Duke,Siena,0.9944116614139509,Duke,22
2026,1,Ohio St.,TCU,0.8247307005139348,Ohio St.,22
2026,1,St. John's,Northern Iowa,0.8331464003573522,Northern Iowa,22
2026,1,Kansas,Cal Baptist,0.9378160074405435,Kansas,22
2026,1,Louisville,South Florida,0.7942578724375865,Louisville,22
2026,1,Michigan St.,North Dakota St.,0.9552857140503138,Michigan St.,22
2026,1,UCLA,UCF,0.8599254415690811,UCLA,22
2026,1,Connecticut,Furman,0.9823903432449944,Connecticut,22
2026,1,Florida,Prairie View A&M,0.9969490217891839,Florida,22
2026,1,Clemson,Iowa,0.3627148326932703,Iowa,22
2026,1,Vanderbilt,McNeese St.,0.9261622028485247,McNeese St.,22
2026,1,Nebraska,Troy,0.9459366397748131,Troy,22
2026,1,North Carolina,VCU,0.6938511955149728,VCU,22
2026,1,Illinois,Penn,0.9914285746265543,Illinois,22
2026,1,Saint Mary's,Texas A&M,0.47165331625093126,Texas A&M,22
2026,1,Houston,Idaho,0.9889877212017745,Houston,22
2026,1,Arizona,LIU,0.9971492836437457,Arizona,22
2026,1,Villanova,Utah St.,0.5200329159906949,Villanova,22
2026,1,Wisconsin,High Point,0.9551567732814226,Wisconsin,22
2026,1,Arkansas,Hawaii,0.9712160813684694,Arkansas,22
2026,1,BYU,Texas,0.5184462126308838,Texas,22
2026,1,Gonzaga,Kennesaw St.,0.9523105407589534,Kennesaw St.,22
2026,1,Miami FL,Missouri,0.4371796951565946,Missouri,22
2026,1,Purdue,Queens,0.9942485827871558,Purdue,22
2026,1,Michigan,Howard,0.9958654763245225,Michigan,22
2026,1,Georgia,Saint Louis,0.7588390832517659,Georgia,22
2026,1,Texas Tech,Akron,0.9516622481492901,Texas Tech,22
2026,1,Alabama,Hofstra,0.9292101382980879,Alabama,22
2026,1,Tennessee,Miami OH,0.9743983186142834,Tennessee,22
2026,1,Virginia,Wright St.,0.9554897234928257,Virginia,22
2026,1,Kentucky,Santa Clara,0.45174906885620525,Kentucky,22
2026,1,Iowa St.,Tennessee St.,0.9969838955993388,Iowa St.,22
2026,2,Duke,Ohio St.,0.754111157056542,Duke,22
2026,2,Northern Iowa,Kansas,0.18066986949018937,Kansas,22
2026,2,Louisville,Michigan St.,0.5612051015065629,Louisville,22
2026,2,UCLA,Connecticut,0.4656160824030859,Connecticut,22
2026,2,Florida,Iowa,0.7926434027221209,Florida,22
2026,2,McNeese St.,Troy,0.7614418404347437,McNeese St.,22
2026,2,VCU,Illinois,0.047951180201484304,Illinois,22
2026,2,Texas A&M,Houston,0.11374825773649348,Houston,22
2026,2,Arizona,Villanova,0.8323482094236314,Arizona,22
2026,2,Wisconsin,Arkansas,0.5029063675214598,Wisconsin,22
2026,2,Texas,Kennesaw St.,0.9130563751092028,Texas,22
2026,2,Missouri,Purdue,0.12262663643158621,Purdue,22
2026,2,Michigan,Georgia,0.866337900347868,Michigan,22
2026,2,Texas Tech,Alabama,0.5906841722207969,Texas Tech,22
2026,2,Tennessee,Virginia,0.5921018558449337,Tennessee,22
2026,2,Kentucky,Iowa St.,0.1771844338333049,Kentucky,22
2026,3,Duke,Kansas,0.7759678663752496,Kansas,22
2026,3,Louisville,Connecticut,0.4793076795515448,Louisville,22
2026,3,Florida,McNeese St.,0.9607703298840732,Florida,22
2026,3,Illinois,Houston,0.5459470626236897,Houston,22
2026,3,Arizona,Wisconsin,0.68789924261849,Arizona,22
2026,3,Texas,Purdue,0.10849108035402699,Purdue,22
2026,3,Michigan,Texas Tech,0.606217000166059,Texas Tech,22
2026,3,Tennessee,Kentucky,0.7389258749973996,Tennessee,22
2026,4,Kansas,Louisville,0.475134514634871,Kansas,22
2026,4,Florida,Houston,0.4340146591383405,Florida,22
2026,4,Arizona,Purdue,0.4701958688898175,Arizona,22
2026,4,Texas Tech,Tennessee,0.5782634517725194,Texas Tech,22
2026,5,Kansas,Florida,0.24374840608932438,Florida,22
2026,5,Arizona,Texas Tech,0.5521725890003912,Texas Tech,22
2026,6,Florida,Texas Tech,0.5915780847395764,Florida,22
2026,1,Duke,Siena,0.9944116614139509,Duke,23
2026,1,Ohio St.,TCU,0.8247307005139348,Ohio St.,23
2026,1,St. John's,Northern Iowa,0.8331464003573522,Northern Iowa,23
2026,1,Kansas,Cal Baptist,0.9378160074405435,Kansas,23
2026,1,Louisville,South Florida,0.7942578724375865,South Florida,23
2026,1,Michigan St.,North Dakota St.,0.9552857140503138,Michigan St.,23
2026,1,UCLA,UCF,0.8599254415690811,UCLA,23
2026,1,Connecticut,Furman,0.9823903432449944,Connecticut,23
2026,1,Florida,Prairie View A&M,0.9969490217891839,Florida,23
2026,1,Clemson,Iowa,0.3627148326932703,Clemson,23
2026,1,Vanderbilt,McNeese St.,0.9261622028485247,Vanderbilt,23
2026,1,Nebraska,Troy,0.9459366397748131,Nebraska,23
2026,1,North Carolina,VCU,0.6938511955149728,North Carolina,23
2026,1,Illinois,Penn,0.9914285746265543,Illinois,23
2026,1,Saint Mary's,Texas A&M,0.47165331625093126,Saint Mary's,23
2026,1,Houston,Idaho,0.9889877212017745,Houston,23
2026,1,Arizona,LIU,0.9971492836437457,Arizona,23
2026,1,Villanova,Utah St.,0.5200329159906949,Villanova,23
2026,1,Wisconsin,High Point,0.9551567732814226,Wisconsin,23
2026,1,Arkansas,Hawaii,0.9712160813684694,Arkansas,23
2026,1,BYU,Texas,0.5184462126308838,Texas,23
2026,1,Gonzaga,Kennesaw St.,0.9523105407589534,Gonzaga,23
2026,1,Miami FL,Missouri,0.4371796951565946,Missouri,23
2026,1,Purdue,Queens,0.9942485827871558,Purdue,23
2026,1,Michigan,Howard,0.9958654763245225,Michigan,23
2026,1,Georgia,Saint Louis,0.7588390832517659,Saint Louis,23
2026,1,Texas Tech,Akron,0.9516622481492901,Texas Tech,23
2026,1,Alabama,Hofstra,0.9292101382980879,Hofstra,23
2026,1,Tennessee,Miami OH,0.9743983186142834,Tennessee,23
2026,1,Virginia,Wright St.,0.9554897234928257,Virginia,23
2026,1,Kentucky,Santa Clara,0.45174906885620525,Santa Clara,23
2026,1,Iowa St.,Tennessee St.,0.9969838955993388,Iowa St.,23
2026,2,Duke,Ohio St.,0.754111157056542,Ohio St.,23
2026,2,Northern Iowa,Kansas,0.18066986949018937,Kansas,23
2026,2,South Florida,Michigan St.,0.24885463353731688,Michigan St.,23
2026,2,UCLA,Connecticut,0.4656160824030859,Connecticut,23
2026,2,Florida,Clemson,0.8704037936386363,Florida,23
2026,2,Vanderbilt,Nebraska,0.6958811683383198,Vanderbilt,23
2026,2,North Carolina,Illinois,0.10245434976003936,Illinois,23
2026,2,Saint Mary's,Houston,0.10279738958252423,Houston,23
2026,2,Arizona,Villanova,0.8323482094236314,Arizona,23
2026,2,Wisconsin,Arkansas,0.5029063675214598,Wisconsin,23
2026,2,Texas,Gonzaga,0.3446493122370096,Gonzaga,23
2026,2,Missouri,Purdue,0.12262663643158621,Purdue,23
2026,2,Michigan,Saint Louis,0.9532599115629986,Michigan,23
2026,2,Texas Tech,Hofstra,0.949856095991424,Texas Tech,23
2026,2,Tennessee,Virginia,0.5921018558449337,Tennessee,23
2026,2,Santa Clara,Iowa St.,0.2071920828857785,Santa Clara,23
2026,3,Ohio St.,Kansas,0.5303778919627196,Ohio St.,23
2026,3,Michigan St.,Connecticut,0.41851537121286536,Connecticut,23
2026,3,Florida,Vanderbilt,0.6613068485024125,Florida,23
2026,3,Illinois,Houston,0.5459470626236897,Illinois,23
2026,3,Arizona,Wisconsin,0.68789924261849,Wisconsin,23
2026,3,Gonzaga,Purdue,0.18791666028135517,Purdue,23
2026,3,Michigan,Texas Tech,0.606217000166059,Michigan,23
2026,3,Tennessee,Santa Clara,0.6998927132305507,Tennessee,23
2026,4,Ohio St.,Connecticut,0.48482984957573394,Ohio St.,23
2026,4,Florida,Illinois,0.38940877286056486,Florida,23
2026,4,Wisconsin,Purdue,0.28706648492331593,Wisconsin,23
2026,4,Michigan,Tennessee,0.6785435855710996,Michigan,23
2026,5,Ohio St.,Florida,0.26686711517120315,Florida,23
2026,5,Wisconsin,Michigan,0.2665296714236079,Michigan,23
2026,6,Florida,Michigan,0.48476844617225257,Michigan,23
2026,1,Duke,Siena,0.9944116614139509,Duke,24
2026,1,Ohio St.,TCU,0.8247307005139348,Ohio St.,24
2026,1,St. John's,Northern Iowa,0.8331464003573522,St. John's,24
2026,1,Kansas,Cal Baptist,0.9378160074405435,Kansas,24
2026,1,Louisville,South Florida,0.7942578724375865,South Florida,24
2026,1,Michigan St.,North Dakota St.,0.9552857140503138,Michigan St.,24
2026,1,UCLA,UCF,0.8599254415690811,UCLA,24
2026,1,Connecticut,Furman,0.9823903432449944,Connecticut,24
2026,1,Florida,Prairie View A&M,0.9969490217891839,Florida,24
2026,1,Clemson,Iowa,0.3627148326932703,Iowa,24
2026,1,Vanderbilt,McNeese St.,0.9261622028485247,Vanderbilt,24
2026,1,Nebraska,Troy,0.9459366397748131,Nebraska,24
2026,1,North Carolina,VCU,0.6938511955149728,North Carolina,24
2026,1,Illinois,Penn,0.9914285746265543,Illinois,24
2026,1,Saint Mary's,Texas A&M,0.47165331625093126,Saint Mary's,24
2026,1,Houston,Idaho,0.9889877212017745,Houston,24
2026,1,Arizona,LIU,0.9971492836437457,Arizona,24
2026,1,Villanova,Utah St.,0.5200329159906949,Villanova,24
2026,1,Wisconsin,High Point,0.9551567732814226,Wisconsin,24
2026,1,Arkansas,Hawaii,0.9712160813684694,Arkansas,24
2026,1,BYU,Texas,0.5184462126308838,BYU,24
2026,1,Gonzaga,Kennesaw St.,0.9523105407589534,Gonzaga,24
2026,1,Miami FL,Missouri,0.4371796951565946,Miami FL,24
2026,1,Purdue,Queens,0.9942485827871558,Purdue,24
2026,1,Michigan,Howard,0.9958654763245225,Michigan,24
2026,1,Georgia,Saint Louis,0.7588390832517659,Georgia,24
2026,1,Texas Tech,Akron,0.9516622481492901,Texas Tech,24
2026,1,Alabama,Hofstra,0.9292101382980879,Alabama,24
2026,1,Tennessee,Miami OH,0.9743983186142834,Miami OH,24
2026,1,Virginia,Wright St.,0.9554897234928257,Virginia,24
2026,1,Kentucky,Santa Clara,0.45174906885620525,Santa Clara,24
2026,1,Iowa St.,Tennessee St.,0.9969838955993388,Iowa St.,24
2026,2,Duke,Ohio St.,0.754111157056542,Duke,24
2026,2,St. John's,Kansas,0.524050661834133,Kansas,24
2026,2,South Florida,Michigan St.,0.24885463353731688,South Florida,24
2026,2,UCLA,Connecticut,0.4656160824030859,Connecticut,24
2026,2,Florida,Iowa,0.7926434027221209,Florida,24
2026,2,Vanderbilt,Nebraska,0.6958811683383198,Nebraska,24
2026,2,North Carolina,Illinois,0.10245434976003936,Illinois,24
2026,2,Saint Mary's,Houston,0.10279738958252423,Houston,24
2026,2,Arizona,Villanova,0.8323482094236314,Arizona,24
2026,2,Wisconsin,Arkansas,0.5029063675214598,Wisconsin,24
2026,2,BYU,Gonzaga,0.3615080571960916,Gonzaga,24
2026,2,Miami FL,Purdue,0.09793306781615119,Purdue,24
2026,2,Michigan,Georgia,0.866337900347868,Michigan,24
2026,2,Texas Tech,Alabama,0.5906841722207969,Texas Tech,24
2026,2,Miami OH,Virginia,0.03673845417328201,Virginia,24
2026,2,Santa Clara,Iowa St.,0.2071920828857785,Iowa St.,24
2026,3,Duke,Kansas,0.7759678663752496,Duke,24
2026,3,South Florida,Connecticut,0.19253819698176136,Connecticut,24
2026,3,Florida,Nebraska,0.8171092464488837,Florida,24
2026,3,Illinois,Houston,0.5459470626236897,Houston,24
2026,3,Arizona,Wisconsin,0.68789924261849,Wisconsin,24
2026,3,Gonzaga,Purdue,0.18791666028135517,Purdue,24
2026,3,Michigan,Texas Tech,0.606217000166059,Michigan,24
2026,3,Virginia,Iowa St.,0.2957104446671426,Iowa St.,24
2026,4,Duke,Connecticut,0.7426830871082504,Duke,24
2026,4,Florida,Houston,0.4340146591383405,Houston,24
2026,4,Wisconsin,Purdue,0.28706648492331593,Purdue,24
2026,4,Michigan,Iowa St.,0.562653722755456,Michigan,24
2026,5,Duke,Houston,0.4612265534105957,Houston,24
2026,5,Purdue,Michigan,0.47436568406645174,Purdue,24
2026,6,Houston,Purdue,0.5761948385476594,Houston,24
2026,1,Duke,Siena,0.9944116614139509,Duke,25
2026,1,Ohio St.,TCU,0.8247307005139348,Ohio St.,25
2026,1,St. John's,Northern Iowa,0.8331464003573522,Northern Iowa,25
2026,1,Kansas,Cal Baptist,0.9378160074405435,Kansas,25
2026,1,Louisville,South Florida,0.7942578724375865,Louisville,25
2026,1,Michigan St.,North Dakota St.,0.9552857140503138,North Dakota St.,25
2026,1,UCLA,UCF,0.8599254415690811,UCLA,25
2026,1,Connecticut,Furman,0.9823903432449944,Connecticut,25
2026,1,Florida,Prairie View A&M,0.9969490217891839,Florida,25
2026,1,Clemson,Iowa,0.3627148326932703,Iowa,25
2026,1,Vanderbilt,McNeese St.,0.9261622028485247,Vanderbilt,25
2026,1,Nebraska,Troy,0.9459366397748131,Nebraska,25
2026,1,North Carolina,VCU,0.6938511955149728,VCU,25
2026,1,Illinois,Penn,0.9914285746265543,Illinois,25
2026,1,Saint Mary's,Texas A&M,0.47165331625093126,Saint Mary's,25
2026,1,Houston,Idaho,0.9889877212017745,Houston,25
2026,1,Arizona,LIU,0.9971492836437457,Arizona,25
2026,1,Villanova,Utah St.,0.5200329159906949,Villanova,25
2026,1,Wisconsin,High Point,0.9551567732814226,Wisconsin,25
2026,1,Arkansas,Hawaii,0.9712160813684694,Arkansas,25
2026,1,BYU,Texas,0.5184462126308838,Texas,25
2026,1,Gonzaga,Kennesaw St.,0.9523105407589534,Gonzaga,25
2026,1,Miami FL,Missouri,0.4371796951565946,Miami FL,25
2026,1,Purdue,Queens,0.9942485827871558,Purdue,25
2026,1,Michigan,Howard,0.9958654763245225,Michigan,25
2026,1,Georgia,Saint Louis,0.7588390832517659,Georgia,25
2026,1,Texas Tech,Akron,0.9516622481492901,Texas Tech,25
2026,1,Alabama,Hofstra,0.9292101382980879,Alabama,25
2026,1,Tennessee,Miami OH,0.9743983186142834,Tennessee,25
2026,1,Virginia,Wright St.,0.9554897234928257,Virginia,25
2026,1,Kentucky,Santa Clara,0.45174906885620525,Kentucky,25
2026,1,Iowa St.,Tennessee St.,0.9969838955993388,Iowa St.,25
2026,2,Duke,Ohio St.,0.754111157056542,Duke,25
2026,2,Northern Iowa,Kansas,0.18066986949018937,Kansas,25
2026,2,Louisville,North Dakota St.,0.9646944676613756,Louisville,25
2026,2,UCLA,Connecticut,0.4656160824030859,Connecticut,25
2026,2,Florida,Iowa,0.7926434027221209,Florida,25
2026,2,Vanderbilt,Nebraska,0.6958811683383198,Vanderbilt,25
2026,2,VCU,Illinois,0.047951180201484304,Illinois,25
2026,2,Saint Mary's,Houston,0.10279738958252423,Houston,25
2026,2,Arizona,Villanova,0.8323482094236314,Arizona,25
2026,2,Wisconsin,Arkansas,0.5029063675214598,Wisconsin,25
2026,2,Texas,Gonzaga,0.3446493122370096,Texas,25
2026,2,Miami FL,Purdue,0.09793306781615119,Purdue,25
2026,2,Michigan,Georgia,0.866337900347868,Georgia,25
2026,2,Texas Tech,Alabama,0.5906841722207969,Texas Tech,25
2026,2,Tennessee,Virginia,0.5921018558449337,Virginia,25
2026,2,Kentucky,Iowa St.,0.1771844338333049,Iowa St.,25
2026,3,Duke,Kansas,0.7759678663752496,Kansas,25
2026,3,Louisville,Connecticut,0.4793076795515448,Connecticut,25
2026,3,Florida,Vanderbilt,0.6613068485024125,Vanderbilt,25
2026,3,Illinois,Houston,0.5459470626236897,Houston,25
2026,3,Arizona,Wisconsin,0.68789924261849,Wisconsin,25
2026,3,Texas,Purdue,0.10849108035402699,Purdue,25
2026,3,Georgia,Texas Tech,0.19192936904931657,Georgia,25
2026,3,Virginia,Iowa St.,0.2957104446671426,Virginia,25
2026,4,Kansas,Connecticut,0.4545357640560836,Connecticut,25
2026,4,Vanderbilt,Houston,0.28198971818666835,Houston,25
2026,4,Wisconsin,Purdue,0.28706648492331593,Purdue,25
2026,4,Georgia,Virginia,0.3209930003465758,Virginia,25
2026,5,Connecticut,Houston,0.22875284019334935,Houston,25
2026,5,Purdue,Virginia,0.7344113641208082,Virginia,25
2026,6,Houston,Virginia,0.7898950172214516,Houston,25
2026,1,Duke,Siena,0.9944116614139509,Duke,26
2026,1,Ohio St.,TCU,0.8247307005139348,Ohio St.,26
2026,1,St. John's,Northern Iowa,0.8331464003573522,Northern Iowa,26
2026,1,Kansas,Cal Baptist,0.9378160074405435,Cal Baptist,26
2026,1,Louisville,South Florida,0.7942578724375865,South Florida,26
2026,1,Michigan St.,North Dakota St.,0.9552857140503138,Michigan St.,26
2026,1,UCLA,UCF,0.8599254415690811,UCLA,26
2026,1,Connecticut,Furman,0.9823903432449944,Connecticut,26
2026,1,Florida,Prairie View A&M,0.9969490217891839,Florida,26
2026,1,Clemson,Iowa,0.3627148326932703,Iowa,26
2026,1,Vanderbilt,McNeese St.,0.9261622028485247,McNeese St.,26
2026,1,Nebraska,Troy,0.9459366397748131,Nebraska,26
2026,1,North Carolina,VCU,0.6938511955149728,North Carolina,26
2026,1,Illinois,Penn,0.9914285746265543,Illinois,26
2026,1,Saint Mary's,Texas A&M,0.47165331625093126,Saint Mary's,26
2026,1,Houston,Idaho,0.9889877212017745,Houston,26
2026,1,Arizona,LIU,0.9971492836437457,Arizona,26
2026,1,Villanova,Utah St.,0.5200329159906949,Utah St.,26
2026,1,Wisconsin,High Point,0.9551567732814226,Wisconsin,26
2026,1,Arkansas,Hawaii,0.9712160813684694,Arkansas,26
2026,1,BYU,Texas,0.5184462126308838,Texas,26
2026,1,Gonzaga,Kennesaw St.,0.9523105407589534,Gonzaga,26
2026,1,Miami FL,Missouri,0.4371796951565946,Miami FL,26
2026,1,Purdue,Queens,0.9942485827871558,Purdue,26
2026,1,Michigan,Howard,0.9958654763245225,Michigan,26
2026,1,Georgia,Saint Louis,0.7588390832517659,Saint Louis,26
2026,1,Texas Tech,Akron,0.9516622481492901,Texas Tech,26
2026,1,Alabama,Hofstra,0.9292101382980879,Alabama,26
2026,1,Tennessee,Miami OH,0.9743983186142834,Tennessee,26
2026,1,Virginia,Wright St.,0.9554897234928257,Virginia,26
2026,1,Kentucky,Santa Clara,0.45174906885620525,Kentucky,26
2026,1,Iowa St.,Tennessee St.,0.9969838955993388,Iowa St.,26
2026,2,Duke,Ohio St.,0.754111157056542,Duke,26
2026,2,Northern Iowa,Cal Baptist,0.768816492789493,Northern Iowa,26
2026,2,South Florida,Michigan St.,0.24885463353731688,Michigan St.,26
2026,2,UCLA,Connecticut,0.4656160824030859,UCLA,26
2026,2,Florida,Iowa,0.7926434027221209,Florida,26
2026,2,McNeese St.,Nebraska,0.1542801261498085,Nebraska,26
2026,2,North Carolina,Illinois,0.10245434976003936,Illinois,26
2026,2,Saint Mary's,Houston,0.10279738958252423,Houston,26
2026,2,Arizona,Utah St.,0.8432400875380335,Arizona,26
2026,2,Wisconsin,Arkansas,0.5029063675214598,Wisconsin,26
2026,2,Texas,Gonzaga,0.3446493122370096,Gonzaga,26
2026,2,Miami FL,Purdue,0.09793306781615119,Purdue,26
2026,2,Michigan,Saint Louis,0.9532599115629986,Michigan,26
2026,2,Texas Tech,Alabama,0.5906841722207969,Texas Tech,26
2026,2,Tennessee,Virginia,0.5921018558449337,Tennessee,26
2026,2,Kentucky,Iowa St.,0.1771844338333049,Iowa St.,26
2026,3,Duke,Northern Iowa,0.9401465822895586,Duke,26
2026,3,Michigan St.,UCLA,0.4523654463161424,Michigan St.,26
2026,3,Florida,Nebraska,0.8171092464488837,Florida,26
2026,3,Illinois,Houston,0.5459470626236897,Illinois,26
2026,3,Arizona,Wisconsin,0.68789924261849,Arizona,26
2026,3,Gonzaga,Purdue,0.18791666028135517,Purdue,26
2026,3,Michigan,Texas Tech,0.606217000166059,Michigan,26
2026,3,Tennessee,Iowa St.,0.37868166566768885,Iowa St.,26
2026,4,Duke,Michigan St.,0.8004056959239918,Michigan St.,26
2026,4,Florida,Illinois,0.38940877286056486,Illinois,26
2026,4,Arizona,Purdue,0.4701958688898175,Purdue,26
2026,4,Michigan,Iowa St.,0.562653722755456,Iowa St.,26
2026,5,Michigan St.,Illinois,0.1507736677358494,Illinois,26
2026,5,Purdue,Iowa St.,0.5372587698757884,Purdue,26
2026,6,Illinois,Purdue,0.620455082397851,Purdue,26
2026,1,Duke,Siena,0.9944116614139509,Duke,27
2026,1,Ohio St.,TCU,0.8247307005139348,Ohio St.,27
2026,1,St. John's,Northern Iowa,0.8331464003573522,St. John's,27
2026,1,Kansas,Cal Baptist,0.9378160074405435,Kansas,27
2026,1,Louisville,South Florida,0.7942578724375865,Louisville,27
2026,1,Michigan St.,North Dakota St.,0.9552857140503138,Michigan St.,27
2026,1,UCLA,UCF,0.8599254415690811,UCLA,27
2026,1,Connecticut,Furman,0.9823903432449944,Connecticut,27
2026,1,Florida,Prairie View A&M,0.9969490217891839,Florida,27
2026,1,Clemson,Iowa,0.3627148326932703,Iowa,27
2026,1,Vanderbilt,McNeese St.,0.9261622028485247,Vanderbilt,27
2026,1,Nebraska,Troy,0.9459366397748131,Nebraska,27
2026,1,North Carolina,VCU,0.6938511955149728,North Carolina,27
2026,1,Illinois,Penn,0.9914285746265543,Illinois,27
2026,1,Saint Mary's,Texas A&M,0.47165331625093126,Saint Mary's,27
2026,1,Houston,Idaho,0.9889877212017745,Houston,27
2026,1,Arizona,LIU,0.9971492836437457,Arizona,27
2026,1,Villanova,Utah St.,0.5200329159906949,Villanova,27
2026,1,Wisconsin,High Point,0.9551567732814226,Wisconsin,27
2026,1,Arkansas,Hawaii,0.9712160813684694,Arkansas,27
2026,1,BYU,Texas,0.5184462126308838,BYU,27
2026,1,Gonzaga,Kennesaw St.,0.9523105407589534,Gonzaga,27
2026,1,Miami FL,Missouri,0.4371796951565946,Miami FL,27
2026,1,Purdue,Queens,0.9942485827871558,Purdue,27
2026,1,Michigan,Howard,0.9958654763245225,Michigan,27
2026,1,Georgia,Saint Louis,0.7588390832517659,Georgia,27
2026,1,Texas Tech,Akron,0.9516622481492901,Texas Tech,27
2026,1,Alabama,Hofstra,0.9292101382980879,Alabama,27
2026,1,Tennessee,Miami OH,0.9743983186142834,Tennessee,27
2026,1,Virginia,Wright St.,0.9554897234928257,Virginia,27
2026,1,Kentucky,Santa Clara,0.45174906885620525,Kentucky,27
2026,1,Iowa St.,Tennessee St.,0.9969838955993388,Iowa St.,27
2026,2,Duke,Ohio St.,0.754111157056542,Duke,27
2026,2,St. John's,Kansas,0.524050661834133,Kansas,27
2026,2,Louisville,Michigan St.,0.5612051015065629,Michigan St.,27
2026,2,UCLA,Connecticut,0.4656160824030859,UCLA,27
2026,2,Florida,Iowa,0.7926434027221209,Florida,27
2026,2,Vanderbilt,Nebraska,0.6958811683383198,Nebraska,27
2026,2,North Carolina,Illinois,0.10245434976003936,Illinois,27
2026,2,Saint Mary's,Houston,0.10279738958252423,Houston,27
2026,2,Arizona,Villanova,0.8323482094236314,Villanova,27
2026,2,Wisconsin,Arkansas,0.5029063675214598,Arkansas,27
2026,2,BYU,Gonzaga,0.3615080571960916,Gonzaga,27
2026,2,Miami FL,Purdue,0.09793306781615119,Purdue,27
2026,2,Michigan,Georgia,0.866337900347868,Michigan,27
2026,2,Texas Tech,Alabama,0.5906841722207969,Texas Tech,27
2026,2,Tennessee,Virginia,0.5921018558449337,Tennessee,27
2026,2,Kentucky,Iowa St.,0.1771844338333049,Iowa St.,27
2026,3,Duke,Kansas,0.7759678663752496,Duke,27
2026,3,Michigan St.,UCLA,0.4523654463161424,UCLA,27
2026,3,Florida,Nebraska,0.8171092464488837,Florida,27
2026,3,Illinois,Houston,0.5459470626236897,Illinois,27
2026,3,Villanova,Arkansas,0.3099357228170309,Arkansas,27
2026,3,Gonzaga,Purdue,0.18791666028135517,Purdue,27
2026,3,Michigan,Texas Tech,0.606217000166059,Michigan,27
2026,3,Tennessee,Iowa St.,0.37868166566768885,Iowa St.,27
2026,4,Duke,UCLA,0.768117878478023,Duke,27
2026,4,Florida,Illinois,0.38940877286056486,Illinois,27
2026,4,Arkansas,Purdue,0.2846930993448674,Arkansas,27
2026,4,Michigan,Iowa St.,0.562653722755456,Iowa St.,27
2026,5,Duke,Illinois,0.41587894615796644,Illinois,27
2026,5,Arkansas,Iowa St.,0.31604920439053286,Iowa St.,27
2026,6,Illinois,Iowa St.,0.6549324989731197,Iowa St.,27
2026,1,Duke,Siena,0.9944116614139509,Duke,28
2026,1,Ohio St.,TCU,0.8247307005139348,Ohio St.,28
2026,1,St. John's,Northern Iowa,0.8331464003573522,St. John's,28
2026,1,Kansas,Cal Baptist,0.9378160074405435,Kansas,28
2026,1,Louisville,South Florida,0.7942578724375865,South Florida,28
2026,1,Michigan St.,North Dakota St.,0.9552857140503138,Michigan St.,28
2026,1,UCLA,UCF,0.8599254415690811,UCLA,28
2026,1,Connecticut,Furman,0.9823903432449944,Connecticut,28
2026,1,Florida,Prairie View A&M,0.9969490217891839,Florida,28
2026,1,Clemson,Iowa,0.3627148326932703,Iowa,28
2026,1,Vanderbilt,McNeese St.,0.9261622028485247,Vanderbilt,28
2026,1,Nebraska,Troy,0.9459366397748131,Troy,28
2026,1,North Carolina,VCU,0.6938511955149728,VCU,28
2026,1,Illinois,Penn,0.9914285746265543,Illinois,28
2026,1,Saint Mary's,Texas A&M,0.47165331625093126,Texas A&M,28
2026,1,Houston,Idaho,0.9889877212017745,Houston,28
2026,1,Arizona,LIU,0.9971492836437457,Arizona,28
2026,1,Villanova,Utah St.,0.5200329159906949,Utah St.,28
2026,1,Wisconsin,High Point,0.9551567732814226,Wisconsin,28
2026,1,Arkansas,Hawaii,0.9712160813684694,Arkansas,28
2026,1,BYU,Texas,0.5184462126308838,BYU,28
2026,1,Gonzaga,Kennesaw St.,0.9523105407589534,Gonzaga,28
2026,1,Miami FL,Missouri,0.4371796951565946,Missouri,28
2026,1,Purdue,Queens,0.9942485827871558,Purdue,28
2026,1,Michigan,Howard,0.9958654763245225,Michigan,28
2026,1,Georgia,Saint Louis,0.7588390832517659,Georgia,28
2026,1,Texas Tech,Akron,0.9516622481492901,Texas Tech,28
2026,1,Alabama,Hofstra,0.9292101382980879,Alabama,28
2026,1,Tennessee,Miami OH,0.9743983186142834,Tennessee,28
2026,1,Virginia,Wright St.,0.9554897234928257,Virginia,28
2026,1,Kentucky,Santa Clara,0.45174906885620525,Kentucky,28
2026,1,Iowa St.,Tennessee St.,0.9969838955993388,Iowa St.,28
2026,2,Duke,Ohio St.,0.754111157056542,Duke,28
2026,2,St. John's,Kansas,0.524050661834133,Kansas,28
2026,2,South Florida,Michigan St.,0.24885463353731688,Michigan St.,28
2026,2,UCLA,Connecticut,0.4656160824030859,Connecticut,28
2026,2,Florida,Iowa,0.7926434027221209,Florida,28
2026,2,Vanderbilt,Troy,0.9756311587491285,Vanderbilt,28
2026,2,VCU,Illinois,0.047951180201484304,Illinois,28
2026,2,Texas A&M,Houston,0.11374825773649348,Houston,28
2026,2,Arizona,Utah St.,0.8432400875380335,Arizona,28
2026,2,Wisconsin,Arkansas,0.5029063675214598,Wisconsin,28
2026,2,BYU,Gonzaga,0.3615080571960916,Gonzaga,28
2026,2,Missouri,Purdue,0.12262663643158621,Purdue,28
2026,2,Michigan,Georgia,0.866337900347868,Michigan,28
2026,2,Texas Tech,Alabama,0.5906841722207969,Alabama,28
2026,2,Tennessee,Virginia,0.5921018558449337,Tennessee,28
2026,2,Kentucky,Iowa St.,0.1771844338333049,Iowa St.,28
2026,3,Duke,Kansas,0.7759678663752496,Duke,28
2026,3,Michigan St.,Connecticut,0.41851537121286536,Connecticut,28
2026,3,Florida,Vanderbilt,0.6613068485024125,Florida,28
2026,3,Illinois,Houston,0.5459470626236897,Houston,28
2026,3,Arizona,Wisconsin,0.68789924261849,Wisconsin,28
2026,3,Gonzaga,Purdue,0.18791666028135517,Purdue,28
2026,3,Michigan,Alabama,0.6895962556154527,Michigan,28
2026,3,Tennessee,Iowa St.,0.37868166566768885,Tennessee,28
2026,4,Duke,Connecticut,0.7426830871082504,Connecticut,28
2026,4,Florida,Houston,0.4340146591383405,Houston,28
2026,4,Wisconsin,Purdue,0.28706648492331593,Purdue,28
2026,4,Michigan,Tennessee,0.6785435855710996,Michigan,28
2026,5,Connecticut,Houston,0.22875284019334935,Connecticut,28
2026,5,Purdue,Michigan,0.47436568406645174,Purdue,28
2026,6,Connecticut,Purdue,0.2873693928634813,Connecticut,28
2026,1,Duke,Siena,0.9944116614139509,Duke,29
2026,1,Ohio St.,TCU,0.8247307005139348,Ohio St.,29
2026,1,St. John's,Northern Iowa,0.8331464003573522,Northern Iowa,29
2026,1,Kansas,Cal Baptist,0.9378160074405435,Kansas,29
2026,1,Louisville,South Florida,0.7942578724375865,Louisville,29
2026,1,Michigan St.,North Dakota St.,0.9552857140503138,Michigan St.,29
2026,1,UCLA,UCF,0.8599254415690811,UCLA,29
2026,1,Connecticut,Furman,0.9823903432449944,Connecticut,29
2026,1,Florida,Prairie View A&M,0.9969490217891839,Florida,29
2026,1,Clemson,Iowa,0.3627148326932703,Iowa,29
2026,1,Vanderbilt,McNeese St.,0.9261622028485247,Vanderbilt,29
2026,1,Nebraska,Troy,0.9459366397748131,Nebraska,29
2026,1,North Carolina,VCU,0.6938511955149728,VCU,29
2026,1,Illinois,Penn,0.9914285746265543,Illinois,29
2026,1,Saint Mary's,Texas A&M,0.47165331625093126,Saint Mary's,29
2026,1,Houston,Idaho,0.9889877212017745,Houston,29
2026,1,Arizona,LIU,0.9971492836437457,Arizona,29
2026,1,Villanova,Utah St.,0.5200329159906949,Utah St.,29
2026,1,Wisconsin,High Point,0.9551567732814226,Wisconsin,29
2026,1,Arkansas,Hawaii,0.9712160813684694,Arkansas,29
2026,1,BYU,Texas,0.5184462126308838,BYU,29
2026,1,Gonzaga,Kennesaw St.,0.9523105407589534,Gonzaga,29
2026,1,Miami FL,Missouri,0.4371796951565946,Miami FL,29
2026,1,Purdue,Queens,0.9942485827871558,Purdue,29
2026,1,Michigan,Howard,0.9958654763245225,Michigan,29
2026,1,Georgia,Saint Louis,0.7588390832517659,Georgia,29
2026,1,Texas Tech,Akron,0.9516622481492901,Texas Tech,29
2026,1,Alabama,Hofstra,0.9292101382980879,Alabama,29
2026,1,Tennessee,Miami OH,0.9743983186142834,Tennessee,29
2026,1,Virginia,Wright St.,0.9554897234928257,Virginia,29
2026,1,Kentucky,Santa Clara,0.45174906885620525,Santa Clara,29
2026,1,Iowa St.,Tennessee St.,0.9969838955993388,Iowa St.,29
2026,2,Duke,Ohio St.,0.754111157056542,Duke,29
2026,2,Northern Iowa,Kansas,0.18066986949018937,Kansas,29
2026,2,Louisville,Michigan St.,0.5612051015065629,Louisville,29
2026,2,UCLA,Connecticut,0.4656160824030859,Connecticut,29
2026,2,Florida,Iowa,0.7926434027221209,Florida,29
2026,2,Vanderbilt,Nebraska,0.6958811683383198,Vanderbilt,29
2026,2,VCU,Illinois,0.047951180201484304,Illinois,29
2026,2,Saint Mary's,Houston,0.10279738958252423,Houston,29
2026,2,Arizona,Utah St.,0.8432400875380335,Arizona,29
2026,2,Wisconsin,Arkansas,0.5029063675214598,Arkansas,29
2026,2,BYU,Gonzaga,0.3615080571960916,BYU,29
2026,2,Miami FL,Purdue,0.09793306781615119,Purdue,29
2026,2,Michigan,Georgia,0.866337900347868,Michigan,29
2026,2,Texas Tech,Alabama,0.5906841722207969,Texas Tech,29
2026,2,Tennessee,Virginia,0.5921018558449337,Tennessee,29
2026,2,Santa Clara,Iowa St.,0.2071920828857785,Iowa St.,29
2026,3,Duke,Kansas,0.7759678663752496,Duke,29
2026,3,Louisville,Connecticut,0.4793076795515448,Louisville,29
2026,3,Florida,Vanderbilt,0.6613068485024125,Vanderbilt,29
2026,3,Illinois,Houston,0.5459470626236897,Illinois,29
2026,3,Arizona,Arkansas,0.6903897195952309,Arkansas,29
2026,3,BYU,Purdue,0.1158398959796437,Purdue,29
2026,3,Michigan,Texas Tech,0.606217000166059,Michigan,29
2026,3,Tennessee,Iowa St.,0.37868166566768885,Iowa St.,29
2026,4,Duke,Louisville,0.7581892365730687,Louisville,29
2026,4,Vanderbilt,Illinois,0.24621138868289286,Illinois,29
2026,4,Arkansas,Purdue,0.2846930993448674,Purdue,29
2026,4,Michigan,Iowa St.,0.562653722755456,Iowa St.,29
2026,5,Louisville,Illinois,0.1850513760536087,Illinois,29
2026,5,Purdue,Iowa St.,0.5372587698757884,Purdue,29
2026,6,Illinois,Purdue,0.620455082397851,Illinois,29
2026,1,Duke,Siena,0.9944116614139509,Duke,30
2026,1,Ohio St.,TCU,0.8247307005139348,TCU,30
2026,1,St. John's,Northern Iowa,0.8331464003573522,St. John's,30
2026,1,Kansas,Cal Baptist,0.9378160074405435,Kansas,30
2026,1,Louisville,South Florida,0.7942578724375865,South Florida,30
2026,1,Michigan St.,North Dakota St.,0.9552857140503138,Michigan St.,30
2026,1,UCLA,UCF,0.8599254415690811,UCLA,30
2026,1,Connecticut,Furman,0.9823903432449944,Connecticut,30
2026,1,Florida,Prairie View A&M,0.9969490217891839,Florida,30
2026,1,Clemson,Iowa,0.3627148326932703,Clemson,30
2026,1,Vanderbilt,McNeese St.,0.9261622028485247,Vanderbilt,30
2026,1,Nebraska,Troy,0.9459366397748131,Nebraska,30
2026,1,North Carolina,VCU,0.6938511955149728,VCU,30
2026,1,Illinois,Penn,0.9914285746265543,Illinois,30
2026,1,Saint Mary's,Texas A&M,0.47165331625093126,Texas A&M,30
2026,1,Houston,Idaho,0.9889877212017745,Houston,30
2026,1,Arizona,LIU,0.9971492836437457,Arizona,30
2026,1,Villanova,Utah St.,0.5200329159906949,Villanova,30
2026,1,Wisconsin,High Point,0.9551567732814226,Wisconsin,30
2026,1,Arkansas,Hawaii,0.9712160813684694,Arkansas,30
2026,1,BYU,Texas,0.5184462126308838,Texas,30
2026,1,Gonzaga,Kennesaw St.,0.9523105407589534,Gonzaga,30
2026,1,Miami FL,Missouri,0.4371796951565946,Missouri,30
2026,1,Purdue,Queens,0.9942485827871558,Purdue,30
2026,1,Michigan,Howard,0.9958654763245225,Michigan,30
2026,1,Georgia,Saint Louis,0.7588390832517659,Georgia,30
2026,1,Texas Tech,Akron,0.9516622481492901,Texas Tech,30
2026,1,Alabama,Hofstra,0.9292101382980879,Alabama,30
2026,1,Tennessee,Miami OH,0.9743983186142834,Miami OH,30
2026,1,Virginia,Wright St.,0.9554897234928257,Virginia,30
2026,1,Kentucky,Santa Clara,0.45174906885620525,Kentucky,30
2026,1,Iowa St.,Tennessee St.,0.9969838955993388,Iowa St.,30
2026,2,Duke,TCU,0.9351962827442268,Duke,30
2026,2,St. John's,Kansas,0.524050661834133,Kansas,30
2026,2,South Florida,Michigan St.,0.24885463353731688,Michigan St.,30
2026,2,UCLA,Connecticut,0.4656160824030859,Connecticut,30
2026,2,Florida,Clemson,0.8704037936386363,Florida,30
2026,2,Vanderbilt,Nebraska,0.6958811683383198,Vanderbilt,30
2026,2,VCU,Illinois,0.047951180201484304,Illinois,30
2026,2,Texas A&M,Houston,0.11374825773649348,Houston,30
2026,2,Arizona,Villanova,0.8323482094236314,Arizona,30
2026,2,Wisconsin,Arkansas,0.5029063675214598,Arkansas,30
2026,2,Texas,Gonzaga,0.3446493122370096,Gonzaga,30
2026,2,Missouri,Purdue,0.12262663643158621,Purdue,30
2026,2,Michigan,Georgia,0.866337900347868,Michigan,30
2026,2,Texas Tech,Alabama,0.5906841722207969,Alabama,30
2026,2,Miami OH,Virginia,0.03673845417328201,Virginia,30
2026,2,Kentucky,Iowa St.,0.1771844338333049,Iowa St.,30
2026,3,Duke,Kansas,0.7759678663752496,Kansas,30
2026,3,Michigan St.,Connecticut,0.41851537121286536,Michigan St.,30
2026,3,Florida,Vanderbilt,0.6613068485024125,Florida,30
2026,3,Illinois,Houston,0.5459470626236897,Houston,30
2026,3,Arizona,Arkansas,0.6903897195952309,Arizona,30
2026,3,Gonzaga,Purdue,0.18791666028135517,Purdue,30
2026,3,Michigan,Alabama,0.6895962556154527,Michigan,30
2026,3,Virginia,Iowa St.,0.2957104446671426,Iowa St.,30
2026,4,Kansas,Michigan St.,0.5365621913412327,Michigan St.,30
2026,4,Florida,Houston,0.4340146591383405,Florida,30
2026,4,Arizona,Purdue,0.4701958688898175,Arizona,30
2026,4,Michigan,Iowa St.,0.562653722755456,Michigan,30
2026,5,Michigan St.,Florida,0.21776344706281867,Michigan St.,30
2026,5,Arizona,Michigan,0.4447304585569584,Michigan,30
2026,6,Michigan St.,Michigan,0.2075605662226487,Michigan,30
2026,1,Duke,Siena,0.9944116614139509,Duke,31
2026,1,Ohio St.,TCU,0.8247307005139348,Ohio St.,31
2026,1,St. John's,Northern Iowa,0.8331464003573522,St. John's,31
2026,1,Kansas,Cal Baptist,0.9378160074405435,Kansas,31
2026,1,Louisville,South Florida,0.7942578724375865,Louisville,31
2026,1,Michigan St.,North Dakota St.,0.9552857140503138,Michigan St.,31
2026,1,UCLA,UCF,0.8599254415690811,UCLA,31
2026,1,Connecticut,Furman,0.9823903432449944,Connecticut,31
2026,1,Florida,Prairie View A&M,0.9969490217891839,Florida,31
2026,1,Clemson,Iowa,0.3627148326932703,Clemson,31
2026,1,Vanderbilt,McNeese St.,0.9261622028485247,Vanderbilt,31
2026,1,Nebraska,Troy,0.9459366397748131,Nebraska,31
2026,1,North Carolina,VCU,0.6938511955149728,VCU,31
2026,1,Illinois,Penn,0.9914285746265543,Illinois,31
2026,1,Saint Mary's,Texas A&M,0.47165331625093126,Texas A&M,31
2026,1,Houston,Idaho,0.9889877212017745,Houston,31
2026,1,Arizona,LIU,0.9971492836437457,Arizona,31
2026,1,Villanova,Utah St.,0.5200329159906949,Villanova,31
2026,1,Wisconsin,High Point,0.9551567732814226,Wisconsin,31
2026,1,Arkansas,Hawaii,0.9712160813684694,Arkansas,31
2026,1,BYU,Texas,0.5184462126308838,BYU,31
2026,1,Gonzaga,Kennesaw St.,0.9523105407589534,Gonzaga,31
2026,1,Miami FL,Missouri,0.4371796951565946,Missouri,31
2026,1,Purdue,Queens,0.9942485827871558,Purdue,31
2026,1,Michigan,Howard,0.9958654763245225,Michigan,31
2026,1,Georgia,Saint Louis,0.7588390832517659,Georgia,31
2026,1,Texas Tech,Akron,0.9516622481492901,Texas Tech,31
2026,1,Alabama,Hofstra,0.9292101382980879,Alabama,31
2026,1,Tennessee,Miami OH,0.9743983186142834,Tennessee,31
2026,1,Virginia,Wright St.,0.9554897234928257,Virginia,31
2026,1,Kentucky,Santa Clara,0.45174906885620525,Santa Clara,31
2026,1,Iowa St.,Tennessee St.,0.9969838955993388,Iowa St.,31
2026,2,Duke,Ohio St.,0.754111157056542,Duke,31
2026,2,St. John's,Kansas,0.524050661834133,St. John's,31
2026,2,Louisville,Michigan St.,0.5612051015065629,Louisville,31
2026,2,UCLA,Connecticut,0.4656160824030859,UCLA,31
2026,2,Florida,Clemson,0.8704037936386363,Florida,31
2026,2,Vanderbilt,Nebraska,0.6958811683383198,Nebraska,31
2026,2,VCU,Illinois,0.047951180201484304,VCU,31
2026,2,Texas A&M,Houston,0.11374825773649348,Houston,31
2026,2,Arizona,Villanova,0.8323482094236314,Arizona,31
2026,2,Wisconsin,Arkansas,0.5029063675214598,Arkansas,31
2026,2,BYU,Gonzaga,0.3615080571960916,Gonzaga,31
2026,2,Missouri,Purdue,0.12262663643158621,Purdue,31
2026,2,Michigan,Georgia,0.866337900347868,Michigan,31
2026,2,Texas Tech,Alabama,0.5906841722207969,Texas Tech,31
2026,2,Tennessee,Virginia,0.5921018558449337,Tennessee,31
2026,2,Santa Clara,Iowa St.,0.2071920828857785,Iowa St.,31
2026,3,Duke,St. John's,0.7587877180879463,Duke,31
2026,3,Louisville,UCLA,0.5137306737144266,Louisville,31
2026,3,Florida,Nebraska,0.8171092464488837,Florida,31
2026,3,VCU,Houston,0.05710169263135288,Houston,31
2026,3,Arizona,Arkansas,0.6903897195952309,Arizona,31
2026,3,Gonzaga,Purdue,0.18791666028135517,Gonzaga,31
2026,3,Michigan,Texas Tech,0.606217000166059,Texas Tech,31
2026,3,Tennessee,Iowa St.,0.37868166566768885,Iowa St.,31
2026,4,Duke,Louisville,0.7581892365730687,Duke,31
2026,4,Florida,Houston,0.4340146591383405,Houston,31
2026,4,Arizona,Gonzaga,0.7931873894151327,Arizona,31
2026,4,Texas Tech,Iowa St.,0.4552453740527298,Iowa St.,31
2026,5,Duke,Houston,0.4612265534105957,Houston,31
2026,5,Arizona,Iowa St.,0.5074878989723941,Arizona,31
2026,6,Houston,Arizona,0.605044776123337,Arizona,31
2026,1,Duke,Siena,0.9944116614139509,Duke,32
2026,1,Ohio St.,TCU,0.8247307005139348,TCU,32
2026,1,St. John's,Northern Iowa,0.8331464003573522,Northern Iowa,32
2026,1,Kansas,Cal Baptist,0.9378160074405435,Kansas,32
2026,1,Louisville,South Florida,0.7942578724375865,Louisville,32
2026,1,Michigan St.,North Dakota St.,0.9552857140503138,Michigan St.,32
2026,1,UCLA,UCF,0.8599254415690811,UCLA,32
2026,1,Connecticut,Furman,0.9823903432449944,Connecticut,32
2026,1,Florida,Prairie View A&M,0.9969490217891839,Florida,32
2026,1,Clemson,Iowa,0.3627148326932703,Iowa,32
2026,1,Vanderbilt,McNeese St.,0.9261622028485247,Vanderbilt,32
2026,1,Nebraska,Troy,0.9459366397748131,Nebraska,32
2026,1,North Carolina,VCU,0.6938511955149728,North Carolina,32
2026,1,Illinois,Penn,0.9914285746265543,Illinois,32
2026,1,Saint Mary's,Texas A&M,0.47165331625093126,Texas A&M,32
2026,1,Houston,Idaho,0.9889877212017745,Houston,32
2026,1,Arizona,LIU,0.9971492836437457,Arizona,32
2026,1,Villanova,Utah St.,0.5200329159906949,Villanova,32
2026,1,Wisconsin,High Point,0.9551567732814226,High Point,32
2026,1,Arkansas,Hawaii,0.9712160813684694,Arkansas,32
2026,1,BYU,Texas,0.5184462126308838,BYU,32
2026,1,Gonzaga,Kennesaw St.,0.9523105407589534,Gonzaga,32
2026,1,Miami FL,Missouri,0.4371796951565946,Miami FL,32
2026,1,Purdue,Queens,0.9942485827871558,Purdue,32
2026,1,Michigan,Howard,0.9958654763245225,Michigan,32
2026,1,Georgia,Saint Louis,0.7588390832517659,Georgia,32
2026,1,Texas Tech,Akron,0.9516622481492901,Texas Tech,32
2026,1,Alabama,Hofstra,0.9292101382980879,Alabama,32
2026,1,Tennessee,Miami OH,0.9743983186142834,Tennessee,32
2026,1,Virginia,Wright St.,0.9554897234928257,Virginia,32
2026,1,Kentucky,Santa Clara,0.45174906885620525,Kentucky,32
2026,1,Iowa St.,Tennessee St.,0.9969838955993388,Iowa St.,32
2026,2,Duke,TCU,0.9351962827442268,Duke,32
2026,2,Northern Iowa,Kansas,0.18066986949018937,Kansas,32
2026,2,Louisville,Michigan St.,0.5612051015065629,Michigan St.,32
2026,2,UCLA,Connecticut,0.4656160824030859,Connecticut,32
2026,2,Florida,Iowa,0.7926434027221209,Florida,32
2026,2,Vanderbilt,Nebraska,0.6958811683383198,Vanderbilt,32
2026,2,North Carolina,Illinois,0.10245434976003936,Illinois,32
2026,2,Texas A&M,Houston,0.11374825773649348,Houston,32
2026,2,Arizona,Villanova,0.8323482094236314,Arizona,32
2026,2,High Point,Arkansas,0.04534382132942886,Arkansas,32
2026,2,BYU,Gonzaga,0.3615080571960916,Gonzaga,32
2026,2,Miami FL,Purdue,0.09793306781615119,Purdue,32
2026,2,Michigan,Georgia,0.866337900347868,Michigan,32
2026,2,Texas Tech,Alabama,0.5906841722207969,Alabama,32
2026,2,Tennessee,Virginia,0.5921018558449337,Tennessee,32
2026,2,Kentucky,Iowa St.,0.1771844338333049,Iowa St.,32
2026,3,Duke,Kansas,0.7759678663752496,Duke,32
2026,3,Michigan St.,Connecticut,0.41851537121286536,Connecticut,32
2026,3,Florida,Vanderbilt,0.6613068485024125,Florida,32
2026,3,Illinois,Houston,0.5459470626236897,Illinois,32
2026,3,Arizona,Arkansas,0.6903897195952309,Arkansas,32
2026,3,Gonzaga,Purdue,0.18791666028135517,Purdue,32
2026,3,Michigan,Alabama,0.6895962556154527,Michigan,32
2026,3,Tennessee,Iowa St.,0.37868166566768885,Tennessee,32
2026,4,Duke,Connecticut,0.7426830871082504,Duke,32
2026,4,Florida,Illinois,0.38940877286056486,Florida,32
2026,4,Arkansas,Purdue,0.2846930993448674,Purdue,32
2026,4,Michigan,Tennessee,0.6785435855710996,Michigan,32
2026,5,Duke,Florida,0.5274932579747873,Duke,32
2026,5,Purdue,Michigan,0.47436568406645174,Purdue,32
2026,6,Duke,Purdue,0.5378689018747759,Duke,32
2026,1,Duke,Siena,0.9944116614139509,Duke,33
2026,1,Ohio St.,TCU,0.8247307005139348,Ohio St.,33
2026,1,St. John's,Northern Iowa,0.8331464003573522,St. John's,33
2026,1,Kansas,Cal Baptist,0.9378160074405435,Kansas,33
2026,1,Louisville,South Florida,0.7942578724375865,Louisville,33
2026,1,Michigan St.,North Dakota St.,0.9552857140503138,Michigan St.,33
2026,1,UCLA,UCF,0.8599254415690811,UCLA,33
2026,1,Connecticut,Furman,0.9823903432449944,Connecticut,33
2026,1,Florida,Prairie View A&M,0.9969490217891839,Florida,33
2026,1,Clemson,Iowa,0.3627148326932703,Iowa,33
2026,1,Vanderbilt,McNeese St.,0.9261622028485247,Vanderbilt,33
2026,1,Nebraska,Troy,0.9459366397748131,Nebraska,33
2026,1,North Carolina,VCU,0.6938511955149728,North Carolina,33
2026,1,Illinois,Penn,0.9914285746265543,Illinois,33
2026,1,Saint Mary's,Texas A&M,0.47165331625093126,Saint Mary's,33
2026,1,Houston,Idaho,0.9889877212017745,Houston,33
2026,1,Arizona,LIU,0.9971492836437457,Arizona,33
2026,1,Villanova,Utah St.,0.5200329159906949,Villanova,33
2026,1,Wisconsin,High Point,0.9551567732814226,Wisconsin,33
2026,1,Arkansas,Hawaii,0.9712160813684694,Arkansas,33
2026,1,BYU,Texas,0.5184462126308838,Texas,33
2026,1,Gonzaga,Kennesaw St.,0.9523105407589534,Gonzaga,33
2026,1,Miami FL,Missouri,0.4371796951565946,Missouri,33
2026,1,Purdue,Queens,0.9942485827871558,Purdue,33
2026,1,Michigan,Howard,0.9958654763245225,Michigan,33
2026,1,Georgia,Saint Louis,0.7588390832517659,Saint Louis,33
2026,1,Texas Tech,Akron,0.9516622481492901,Texas Tech,33
2026,1,Alabama,Hofstra,0.9292101382980879,Alabama,33
2026,1,Tennessee,Miami OH,0.9743983186142834,Miami OH,33
2026,1,Virginia,Wright St.,0.9554897234928257,Virginia,33
2026,1,Kentucky,Santa Clara,0.45174906885620525,Kentucky,33
2026,1,Iowa St.,Tennessee St.,0.9969838955993388,Iowa St.,33
2026,2,Duke,Ohio St.,0.754111157056542,Duke,33
2026,2,St. John's,Kansas,0.524050661834133,St. John's,33
2026,2,Louisville,Michigan St.,0.5612051015065629,Michigan St.,33
2026,2,UCLA,Connecticut,0.4656160824030859,UCLA,33
2026,2,Florida,Iowa,0.7926434027221209,Florida,33
2026,2,Vanderbilt,Nebraska,0.6958811683383198,Nebraska,33
2026,2,North Carolina,Illinois,0.10245434976003936,Illinois,33
2026,2,Saint Mary's,Houston,0.10279738958252423,Houston,33
2026,2,Arizona,Villanova,0.8323482094236314,Villanova,33
2026,2,Wisconsin,Arkansas,0.5029063675214598,Wisconsin,33
2026,2,Texas,Gonzaga,0.3446493122370096,Texas,33
2026,2,Missouri,Purdue,0.12262663643158621,Missouri,33
2026,2,Michigan,Saint Louis,0.9532599115629986,Michigan,33
2026,2,Texas Tech,Alabama,0.5906841722207969,Texas Tech,33
2026,2,Miami OH,Virginia,0.03673845417328201,Virginia,33
2026,2,Kentucky,Iowa St.,0.1771844338333049,Kentucky,33
2026,3,Duke,St. John's,0.7587877180879463,Duke,33
2026,3,Michigan St.,UCLA,0.4523654463161424,UCLA,33
2026,3,Florida,Nebraska,0.8171092464488837,Florida,33
2026,3,Illinois,Houston,0.5459470626236897,Houston,33
2026,3,Villanova,Wisconsin,0.3074548005820875,Villanova,33
2026,3,Texas,Missouri,0.4654404153508987,Missouri,33
2026,3,Michigan,Texas Tech,0.606217000166059,Texas Tech,33
2026,3,Virginia,Kentucky,0.6609951443740734,Virginia,33
2026,4,Duke,UCLA,0.768117878478023,Duke,33
2026,4,Florida,Houston,0.4340146591383405,Houston,33
2026,4,Villanova,Missouri,0.5612086194515754,Villanova,33
2026,4,Texas Tech,Virginia,0.665590853591359,Texas Tech,33
2026,5,Duke,Houston,0.4612265534105957,Houston,33
2026,5,Villanova,Texas Tech,0.19894376126998004,Villanova,33
2026,6,Houston,Villanova,0.8837973130805316,Houston,33
2026,1,Duke,Siena,0.9944116614139509,Duke,34
2026,1,Ohio St.,TCU,0.8247307005139348,Ohio St.,34
2026,1,St. John's,Northern Iowa,0.8331464003573522,St. John's,34
2026,1,Kansas,Cal Baptist,0.9378160074405435,Kansas,34
2026,1,Louisville,South Florida,0.7942578724375865,Louisville,34
2026,1,Michigan St.,North Dakota St.,0.9552857140503138,Michigan St.,34
2026,1,UCLA,UCF,0.8599254415690811,UCLA,34
2026,1,Connecticut,Furman,0.9823903432449944,Connecticut,34
2026,1,Florida,Prairie View A&M,0.9969490217891839,Florida,34
2026,1,Clemson,Iowa,0.3627148326932703,Iowa,34
2026,1,Vanderbilt,McNeese St.,0.9261622028485247,Vanderbilt,34
2026,1,Nebraska,Troy,0.9459366397748131,Nebraska,34
2026,1,North Carolina,VCU,0.6938511955149728,VCU,34
2026,1,Illinois,Penn,0.9914285746265543,Illinois,34
2026,1,Saint Mary's,Texas A&M,0.47165331625093126,Saint Mary's,34
2026,1,Houston,Idaho,0.9889877212017745,Houston,34
2026,1,Arizona,LIU,0.9971492836437457,Arizona,34
2026,1,Villanova,Utah St.,0.5200329159906949,Villanova,34
2026,1,Wisconsin,High Point,0.9551567732814226,Wisconsin,34
2026,1,Arkansas,Hawaii,0.9712160813684694,Arkansas,34
2026,1,BYU,Texas,0.5184462126308838,BYU,34
2026,1,Gonzaga,Kennesaw St.,0.9523105407589534,Gonzaga,34
2026,1,Miami FL,Missouri,0.4371796951565946,Miami FL,34
2026,1,Purdue,Queens,0.9942485827871558,Purdue,34
2026,1,Michigan,Howard,0.9958654763245225,Michigan,34
2026,1,Georgia,Saint Louis,0.7588390832517659,Georgia,34
2026,1,Texas Tech,Akron,0.9516622481492901,Texas Tech,34
2026,1,Alabama,Hofstra,0.9292101382980879,Alabama,34
2026,1,Tennessee,Miami OH,0.9743983186142834,Miami OH,34
2026,1,Virginia,Wright St.,0.9554897234928257,Virginia,34
2026,1,Kentucky,Santa Clara,0.45174906885620525,Kentucky,34
2026,1,Iowa St.,Tennessee St.,0.9969838955993388,Iowa St.,34
2026,2,Duke,Ohio St.,0.754111157056542,Duke,34
2026,2,St. John's,Kansas,0.524050661834133,St. John's,34
2026,2,Louisville,Michigan St.,0.5612051015065629,Michigan St.,34
2026,2,UCLA,Connecticut,0.4656160824030859,UCLA,34
2026,2,Florida,Iowa,0.7926434027221209,Iowa,34
2026,2,Vanderbilt,Nebraska,0.6958811683383198,Vanderbilt,34
2026,2,VCU,Illinois,0.047951180201484304,VCU,34
2026,2,Saint Mary's,Houston,0.10279738958252423,Houston,34
2026,2,Arizona,Villanova,0.8323482094236314,Arizona,34
2026,2,Wisconsin,Arkansas,0.5029063675214598,Wisconsin,34
2026,2,BYU,Gonzaga,0.3615080571960916,BYU,34
2026,2,Miami FL,Purdue,0.09793306781615119,Purdue,34
2026,2,Michigan,Georgia,0.866337900347868,Michigan,34
2026,2,Texas Tech,Alabama,0.5906841722207969,Texas Tech,34
2026,2,Miami OH,Virginia,0.03673845417328201,Virginia,34
2026,2,Kentucky,Iowa St.,0.1771844338333049,Iowa St.,34
2026,3,Duke,St. John's,0.7587877180879463,Duke,34
2026,3,Michigan St.,UCLA,0.4523654463161424,Michigan St.,34
2026,3,Iowa,Vanderbilt,0.33809166451741723,Iowa,34
2026,3,VCU,Houston,0.05710169263135288,Houston,34
2026,3,Arizona,Wisconsin,0.68789924261849,Wisconsin,34
2026,3,BYU,Purdue,0.1158398959796437,Purdue,34
2026,3,Michigan,Texas Tech,0.606217000166059,Texas Tech,34
2026,3,Virginia,Iowa St.,0.2957104446671426,Iowa St.,34
2026,4,Duke,Michigan St.,0.8004056959239918,Duke,34
2026,4,Iowa,Houston,0.1670857831397108,Houston,34
2026,4,Wisconsin,Purdue,0.28706648492331593,Purdue,34
2026,4,Texas Tech,Iowa St.,0.4552453740527298,Iowa St.,34
2026,5,Duke,Houston,0.4612265534105957,Houston,34
2026,5,Purdue,Iowa St.,0.5372587698757884,Iowa St.,34
2026,6,Houston,Iowa St.,0.6121797286502116,Houston,34
2026,1,Duke,Siena,0.9944116614139509,Duke,35
2026,1,Ohio St.,TCU,0.8247307005139348,Ohio St.,35
2026,1,St. John's,Northern Iowa,0.8331464003573522,St. John's,35
2026,1,Kansas,Cal Baptist,0.9378160074405435,Kansas,35
2026,1,Louisville,South Florida,0.7942578724375865,Louisville,35
2026,1,Michigan St.,North Dakota St.,0.9552857140503138,North Dakota St.,35
2026,1,UCLA,UCF,0.8599254415690811,UCLA,35
2026,1,Connecticut,Furman,0.9823903432449944,Connecticut,35
2026,1,Florida,Prairie View A&M,0.9969490217891839,Florida,35
2026,1,Clemson,Iowa,0.3627148326932703,Clemson,35
2026,1,Vanderbilt,McNeese St.,0.9261622028485247,Vanderbilt,35
2026,1,Nebraska,Troy,0.9459366397748131,Nebraska,35
2026,1,North Carolina,VCU,0.6938511955149728,North Carolina,35
2026,1,Illinois,Penn,0.9914285746265543,Illinois,35
2026,1,Saint Mary's,Texas A&M,0.47165331625093126,Saint Mary's,35
2026,1,Houston,Idaho,0.9889877212017745,Houston,35
2026,1,Arizona,LIU,0.9971492836437457,Arizona,35
2026,1,Villanova,Utah St.,0.5200329159906949,Villanova,35
2026,1,Wisconsin,High Point,0.9551567732814226,Wisconsin,35
2026,1,Arkansas,Hawaii,0.9712160813684694,Arkansas,35
2026,1,BYU,Texas,0.5184462126308838,BYU,35
2026,1,Gonzaga,Kennesaw St.,0.9523105407589534,Gonzaga,35
2026,1,Miami FL,Missouri,0.4371796951565946,Missouri,35
2026,1,Purdue,Queens,0.9942485827871558,Purdue,35
2026,1,Michigan,Howard,0.9958654763245225,Michigan,35
2026,1,Georgia,Saint Louis,0.7588390832517659,Georgia,35
2026,1,Texas Tech,Akron,0.9516622481492901,Texas Tech,35
2026,1,Alabama,Hofstra,0.9292101382980879,Alabama,35
2026,1,Tennessee,Miami OH,0.9743983186142834,Tennessee,35
2026,1,Virginia,Wright St.,0.9554897234928257,Virginia,35
2026,1,Kentucky,Santa Clara,0.45174906885620525,Santa Clara,35
2026,1,Iowa St.,Tennessee St.,0.9969838955993388,Iowa St.,35
2026,2,Duke,Ohio St.,0.754111157056542,Duke,35
2026,2,St. John's,Kansas,0.524050661834133,Kansas,35
2026,2,Louisville,North Dakota St.,0.9646944676613756,Louisville,35
2026,2,UCLA,Connecticut,0.4656160824030859,Connecticut,35
2026,2,Florida,Clemson,0.8704037936386363,Florida,35
2026,2,Vanderbilt,Nebraska,0.6958811683383198,Nebraska,35
2026,2,North Carolina,Illinois,0.10245434976003936,Illinois,35
2026,2,Saint Mary's,Houston,0.10279738958252423,Houston,35
2026,2,Arizona,Villanova,0.8323482094236314,Villanova,35
2026,2,Wisconsin,Arkansas,0.5029063675214598,Wisconsin,35
2026,2,BYU,Gonzaga,0.3615080571960916,Gonzaga,35
2026,2,Missouri,Purdue,0.12262663643158621,Purdue,35
2026,2,Michigan,Georgia,0.866337900347868,Michigan,35
2026,2,Texas Tech,Alabama,0.5906841722207969,Texas Tech,35
2026,2,Tennessee,Virginia,0.5921018558449337,Tennessee,35
2026,2,Santa Clara,Iowa St.,0.2071920828857785,Iowa St.,35
2026,3,Duke,Kansas,0.7759678663752496,Duke,35
2026,3,Louisville,Connecticut,0.4793076795515448,Connecticut,35
2026,3,Florida,Nebraska,0.8171092464488837,Florida,35
2026,3,Illinois,Houston,0.5459470626236897,Illinois,35
2026,3,Villanova,Wisconsin,0.3074548005820875,Wisconsin,35
2026,3,Gonzaga,Purdue,0.18791666028135517,Purdue,35
2026,3,Michigan,Texas Tech,0.606217000166059,Michigan,35
2026,3,Tennessee,Iowa St.,0.37868166566768885,Iowa St.,35
2026,4,Duke,Connecticut,0.7426830871082504,Duke,35
2026,4,Florida,Illinois,0.38940877286056486,Illinois,35
2026,4,Wisconsin,Purdue,0.28706648492331593,Wisconsin,35
2026,4,Michigan,Iowa St.,0.562653722755456,Iowa St.,35
2026,5,Duke,Illinois,0.41587894615796644,Illinois,35
2026,5,Wisconsin,Iowa St.,0.31856757604774877,Wisconsin,35
2026,6,Illinois,Wisconsin,0.8023670403924383,Illinois,35
2026,1,Duke,Siena,0.9944116614139509,Duke,36
2026,1,Ohio St.,TCU,0.8247307005139348,Ohio St.,36
2026,1,St. John's,Northern Iowa,0.8331464003573522,St. John's,36
2026,1,Kansas,Cal Baptist,0.9378160074405435,Kansas,36
2026,1,Louisville,South Florida,0.7942578724375865,Louisville,36
2026,1,Michigan St.,North Dakota St.,0.9552857140503138,North Dakota St.,36
2026,1,UCLA,UCF,0.8599254415690811,UCLA,36
2026,1,Connecticut,Furman,0.9823903432449944,Connecticut,36
2026,1,Florida,Prairie View A&M,0.9969490217891839,Florida,36
2026,1,Clemson,Iowa,0.3627148326932703,Iowa,36
2026,1,Vanderbilt,McNeese St.,0.9261622028485247,Vanderbilt,36
2026,1,Nebraska,Troy,0.9459366397748131,Nebraska,36
2026,1,North Carolina,VCU,0.6938511955149728,VCU,36
2026,1,Illinois,Penn,0.9914285746265543,Illinois,36
2026,1,Saint Mary's,Texas A&M,0.47165331625093126,Saint Mary's,36
2026,1,Houston,Idaho,0.9889877212017745,Houston,36
2026,1,Arizona,LIU,0.9971492836437457,Arizona,36
2026,1,Villanova,Utah St.,0.5200329159906949,Villanova,36
2026,1,Wisconsin,High Point,0.9551567732814226,Wisconsin,36
2026,1,Arkansas,Hawaii,0.9712160813684694,Arkansas,36
2026,1,BYU,Texas,0.5184462126308838,BYU,36
2026,1,Gonzaga,Kennesaw St.,0.9523105407589534,Gonzaga,36
2026,1,Miami FL,Missouri,0.4371796951565946,Miami FL,36
2026,1,Purdue,Queens,0.9942485827871558,Purdue,36
2026,1,Michigan,Howard,0.9958654763245225,Michigan,36
2026,1,Georgia,Saint Louis,0.7588390832517659,Georgia,36
2026,1,Texas Tech,Akron,0.9516622481492901,Texas Tech,36
2026,1,Alabama,Hofstra,0.9292101382980879,Alabama,36
2026,1,Tennessee,Miami OH,0.9743983186142834,Tennessee,36
2026,1,Virginia,Wright St.,0.9554897234928257,Virginia,36
2026,1,Kentucky,Santa Clara,0.45174906885620525,Santa Clara,36
2026,1,Iowa St.,Tennessee St.,0.9969838955993388,Iowa St.,36
2026,2,Duke,Ohio St.,0.754111157056542,Duke,36
2026,2,St. John's,Kansas,0.524050661834133,St. John's,36
2026,2,Louisville,North Dakota St.,0.9646944676613756,Louisville,36
2026,2,UCLA,Connecticut,0.4656160824030859,UCLA,36
2026,2,Florida,Iowa,0.7926434027221209,Florida,36
2026,2,Vanderbilt,Nebraska,0.6958811683383198,Vanderbilt,36
2026,2,VCU,Illinois,0.047951180201484304,Illinois,36
2026,2,Saint Mary's,Houston,0.10279738958252423,Houston,36
2026,2,Arizona,Villanova,0.8323482094236314,Arizona,36
2026,2,Wisconsin,Arkansas,0.5029063675214598,Wisconsin,36
2026,2,BYU,Gonzaga,0.3615080571960916,Gonzaga,36
2026,2,Miami FL,Purdue,0.09793306781615119,Purdue,36
2026,2,Michigan,Georgia,0.866337900347868,Michigan,36
2026,2,Texas Tech,Alabama,0.5906841722207969,Texas Tech,36
2026,2,Tennessee,Virginia,0.5921018558449337,Virginia,36
2026,2,Santa Clara,Iowa St.,0.2071920828857785,Iowa St.,36
2026,3,Duke,St. John's,0.7587877180879463,Duke,36
2026,3,Louisville,UCLA,0.5137306737144266,UCLA,36
2026,3,Florida,Vanderbilt,0.6613068485024125,Florida,36
2026,3,Illinois,Houston,0.5459470626236897,Houston,36
2026,3,Arizona,Wisconsin,0.68789924261849,Wisconsin,36
2026,3,Gonzaga,Purdue,0.18791666028135517,Gonzaga,36
2026,3,Michigan,Texas Tech,0.606217000166059,Michigan,36
2026,3,Virginia,Iowa St.,0.2957104446671426,Iowa St.,36
2026,4,Duke,UCLA,0.768117878478023,UCLA,36
2026,4,Florida,Houston,0.4340146591383405,Houston,36
2026,4,Wisconsin,Gonzaga,0.6350469171451206,Wisconsin,36
2026,4,Michigan,Iowa St.,0.562653722755456,Michigan,36
2026,5,UCLA,Houston,0.20536078045275538,UCLA,36
2026,5,Wisconsin,Michigan,0.2665296714236079,Michigan,36
2026,6,UCLA,Michigan,0.240749449091259,Michigan,36
2026,1,Duke,Siena,0.9944116614139509,Duke,37
2026,1,Ohio St.,TCU,0.8247307005139348,TCU,37
2026,1,St. John's,Northern Iowa,0.8331464003573522,St. John's,37
2026,1,Kansas,Cal Baptist,0.9378160074405435,Kansas,37
2026,1,Louisville,South Florida,0.7942578724375865,Louisville,37
2026,1,Michigan St.,North Dakota St.,0.9552857140503138,Michigan St.,37
2026,1,UCLA,UCF,0.8599254415690811,UCF,37
2026,1,Connecticut,Furman,0.9823903432449944,Connecticut,37
2026,1,Florida,Prairie View A&M,0.9969490217891839,Florida,37
2026,1,Clemson,Iowa,0.3627148326932703,Clemson,37
2026,1,Vanderbilt,McNeese St.,0.9261622028485247,Vanderbilt,37
2026,1,Nebraska,Troy,0.9459366397748131,Nebraska,37
2026,1,North Carolina,VCU,0.6938511955149728,North Carolina,37
2026,1,Illinois,Penn,0.9914285746265543,Illinois,37
2026,1,Saint Mary's,Texas A&M,0.47165331625093126,Saint Mary's,37
2026,1,Houston,Idaho,0.9889877212017745,Houston,37
2026,1,Arizona,LIU,0.9971492836437457,Arizona,37
2026,1,Villanova,Utah St.,0.5200329159906949,Villanova,37
2026,1,Wisconsin,High Point,0.9551567732814226,Wisconsin,37
2026,1,Arkansas,Hawaii,0.9712160813684694,Arkansas,37
2026,1,BYU,Texas,0.5184462126308838,BYU,37
2026,1,Gonzaga,Kennesaw St.,0.9523105407589534,Gonzaga,37
2026,1,Miami FL,Missouri,0.4371796951565946,Missouri,37
2026,1,Purdue,Queens,0.9942485827871558,Purdue,37
2026,1,Michigan,Howard,0.9958654763245225,Michigan,37
2026,1,Georgia,Saint Louis,0.7588390832517659,Georgia,37
2026,1,Texas Tech,Akron,0.9516622481492901,Texas Tech,37
2026,1,Alabama,Hofstra,0.9292101382980879,Alabama,37
2026,1,Tennessee,Miami OH,0.9743983186142834,Tennessee,37
2026,1,Virginia,Wright St.,0.9554897234928257,Virginia,37
2026,1,Kentucky,Santa Clara,0.45174906885620525,Kentucky,37
2026,1,Iowa St.,Tennessee St.,0.9969838955993388,Iowa St.,37
2026,2,Duke,TCU,0.9351962827442268,TCU,37
2026,2,St. John's,Kansas,0.524050661834133,Kansas,37
2026,2,Louisville,Michigan St.,0.5612051015065629,Louisville,37
2026,2,UCF,Connecticut,0.12428929276650445,Connecticut,37
2026,2,Florida,Clemson,0.8704037936386363,Florida,37
2026,2,Vanderbilt,Nebraska,0.6958811683383198,Vanderbilt,37
2026,2,North Carolina,Illinois,0.10245434976003936,Illinois,37
2026,2,Saint Mary's,Houston,0.10279738958252423,Houston,37
2026,2,Arizona,Villanova,0.8323482094236314,Arizona,37
2026,2,Wisconsin,Arkansas,0.5029063675214598,Arkansas,37
2026,2,BYU,Gonzaga,0.3615080571960916,Gonzaga,37
2026,2,Missouri,Purdue,0.12262663643158621,Missouri,37
2026,2,Michigan,Georgia,0.866337900347868,Michigan,37
2026,2,Texas Tech,Alabama,0.5906841722207969,Texas Tech,37
2026,2,Tennessee,Virginia,0.5921018558449337,Tennessee,37
2026,2,Kentucky,Iowa St.,0.1771844338333049,Iowa St.,37
2026,3,TCU,Kansas,0.19355533337040762,TCU,37
2026,3,Louisville,Connecticut,0.4793076795515448,Connecticut,37
2026,3,Florida,Vanderbilt,0.6613068485024125,Florida,37
2026,3,Illinois,Houston,0.5459470626236897,Houston,37
2026,3,Arizona,Arkansas,0.6903897195952309,Arizona,37
2026,3,Gonzaga,Missouri,0.6234420736108527,Gonzaga,37
2026,3,Michigan,Texas Tech,0.606217000166059,Michigan,37
2026,3,Tennessee,Iowa St.,0.37868166566768885,Tennessee,37
2026,4,TCU,Connecticut,0.16666741900269222,Connecticut,37
2026,4,Florida,Houston,0.4340146591383405,Houston,37
2026,4,Arizona,Gonzaga,0.7931873894151327,Arizona,37
2026,4,Michigan,Tennessee,0.6785435855710996,Michigan,37
2026,5,Connecticut,Houston,0.22875284019334935,Houston,37
2026,5,Arizona,Michigan,0.4447304585569584,Michigan,37
2026,6,Houston,Michigan,0.5509586529000877,Michigan,37
2026,1,Duke,Siena,0.9944116614139509,Duke,38
2026,1,Ohio St.,TCU,0.8247307005139348,TCU,38
2026,1,St. John's,Northern Iowa,0.8331464003573522,St. John's,38
2026,1,Kansas,Cal Baptist,0.9378160074405435,Kansas,38
2026,1,Louisville,South Florida,0.7942578724375865,Louisville,38
2026,1,Michigan St.,North Dakota St.,0.9552857140503138,Michigan St.,38
2026,1,UCLA,UCF,0.8599254415690811,UCLA,38
2026,1,Connecticut,Furman,0.9823903432449944,Connecticut,38
2026,1,Florida,Prairie View A&M,0.9969490217891839,Florida,38
2026,1,Clemson,Iowa,0.3627148326932703,Clemson,38
2026,1,Vanderbilt,McNeese St.,0.9261622028485247,Vanderbilt,38
2026,1,Nebraska,Troy,0.9459366397748131,Nebraska,38
2026,1,North Carolina,VCU,0.6938511955149728,North Carolina,38
2026,1,Illinois,Penn,0.9914285746265543,Illinois,38
2026,1,Saint Mary's,Texas A&M,0.47165331625093126,Saint Mary's,38
2026,1,Houston,Idaho,0.9889877212017745,Houston,38
2026,1,Arizona,LIU,0.9971492836437457,Arizona,38
2026,1,Villanova,Utah St.,0.5200329159906949,Villanova,38
2026,1,Wisconsin,High Point,0.9551567732814226,Wisconsin,38
2026,1,Arkansas,Hawaii,0.9712160813684694,Arkansas,38
2026,1,BYU,Texas,0.5184462126308838,Texas,38
2026,1,Gonzaga,Kennesaw St.,0.9523105407589534,Gonzaga,38
2026,1,Miami FL,Missouri,0.4371796951565946,Missouri,38
2026,1,Purdue,Queens,0.9942485827871558,Purdue,38
2026,1,Michigan,Howard,0.9958654763245225,Michigan,38
2026,1,Georgia,Saint Louis,0.7588390832517659,Georgia,38
2026,1,Texas Tech,Akron,0.9516622481492901,Texas Tech,38
2026,1,Alabama,Hofstra,0.9292101382980879,Hofstra,38
2026,1,Tennessee,Miami OH,0.9743983186142834,Tennessee,38
2026,1,Virginia,Wright St.,0.9554897234928257,Virginia,38
2026,1,Kentucky,Santa Clara,0.45174906885620525,Kentucky,38
2026,1,Iowa St.,Tennessee St.,0.9969838955993388,Iowa St.,38
2026,2,Duke,TCU,0.9351962827442268,Duke,38
2026,2,St. John's,Kansas,0.524050661834133,Kansas,38
2026,2,Louisville,Michigan St.,0.5612051015065629,Michigan St.,38
2026,2,UCLA,Connecticut,0.4656160824030859,UCLA,38
2026,2,Florida,Clemson,0.8704037936386363,Florida,38
2026,2,Vanderbilt,Nebraska,0.6958811683383198,Vanderbilt,38
2026,2,North Carolina,Illinois,0.10245434976003936,Illinois,38
2026,2,Saint Mary's,Houston,0.10279738958252423,Houston,38
2026,2,Arizona,Villanova,0.8323482094236314,Arizona,38
2026,2,Wisconsin,Arkansas,0.5029063675214598,Wisconsin,38
2026,2,Texas,Gonzaga,0.3446493122370096,Texas,38
2026,2,Missouri,Purdue,0.12262663643158621,Purdue,38
2026,2,Michigan,Georgia,0.866337900347868,Michigan,38
2026,2,Texas Tech,Hofstra,0.949856095991424,Texas Tech,38
2026,2,Tennessee,Virginia,0.5921018558449337,Virginia,38
2026,2,Kentucky,Iowa St.,0.1771844338333049,Kentucky,38
2026,3,Duke,Kansas,0.7759678663752496,Duke,38
2026,3,Michigan St.,UCLA,0.4523654463161424,UCLA,38
2026,3,Florida,Vanderbilt,0.6613068485024125,Florida,38
2026,3,Illinois,Houston,0.5459470626236897,Illinois,38
2026,3,Arizona,Wisconsin,0.68789924261849,Arizona,38
2026,3,Texas,Purdue,0.10849108035402699,Texas,38
2026,3,Michigan,Texas Tech,0.606217000166059,Texas Tech,38
2026,3,Virginia,Kentucky,0.6609951443740734,Kentucky,38
2026,4,Duke,UCLA,0.768117878478023,Duke,38
2026,4,Florida,Illinois,0.38940877286056486,Illinois,38
2026,4,Arizona,Texas,0.8794136683170978,Arizona,38
2026,4,Texas Tech,Kentucky,0.7951156624457176,Texas Tech,38
2026,5,Duke,Illinois,0.41587894615796644,Illinois,38
2026,5,Arizona,Texas Tech,0.5521725890003912,Arizona,38
2026,6,Illinois,Arizona,0.648132002945887,Illinois,38
2026,1,Duke,Siena,0.9944116614139509,Duke,39
2026,1,Ohio St.,TCU,0.8247307005139348,TCU,39
2026,1,St. John's,Northern Iowa,0.8331464003573522,St. John's,39
2026,1,Kansas,Cal Baptist,0.9378160074405435,Kansas,39
2026,1,Louisville,South Florida,0.7942578724375865,Louisville,39
2026,1,Michigan St.,North Dakota St.,0.9552857140503138,Michigan St.,39
2026,1,UCLA,UCF,0.8599254415690811,UCLA,39
2026,1,Connecticut,Furman,0.9823903432449944,Connecticut,39
2026,1,Florida,Prairie View A&M,0.9969490217891839,Florida,39
2026,1,Clemson,Iowa,0.3627148326932703,Iowa,39
2026,1,Vanderbilt,McNeese St.,0.9261622028485247,Vanderbilt,39
2026,1,Nebraska,Troy,0.9459366397748131,Nebraska,39
2026,1,North Carolina,VCU,0.6938511955149728,North Carolina,39
2026,1,Illinois,Penn,0.9914285746265543,Illinois,39
2026,1,Saint Mary's,Texas A&M,0.47165331625093126,Saint Mary's,39
2026,1,Houston,Idaho,0.9889877212017745,Houston,39
2026,1,Arizona,LIU,0.9971492836437457,Arizona,39
2026,1,Villanova,Utah St.,0.5200329159906949,Utah St.,39
2026,1,Wisconsin,High Point,0.9551567732814226,Wisconsin,39
2026,1,Arkansas,Hawaii,0.9712160813684694,Arkansas,39
2026,1,BYU,Texas,0.5184462126308838,BYU,39
2026,1,Gonzaga,Kennesaw St.,0.9523105407589534,Gonzaga,39
2026,1,Miami FL,Missouri,0.4371796951565946,Miami FL,39
2026,1,Purdue,Queens,0.9942485827871558,Purdue,39
2026,1,Michigan,Howard,0.9958654763245225,Michigan,39
2026,1,Georgia,Saint Louis,0.7588390832517659,Saint Louis,39
2026,1,Texas Tech,Akron,0.9516622481492901,Texas Tech,39
2026,1,Alabama,Hofstra,0.9292101382980879,Alabama,39
2026,1,Tennessee,Miami OH,0.9743983186142834,Tennessee,39
2026,1,Virginia,Wright St.,0.9554897234928257,Virginia,39
2026,1,Kentucky,Santa Clara,0.45174906885620525,Santa Clara,39
2026,1,Iowa St.,Tennessee St.,0.9969838955993388,Iowa St.,39
2026,2,Duke,TCU,0.9351962827442268,Duke,39
2026,2,St. John's,Kansas,0.524050661834133,Kansas,39
2026,2,Louisville,Michigan St.,0.5612051015065629,Michigan St.,39
2026,2,UCLA,Connecticut,0.4656160824030859,Connecticut,39
2026,2,Florida,Iowa,0.7926434027221209,Iowa,39
2026,2,Vanderbilt,Nebraska,0.6958811683383198,Nebraska,39
2026,2,North Carolina,Illinois,0.10245434976003936,Illinois,39
2026,2,Saint Mary's,Houston,0.10279738958252423,Houston,39
2026,2,Arizona,Utah St.,0.8432400875380335,Arizona,39
2026,2,Wisconsin,Arkansas,0.5029063675214598,Arkansas,39
2026,2,BYU,Gonzaga,0.3615080571960916,Gonzaga,39
2026,2,Miami FL,Purdue,0.09793306781615119,Purdue,39
2026,2,Michigan,Saint Louis,0.9532599115629986,Michigan,39
2026,2,Texas Tech,Alabama,0.5906841722207969,Alabama,39
2026,2,Tennessee,Virginia,0.5921018558449337,Virginia,39
2026,2,Santa Clara,Iowa St.,0.2071920828857785,Santa Clara,39
2026,3,Duke,Kansas,0.7759678663752496,Duke,39
2026,3,Michigan St.,Connecticut,0.41851537121286536,Connecticut,39
2026,3,Iowa,Nebraska,0.5389087669585145,Iowa,39
2026,3,Illinois,Houston,0.5459470626236897,Houston,39
2026,3,Arizona,Arkansas,0.6903897195952309,Arizona,39
2026,3,Gonzaga,Purdue,0.18791666028135517,Purdue,39
2026,3,Michigan,Alabama,0.6895962556154527,Michigan,39
2026,3,Virginia,Santa Clara,0.6163598227308708,Virginia,39
2026,4,Duke,Connecticut,0.7426830871082504,Duke,39
2026,4,Iowa,Houston,0.1670857831397108,Houston,39
2026,4,Arizona,Purdue,0.4701958688898175,Purdue,39
2026,4,Michigan,Virginia,0.7539419566136315,Virginia,39
2026,5,Duke,Houston,0.4612265534105957,Houston,39
2026,5,Purdue,Virginia,0.7344113641208082,Purdue,39
2026,6,Houston,Purdue,0.5761948385476594,Purdue,39
2026,1,Duke,Siena,0.9944116614139509,Duke,40
2026,1,Ohio St.,TCU,0.8247307005139348,Ohio St.,40
2026,1,St. John's,Northern Iowa,0.8331464003573522,St. John's,40
2026,1,Kansas,Cal Baptist,0.9378160074405435,Kansas,40
2026,1,Louisville,South Florida,0.7942578724375865,Louisville,40
2026,1,Michigan St.,North Dakota St.,0.9552857140503138,Michigan St.,40
2026,1,UCLA,UCF,0.8599254415690811,UCLA,40
2026,1,Connecticut,Furman,0.9823903432449944,Connecticut,40
2026,1,Florida,Prairie View A&M,0.9969490217891839,Florida,40
2026,1,Clemson,Iowa,0.3627148326932703,Iowa,40
2026,1,Vanderbilt,McNeese St.,0.9261622028485247,Vanderbilt,40
2026,1,Nebraska,Troy,0.9459366397748131,Nebraska,40
2026,1,North Carolina,VCU,0.6938511955149728,North Carolina,40
2026,1,Illinois,Penn,0.9914285746265543,Illinois,40
2026,1,Saint Mary's,Texas A&M,0.47165331625093126,Texas A&M,40
2026,1,Houston,Idaho,0.9889877212017745,Houston,40
2026,1,Arizona,LIU,0.9971492836437457,Arizona,40
2026,1,Villanova,Utah St.,0.5200329159906949,Villanova,40
2026,1,Wisconsin,High Point,0.9551567732814226,Wisconsin,40
2026,1,Arkansas,Hawaii,0.9712160813684694,Arkansas,40
2026,1,BYU,Texas,0.5184462126308838,BYU,40
2026,1,Gonzaga,Kennesaw St.,0.9523105407589534,Gonzaga,40
2026,1,Miami FL,Missouri,0.4371796951565946,Missouri,40
2026,1,Purdue,Queens,0.9942485827871558,Purdue,40
2026,1,Michigan,Howard,0.9958654763245225,Michigan,40
2026,1,Georgia,Saint Louis,0.7588390832517659,Georgia,40
2026,1,Texas Tech,Akron,0.9516622481492901,Texas Tech,40
2026,1,Alabama,Hofstra,0.9292101382980879,Alabama,40
2026,1,Tennessee,Miami OH,0.9743983186142834,Tennessee,40
2026,1,Virginia,Wright St.,0.9554897234928257,Virginia,40
2026,1,Kentucky,Santa Clara,0.45174906885620525,Santa Clara,40
2026,1,Iowa St.,Tennessee St.,0.9969838955993388,Iowa St.,40
2026,2,Duke,Ohio St.,0.754111157056542,Duke,40
2026,2,St. John's,Kansas,0.524050661834133,Kansas,40
2026,2,Louisville,Michigan St.,0.5612051015065629,Louisville,40
2026,2,UCLA,Connecticut,0.4656160824030859,UCLA,40
2026,2,Florida,Iowa,0.7926434027221209,Iowa,40
2026,2,Vanderbilt,Nebraska,0.6958811683383198,Nebraska,40
2026,2,North Carolina,Illinois,0.10245434976003936,Illinois,40
2026,2,Texas A&M,Houston,0.11374825773649348,Houston,40
2026,2,Arizona,Villanova,0.8323482094236314,Arizona,40
2026,2,Wisconsin,Arkansas,0.5029063675214598,Arkansas,40
2026,2,BYU,Gonzaga,0.3615080571960916,Gonzaga,40
2026,2,Missouri,Purdue,0.12262663643158621,Missouri,40
2026,2,Michigan,Georgia,0.866337900347868,Michigan,40
2026,2,Texas Tech,Alabama,0.5906841722207969,Alabama,40
2026,2,Tennessee,Virginia,0.5921018558449337,Virginia,40
2026,2,Santa Clara,Iowa St.,0.2071920828857785,Iowa St.,40
2026,3,Duke,Kansas,0.7759678663752496,Duke,40
2026,3,Louisville,UCLA,0.5137306737144266,UCLA,40
2026,3,Iowa,Nebraska,0.5389087669585145,Nebraska,40
2026,3,Illinois,Houston,0.5459470626236897,Illinois,40
2026,3,Arizona,Arkansas,0.6903897195952309,Arizona,40
2026,3,Gonzaga,Missouri,0.6234420736108527,Gonzaga,40
2026,3,Michigan,Alabama,0.6895962556154527,Michigan,40
2026,3,Virginia,Iowa St.,0.2957104446671426,Virginia,40
2026,4,Duke,UCLA,0.768117878478023,Duke,40
2026,4,Nebraska,Illinois,0.12491561484566359,Illinois,40
2026,4,Arizona,Gonzaga,0.7931873894151327,Gonzaga,40
2026,4,Michigan,Virginia,0.7539419566136315,Michigan,40
2026,5,Duke,Illinois,0.41587894615796644,Duke,40
2026,5,Gonzaga,Michigan,0.1727542640889092,Michigan,40
2026,6,Duke,Michigan,0.5122822777010291,Duke,40
2026,1,Duke,Siena,0.9944116614139509,Duke,41
2026,1,Ohio St.,TCU,0.8247307005139348,Ohio St.,41
2026,1,St. John's,Northern Iowa,0.8331464003573522,St. John's,41
2026,1,Kansas,Cal Baptist,0.9378160074405435,Kansas,41
2026,1,Louisville,South Florida,0.7942578724375865,South Florida,41
2026,1,Michigan St.,North Dakota St.,0.9552857140503138,Michigan St.,41
2026,1,UCLA,UCF,0.8599254415690811,UCF,41
2026,1,Connecticut,Furman,0.9823903432449944,Connecticut,41
2026,1,Florida,Prairie View A&M,0.9969490217891839,Florida,41
2026,1,Clemson,Iowa,0.3627148326932703,Iowa,41
2026,1,Vanderbilt,McNeese St.,0.9261622028485247,Vanderbilt,41
2026,1,Nebraska,Troy,0.9459366397748131,Nebraska,41
2026,1,North Carolina,VCU,0.6938511955149728,North Carolina,41
2026,1,Illinois,Penn,0.9914285746265543,Illinois,41
2026,1,Saint Mary's,Texas A&M,0.47165331625093126,Texas A&M,41
2026,1,Houston,Idaho,0.9889877212017745,Houston,41
2026,1,Arizona,LIU,0.9971492836437457,Arizona,41
2026,1,Villanova,Utah St.,0.5200329159906949,Villanova,41
2026,1,Wisconsin,High Point,0.9551567732814226,Wisconsin,41
2026,1,Arkansas,Hawaii,0.9712160813684694,Arkansas,41
2026,1,BYU,Texas,0.5184462126308838,BYU,41
2026,1,Gonzaga,Kennesaw St.,0.9523105407589534,Gonzaga,41
2026,1,Miami FL,Missouri,0.4371796951565946,Miami FL,41
2026,1,Purdue,Queens,0.9942485827871558,Purdue,41
2026,1,Michigan,Howard,0.9958654763245225,Michigan,41
2026,1,Georgia,Saint Louis,0.7588390832517659,Georgia,41
2026,1,Texas Tech,Akron,0.9516622481492901,Akron,41
2026,1,Alabama,Hofstra,0.9292101382980879,Alabama,41
2026,1,Tennessee,Miami OH,0.9743983186142834,Tennessee,41
2026,1,Virginia,Wright St.,0.9554897234928257,Virginia,41
2026,1,Kentucky,Santa Clara,0.45174906885620525,Santa Clara,41
2026,1,Iowa St.,Tennessee St.,0.9969838955993388,Iowa St.,41
2026,2,Duke,Ohio St.,0.754111157056542,Duke,41
2026,2,St. John's,Kansas,0.524050661834133,Kansas,41
2026,2,South Florida,Michigan St.,0.24885463353731688,Michigan St.,41
2026,2,UCF,Connecticut,0.12428929276650445,Connecticut,41
2026,2,Florida,Iowa,0.7926434027221209,Florida,41
2026,2,Vanderbilt,Nebraska,0.6958811683383198,Vanderbilt,41
2026,2,North Carolina,Illinois,0.10245434976003936,Illinois,41
2026,2,Texas A&M,Houston,0.11374825773649348,Texas A&M,41
2026,2,Arizona,Villanova,0.8323482094236314,Arizona,41
2026,2,Wisconsin,Arkansas,0.5029063675214598,Arkansas,41
2026,2,BYU,Gonzaga,0.3615080571960916,Gonzaga,41
2026,2,Miami FL,Purdue,0.09793306781615119,Purdue,41
2026,2,Michigan,Georgia,0.866337900347868,Michigan,41
2026,2,Akron,Alabama,0.06829352289582973,Alabama,41
2026,2,Tennessee,Virginia,0.5921018558449337,Tennessee,41
2026,2,Santa Clara,Iowa St.,0.2071920828857785,Santa Clara,41
2026,3,Duke,Kansas,0.7759678663752496,Duke,41
2026,3,Michigan St.,Connecticut,0.41851537121286536,Connecticut,41
2026,3,Florida,Vanderbilt,0.6613068485024125,Florida,41
2026,3,Illinois,Texas A&M,0.9035512911569338,Illinois,41
2026,3,Arizona,Arkansas,0.6903897195952309,Arkansas,41
2026,3,Gonzaga,Purdue,0.18791666028135517,Purdue,41
2026,3,Michigan,Alabama,0.6895962556154527,Michigan,41
2026,3,Tennessee,Santa Clara,0.6998927132305507,Tennessee,41
2026,4,Duke,Connecticut,0.7426830871082504,Duke,41
2026,4,Florida,Illinois,0.38940877286056486,Illinois,41
2026,4,Arkansas,Purdue,0.2846930993448674,Arkansas,41
2026,4,Michigan,Tennessee,0.6785435855710996,Tennessee,41
2026,5,Duke,Illinois,0.41587894615796644,Duke,41
2026,5,Arkansas,Tennessee,0.43122855859146786,Tennessee,41
2026,6,Duke,Tennessee,0.68916655336188,Duke,41
2026,1,Duke,Siena,0.9944116614139509,Duke,42
2026,1,Ohio St.,TCU,0.8247307005139348,Ohio St.,42
2026,1,St. John's,Northern Iowa,0.8331464003573522,St. John's,42
2026,1,Kansas,Cal Baptist,0.9378160074405435,Kansas,42
2026,1,Louisville,South Florida,0.7942578724375865,Louisville,42
2026,1,Michigan St.,North Dakota St.,0.9552857140503138,Michigan St.,42
2026,1,UCLA,UCF,0.8599254415690811,UCLA,42
2026,1,Connecticut,Furman,0.9823903432449944,Connecticut,42
2026,1,Florida,Prairie View A&M,0.9969490217891839,Florida,42
2026,1,Clemson,Iowa,0.3627148326932703,Iowa,42
2026,1,Vanderbilt,McNeese St.,0.9261622028485247,Vanderbilt,42
2026,1,Nebraska,Troy,0.9459366397748131,Nebraska,42
2026,1,North Carolina,VCU,0.6938511955149728,VCU,42
2026,1,Illinois,Penn,0.9914285746265543,Illinois,42
2026,1,Saint Mary's,Texas A&M,0.47165331625093126,Saint Mary's,42
2026,1,Houston,Idaho,0.9889877212017745,Houston,42
2026,1,Arizona,LIU,0.9971492836437457,Arizona,42
2026,1,Villanova,Utah St.,0.5200329159906949,Villanova,42
2026,1,Wisconsin,High Point,0.9551567732814226,Wisconsin,42
2026,1,Arkansas,Hawaii,0.9712160813684694,Arkansas,42
2026,1,BYU,Texas,0.5184462126308838,Texas,42
2026,1,Gonzaga,Kennesaw St.,0.9523105407589534,Gonzaga,42
2026,1,Miami FL,Missouri,0.4371796951565946,Miami FL,42
2026,1,Purdue,Queens,0.9942485827871558,Purdue,42
2026,1,Michigan,Howard,0.9958654763245225,Michigan,42
2026,1,Georgia,Saint Louis,0.7588390832517659,Georgia,42
2026,1,Texas Tech,Akron,0.9516622481492901,Texas Tech,42
2026,1,Alabama,Hofstra,0.9292101382980879,Alabama,42
2026,1,Tennessee,Miami OH,0.9743983186142834,Tennessee,42
2026,1,Virginia,Wright St.,0.9554897234928257,Virginia,42
2026,1,Kentucky,Santa Clara,0.45174906885620525,Santa Clara,42
2026,1,Iowa St.,Tennessee St.,0.9969838955993388,Iowa St.,42
2026,2,Duke,Ohio St.,0.754111157056542,Duke,42
2026,2,St. John's,Kansas,0.524050661834133,St. John's,42
2026,2,Louisville,Michigan St.,0.5612051015065629,Michigan St.,42
2026,2,UCLA,Connecticut,0.4656160824030859,Connecticut,42
2026,2,Florida,Iowa,0.7926434027221209,Iowa,42
2026,2,Vanderbilt,Nebraska,0.6958811683383198,Nebraska,42
2026,2,VCU,Illinois,0.047951180201484304,Illinois,42
2026,2,Saint Mary's,Houston,0.10279738958252423,Houston,42
2026,2,Arizona,Villanova,0.8323482094236314,Villanova,42
2026,2,Wisconsin,Arkansas,0.5029063675214598,Arkansas,42
2026,2,Texas,Gonzaga,0.3446493122370096,Gonzaga,42
2026,2,Miami FL,Purdue,0.09793306781615119,Purdue,42
2026,2,Michigan,Georgia,0.866337900347868,Michigan,42
2026,2,Texas Tech,Alabama,0.5906841722207969,Texas Tech,42
2026,2,Tennessee,Virginia,0.5921018558449337,Tennessee,42
2026,2,Santa Clara,Iowa St.,0.2071920828857785,Santa Clara,42
2026,3,Duke,St. John's,0.7587877180879463,Duke,42
2026,3,Michigan St.,Connecticut,0.41851537121286536,Connecticut,42
2026,3,Iowa,Nebraska,0.5389087669585145,Nebraska,42
2026,3,Illinois,Houston,0.5459470626236897,Illinois,42
2026,3,Villanova,Arkansas,0.3099357228170309,Arkansas,42
2026,3,Gonzaga,Purdue,0.18791666028135517,Purdue,42
2026,3,Michigan,Texas Tech,0.606217000166059,Michigan,42
2026,3,Tennessee,Santa Clara,0.6998927132305507,Santa Clara,42
2026,4,Duke,Connecticut,0.7426830871082504,Duke,42
2026,4,Nebraska,Illinois,0.12491561484566359,Illinois,42
2026,4,Arkansas,Purdue,0.2846930993448674,Purdue,42
2026,4,Michigan,Santa Clara,0.8311604180459907,Michigan,42
2026,5,Duke,Illinois,0.41587894615796644,Illinois,42
2026,5,Purdue,Michigan,0.47436568406645174,Purdue,42
2026,6,Illinois,Purdue,0.620455082397851,Purdue,42
2026,1,Duke,Siena,0.9944116614139509,Duke,43
2026,1,Ohio St.,TCU,0.8247307005139348,Ohio St.,43
2026,1,St. John's,Northern Iowa,0.8331464003573522,St. John's,43
2026,1,Kansas,Cal Baptist,0.9378160074405435,Kansas,43
2026,1,Louisville,South Florida,0.7942578724375865,South Florida,43
2026,1,Michigan St.,North Dakota St.,0.9552857140503138,Michigan St.,43
2026,1,UCLA,UCF,0.8599254415690811,UCLA,43
2026,1,Connecticut,Furman,0.9823903432449944,Connecticut,43
2026,1,Florida,Prairie View A&M,0.9969490217891839,Florida,43
2026,1,Clemson,Iowa,0.3627148326932703,Iowa,43
2026,1,Vanderbilt,McNeese St.,0.9261622028485247,Vanderbilt,43
2026,1,Nebraska,Troy,0.9459366397748131,Nebraska,43
2026,1,North Carolina,VCU,0.6938511955149728,North Carolina,43
2026,1,Illinois,Penn,0.9914285746265543,Illinois,43
2026,1,Saint Mary's,Texas A&M,0.47165331625093126,Texas A&M,43
2026,1,Houston,Idaho,0.9889877212017745,Houston,43
2026,1,Arizona,LIU,0.9971492836437457,Arizona,43
2026,1,Villanova,Utah St.,0.5200329159906949,Villanova,43
2026,1,Wisconsin,High Point,0.9551567732814226,Wisconsin,43
2026,1,Arkansas,Hawaii,0.9712160813684694,Arkansas,43
2026,1,BYU,Texas,0.5184462126308838,Texas,43
2026,1,Gonzaga,Kennesaw St.,0.9523105407589534,Gonzaga,43
2026,1,Miami FL,Missouri,0.4371796951565946,Missouri,43
2026,1,Purdue,Queens,0.9942485827871558,Purdue,43
2026,1,Michigan,Howard,0.9958654763245225,Michigan,43
2026,1,Georgia,Saint Louis,0.7588390832517659,Georgia,43
2026,1,Texas Tech,Akron,0.9516622481492901,Texas Tech,43
2026,1,Alabama,Hofstra,0.9292101382980879,Alabama,43
2026,1,Tennessee,Miami OH,0.9743983186142834,Tennessee,43
2026,1,Virginia,Wright St.,0.9554897234928257,Virginia,43
2026,1,Kentucky,Santa Clara,0.45174906885620525,Santa Clara,43
2026,1,Iowa St.,Tennessee St.,0.9969838955993388,Iowa St.,43
2026,2,Duke,Ohio St.,0.754111157056542,Duke,43
2026,2,St. John's,Kansas,0.524050661834133,St. John's,43
2026,2,South Florida,Michigan St.,0.24885463353731688,Michigan St.,43
2026,2,UCLA,Connecticut,0.4656160824030859,Connecticut,43
2026,2,Florida,Iowa,0.7926434027221209,Florida,43
2026,2,Vanderbilt,Nebraska,0.6958811683383198,Vanderbilt,43
2026,2,North Carolina,Illinois,0.10245434976003936,Illinois,43
2026,2,Texas A&M,Houston,0.11374825773649348,Houston,43
2026,2,Arizona,Villanova,0.8323482094236314,Arizona,43
2026,2,Wisconsin,Arkansas,0.5029063675214598,Arkansas,43
2026,2,Texas,Gonzaga,0.3446493122370096,Texas,43
2026,2,Missouri,Purdue,0.12262663643158621,Purdue,43
2026,2,Michigan,Georgia,0.866337900347868,Georgia,43
2026,2,Texas Tech,Alabama,0.5906841722207969,Texas Tech,43
2026,2,Tennessee,Virginia,0.5921018558449337,Virginia,43
2026,2,Santa Clara,Iowa St.,0.2071920828857785,Iowa St.,43
2026,3,Duke,St. John's,0.7587877180879463,St. John's,43
2026,3,Michigan St.,Connecticut,0.41851537121286536,Michigan St.,43
2026,3,Florida,Vanderbilt,0.6613068485024125,Vanderbilt,43
2026,3,Illinois,Houston,0.5459470626236897,Illinois,43
2026,3,Arizona,Arkansas,0.6903897195952309,Arizona,43
2026,3,Texas,Purdue,0.10849108035402699,Purdue,43
2026,3,Georgia,Texas Tech,0.19192936904931657,Texas Tech,43
2026,3,Virginia,Iowa St.,0.2957104446671426,Iowa St.,43
2026,4,St. John's,Michigan St.,0.5604004020334545,St. John's,43
2026,4,Vanderbilt,Illinois,0.24621138868289286,Illinois,43
2026,4,Arizona,Purdue,0.4701958688898175,Purdue,43
2026,4,Texas Tech,Iowa St.,0.4552453740527298,Iowa St.,43
2026,5,St. John's,Illinois,0.18455917834464414,Illinois,43
2026,5,Purdue,Iowa St.,0.5372587698757884,Purdue,43
2026,6,Illinois,Purdue,0.620455082397851,Illinois,43
2026,1,Duke,Siena,0.9944116614139509,Duke,44
2026,1,Ohio St.,TCU,0.8247307005139348,TCU,44
2026,1,St. John's,Northern Iowa,0.8331464003573522,St. John's,44
2026,1,Kansas,Cal Baptist,0.9378160074405435,Kansas,44
2026,1,Louisville,South Florida,0.7942578724375865,Louisville,44
2026,1,Michigan St.,North Dakota St.,0.9552857140503138,Michigan St.,44
2026,1,UCLA,UCF,0.8599254415690811,UCLA,44
2026,1,Connecticut,Furman,0.9823903432449944,Connecticut,44
2026,1,Florida,Prairie View A&M,0.9969490217891839,Florida,44
2026,1,Clemson,Iowa,0.3627148326932703,Clemson,44
2026,1,Vanderbilt,McNeese St.,0.9261622028485247,Vanderbilt,44
2026,1,Nebraska,Troy,0.9459366397748131,Nebraska,44
2026,1,North Carolina,VCU,0.6938511955149728,VCU,44
2026,1,Illinois,Penn,0.9914285746265543,Illinois,44
2026,1,Saint Mary's,Texas A&M,0.47165331625093126,Saint Mary's,44
2026,1,Houston,Idaho,0.9889877212017745,Houston,44
2026,1,Arizona,LIU,0.9971492836437457,Arizona,44
2026,1,Villanova,Utah St.,0.5200329159906949,Utah St.,44
2026,1,Wisconsin,High Point,0.9551567732814226,Wisconsin,44
2026,1,Arkansas,Hawaii,0.9712160813684694,Arkansas,44
2026,1,BYU,Texas,0.5184462126308838,Texas,44
2026,1,Gonzaga,Kennesaw St.,0.9523105407589534,Gonzaga,44
2026,1,Miami FL,Missouri,0.4371796951565946,Miami FL,44
2026,1,Purdue,Queens,0.9942485827871558,Purdue,44
2026,1,Michigan,Howard,0.9958654763245225,Michigan,44
2026,1,Georgia,Saint Louis,0.7588390832517659,Georgia,44
2026,1,Texas Tech,Akron,0.9516622481492901,Texas Tech,44
2026,1,Alabama,Hofstra,0.9292101382980879,Alabama,44
2026,1,Tennessee,Miami OH,0.9743983186142834,Tennessee,44
2026,1,Virginia,Wright St.,0.9554897234928257,Virginia,44
2026,1,Kentucky,Santa Clara,0.45174906885620525,Santa Clara,44
2026,1,Iowa St.,Tennessee St.,0.9969838955993388,Iowa St.,44
2026,2,Duke,TCU,0.9351962827442268,Duke,44
2026,2,St. John's,Kansas,0.524050661834133,St. John's,44
2026,2,Louisville,Michigan St.,0.5612051015065629,Michigan St.,44
2026,2,UCLA,Connecticut,0.4656160824030859,UCLA,44
2026,2,Florida,Clemson,0.8704037936386363,Florida,44
2026,2,Vanderbilt,Nebraska,0.6958811683383198,Vanderbilt,44
2026,2,VCU,Illinois,0.047951180201484304,Illinois,44
2026,2,Saint Mary's,Houston,0.10279738958252423,Houston,44
2026,2,Arizona,Utah St.,0.8432400875380335,Arizona,44
2026,2,Wisconsin,Arkansas,0.5029063675214598,Wisconsin,44
2026,2,Texas,Gonzaga,0.3446493122370096,Gonzaga,44
2026,2,Miami FL,Purdue,0.09793306781615119,Purdue,44
2026,2,Michigan,Georgia,0.866337900347868,Michigan,44
2026,2,Texas Tech,Alabama,0.5906841722207969,Alabama,44
2026,2,Tennessee,Virginia,0.5921018558449337,Virginia,44
2026,2,Santa Clara,Iowa St.,0.2071920828857785,Iowa St.,44
2026,3,Duke,St. John's,0.7587877180879463,Duke,44
2026,3,Michigan St.,UCLA,0.4523654463161424,UCLA,44
2026,3,Florida,Vanderbilt,0.6613068485024125,Florida,44
2026,3,Illinois,Houston,0.5459470626236897,Houston,44
2026,3,Arizona,Wisconsin,0.68789924261849,Wisconsin,44
2026,3,Gonzaga,Purdue,0.18791666028135517,Gonzaga,44
2026,3,Michigan,Alabama,0.6895962556154527,Michigan,44
2026,3,Virginia,Iowa St.,0.2957104446671426,Virginia,44
2026,4,Duke,UCLA,0.768117878478023,UCLA,44
2026,4,Florida,Houston,0.4340146591383405,Houston,44
2026,4,Wisconsin,Gonzaga,0.6350469171451206,Gonzaga,44
2026,4,Michigan,Virginia,0.7539419566136315,Virginia,44
2026,5,UCLA,Houston,0.20536078045275538,Houston,44
2026,5,Gonzaga,Virginia,0.39019711794037976,Gonzaga,44
2026,6,Houston,Gonzaga,0.8545542026279711,Houston,44
2026,1,Duke,Siena,0.9944116614139509,Duke,45
2026,1,Ohio St.,TCU,0.8247307005139348,Ohio St.,45
2026,1,St. John's,Northern Iowa,0.8331464003573522,St. John's,45
2026,1,Kansas,Cal Baptist,0.9378160074405435,Kansas,45
2026,1,Louisville,South Florida,0.7942578724375865,Louisville,45
2026,1,Michigan St.,North Dakota St.,0.9552857140503138,Michigan St.,45
2026,1,UCLA,UCF,0.8599254415690811,UCLA,45
2026,1,Connecticut,Furman,0.9823903432449944,Connecticut,45
2026,1,Florida,Prairie View A&M,0.9969490217891839,Florida,45
2026,1,Clemson,Iowa,0.3627148326932703,Clemson,45
2026,1,Vanderbilt,McNeese St.,0.9261622028485247,Vanderbilt,45
2026,1,Nebraska,Troy,0.9459366397748131,Nebraska,45
2026,1,North Carolina,VCU,0.6938511955149728,North Carolina,45
2026,1,Illinois,Penn,0.9914285746265543,Illinois,45
2026,1,Saint Mary's,Texas A&M,0.47165331625093126,Texas A&M,45
2026,1,Houston,Idaho,0.9889877212017745,Houston,45
2026,1,Arizona,LIU,0.9971492836437457,Arizona,45
2026,1,Villanova,Utah St.,0.5200329159906949,Villanova,45
2026,1,Wisconsin,High Point,0.9551567732814226,Wisconsin,45
2026,1,Arkansas,Hawaii,0.9712160813684694,Arkansas,45
2026,1,BYU,Texas,0.5184462126308838,Texas,45
2026,1,Gonzaga,Kennesaw St.,0.9523105407589534,Kennesaw St.,45
2026,1,Miami FL,Missouri,0.4371796951565946,Missouri,45
2026,1,Purdue,Queens,0.9942485827871558,Purdue,45
2026,1,Michigan,Howard,0.9958654763245225,Michigan,45
2026,1,Georgia,Saint Louis,0.7588390832517659,Georgia,45
2026,1,Texas Tech,Akron,0.9516622481492901,Texas Tech,45
2026,1,Alabama,Hofstra,0.9292101382980879,Alabama,45
2026,1,Tennessee,Miami OH,0.9743983186142834,Miami OH,45
2026,1,Virginia,Wright St.,0.9554897234928257,Virginia,45
2026,1,Kentucky,Santa Clara,0.45174906885620525,Kentucky,45
2026,1,Iowa St.,Tennessee St.,0.9969838955993388,Iowa St.,45
2026,2,Duke,Ohio St.,0.754111157056542,Duke,45
2026,2,St. John's,Kansas,0.524050661834133,St. John's,45
2026,2,Louisville,Michigan St.,0.5612051015065629,Louisville,45
2026,2,UCLA,Connecticut,0.4656160824030859,Connecticut,45
2026,2,Florida,Clemson,0.8704037936386363,Florida,45
2026,2,Vanderbilt,Nebraska,0.6958811683383198,Vanderbilt,45
2026,2,North Carolina,Illinois,0.10245434976003936,North Carolina,45
2026,2,Texas A&M,Houston,0.11374825773649348,Houston,45
2026,2,Arizona,Villanova,0.8323482094236314,Arizona,45
2026,2,Wisconsin,Arkansas,0.5029063675214598,Wisconsin,45
2026,2,Texas,Kennesaw St.,0.9130563751092028,Texas,45
2026,2,Missouri,Purdue,0.12262663643158621,Purdue,45
2026,2,Michigan,Georgia,0.866337900347868,Michigan,45
2026,2,Texas Tech,Alabama,0.5906841722207969,Alabama,45
2026,2,Miami OH,Virginia,0.03673845417328201,Virginia,45
2026,2,Kentucky,Iowa St.,0.1771844338333049,Iowa St.,45
2026,3,Duke,St. John's,0.7587877180879463,Duke,45
2026,3,Louisville,Connecticut,0.4793076795515448,Connecticut,45
2026,3,Florida,Vanderbilt,0.6613068485024125,Florida,45
2026,3,North Carolina,Houston,0.12068722015957356,Houston,45
2026,3,Arizona,Wisconsin,0.68789924261849,Wisconsin,45
2026,3,Texas,Purdue,0.10849108035402699,Purdue,45
2026,3,Michigan,Alabama,0.6895962556154527,Michigan,45
2026,3,Virginia,Iowa St.,0.2957104446671426,Virginia,45
2026,4,Duke,Connecticut,0.7426830871082504,Connecticut,45
2026,4,Florida,Houston,0.4340146591383405,Houston,45
2026,4,Wisconsin,Purdue,0.28706648492331593,Wisconsin,45
2026,4,Michigan,Virginia,0.7539419566136315,Michigan,45
2026,5,Connecticut,Houston,0.22875284019334935,Houston,45
2026,5,Wisconsin,Michigan,0.2665296714236079,Michigan,45
2026,6,Houston,Michigan,0.5509586529000877,Michigan,45
2026,1,Duke,Siena,0.9944116614139509,Duke,46
2026,1,Ohio St.,TCU,0.8247307005139348,Ohio St.,46
2026,1,St. John's,Northern Iowa,0.8331464003573522,St. John's,46
2026,1,Kansas,Cal Baptist,0.9378160074405435,Kansas,46
2026,1,Louisville,South Florida,0.7942578724375865,Louisville,46
2026,1,Michigan St.,North Dakota St.,0.9552857140503138,Michigan St.,46
2026,1,UCLA,UCF,0.8599254415690811,UCLA,46
2026,1,Connecticut,Furman,0.9823903432449944,Connecticut,46
2026,1,Florida,Prairie View A&M,0.9969490217891839,Florida,46
2026,1,Clemson,Iowa,0.3627148326932703,Clemson,46
2026,1,Vanderbilt,McNeese St.,0.9261622028485247,Vanderbilt,46
2026,1,Nebraska,Troy,0.9459366397748131,Nebraska,46
2026,1,North Carolina,VCU,0.6938511955149728,North Carolina,46
2026,1,Illinois,Penn,0.9914285746265543,Illinois,46
2026,1,Saint Mary's,Texas A&M,0.47165331625093126,Saint Mary's,46
2026,1,Houston,Idaho,0.9889877212017745,Houston,46
2026,1,Arizona,LIU,0.9971492836437457,Arizona,46
2026,1,Villanova,Utah St.,0.5200329159906949,Utah St.,46
2026,1,Wisconsin,High Point,0.9551567732814226,Wisconsin,46
2026,1,Arkansas,Hawaii,0.9712160813684694,Arkansas,46
2026,1,BYU,Texas,0.5184462126308838,Texas,46
2026,1,Gonzaga,Kennesaw St.,0.9523105407589534,Gonzaga,46
2026,1,Miami FL,Missouri,0.4371796951565946,Miami FL,46
2026,1,Purdue,Queens,0.9942485827871558,Purdue,46
2026,1,Michigan,Howard,0.9958654763245225,Michigan,46
2026,1,Georgia,Saint Louis,0.7588390832517659,Georgia,46
2026,1,Texas Tech,Akron,0.9516622481492901,Texas Tech,46
2026,1,Alabama,Hofstra,0.9292101382980879,Alabama,46
2026,1,Tennessee,Miami OH,0.9743983186142834,Tennessee,46
2026,1,Virginia,Wright St.,0.9554897234928257,Virginia,46
2026,1,Kentucky,Santa Clara,0.45174906885620525,Kentucky,46
2026,1,Iowa St.,Tennessee St.,0.9969838955993388,Iowa St.,46
2026,2,Duke,Ohio St.,0.754111157056542,Duke,46
2026,2,St. John's,Kansas,0.524050661834133,Kansas,46
2026,2,Louisville,Michigan St.,0.5612051015065629,Louisville,46
2026,2,UCLA,Connecticut,0.4656160824030859,Connecticut,46
2026,2,Florida,Clemson,0.8704037936386363,Florida,46
2026,2,Vanderbilt,Nebraska,0.6958811683383198,Vanderbilt,46
2026,2,North Carolina,Illinois,0.10245434976003936,Illinois,46
2026,2,Saint Mary's,Houston,0.10279738958252423,Houston,46
2026,2,Arizona,Utah St.,0.8432400875380335,Arizona,46
2026,2,Wisconsin,Arkansas,0.5029063675214598,Wisconsin,46
2026,2,Texas,Gonzaga,0.3446493122370096,Gonzaga,46
2026,2,Miami FL,Purdue,0.09793306781615119,Purdue,46
2026,2,Michigan,Georgia,0.866337900347868,Michigan,46
2026,2,Texas Tech,Alabama,0.5906841722207969,Texas Tech,46
2026,2,Tennessee,Virginia,0.5921018558449337,Tennessee,46
2026,2,Kentucky,Iowa St.,0.1771844338333049,Iowa St.,46
2026,3,Duke,Kansas,0.7759678663752496,Duke,46
2026,3,Louisville,Connecticut,0.4793076795515448,Connecticut,46
2026,3,Florida,Vanderbilt,0.6613068485024125,Florida,46
2026,3,Illinois,Houston,0.5459470626236897,Illinois,46
2026,3,Arizona,Wisconsin,0.68789924261849,Wisconsin,46
2026,3,Gonzaga,Purdue,0.18791666028135517,Gonzaga,46
2026,3,Michigan,Texas Tech,0.606217000166059,Michigan,46
2026,3,Tennessee,Iowa St.,0.37868166566768885,Tennessee,46
2026,4,Duke,Connecticut,0.7426830871082504,Connecticut,46
2026,4,Florida,Illinois,0.38940877286056486,Illinois,46
2026,4,Wisconsin,Gonzaga,0.6350469171451206,Wisconsin,46
2026,4,Michigan,Tennessee,0.6785435855710996,Tennessee,46
2026,5,Connecticut,Illinois,0.19786768986747091,Connecticut,46
2026,5,Wisconsin,Tennessee,0.43408222482960596,Tennessee,46
2026,6,Connecticut,Tennessee,0.43444572949025906,Connecticut,46
2026,1,Duke,Siena,0.9944116614139509,Duke,47
2026,1,Ohio St.,TCU,0.8247307005139348,Ohio St.,47
2026,1,St. John's,Northern Iowa,0.8331464003573522,St. John's,47
2026,1,Kansas,Cal Baptist,0.9378160074405435,Kansas,47
2026,1,Louisville,South Florida,0.7942578724375865,Louisville,47
2026,1,Michigan St.,North Dakota St.,0.9552857140503138,North Dakota St.,47
2026,1,UCLA,UCF,0.8599254415690811,UCLA,47
2026,1,Connecticut,Furman,0.9823903432449944,Connecticut,47
2026,1,Florida,Prairie View A&M,0.9969490217891839,Florida,47
2026,1,Clemson,Iowa,0.3627148326932703,Clemson,47
2026,1,Vanderbilt,McNeese St.,0.9261622028485247,Vanderbilt,47
2026,1,Nebraska,Troy,0.9459366397748131,Nebraska,47
2026,1,North Carolina,VCU,0.6938511955149728,VCU,47
2026,1,Illinois,Penn,0.9914285746265543,Illinois,47
2026,1,Saint Mary's,Texas A&M,0.47165331625093126,Texas A&M,47
2026,1,Houston,Idaho,0.9889877212017745,Houston,47
2026,1,Arizona,LIU,0.9971492836437457,Arizona,47
2026,1,Villanova,Utah St.,0.5200329159906949,Villanova,47
2026,1,Wisconsin,High Point,0.9551567732814226,Wisconsin,47
2026,1,Arkansas,Hawaii,0.9712160813684694,Arkansas,47
2026,1,BYU,Texas,0.5184462126308838,BYU,47
2026,1,Gonzaga,Kennesaw St.,0.9523105407589534,Gonzaga,47
2026,1,Miami FL,Missouri,0.4371796951565946,Missouri,47
2026,1,Purdue,Queens,0.9942485827871558,Purdue,47
2026,1,Michigan,Howard,0.9958654763245225,Michigan,47
2026,1,Georgia,Saint Louis,0.7588390832517659,Georgia,47
2026,1,Texas Tech,Akron,0.9516622481492901,Texas Tech,47
2026,1,Alabama,Hofstra,0.9292101382980879,Alabama,47
2026,1,Tennessee,Miami OH,0.9743983186142834,Tennessee,47
2026,1,Virginia,Wright St.,0.9554897234928257,Virginia,47
2026,1,Kentucky,Santa Clara,0.45174906885620525,Kentucky,47
2026,1,Iowa St.,Tennessee St.,0.9969838955993388,Iowa St.,47
2026,2,Duke,Ohio St.,0.754111157056542,Duke,47
2026,2,St. John's,Kansas,0.524050661834133,St. John's,47
2026,2,Louisville,North Dakota St.,0.9646944676613756,Louisville,47
2026,2,UCLA,Connecticut,0.4656160824030859,Connecticut,47
2026,2,Florida,Clemson,0.8704037936386363,Florida,47
2026,2,Vanderbilt,Nebraska,0.6958811683383198,Vanderbilt,47
2026,2,VCU,Illinois,0.047951180201484304,Illinois,47
2026,2,Texas A&M,Houston,0.11374825773649348,Texas A&M,47
2026,2,Arizona,Villanova,0.8323482094236314,Arizona,47
2026,2,Wisconsin,Arkansas,0.5029063675214598,Wisconsin,47
2026,2,BYU,Gonzaga,0.3615080571960916,Gonzaga,47
2026,2,Missouri,Purdue,0.12262663643158621,Purdue,47
2026,2,Michigan,Georgia,0.866337900347868,Michigan,47
2026,2,Texas Tech,Alabama,0.5906841722207969,Texas Tech,47
2026,2,Tennessee,Virginia,0.5921018558449337,Tennessee,47
2026,2,Kentucky,Iowa St.,0.1771844338333049,Iowa St.,47
2026,3,Duke,St. John's,0.7587877180879463,Duke,47
2026,3,Louisville,Connecticut,0.4793076795515448,Connecticut,47
2026,3,Florida,Vanderbilt,0.6613068485024125,Vanderbilt,47
2026,3,Illinois,Texas A&M,0.9035512911569338,Illinois,47
2026,3,Arizona,Wisconsin,0.68789924261849,Arizona,47
2026,3,Gonzaga,Purdue,0.18791666028135517,Purdue,47
2026,3,Michigan,Texas Tech,0.606217000166059,Michigan,47
2026,3,Tennessee,Iowa St.,0.37868166566768885,Iowa St.,47
2026,4,Duke,Connecticut,0.7426830871082504,Duke,47
2026,4,Vanderbilt,Illinois,0.24621138868289286,Illinois,47
2026,4,Arizona,Purdue,0.4701958688898175,Arizona,47
2026,4,Michigan,Iowa St.,0.562653722755456,Michigan,47
2026,5,Duke,Illinois,0.41587894615796644,Duke,47
2026,5,Arizona,Michigan,0.4447304585569584,Michigan,47
2026,6,Duke,Michigan,0.5122822777010291,Michigan,47
2026,1,Duke,Siena,0.9944116614139509,Duke,48
2026,1,Ohio St.,TCU,0.8247307005139348,Ohio St.,48
2026,1,St. John's,Northern Iowa,0.8331464003573522,St. John's,48
2026,1,Kansas,Cal Baptist,0.9378160074405435,Kansas,48
2026,1,Louisville,South Florida,0.7942578724375865,Louisville,48
2026,1,Michigan St.,North Dakota St.,0.9552857140503138,Michigan St.,48
2026,1,UCLA,UCF,0.8599254415690811,UCLA,48
2026,1,Connecticut,Furman,0.9823903432449944,Connecticut,48
2026,1,Florida,Prairie View A&M,0.9969490217891839,Florida,48
2026,1,Clemson,Iowa,0.3627148326932703,Iowa,48
2026,1,Vanderbilt,McNeese St.,0.9261622028485247,Vanderbilt,48
2026,1,Nebraska,Troy,0.9459366397748131,Nebraska,48
2026,1,North Carolina,VCU,0.6938511955149728,VCU,48
2026,1,Illinois,Penn,0.9914285746265543,Illinois,48
2026,1,Saint Mary's,Texas A&M,0.47165331625093126,Texas A&M,48
2026,1,Houston,Idaho,0.9889877212017745,Houston,48
2026,1,Arizona,LIU,0.9971492836437457,Arizona,48
2026,1,Villanova,Utah St.,0.5200329159906949,Utah St.,48
2026,1,Wisconsin,High Point,0.9551567732814226,Wisconsin,48
2026,1,Arkansas,Hawaii,0.9712160813684694,Arkansas,48
2026,1,BYU,Texas,0.5184462126308838,BYU,48
2026,1,Gonzaga,Kennesaw St.,0.9523105407589534,Gonzaga,48
2026,1,Miami FL,Missouri,0.4371796951565946,Missouri,48
2026,1,Purdue,Queens,0.9942485827871558,Purdue,48
2026,1,Michigan,Howard,0.9958654763245225,Michigan,48
2026,1,Georgia,Saint Louis,0.7588390832517659,Georgia,48
2026,1,Texas Tech,Akron,0.9516622481492901,Texas Tech,48
2026,1,Alabama,Hofstra,0.9292101382980879,Alabama,48
2026,1,Tennessee,Miami OH,0.9743983186142834,Tennessee,48
2026,1,Virginia,Wright St.,0.9554897234928257,Virginia,48
2026,1,Kentucky,Santa Clara,0.45174906885620525,Santa Clara,48
2026,1,Iowa St.,Tennessee St.,0.9969838955993388,Iowa St.,48
2026,2,Duke,Ohio St.,0.754111157056542,Duke,48
2026,2,St. John's,Kansas,0.524050661834133,Kansas,48
2026,2,Louisville,Michigan St.,0.5612051015065629,Louisville,48
2026,2,UCLA,Connecticut,0.4656160824030859,Connecticut,48
2026,2,Florida,Iowa,0.7926434027221209,Florida,48
2026,2,Vanderbilt,Nebraska,0.6958811683383198,Nebraska,48
2026,2,VCU,Illinois,0.047951180201484304,Illinois,48
2026,2,Texas A&M,Houston,0.11374825773649348,Houston,48
2026,2,Arizona,Utah St.,0.8432400875380335,Arizona,48
2026,2,Wisconsin,Arkansas,0.5029063675214598,Wisconsin,48
2026,2,BYU,Gonzaga,0.3615080571960916,Gonzaga,48
2026,2,Missouri,Purdue,0.12262663643158621,Missouri,48
2026,2,Michigan,Georgia,0.866337900347868,Michigan,48
2026,2,Texas Tech,Alabama,0.5906841722207969,Texas Tech,48
2026,2,Tennessee,Virginia,0.5921018558449337,Tennessee,48
2026,2,Santa Clara,Iowa St.,0.2071920828857785,Santa Clara,48
2026,3,Duke,Kansas,0.7759678663752496,Duke,48
2026,3,Louisville,Connecticut,0.4793076795515448,Louisville,48
2026,3,Florida,Nebraska,0.8171092464488837,Nebraska,48
2026,3,Illinois,Houston,0.5459470626236897,Houston,48
2026,3,Arizona,Wisconsin,0.68789924261849,Wisconsin,48
2026,3,Gonzaga,Missouri,0.6234420736108527,Gonzaga,48
2026,3,Michigan,Texas Tech,0.606217000166059,Texas Tech,48
2026,3,Tennessee,Santa Clara,0.6998927132305507,Santa Clara,48
2026,4,Duke,Louisville,0.7581892365730687,Duke,48
2026,4,Nebraska,Houston,0.1464933034474469,Houston,48
2026,4,Wisconsin,Gonzaga,0.6350469171451206,Wisconsin,48
2026,4,Texas Tech,Santa Clara,0.7617750235721096,Texas Tech,48
2026,5,Duke,Houston,0.4612265534105957,Houston,48
2026,5,Wisconsin,Texas Tech,0.35873391324939324,Texas Tech,48
2026,6,Houston,Texas Tech,0.6538448051924896,Houston,48
2026,1,Duke,Siena,0.9944116614139509,Duke,49
2026,1,Ohio St.,TCU,0.8247307005139348,Ohio St.,49
2026,1,St. John's,Northern Iowa,0.8331464003573522,St. John's,49
2026,1,Kansas,Cal Baptist,0.9378160074405435,Kansas,49
2026,1,Louisville,South Florida,0.7942578724375865,Louisville,49
2026,1,Michigan St.,North Dakota St.,0.9552857140503138,Michigan St.,49
2026,1,UCLA,UCF,0.8599254415690811,UCLA,49
2026,1,Connecticut,Furman,0.9823903432449944,Connecticut,49
2026,1,Florida,Prairie View A&M,0.9969490217891839,Florida,49
2026,1,Clemson,Iowa,0.3627148326932703,Clemson,49
2026,1,Vanderbilt,McNeese St.,0.9261622028485247,McNeese St.,49
2026,1,Nebraska,Troy,0.9459366397748131,Nebraska,49
2026,1,North Carolina,VCU,0.6938511955149728,North Carolina,49
2026,1,Illinois,Penn,0.9914285746265543,Illinois,49
2026,1,Saint Mary's,Texas A&M,0.47165331625093126,Saint Mary's,49
2026,1,Houston,Idaho,0.9889877212017745,Houston,49
2026,1,Arizona,LIU,0.9971492836437457,Arizona,49
2026,1,Villanova,Utah St.,0.5200329159906949,Utah St.,49
2026,1,Wisconsin,High Point,0.9551567732814226,Wisconsin,49
2026,1,Arkansas,Hawaii,0.9712160813684694,Arkansas,49
2026,1,BYU,Texas,0.5184462126308838,Texas,49
2026,1,Gonzaga,Kennesaw St.,0.9523105407589534,Kennesaw St.,49
2026,1,Miami FL,Missouri,0.4371796951565946,Missouri,49
2026,1,Purdue,Queens,0.9942485827871558,Purdue,49
2026,1,Michigan,Howard,0.9958654763245225,Michigan,49
2026,1,Georgia,Saint Louis,0.7588390832517659,Georgia,49
2026,1,Texas Tech,Akron,0.9516622481492901,Texas Tech,49
2026,1,Alabama,Hofstra,0.9292101382980879,Alabama,49
2026,1,Tennessee,Miami OH,0.9743983186142834,Tennessee,49
2026,1,Virginia,Wright St.,0.9554897234928257,Virginia,49
2026,1,Kentucky,Santa Clara,0.45174906885620525,Santa Clara,49
2026,1,Iowa St.,Tennessee St.,0.9969838955993388,Iowa St.,49
2026,2,Duke,Ohio St.,0.754111157056542,Duke,49
2026,2,St. John's,Kansas,0.524050661834133,St. John's,49
2026,2,Louisville,Michigan St.,0.5612051015065629,Louisville,49
2026,2,UCLA,Connecticut,0.4656160824030859,UCLA,49
2026,2,Florida,Clemson,0.8704037936386363,Florida,49
2026,2,McNeese St.,Nebraska,0.1542801261498085,Nebraska,49
2026,2,North Carolina,Illinois,0.10245434976003936,Illinois,49
2026,2,Saint Mary's,Houston,0.10279738958252423,Houston,49
2026,2,Arizona,Utah St.,0.8432400875380335,Arizona,49
2026,2,Wisconsin,Arkansas,0.5029063675214598,Wisconsin,49
2026,2,Texas,Kennesaw St.,0.9130563751092028,Texas,49
2026,2,Missouri,Purdue,0.12262663643158621,Purdue,49
2026,2,Michigan,Georgia,0.866337900347868,Michigan,49
2026,2,Texas Tech,Alabama,0.5906841722207969,Texas Tech,49
2026,2,Tennessee,Virginia,0.5921018558449337,Tennessee,49
2026,2,Santa Clara,Iowa St.,0.2071920828857785,Iowa St.,49
2026,3,Duke,St. John's,0.7587877180879463,St. John's,49
2026,3,Louisville,UCLA,0.5137306737144266,UCLA,49
2026,3,Florida,Nebraska,0.8171092464488837,Nebraska,49
2026,3,Illinois,Houston,0.5459470626236897,Houston,49
2026,3,Arizona,Wisconsin,0.68789924261849,Arizona,49
2026,3,Texas,Purdue,0.10849108035402699,Purdue,49
2026,3,Michigan,Texas Tech,0.606217000166059,Texas Tech,49
2026,3,Tennessee,Iowa St.,0.37868166566768885,Tennessee,49
2026,4,St. John's,UCLA,0.5129144756878462,St. John's,49
2026,4,Nebraska,Houston,0.1464933034474469,Nebraska,49
2026,4,Arizona,Purdue,0.4701958688898175,Purdue,49
2026,4,Texas Tech,Tennessee,0.5782634517725194,Tennessee,49
2026,5,St. John's,Nebraska,0.6132331627341432,Nebraska,49
2026,5,Purdue,Tennessee,0.6557608410994917,Purdue,49
2026,6,Nebraska,Purdue,0.18920232055069708,Purdue,49
2026,1,Duke,Siena,0.9944116614139509,Duke,50
2026,1,Ohio St.,TCU,0.8247307005139348,Ohio St.,50
2026,1,St. John's,Northern Iowa,0.8331464003573522,Northern Iowa,50
2026,1,Kansas,Cal Baptist,0.9378160074405435,Kansas,50
2026,1,Louisville,South Florida,0.7942578724375865,South Florida,50
2026,1,Michigan St.,North Dakota St.,0.9552857140503138,Michigan St.,50
2026,1,UCLA,UCF,0.8599254415690811,UCF,50
2026,1,Connecticut,Furman,0.9823903432449944,Connecticut,50
2026,1,Florida,Prairie View A&M,0.9969490217891839,Florida,50
2026,1,Clemson,Iowa,0.3627148326932703,Clemson,50
2026,1,Vanderbilt,McNeese St.,0.9261622028485247,Vanderbilt,50
2026,1,Nebraska,Troy,0.9459366397748131,Nebraska,50
2026,1,North Carolina,VCU,0.6938511955149728,North Carolina,50
2026,1,Illinois,Penn,0.9914285746265543,Illinois,50
2026,1,Saint Mary's,Texas A&M,0.47165331625093126,Saint Mary's,50
2026,1,Houston,Idaho,0.9889877212017745,Houston,50
2026,1,Arizona,LIU,0.9971492836437457,Arizona,50
2026,1,Villanova,Utah St.,0.5200329159906949,Utah St.,50
2026,1,Wisconsin,High Point,0.9551567732814226,Wisconsin,50
2026,1,Arkansas,Hawaii,0.9712160813684694,Arkansas,50
2026,1,BYU,Texas,0.5184462126308838,Texas,50
2026,1,Gonzaga,Kennesaw St.,0.9523105407589534,Gonzaga,50
2026,1,Miami FL,Missouri,0.4371796951565946,Missouri,50
2026,1,Purdue,Queens,0.9942485827871558,Purdue,50
2026,1,Michigan,Howard,0.9958654763245225,Michigan,50
2026,1,Georgia,Saint Louis,0.7588390832517659,Georgia,50
2026,1,Texas Tech,Akron,0.9516622481492901,Texas Tech,50
2026,1,Alabama,Hofstra,0.9292101382980879,Alabama,50
2026,1,Tennessee,Miami OH,0.9743983186142834,Tennessee,50
2026,1,Virginia,Wright St.,0.9554897234928257,Virginia,50
2026,1,Kentucky,Santa Clara,0.45174906885620525,Santa Clara,50
2026,1,Iowa St.,Tennessee St.,0.9969838955993388,Iowa St.,50
2026,2,Duke,Ohio St.,0.754111157056542,Duke,50
2026,2,Northern Iowa,Kansas,0.18066986949018937,Northern Iowa,50
2026,2,South Florida,Michigan St.,0.24885463353731688,Michigan St.,50
2026,2,UCF,Connecticut,0.12428929276650445,Connecticut,50
2026,2,Florida,Clemson,0.8704037936386363,Florida,50
2026,2,Vanderbilt,Nebraska,0.6958811683383198,Vanderbilt,50
2026,2,North Carolina,Illinois,0.10245434976003936,Illinois,50
2026,2,Saint Mary's,Houston,0.10279738958252423,Houston,50
2026,2,Arizona,Utah St.,0.8432400875380335,Arizona,50
2026,2,Wisconsin,Arkansas,0.5029063675214598,Arkansas,50
2026,2,Texas,Gonzaga,0.3446493122370096,Gonzaga,50
2026,2,Missouri,Purdue,0.12262663643158621,Purdue,50
2026,2,Michigan,Georgia,0.866337900347868,Georgia,50
2026,2,Texas Tech,Alabama,0.5906841722207969,Texas Tech,50
2026,2,Tennessee,Virginia,0.5921018558449337,Tennessee,50
2026,2,Santa Clara,Iowa St.,0.2071920828857785,Iowa St.,50
2026,3,Duke,Northern Iowa,0.9401465822895586,Duke,50
2026,3,Michigan St.,Connecticut,0.41851537121286536,Connecticut,50
2026,3,Florida,Vanderbilt,0.6613068485024125,Florida,50
2026,3,Illinois,Houston,0.5459470626236897,Houston,50
2026,3,Arizona,Arkansas,0.6903897195952309,Arizona,50
2026,3,Gonzaga,Purdue,0.18791666028135517,Purdue,50
2026,3,Georgia,Texas Tech,0.19192936904931657,Georgia,50
2026,3,Tennessee,Iowa St.,0.37868166566768885,Iowa St.,50
2026,4,Duke,Connecticut,0.7426830871082504,Duke,50
2026,4,Florida,Houston,0.4340146591383405,Houston,50
2026,4,Arizona,Purdue,0.4701958688898175,Purdue,50
2026,4,Georgia,Iowa St.,0.16561612845017237,Iowa St.,50
2026,5,Duke,Houston,0.4612265534105957,Houston,50
2026,5,Purdue,Iowa St.,0.5372587698757884,Iowa St.,50
2026,6,Houston,Iowa St.,0.6121797286502116,Houston,50
2026,1,Duke,Siena,0.9944116614139509,Duke,51
2026,1,Ohio St.,TCU,0.8247307005139348,Ohio St.,51
2026,1,St. John's,Northern Iowa,0.8331464003573522,St. John's,51
2026,1,Kansas,Cal Baptist,0.9378160074405435,Kansas,51
2026,1,Louisville,South Florida,0.7942578724375865,Louisville,51
2026,1,Michigan St.,North Dakota St.,0.9552857140503138,Michigan St.,51
2026,1,UCLA,UCF,0.8599254415690811,UCLA,51
2026,1,Connecticut,Furman,0.9823903432449944,Connecticut,51
2026,1,Florida,Prairie View A&M,0.9969490217891839,Florida,51
2026,1,Clemson,Iowa,0.3627148326932703,Clemson,51
2026,1,Vanderbilt,McNeese St.,0.9261622028485247,McNeese St.,51
2026,1,Nebraska,Troy,0.9459366397748131,Troy,51
2026,1,North Carolina,VCU,0.6938511955149728,North Carolina,51
2026,1,Illinois,Penn,0.9914285746265543,Illinois,51
2026,1,Saint Mary's,Texas A&M,0.47165331625093126,Texas A&M,51
2026,1,Houston,Idaho,0.9889877212017745,Houston,51
2026,1,Arizona,LIU,0.9971492836437457,Arizona,51
2026,1,Villanova,Utah St.,0.5200329159906949,Villanova,51
2026,1,Wisconsin,High Point,0.9551567732814226,Wisconsin,51
2026,1,Arkansas,Hawaii,0.9712160813684694,Arkansas,51
2026,1,BYU,Texas,0.5184462126308838,Texas,51
2026,1,Gonzaga,Kennesaw St.,0.9523105407589534,Gonzaga,51
2026,1,Miami FL,Missouri,0.4371796951565946,Missouri,51
2026,1,Purdue,Queens,0.9942485827871558,Purdue,51
2026,1,Michigan,Howard,0.9958654763245225,Michigan,51
2026,1,Georgia,Saint Louis,0.7588390832517659,Georgia,51
2026,1,Texas Tech,Akron,0.9516622481492901,Texas Tech,51
2026,1,Alabama,Hofstra,0.9292101382980879,Alabama,51
2026,1,Tennessee,Miami OH,0.9743983186142834,Tennessee,51
2026,1,Virginia,Wright St.,0.9554897234928257,Virginia,51
2026,1,Kentucky,Santa Clara,0.45174906885620525,Santa Clara,51
2026,1,Iowa St.,Tennessee St.,0.9969838955993388,Iowa St.,51
2026,2,Duke,Ohio St.,0.754111157056542,Duke,51
2026,2,St. John's,Kansas,0.524050661834133,St. John's,51
2026,2,Louisville,Michigan St.,0.5612051015065629,Louisville,51
2026,2,UCLA,Connecticut,0.4656160824030859,UCLA,51
2026,2,Florida,Clemson,0.8704037936386363,Florida,51
2026,2,McNeese St.,Troy,0.7614418404347437,Troy,51
2026,2,North Carolina,Illinois,0.10245434976003936,Illinois,51
2026,2,Texas A&M,Houston,0.11374825773649348,Houston,51
2026,2,Arizona,Villanova,0.8323482094236314,Arizona,51
2026,2,Wisconsin,Arkansas,0.5029063675214598,Wisconsin,51
2026,2,Texas,Gonzaga,0.3446493122370096,Gonzaga,51
2026,2,Missouri,Purdue,0.12262663643158621,Purdue,51
2026,2,Michigan,Georgia,0.866337900347868,Michigan,51
2026,2,Texas Tech,Alabama,0.5906841722207969,Texas Tech,51
2026,2,Tennessee,Virginia,0.5921018558449337,Tennessee,51
2026,2,Santa Clara,Iowa St.,0.2071920828857785,Santa Clara,51
2026,3,Duke,St. John's,0.7587877180879463,Duke,51
2026,3,Louisville,UCLA,0.5137306737144266,UCLA,51
2026,3,Florida,Troy,0.9873691618370909,Florida,51
2026,3,Illinois,Houston,0.5459470626236897,Houston,51
2026,3,Arizona,Wisconsin,0.68789924261849,Wisconsin,51
2026,3,Gonzaga,Purdue,0.18791666028135517,Purdue,51
2026,3,Michigan,Texas Tech,0.606217000166059,Texas Tech,51
2026,3,Tennessee,Santa Clara,0.6998927132305507,Tennessee,51
2026,4,Duke,UCLA,0.768117878478023,Duke,51
2026,4,Florida,Houston,0.4340146591383405,Florida,51
2026,4,Wisconsin,Purdue,0.28706648492331593,Wisconsin,51
2026,4,Texas Tech,Tennessee,0.5782634517725194,Texas Tech,51
2026,5,Duke,Florida,0.5274932579747873,Duke,51
2026,5,Wisconsin,Texas Tech,0.35873391324939324,Texas Tech,51
2026,6,Duke,Texas Tech,0.6178841176623984,Texas Tech,51
2026,1,Duke,Siena,0.9944116614139509,Duke,52
2026,1,Ohio St.,TCU,0.8247307005139348,Ohio St.,52
2026,1,St. John's,Northern Iowa,0.8331464003573522,St. John's,52
2026,1,Kansas,Cal Baptist,0.9378160074405435,Kansas,52
2026,1,Louisville,South Florida,0.7942578724375865,Louisville,52
2026,1,Michigan St.,North Dakota St.,0.9552857140503138,Michigan St.,52
2026,1,UCLA,UCF,0.8599254415690811,UCLA,52
2026,1,Connecticut,Furman,0.9823903432449944,Connecticut,52
2026,1,Florida,Prairie View A&M,0.9969490217891839,Florida,52
2026,1,Clemson,Iowa,0.3627148326932703,Iowa,52
2026,1,Vanderbilt,McNeese St.,0.9261622028485247,Vanderbilt,52
2026,1,Nebraska,Troy,0.9459366397748131,Nebraska,52
2026,1,North Carolina,VCU,0.6938511955149728,VCU,52
2026,1,Illinois,Penn,0.9914285746265543,Illinois,52
2026,1,Saint Mary's,Texas A&M,0.47165331625093126,Saint Mary's,52
2026,1,Houston,Idaho,0.9889877212017745,Houston,52
2026,1,Arizona,LIU,0.9971492836437457,Arizona,52
2026,1,Villanova,Utah St.,0.5200329159906949,Villanova,52
2026,1,Wisconsin,High Point,0.9551567732814226,Wisconsin,52
2026,1,Arkansas,Hawaii,0.9712160813684694,Arkansas,52
2026,1,BYU,Texas,0.5184462126308838,BYU,52
2026,1,Gonzaga,Kennesaw St.,0.9523105407589534,Gonzaga,52
2026,1,Miami FL,Missouri,0.4371796951565946,Miami FL,52
2026,1,Purdue,Queens,0.9942485827871558,Purdue,52
2026,1,Michigan,Howard,0.9958654763245225,Michigan,52
2026,1,Georgia,Saint Louis,0.7588390832517659,Georgia,52
2026,1,Texas Tech,Akron,0.9516622481492901,Texas Tech,52
2026,1,Alabama,Hofstra,0.9292101382980879,Alabama,52
2026,1,Tennessee,Miami OH,0.9743983186142834,Tennessee,52
2026,1,Virginia,Wright St.,0.9554897234928257,Virginia,52
2026,1,Kentucky,Santa Clara,0.45174906885620525,Kentucky,52
2026,1,Iowa St.,Tennessee St.,0.9969838955993388,Iowa St.,52
2026,2,Duke,Ohio St.,0.754111157056542,Duke,52
2026,2,St. John's,Kansas,0.524050661834133,St. John's,52
2026,2,Louisville,Michigan St.,0.5612051015065629,Michigan St.,52
2026,2,UCLA,Connecticut,0.4656160824030859,Connecticut,52
2026,2,Florida,Iowa,0.7926434027221209,Florida,52
2026,2,Vanderbilt,Nebraska,0.6958811683383198,Nebraska,52
2026,2,VCU,Illinois,0.047951180201484304,Illinois,52
2026,2,Saint Mary's,Houston,0.10279738958252423,Houston,52
2026,2,Arizona,Villanova,0.8323482094236314,Arizona,52
2026,2,Wisconsin,Arkansas,0.5029063675214598,Wisconsin,52
2026,2,BYU,Gonzaga,0.3615080571960916,Gonzaga,52
2026,2,Miami FL,Purdue,0.09793306781615119,Purdue,52
2026,2,Michigan,Georgia,0.866337900347868,Michigan,52
2026,2,Texas Tech,Alabama,0.5906841722207969,Texas Tech,52
2026,2,Tennessee,Virginia,0.5921018558449337,Tennessee,52
2026,2,Kentucky,Iowa St.,0.1771844338333049,Kentucky,52
2026,3,Duke,St. John's,0.7587877180879463,Duke,52
2026,3,Michigan St.,Connecticut,0.41851537121286536,Michigan St.,52
2026,3,Florida,Nebraska,0.8171092464488837,Florida,52
2026,3,Illinois,Houston,0.5459470626236897,Illinois,52
2026,3,Arizona,Wisconsin,0.68789924261849,Arizona,52
2026,3,Gonzaga,Purdue,0.18791666028135517,Purdue,52
2026,3,Michigan,Texas Tech,0.606217000166059,Texas Tech,52
2026,3,Tennessee,Kentucky,0.7389258749973996,Kentucky,52
2026,4,Duke,Michigan St.,0.8004056959239918,Duke,52
2026,4,Florida,Illinois,0.38940877286056486,Illinois,52
2026,4,Arizona,Purdue,0.4701958688898175,Purdue,52
2026,4,Texas Tech,Kentucky,0.7951156624457176,Texas Tech,52
2026,5,Duke,Illinois,0.41587894615796644,Illinois,52
2026,5,Purdue,Texas Tech,0.5814699902357143,Texas Tech,52
2026,6,Illinois,Texas Tech,0.6942981143589103,Texas Tech,52
2026,1,Duke,Siena,0.9944116614139509,Duke,53
2026,1,Ohio St.,TCU,0.8247307005139348,Ohio St.,53
2026,1,St. John's,Northern Iowa,0.8331464003573522,St. John's,53
2026,1,Kansas,Cal Baptist,0.9378160074405435,Kansas,53
2026,1,Louisville,South Florida,0.7942578724375865,Louisville,53
2026,1,Michigan St.,North Dakota St.,0.9552857140503138,Michigan St.,53
2026,1,UCLA,UCF,0.8599254415690811,UCLA,53
2026,1,Connecticut,Furman,0.9823903432449944,Connecticut,53
2026,1,Florida,Prairie View A&M,0.9969490217891839,Florida,53
2026,1,Clemson,Iowa,0.3627148326932703,Iowa,53
2026,1,Vanderbilt,McNeese St.,0.9261622028485247,Vanderbilt,53
2026,1,Nebraska,Troy,0.9459366397748131,Nebraska,53
2026,1,North Carolina,VCU,0.6938511955149728,North Carolina,53
2026,1,Illinois,Penn,0.9914285746265543,Illinois,53
2026,1,Saint Mary's,Texas A&M,0.47165331625093126,Saint Mary's,53
2026,1,Houston,Idaho,0.9889877212017745,Houston,53
2026,1,Arizona,LIU,0.9971492836437457,Arizona,53
2026,1,Villanova,Utah St.,0.5200329159906949,Villanova,53
2026,1,Wisconsin,High Point,0.9551567732814226,Wisconsin,53
2026,1,Arkansas,Hawaii,0.9712160813684694,Arkansas,53
2026,1,BYU,Texas,0.5184462126308838,Texas,53
2026,1,Gonzaga,Kennesaw St.,0.9523105407589534,Gonzaga,53
2026,1,Miami FL,Missouri,0.4371796951565946,Missouri,53
2026,1,Purdue,Queens,0.9942485827871558,Purdue,53
2026,1,Michigan,Howard,0.9958654763245225,Michigan,53
2026,1,Georgia,Saint Louis,0.7588390832517659,Georgia,53
2026,1,Texas Tech,Akron,0.9516622481492901,Texas Tech,53
2026,1,Alabama,Hofstra,0.9292101382980879,Hofstra,53
2026,1,Tennessee,Miami OH,0.9743983186142834,Tennessee,53
2026,1,Virginia,Wright St.,0.9554897234928257,Virginia,53
2026,1,Kentucky,Santa Clara,0.45174906885620525,Kentucky,53
2026,1,Iowa St.,Tennessee St.,0.9969838955993388,Iowa St.,53
2026,2,Duke,Ohio St.,0.754111157056542,Duke,53
2026,2,St. John's,Kansas,0.524050661834133,St. John's,53
2026,2,Louisville,Michigan St.,0.5612051015065629,Michigan St.,53
2026,2,UCLA,Connecticut,0.4656160824030859,Connecticut,53
2026,2,Florida,Iowa,0.7926434027221209,Florida,53
2026,2,Vanderbilt,Nebraska,0.6958811683383198,Vanderbilt,53
2026,2,North Carolina,Illinois,0.10245434976003936,Illinois,53
2026,2,Saint Mary's,Houston,0.10279738958252423,Saint Mary's,53
2026,2,Arizona,Villanova,0.8323482094236314,Arizona,53
2026,2,Wisconsin,Arkansas,0.5029063675214598,Wisconsin,53
2026,2,Texas,Gonzaga,0.3446493122370096,Texas,53
2026,2,Missouri,Purdue,0.12262663643158621,Purdue,53
2026,2,Michigan,Georgia,0.866337900347868,Michigan,53
2026,2,Texas Tech,Hofstra,0.949856095991424,Texas Tech,53
2026,2,Tennessee,Virginia,0.5921018558449337,Virginia,53
2026,2,Kentucky,Iowa St.,0.1771844338333049,Iowa St.,53
2026,3,Duke,St. John's,0.7587877180879463,Duke,53
2026,3,Michigan St.,Connecticut,0.41851537121286536,Connecticut,53
2026,3,Florida,Vanderbilt,0.6613068485024125,Florida,53
2026,3,Illinois,Saint Mary's,0.913000175815042,Illinois,53
2026,3,Arizona,Wisconsin,0.68789924261849,Arizona,53
2026,3,Texas,Purdue,0.10849108035402699,Purdue,53
2026,3,Michigan,Texas Tech,0.606217000166059,Texas Tech,53
2026,3,Virginia,Iowa St.,0.2957104446671426,Virginia,53
2026,4,Duke,Connecticut,0.7426830871082504,Duke,53
2026,4,Florida,Illinois,0.38940877286056486,Florida,53
2026,4,Arizona,Purdue,0.4701958688898175,Arizona,53
2026,4,Texas Tech,Virginia,0.665590853591359,Texas Tech,53
2026,5,Duke,Florida,0.5274932579747873,Duke,53
2026,5,Arizona,Texas Tech,0.5521725890003912,Texas Tech,53
2026,6,Duke,Texas Tech,0.6178841176623984,Duke,53
2026,1,Duke,Siena,0.9944116614139509,Duke,54
2026,1,Ohio St.,TCU,0.8247307005139348,Ohio St.,54
2026,1,St. John's,Northern Iowa,0.8331464003573522,St. John's,54
2026,1,Kansas,Cal Baptist,0.9378160074405435,Kansas,54
2026,1,Louisville,South Florida,0.7942578724375865,Louisville,54
2026,1,Michigan St.,North Dakota St.,0.9552857140503138,Michigan St.,54
2026,1,UCLA,UCF,0.8599254415690811,UCLA,54
2026,1,Connecticut,Furman,0.9823903432449944,Connecticut,54
2026,1,Florida,Prairie View A&M,0.9969490217891839,Florida,54
2026,1,Clemson,Iowa,0.3627148326932703,Iowa,54
2026,1,Vanderbilt,McNeese St.,0.9261622028485247,Vanderbilt,54
2026,1,Nebraska,Troy,0.9459366397748131,Nebraska,54
2026,1,North Carolina,VCU,0.6938511955149728,North Carolina,54
2026,1,Illinois,Penn,0.9914285746265543,Illinois,54
2026,1,Saint Mary's,Texas A&M,0.47165331625093126,Saint Mary's,54
2026,1,Houston,Idaho,0.9889877212017745,Houston,54
2026,1,Arizona,LIU,0.9971492836437457,Arizona,54
2026,1,Villanova,Utah St.,0.5200329159906949,Utah St.,54
2026,1,Wisconsin,High Point,0.9551567732814226,Wisconsin,54
2026,1,Arkansas,Hawaii,0.9712160813684694,Arkansas,54
2026,1,BYU,Texas,0.5184462126308838,Texas,54
2026,1,Gonzaga,Kennesaw St.,0.9523105407589534,Gonzaga,54
2026,1,Miami FL,Missouri,0.4371796951565946,Miami FL,54
2026,1,Purdue,Queens,0.9942485827871558,Purdue,54
2026,1,Michigan,Howard,0.9958654763245225,Michigan,54
2026,1,Georgia,Saint Louis,0.7588390832517659,Georgia,54
2026,1,Texas Tech,Akron,0.9516622481492901,Texas Tech,54
2026,1,Alabama,Hofstra,0.9292101382980879,Alabama,54
2026,1,Tennessee,Miami OH,0.9743983186142834,Tennessee,54
2026,1,Virginia,Wright St.,0.9554897234928257,Virginia,54
2026,1,Kentucky,Santa Clara,0.45174906885620525,Kentucky,54
2026,1,Iowa St.,Tennessee St.,0.9969838955993388,Iowa St.,54
2026,2,Duke,Ohio St.,0.754111157056542,Duke,54
2026,2,St. John's,Kansas,0.524050661834133,Kansas,54
2026,2,Louisville,Michigan St.,0.5612051015065629,Louisville,54
2026,2,UCLA,Connecticut,0.4656160824030859,Connecticut,54
2026,2,Florida,Iowa,0.7926434027221209,Florida,54
2026,2,Vanderbilt,Nebraska,0.6958811683383198,Vanderbilt,54
2026,2,North Carolina,Illinois,0.10245434976003936,Illinois,54
2026,2,Saint Mary's,Houston,0.10279738958252423,Houston,54
2026,2,Arizona,Utah St.,0.8432400875380335,Utah St.,54
2026,2,Wisconsin,Arkansas,0.5029063675214598,Wisconsin,54
2026,2,Texas,Gonzaga,0.3446493122370096,Gonzaga,54
2026,2,Miami FL,Purdue,0.09793306781615119,Purdue,54
2026,2,Michigan,Georgia,0.866337900347868,Michigan,54
2026,2,Texas Tech,Alabama,0.5906841722207969,Texas Tech,54
2026,2,Tennessee,Virginia,0.5921018558449337,Virginia,54
2026,2,Kentucky,Iowa St.,0.1771844338333049,Iowa St.,54
2026,3,Duke,Kansas,0.7759678663752496,Kansas,54
2026,3,Louisville,Connecticut,0.4793076795515448,Louisville,54
2026,3,Florida,Vanderbilt,0.6613068485024125,Florida,54
2026,3,Illinois,Houston,0.5459470626236897,Illinois,54
2026,3,Utah St.,Wisconsin,0.290651909418008,Wisconsin,54
2026,3,Gonzaga,Purdue,0.18791666028135517,Purdue,54
2026,3,Michigan,Texas Tech,0.606217000166059,Michigan,54
2026,3,Virginia,Iowa St.,0.2957104446671426,Iowa St.,54
2026,4,Kansas,Louisville,0.475134514634871,Louisville,54
2026,4,Florida,Illinois,0.38940877286056486,Florida,54
2026,4,Wisconsin,Purdue,0.28706648492331593,Wisconsin,54
2026,4,Michigan,Iowa St.,0.562653722755456,Iowa St.,54
2026,5,Louisville,Florida,0.26256224876084705,Florida,54
2026,5,Wisconsin,Iowa St.,0.31856757604774877,Wisconsin,54
2026,6,Florida,Wisconsin,0.721387898836665,Wisconsin,54
2026,1,Duke,Siena,0.9944116614139509,Duke,55
2026,1,Ohio St.,TCU,0.8247307005139348,TCU,55
2026,1,St. John's,Northern Iowa,0.8331464003573522,Northern Iowa,55
2026,1,Kansas,Cal Baptist,0.9378160074405435,Kansas,55
2026,1,Louisville,South Florida,0.7942578724375865,Louisville,55
2026,1,Michigan St.,North Dakota St.,0.9552857140503138,Michigan St.,55
2026,1,UCLA,UCF,0.8599254415690811,UCLA,55
2026,1,Connecticut,Furman,0.9823903432449944,Connecticut,55
2026,1,Florida,Prairie View A&M,0.9969490217891839,Florida,55
2026,1,Clemson,Iowa,0.3627148326932703,Clemson,55
2026,1,Vanderbilt,McNeese St.,0.9261622028485247,Vanderbilt,55
2026,1,Nebraska,Troy,0.9459366397748131,Nebraska,55
2026,1,North Carolina,VCU,0.6938511955149728,North Carolina,55
2026,1,Illinois,Penn,0.9914285746265543,Illinois,55
2026,1,Saint Mary's,Texas A&M,0.47165331625093126,Texas A&M,55
2026,1,Houston,Idaho,0.9889877212017745,Houston,55
2026,1,Arizona,LIU,0.9971492836437457,Arizona,55
2026,1,Villanova,Utah St.,0.5200329159906949,Utah St.,55
2026,1,Wisconsin,High Point,0.9551567732814226,Wisconsin,55
2026,1,Arkansas,Hawaii,0.9712160813684694,Arkansas,55
2026,1,BYU,Texas,0.5184462126308838,Texas,55
2026,1,Gonzaga,Kennesaw St.,0.9523105407589534,Gonzaga,55
2026,1,Miami FL,Missouri,0.4371796951565946,Miami FL,55
2026,1,Purdue,Queens,0.9942485827871558,Purdue,55
2026,1,Michigan,Howard,0.9958654763245225,Michigan,55
2026,1,Georgia,Saint Louis,0.7588390832517659,Saint Louis,55
2026,1,Texas Tech,Akron,0.9516622481492901,Texas Tech,55
2026,1,Alabama,Hofstra,0.9292101382980879,Alabama,55
2026,1,Tennessee,Miami OH,0.9743983186142834,Tennessee,55
2026,1,Virginia,Wright St.,0.9554897234928257,Virginia,55
2026,1,Kentucky,Santa Clara,0.45174906885620525,Santa Clara,55
2026,1,Iowa St.,Tennessee St.,0.9969838955993388,Iowa St.,55
2026,2,Duke,TCU,0.9351962827442268,Duke,55
2026,2,Northern Iowa,Kansas,0.18066986949018937,Kansas,55
2026,2,Louisville,Michigan St.,0.5612051015065629,Louisville,55
2026,2,UCLA,Connecticut,0.4656160824030859,UCLA,55
2026,2,Florida,Clemson,0.8704037936386363,Florida,55
2026,2,Vanderbilt,Nebraska,0.6958811683383198,Vanderbilt,55
2026,2,North Carolina,Illinois,0.10245434976003936,Illinois,55
2026,2,Texas A&M,Houston,0.11374825773649348,Houston,55
2026,2,Arizona,Utah St.,0.8432400875380335,Arizona,55
2026,2,Wisconsin,Arkansas,0.5029063675214598,Wisconsin,55
2026,2,Texas,Gonzaga,0.3446493122370096,Gonzaga,55
2026,2,Miami FL,Purdue,0.09793306781615119,Purdue,55
2026,2,Michigan,Saint Louis,0.9532599115629986,Michigan,55
2026,2,Texas Tech,Alabama,0.5906841722207969,Alabama,55
2026,2,Tennessee,Virginia,0.5921018558449337,Tennessee,55
2026,2,Santa Clara,Iowa St.,0.2071920828857785,Iowa St.,55
2026,3,Duke,Kansas,0.7759678663752496,Duke,55
2026,3,Louisville,UCLA,0.5137306737144266,UCLA,55
2026,3,Florida,Vanderbilt,0.6613068485024125,Florida,55
2026,3,Illinois,Houston,0.5459470626236897,Illinois,55
2026,3,Arizona,Wisconsin,0.68789924261849,Wisconsin,55
2026,3,Gonzaga,Purdue,0.18791666028135517,Purdue,55
2026,3,Michigan,Alabama,0.6895962556154527,Alabama,55
2026,3,Tennessee,Iowa St.,0.37868166566768885,Iowa St.,55
2026,4,Duke,UCLA,0.768117878478023,Duke,55
2026,4,Florida,Illinois,0.38940877286056486,Illinois,55
2026,4,Wisconsin,Purdue,0.28706648492331593,Purdue,55
2026,4,Alabama,Iowa St.,0.36672481055933426,Iowa St.,55
2026,5,Duke,Illinois,0.41587894615796644,Duke,55
2026,5,Purdue,Iowa St.,0.5372587698757884,Purdue,55
2026,6,Duke,Purdue,0.5378689018747759,Purdue,55
2026,1,Duke,Siena,0.9944116614139509,Duke,56
2026,1,Ohio St.,TCU,0.8247307005139348,Ohio St.,56
2026,1,St. John's,Northern Iowa,0.8331464003573522,St. John's,56
2026,1,Kansas,Cal Baptist,0.9378160074405435,Kansas,56
2026,1,Louisville,South Florida,0.7942578724375865,South Florida,56
2026,1,Michigan St.,North Dakota St.,0.9552857140503138,Michigan St.,56
2026,1,UCLA,UCF,0.8599254415690811,UCLA,56
2026,1,Connecticut,Furman,0.9823903432449944,Connecticut,56
2026,1,Florida,Prairie View A&M,0.9969490217891839,Florida,56
2026,1,Clemson,Iowa,0.3627148326932703,Iowa,56
2026,1,Vanderbilt,McNeese St.,0.9261622028485247,Vanderbilt,56
2026,1,Nebraska,Troy,0.9459366397748131,Nebraska,56
2026,1,North Carolina,VCU,0.6938511955149728,VCU,56
2026,1,Illinois,Penn,0.9914285746265543,Illinois,56
2026,1,Saint Mary's,Texas A&M,0.47165331625093126,Texas A&M,56
2026,1,Houston,Idaho,0.9889877212017745,Houston,56
2026,1,Arizona,LIU,0.9971492836437457,Arizona,56
2026,1,Villanova,Utah St.,0.5200329159906949,Utah St.,56
2026,1,Wisconsin,High Point,0.9551567732814226,Wisconsin,56
2026,1,Arkansas,Hawaii,0.9712160813684694,Arkansas,56
2026,1,BYU,Texas,0.5184462126308838,Texas,56
2026,1,Gonzaga,Kennesaw St.,0.9523105407589534,Gonzaga,56
2026,1,Miami FL,Missouri,0.4371796951565946,Missouri,56
2026,1,Purdue,Queens,0.9942485827871558,Purdue,56
2026,1,Michigan,Howard,0.9958654763245225,Michigan,56
2026,1,Georgia,Saint Louis,0.7588390832517659,Georgia,56
2026,1,Texas Tech,Akron,0.9516622481492901,Texas Tech,56
2026,1,Alabama,Hofstra,0.9292101382980879,Alabama,56
2026,1,Tennessee,Miami OH,0.9743983186142834,Tennessee,56
2026,1,Virginia,Wright St.,0.9554897234928257,Virginia,56
2026,1,Kentucky,Santa Clara,0.45174906885620525,Santa Clara,56
2026,1,Iowa St.,Tennessee St.,0.9969838955993388,Iowa St.,56
2026,2,Duke,Ohio St.,0.754111157056542,Ohio St.,56
2026,2,St. John's,Kansas,0.524050661834133,St. John's,56
2026,2,South Florida,Michigan St.,0.24885463353731688,Michigan St.,56
2026,2,UCLA,Connecticut,0.4656160824030859,UCLA,56
2026,2,Florida,Iowa,0.7926434027221209,Florida,56
2026,2,Vanderbilt,Nebraska,0.6958811683383198,Vanderbilt,56
2026,2,VCU,Illinois,0.047951180201484304,Illinois,56
2026,2,Texas A&M,Houston,0.11374825773649348,Houston,56
2026,2,Arizona,Utah St.,0.8432400875380335,Arizona,56
2026,2,Wisconsin,Arkansas,0.5029063675214598,Wisconsin,56
2026,2,Texas,Gonzaga,0.3446493122370096,Gonzaga,56
2026,2,Missouri,Purdue,0.12262663643158621,Purdue,56
2026,2,Michigan,Georgia,0.866337900347868,Michigan,56
2026,2,Texas Tech,Alabama,0.5906841722207969,Alabama,56
2026,2,Tennessee,Virginia,0.5921018558449337,Virginia,56
2026,2,Santa Clara,Iowa St.,0.2071920828857785,Iowa St.,56
2026,3,Ohio St.,St. John's,0.5063457752355264,St. John's,56
2026,3,Michigan St.,UCLA,0.4523654463161424,UCLA,56
2026,3,Florida,Vanderbilt,0.6613068485024125,Vanderbilt,56
2026,3,Illinois,Houston,0.5459470626236897,Houston,56
2026,3,Arizona,Wisconsin,0.68789924261849,Arizona,56
2026,3,Gonzaga,Purdue,0.18791666028135517,Purdue,56
2026,3,Michigan,Alabama,0.6895962556154527,Alabama,56
2026,3,Virginia,Iowa St.,0.2957104446671426,Iowa St.,56
2026,4,St. John's,UCLA,0.5129144756878462,UCLA,56
2026,4,Vanderbilt,Houston,0.28198971818666835,Vanderbilt,56
2026,4,Arizona,Purdue,0.4701958688898175,Arizona,56
2026,4,Alabama,Iowa St.,0.36672481055933426,Iowa St.,56
2026,5,UCLA,Vanderbilt,0.39687416670574327,Vanderbilt,56
2026,5,Arizona,Iowa St.,0.5074878989723941,Arizona,56
2026,6,Vanderbilt,Arizona,0.3756429720946298,Vanderbilt,56
2026,1,Duke,Siena,0.9944116614139509,Duke,57
2026,1,Ohio St.,TCU,0.8247307005139348,Ohio St.,57
2026,1,St. John's,Northern Iowa,0.8331464003573522,St. John's,57
2026,1,Kansas,Cal Baptist,0.9378160074405435,Kansas,57
2026,1,Louisville,South Florida,0.7942578724375865,Louisville,57
2026,1,Michigan St.,North Dakota St.,0.9552857140503138,Michigan St.,57
2026,1,UCLA,UCF,0.8599254415690811,UCLA,57
2026,1,Connecticut,Furman,0.9823903432449944,Connecticut,57
2026,1,Florida,Prairie View A&M,0.9969490217891839,Florida,57
2026,1,Clemson,Iowa,0.3627148326932703,Iowa,57
2026,1,Vanderbilt,McNeese St.,0.9261622028485247,Vanderbilt,57
2026,1,Nebraska,Troy,0.9459366397748131,Nebraska,57
2026,1,North Carolina,VCU,0.6938511955149728,VCU,57
2026,1,Illinois,Penn,0.9914285746265543,Illinois,57
2026,1,Saint Mary's,Texas A&M,0.47165331625093126,Texas A&M,57
2026,1,Houston,Idaho,0.9889877212017745,Houston,57
2026,1,Arizona,LIU,0.9971492836437457,Arizona,57
2026,1,Villanova,Utah St.,0.5200329159906949,Villanova,57
2026,1,Wisconsin,High Point,0.9551567732814226,Wisconsin,57
2026,1,Arkansas,Hawaii,0.9712160813684694,Hawaii,57
2026,1,BYU,Texas,0.5184462126308838,BYU,57
2026,1,Gonzaga,Kennesaw St.,0.9523105407589534,Gonzaga,57
2026,1,Miami FL,Missouri,0.4371796951565946,Missouri,57
2026,1,Purdue,Queens,0.9942485827871558,Purdue,57
2026,1,Michigan,Howard,0.9958654763245225,Michigan,57
2026,1,Georgia,Saint Louis,0.7588390832517659,Georgia,57
2026,1,Texas Tech,Akron,0.9516622481492901,Texas Tech,57
2026,1,Alabama,Hofstra,0.9292101382980879,Alabama,57
2026,1,Tennessee,Miami OH,0.9743983186142834,Tennessee,57
2026,1,Virginia,Wright St.,0.9554897234928257,Virginia,57
2026,1,Kentucky,Santa Clara,0.45174906885620525,Santa Clara,57
2026,1,Iowa St.,Tennessee St.,0.9969838955993388,Iowa St.,57
2026,2,Duke,Ohio St.,0.754111157056542,Duke,57
2026,2,St. John's,Kansas,0.524050661834133,St. John's,57
2026,2,Louisville,Michigan St.,0.5612051015065629,Michigan St.,57
2026,2,UCLA,Connecticut,0.4656160824030859,UCLA,57
2026,2,Florida,Iowa,0.7926434027221209,Iowa,57
2026,2,Vanderbilt,Nebraska,0.6958811683383198,Nebraska,57
2026,2,VCU,Illinois,0.047951180201484304,Illinois,57
2026,2,Texas A&M,Houston,0.11374825773649348,Houston,57
2026,2,Arizona,Villanova,0.8323482094236314,Villanova,57
2026,2,Wisconsin,Hawaii,0.9715393054325993,Wisconsin,57
2026,2,BYU,Gonzaga,0.3615080571960916,Gonzaga,57
2026,2,Missouri,Purdue,0.12262663643158621,Purdue,57
2026,2,Michigan,Georgia,0.866337900347868,Michigan,57
2026,2,Texas Tech,Alabama,0.5906841722207969,Texas Tech,57
2026,2,Tennessee,Virginia,0.5921018558449337,Tennessee,57
2026,2,Santa Clara,Iowa St.,0.2071920828857785,Iowa St.,57
2026,3,Duke,St. John's,0.7587877180879463,St. John's,57
2026,3,Michigan St.,UCLA,0.4523654463161424,Michigan St.,57
2026,3,Iowa,Nebraska,0.5389087669585145,Nebraska,57
2026,3,Illinois,Houston,0.5459470626236897,Illinois,57
2026,3,Villanova,Wisconsin,0.3074548005820875,Wisconsin,57
2026,3,Gonzaga,Purdue,0.18791666028135517,Purdue,57
2026,3,Michigan,Texas Tech,0.606217000166059,Michigan,57
2026,3,Tennessee,Iowa St.,0.37868166566768885,Iowa St.,57
2026,4,St. John's,Michigan St.,0.5604004020334545,Michigan St.,57
2026,4,Nebraska,Illinois,0.12491561484566359,Illinois,57
2026,4,Wisconsin,Purdue,0.28706648492331593,Purdue,57
2026,4,Michigan,Iowa St.,0.562653722755456,Michigan,57
2026,5,Michigan St.,Illinois,0.1507736677358494,Illinois,57
2026,5,Purdue,Michigan,0.47436568406645174,Purdue,57
2026,6,Illinois,Purdue,0.620455082397851,Purdue,57
2026,1,Duke,Siena,0.9944116614139509,Duke,58
2026,1,Ohio St.,TCU,0.8247307005139348,Ohio St.,58
2026,1,St. John's,Northern Iowa,0.8331464003573522,St. John's,58
2026,1,Kansas,Cal Baptist,0.9378160074405435,Kansas,58
2026,1,Louisville,South Florida,0.7942578724375865,South Florida,58
2026,1,Michigan St.,North Dakota St.,0.9552857140503138,Michigan St.,58
2026,1,UCLA,UCF,0.8599254415690811,UCF,58
2026,1,Connecticut,Furman,0.9823903432449944,Connecticut,58
2026,1,Florida,Prairie View A&M,0.9969490217891839,Florida,58
2026,1,Clemson,Iowa,0.3627148326932703,Clemson,58
2026,1,Vanderbilt,McNeese St.,0.9261622028485247,Vanderbilt,58
2026,1,Nebraska,Troy,0.9459366397748131,Nebraska,58
2026,1,North Carolina,VCU,0.6938511955149728,North Carolina,58
2026,1,Illinois,Penn,0.9914285746265543,Illinois,58
2026,1,Saint Mary's,Texas A&M,0.47165331625093126,Saint Mary's,58
2026,1,Houston,Idaho,0.9889877212017745,Houston,58
2026,1,Arizona,LIU,0.9971492836437457,Arizona,58
2026,1,Villanova,Utah St.,0.5200329159906949,Villanova,58
2026,1,Wisconsin,High Point,0.9551567732814226,Wisconsin,58
2026,1,Arkansas,Hawaii,0.9712160813684694,Arkansas,58
2026,1,BYU,Texas,0.5184462126308838,BYU,58
2026,1,Gonzaga,Kennesaw St.,0.9523105407589534,Gonzaga,58
2026,1,Miami FL,Missouri,0.4371796951565946,Missouri,58
2026,1,Purdue,Queens,0.9942485827871558,Purdue,58
2026,1,Michigan,Howard,0.9958654763245225,Michigan,58
2026,1,Georgia,Saint Louis,0.7588390832517659,Georgia,58
2026,1,Texas Tech,Akron,0.9516622481492901,Texas Tech,58
2026,1,Alabama,Hofstra,0.9292101382980879,Alabama,58
2026,1,Tennessee,Miami OH,0.9743983186142834,Tennessee,58
2026,1,Virginia,Wright St.,0.9554897234928257,Virginia,58
2026,1,Kentucky,Santa Clara,0.45174906885620525,Kentucky,58
2026,1,Iowa St.,Tennessee St.,0.9969838955993388,Iowa St.,58
2026,2,Duke,Ohio St.,0.754111157056542,Ohio St.,58
2026,2,St. John's,Kansas,0.524050661834133,Kansas,58
2026,2,South Florida,Michigan St.,0.24885463353731688,Michigan St.,58
2026,2,UCF,Connecticut,0.12428929276650445,Connecticut,58
2026,2,Florida,Clemson,0.8704037936386363,Florida,58
2026,2,Vanderbilt,Nebraska,0.6958811683383198,Vanderbilt,58
2026,2,North Carolina,Illinois,0.10245434976003936,Illinois,58
2026,2,Saint Mary's,Houston,0.10279738958252423,Houston,58
2026,2,Arizona,Villanova,0.8323482094236314,Villanova,58
2026,2,Wisconsin,Arkansas,0.5029063675214598,Arkansas,58
2026,2,BYU,Gonzaga,0.3615080571960916,Gonzaga,58
2026,2,Missouri,Purdue,0.12262663643158621,Purdue,58
2026,2,Michigan,Georgia,0.866337900347868,Michigan,58
2026,2,Texas Tech,Alabama,0.5906841722207969,Alabama,58
2026,2,Tennessee,Virginia,0.5921018558449337,Tennessee,58
2026,2,Kentucky,Iowa St.,0.1771844338333049,Iowa St.,58
2026,3,Ohio St.,Kansas,0.5303778919627196,Kansas,58
2026,3,Michigan St.,Connecticut,0.41851537121286536,Michigan St.,58
2026,3,Florida,Vanderbilt,0.6613068485024125,Florida,58
2026,3,Illinois,Houston,0.5459470626236897,Houston,58
2026,3,Villanova,Arkansas,0.3099357228170309,Villanova,58
2026,3,Gonzaga,Purdue,0.18791666028135517,Gonzaga,58
2026,3,Michigan,Alabama,0.6895962556154527,Alabama,58
2026,3,Tennessee,Iowa St.,0.37868166566768885,Tennessee,58
2026,4,Kansas,Michigan St.,0.5365621913412327,Kansas,58
2026,4,Florida,Houston,0.4340146591383405,Florida,58
2026,4,Villanova,Gonzaga,0.4358270549021,Gonzaga,58
2026,4,Alabama,Tennessee,0.4872163646022674,Alabama,58
2026,5,Kansas,Florida,0.24374840608932438,Kansas,58
2026,5,Gonzaga,Alabama,0.31691207656392023,Gonzaga,58
2026,6,Kansas,Gonzaga,0.5921955250620398,Kansas,58
2026,1,Duke,Siena,0.9944116614139509,Duke,59
2026,1,Ohio St.,TCU,0.8247307005139348,Ohio St.,59
2026,1,St. John's,Northern Iowa,0.8331464003573522,St. John's,59
2026,1,Kansas,Cal Baptist,0.9378160074405435,Kansas,59
2026,1,Louisville,South Florida,0.7942578724375865,South Florida,59
2026,1,Michigan St.,North Dakota St.,0.9552857140503138,Michigan St.,59
2026,1,UCLA,UCF,0.8599254415690811,UCLA,59
2026,1,Connecticut,Furman,0.9823903432449944,Connecticut,59
2026,1,Florida,Prairie View A&M,0.9969490217891839,Florida,59
2026,1,Clemson,Iowa,0.3627148326932703,Iowa,59
2026,1,Vanderbilt,McNeese St.,0.9261622028485247,Vanderbilt,59
2026,1,Nebraska,Troy,0.9459366397748131,Nebraska,59
2026,1,North Carolina,VCU,0.6938511955149728,North Carolina,59
2026,1,Illinois,Penn,0.9914285746265543,Illinois,59
2026,1,Saint Mary's,Texas A&M,0.47165331625093126,Saint Mary's,59
2026,1,Houston,Idaho,0.9889877212017745,Houston,59
2026,1,Arizona,LIU,0.9971492836437457,Arizona,59
2026,1,Villanova,Utah St.,0.5200329159906949,Utah St.,59
2026,1,Wisconsin,High Point,0.9551567732814226,Wisconsin,59
2026,1,Arkansas,Hawaii,0.9712160813684694,Arkansas,59
2026,1,BYU,Texas,0.5184462126308838,Texas,59
2026,1,Gonzaga,Kennesaw St.,0.9523105407589534,Gonzaga,59
2026,1,Miami FL,Missouri,0.4371796951565946,Miami FL,59
2026,1,Purdue,Queens,0.9942485827871558,Purdue,59
2026,1,Michigan,Howard,0.9958654763245225,Michigan,59
2026,1,Georgia,Saint Louis,0.7588390832517659,Georgia,59
2026,1,Texas Tech,Akron,0.9516622481492901,Texas Tech,59
2026,1,Alabama,Hofstra,0.9292101382980879,Alabama,59
2026,1,Tennessee,Miami OH,0.9743983186142834,Tennessee,59
2026,1,Virginia,Wright St.,0.9554897234928257,Virginia,59
2026,1,Kentucky,Santa Clara,0.45174906885620525,Kentucky,59
2026,1,Iowa St.,Tennessee St.,0.9969838955993388,Iowa St.,59
2026,2,Duke,Ohio St.,0.754111157056542,Duke,59
2026,2,St. John's,Kansas,0.524050661834133,Kansas,59
2026,2,South Florida,Michigan St.,0.24885463353731688,Michigan St.,59
2026,2,UCLA,Connecticut,0.4656160824030859,UCLA,59
2026,2,Florida,Iowa,0.7926434027221209,Florida,59
2026,2,Vanderbilt,Nebraska,0.6958811683383198,Vanderbilt,59
2026,2,North Carolina,Illinois,0.10245434976003936,North Carolina,59
2026,2,Saint Mary's,Houston,0.10279738958252423,Houston,59
2026,2,Arizona,Utah St.,0.8432400875380335,Arizona,59
2026,2,Wisconsin,Arkansas,0.5029063675214598,Wisconsin,59
2026,2,Texas,Gonzaga,0.3446493122370096,Texas,59
2026,2,Miami FL,Purdue,0.09793306781615119,Miami FL,59
2026,2,Michigan,Georgia,0.866337900347868,Michigan,59
2026,2,Texas Tech,Alabama,0.5906841722207969,Texas Tech,59
2026,2,Tennessee,Virginia,0.5921018558449337,Virginia,59
2026,2,Kentucky,Iowa St.,0.1771844338333049,Iowa St.,59
2026,3,Duke,Kansas,0.7759678663752496,Duke,59
2026,3,Michigan St.,UCLA,0.4523654463161424,UCLA,59
2026,3,Florida,Vanderbilt,0.6613068485024125,Florida,59
2026,3,North Carolina,Houston,0.12068722015957356,Houston,59
2026,3,Arizona,Wisconsin,0.68789924261849,Arizona,59
2026,3,Texas,Miami FL,0.5285082911715782,Miami FL,59
2026,3,Michigan,Texas Tech,0.606217000166059,Michigan,59
2026,3,Virginia,Iowa St.,0.2957104446671426,Iowa St.,59
2026,4,Duke,UCLA,0.768117878478023,UCLA,59
2026,4,Florida,Houston,0.4340146591383405,Houston,59
2026,4,Arizona,Miami FL,0.8910048450083328,Miami FL,59
2026,4,Michigan,Iowa St.,0.562653722755456,Iowa St.,59
2026,5,UCLA,Houston,0.20536078045275538,Houston,59
2026,5,Miami FL,Iowa St.,0.1119383792963797,Iowa St.,59
2026,6,Houston,Iowa St.,0.6121797286502116,Iowa St.,59
2026,1,Duke,Siena,0.9944116614139509,Duke,60
2026,1,Ohio St.,TCU,0.8247307005139348,TCU,60
2026,1,St. John's,Northern Iowa,0.8331464003573522,St. John's,60
2026,1,Kansas,Cal Baptist,0.9378160074405435,Kansas,60
2026,1,Louisville,South Florida,0.7942578724375865,Louisville,60
2026,1,Michigan St.,North Dakota St.,0.9552857140503138,Michigan St.,60
2026,1,UCLA,UCF,0.8599254415690811,UCLA,60
2026,1,Connecticut,Furman,0.9823903432449944,Connecticut,60
2026,1,Florida,Prairie View A&M,0.9969490217891839,Florida,60
2026,1,Clemson,Iowa,0.3627148326932703,Iowa,60
2026,1,Vanderbilt,McNeese St.,0.9261622028485247,Vanderbilt,60
2026,1,Nebraska,Troy,0.9459366397748131,Nebraska,60
2026,1,North Carolina,VCU,0.6938511955149728,VCU,60
2026,1,Illinois,Penn,0.9914285746265543,Illinois,60
2026,1,Saint Mary's,Texas A&M,0.47165331625093126,Texas A&M,60
2026,1,Houston,Idaho,0.9889877212017745,Houston,60
2026,1,Arizona,LIU,0.9971492836437457,Arizona,60
2026,1,Villanova,Utah St.,0.5200329159906949,Villanova,60
2026,1,Wisconsin,High Point,0.9551567732814226,High Point,60
2026,1,Arkansas,Hawaii,0.9712160813684694,Arkansas,60
2026,1,BYU,Texas,0.5184462126308838,Texas,60
2026,1,Gonzaga,Kennesaw St.,0.9523105407589534,Gonzaga,60
2026,1,Miami FL,Missouri,0.4371796951565946,Missouri,60
2026,1,Purdue,Queens,0.9942485827871558,Purdue,60
2026,1,Michigan,Howard,0.9958654763245225,Michigan,60
2026,1,Georgia,Saint Louis,0.7588390832517659,Saint Louis,60
2026,1,Texas Tech,Akron,0.9516622481492901,Texas Tech,60
2026,1,Alabama,Hofstra,0.9292101382980879,Alabama,60
2026,1,Tennessee,Miami OH,0.9743983186142834,Tennessee,60
2026,1,Virginia,Wright St.,0.9554897234928257,Virginia,60
2026,1,Kentucky,Santa Clara,0.45174906885620525,Santa Clara,60
2026,1,Iowa St.,Tennessee St.,0.9969838955993388,Iowa St.,60
2026,2,Duke,TCU,0.9351962827442268,Duke,60
2026,2,St. John's,Kansas,0.524050661834133,St. John's,60
2026,2,Louisville,Michigan St.,0.5612051015065629,Louisville,60
2026,2,UCLA,Connecticut,0.4656160824030859,UCLA,60
2026,2,Florida,Iowa,0.7926434027221209,Florida,60
2026,2,Vanderbilt,Nebraska,0.6958811683383198,Vanderbilt,60
2026,2,VCU,Illinois,0.047951180201484304,Illinois,60
2026,2,Texas A&M,Houston,0.11374825773649348,Houston,60
2026,2,Arizona,Villanova,0.8323482094236314,Arizona,60
2026,2,High Point,Arkansas,0.04534382132942886,Arkansas,60
2026,2,Texas,Gonzaga,0.3446493122370096,Texas,60
2026,2,Missouri,Purdue,0.12262663643158621,Purdue,60
2026,2,Michigan,Saint Louis,0.9532599115629986,Michigan,60
2026,2,Texas Tech,Alabama,0.5906841722207969,Texas Tech,60
2026,2,Tennessee,Virginia,0.5921018558449337,Tennessee,60
2026,2,Santa Clara,Iowa St.,0.2071920828857785,Santa Clara,60
2026,3,Duke,St. John's,0.7587877180879463,St. John's,60
2026,3,Louisville,UCLA,0.5137306737144266,Louisville,60
2026,3,Florida,Vanderbilt,0.6613068485024125,Florida,60
2026,3,Illinois,Houston,0.5459470626236897,Houston,60
2026,3,Arizona,Arkansas,0.6903897195952309,Arizona,60
2026,3,Texas,Purdue,0.10849108035402699,Purdue,60
2026,3,Michigan,Texas Tech,0.606217000166059,Texas Tech,60
2026,3,Tennessee,Santa Clara,0.6998927132305507,Tennessee,60
2026,4,St. John's,Louisville,0.49918322263502546,Louisville,60
2026,4,Florida,Houston,0.4340146591383405,Houston,60
2026,4,Arizona,Purdue,0.4701958688898175,Purdue,60
2026,4,Texas Tech,Tennessee,0.5782634517725194,Tennessee,60
2026,5,Louisville,Houston,0.21447091401142218,Louisville,60
2026,5,Purdue,Tennessee,0.6557608410994917,Tennessee,60
2026,6,Louisville,Tennessee,0.4142188472732059,Tennessee,60
2026,1,Duke,Siena,0.9944116614139509,Duke,61
2026,1,Ohio St.,TCU,0.8247307005139348,TCU,61
2026,1,St. John's,Northern Iowa,0.8331464003573522,Northern Iowa,61
2026,1,Kansas,Cal Baptist,0.9378160074405435,Kansas,61
2026,1,Louisville,South Florida,0.7942578724375865,Louisville,61
2026,1,Michigan St.,North Dakota St.,0.9552857140503138,Michigan St.,61
2026,1,UCLA,UCF,0.8599254415690811,UCF,61
2026,1,Connecticut,Furman,0.9823903432449944,Connecticut,61
2026,1,Florida,Prairie View A&M,0.9969490217891839,Florida,61
2026,1,Clemson,Iowa,0.3627148326932703,Iowa,61
2026,1,Vanderbilt,McNeese St.,0.9261622028485247,Vanderbilt,61
2026,1,Nebraska,Troy,0.9459366397748131,Nebraska,61
2026,1,North Carolina,VCU,0.6938511955149728,North Carolina,61
2026,1,Illinois,Penn,0.9914285746265543,Illinois,61
2026,1,Saint Mary's,Texas A&M,0.47165331625093126,Texas A&M,61
2026,1,Houston,Idaho,0.9889877212017745,Houston,61
2026,1,Arizona,LIU,0.9971492836437457,Arizona,61
2026,1,Villanova,Utah St.,0.5200329159906949,Utah St.,61
2026,1,Wisconsin,High Point,0.9551567732814226,Wisconsin,61
2026,1,Arkansas,Hawaii,0.9712160813684694,Arkansas,61
2026,1,BYU,Texas,0.5184462126308838,BYU,61
2026,1,Gonzaga,Kennesaw St.,0.9523105407589534,Gonzaga,61
2026,1,Miami FL,Missouri,0.4371796951565946,Miami FL,61
2026,1,Purdue,Queens,0.9942485827871558,Purdue,61
2026,1,Michigan,Howard,0.9958654763245225,Michigan,61
2026,1,Georgia,Saint Louis,0.7588390832517659,Georgia,61
2026,1,Texas Tech,Akron,0.9516622481492901,Texas Tech,61
2026,1,Alabama,Hofstra,0.9292101382980879,Alabama,61
2026,1,Tennessee,Miami OH,0.9743983186142834,Tennessee,61
2026,1,Virginia,Wright St.,0.9554897234928257,Virginia,61
2026,1,Kentucky,Santa Clara,0.45174906885620525,Santa Clara,61
2026,1,Iowa St.,Tennessee St.,0.9969838955993388,Iowa St.,61
2026,2,Duke,TCU,0.9351962827442268,Duke,61
2026,2,Northern Iowa,Kansas,0.18066986949018937,Northern Iowa,61
2026,2,Louisville,Michigan St.,0.5612051015065629,Louisville,61
2026,2,UCF,Connecticut,0.12428929276650445,Connecticut,61
2026,2,Florida,Iowa,0.7926434027221209,Florida,61
2026,2,Vanderbilt,Nebraska,0.6958811683383198,Vanderbilt,61
2026,2,North Carolina,Illinois,0.10245434976003936,Illinois,61
2026,2,Texas A&M,Houston,0.11374825773649348,Houston,61
2026,2,Arizona,Utah St.,0.8432400875380335,Arizona,61
2026,2,Wisconsin,Arkansas,0.5029063675214598,Arkansas,61
2026,2,BYU,Gonzaga,0.3615080571960916,Gonzaga,61
2026,2,Miami FL,Purdue,0.09793306781615119,Miami FL,61
2026,2,Michigan,Georgia,0.866337900347868,Michigan,61
2026,2,Texas Tech,Alabama,0.5906841722207969,Texas Tech,61
2026,2,Tennessee,Virginia,0.5921018558449337,Tennessee,61
2026,2,Santa Clara,Iowa St.,0.2071920828857785,Iowa St.,61
2026,3,Duke,Northern Iowa,0.9401465822895586,Duke,61
2026,3,Louisville,Connecticut,0.4793076795515448,Connecticut,61
2026,3,Florida,Vanderbilt,0.6613068485024125,Florida,61
2026,3,Illinois,Houston,0.5459470626236897,Houston,61
2026,3,Arizona,Arkansas,0.6903897195952309,Arizona,61
2026,3,Gonzaga,Miami FL,0.6806585884530112,Gonzaga,61
2026,3,Michigan,Texas Tech,0.606217000166059,Michigan,61
2026,3,Tennessee,Iowa St.,0.37868166566768885,Iowa St.,61
2026,4,Duke,Connecticut,0.7426830871082504,Duke,61
2026,4,Florida,Houston,0.4340146591383405,Florida,61
2026,4,Arizona,Gonzaga,0.7931873894151327,Gonzaga,61
2026,4,Michigan,Iowa St.,0.562653722755456,Michigan,61
2026,5,Duke,Florida,0.5274932579747873,Florida,61
2026,5,Gonzaga,Michigan,0.1727542640889092,Michigan,61
2026,6,Florida,Michigan,0.48476844617225257,Michigan,61
2026,1,Duke,Siena,0.9944116614139509,Duke,62
2026,1,Ohio St.,TCU,0.8247307005139348,TCU,62
2026,1,St. John's,Northern Iowa,0.8331464003573522,St. John's,62
2026,1,Kansas,Cal Baptist,0.9378160074405435,Kansas,62
2026,1,Louisville,South Florida,0.7942578724375865,Louisville,62
2026,1,Michigan St.,North Dakota St.,0.9552857140503138,Michigan St.,62
2026,1,UCLA,UCF,0.8599254415690811,UCLA,62
2026,1,Connecticut,Furman,0.9823903432449944,Connecticut,62
2026,1,Florida,Prairie View A&M,0.9969490217891839,Florida,62
2026,1,Clemson,Iowa,0.3627148326932703,Iowa,62
2026,1,Vanderbilt,McNeese St.,0.9261622028485247,Vanderbilt,62
2026,1,Nebraska,Troy,0.9459366397748131,Nebraska,62
2026,1,North Carolina,VCU,0.6938511955149728,North Carolina,62
2026,1,Illinois,Penn,0.9914285746265543,Illinois,62
2026,1,Saint Mary's,Texas A&M,0.47165331625093126,Saint Mary's,62
2026,1,Houston,Idaho,0.9889877212017745,Houston,62
2026,1,Arizona,LIU,0.9971492836437457,Arizona,62
2026,1,Villanova,Utah St.,0.5200329159906949,Villanova,62
2026,1,Wisconsin,High Point,0.9551567732814226,Wisconsin,62
2026,1,Arkansas,Hawaii,0.9712160813684694,Arkansas,62
2026,1,BYU,Texas,0.5184462126308838,BYU,62
2026,1,Gonzaga,Kennesaw St.,0.9523105407589534,Gonzaga,62
2026,1,Miami FL,Missouri,0.4371796951565946,Miami FL,62
2026,1,Purdue,Queens,0.9942485827871558,Purdue,62
2026,1,Michigan,Howard,0.9958654763245225,Michigan,62
2026,1,Georgia,Saint Louis,0.7588390832517659,Georgia,62
2026,1,Texas Tech,Akron,0.9516622481492901,Texas Tech,62
2026,1,Alabama,Hofstra,0.9292101382980879,Alabama,62
2026,1,Tennessee,Miami OH,0.9743983186142834,Tennessee,62
2026,1,Virginia,Wright St.,0.9554897234928257,Virginia,62
2026,1,Kentucky,Santa Clara,0.45174906885620525,Kentucky,62
2026,1,Iowa St.,Tennessee St.,0.9969838955993388,Tennessee St.,62
2026,2,Duke,TCU,0.9351962827442268,Duke,62
2026,2,St. John's,Kansas,0.524050661834133,St. John's,62
2026,2,Louisville,Michigan St.,0.5612051015065629,Michigan St.,62
2026,2,UCLA,Connecticut,0.4656160824030859,UCLA,62
2026,2,Florida,Iowa,0.7926434027221209,Florida,62
2026,2,Vanderbilt,Nebraska,0.6958811683383198,Nebraska,62
2026,2,North Carolina,Illinois,0.10245434976003936,Illinois,62
2026,2,Saint Mary's,Houston,0.10279738958252423,Houston,62
2026,2,Arizona,Villanova,0.8323482094236314,Arizona,62
2026,2,Wisconsin,Arkansas,0.5029063675214598,Arkansas,62
2026,2,BYU,Gonzaga,0.3615080571960916,BYU,62
2026,2,Miami FL,Purdue,0.09793306781615119,Purdue,62
2026,2,Michigan,Georgia,0.866337900347868,Michigan,62
2026,2,Texas Tech,Alabama,0.5906841722207969,Alabama,62
2026,2,Tennessee,Virginia,0.5921018558449337,Tennessee,62
2026,2,Kentucky,Tennessee St.,0.9861459623986171,Kentucky,62
2026,3,Duke,St. John's,0.7587877180879463,Duke,62
2026,3,Michigan St.,UCLA,0.4523654463161424,UCLA,62
2026,3,Florida,Nebraska,0.8171092464488837,Florida,62
2026,3,Illinois,Houston,0.5459470626236897,Houston,62
2026,3,Arizona,Arkansas,0.6903897195952309,Arizona,62
2026,3,BYU,Purdue,0.1158398959796437,Purdue,62
2026,3,Michigan,Alabama,0.6895962556154527,Michigan,62
2026,3,Tennessee,Kentucky,0.7389258749973996,Tennessee,62
2026,4,Duke,UCLA,0.768117878478023,Duke,62
2026,4,Florida,Houston,0.4340146591383405,Florida,62
2026,4,Arizona,Purdue,0.4701958688898175,Purdue,62
2026,4,Michigan,Tennessee,0.6785435855710996,Tennessee,62
2026,5,Duke,Florida,0.5274932579747873,Florida,62
2026,5,Purdue,Tennessee,0.6557608410994917,Purdue,62
2026,6,Florida,Purdue,0.5104190345732924,Purdue,62
2026,1,Duke,Siena,0.9944116614139509,Duke,63
2026,1,Ohio St.,TCU,0.8247307005139348,TCU,63
2026,1,St. John's,Northern Iowa,0.8331464003573522,St. John's,63
2026,1,Kansas,Cal Baptist,0.9378160074405435,Kansas,63
2026,1,Louisville,South Florida,0.7942578724375865,Louisville,63
2026,1,Michigan St.,North Dakota St.,0.9552857140503138,Michigan St.,63
2026,1,UCLA,UCF,0.8599254415690811,UCF,63
2026,1,Connecticut,Furman,0.9823903432449944,Connecticut,63
2026,1,Florida,Prairie View A&M,0.9969490217891839,Florida,63
2026,1,Clemson,Iowa,0.3627148326932703,Clemson,63
2026,1,Vanderbilt,McNeese St.,0.9261622028485247,Vanderbilt,63
2026,1,Nebraska,Troy,0.9459366397748131,Nebraska,63
2026,1,North Carolina,VCU,0.6938511955149728,North Carolina,63
2026,1,Illinois,Penn,0.9914285746265543,Illinois,63
2026,1,Saint Mary's,Texas A&M,0.47165331625093126,Saint Mary's,63
2026,1,Houston,Idaho,0.9889877212017745,Houston,63
2026,1,Arizona,LIU,0.9971492836437457,Arizona,63
2026,1,Villanova,Utah St.,0.5200329159906949,Utah St.,63
2026,1,Wisconsin,High Point,0.9551567732814226,Wisconsin,63
2026,1,Arkansas,Hawaii,0.9712160813684694,Arkansas,63
2026,1,BYU,Texas,0.5184462126308838,Texas,63
2026,1,Gonzaga,Kennesaw St.,0.9523105407589534,Gonzaga,63
2026,1,Miami FL,Missouri,0.4371796951565946,Miami FL,63
2026,1,Purdue,Queens,0.9942485827871558,Purdue,63
2026,1,Michigan,Howard,0.9958654763245225,Michigan,63
2026,1,Georgia,Saint Louis,0.7588390832517659,Georgia,63
2026,1,Texas Tech,Akron,0.9516622481492901,Texas Tech,63
2026,1,Alabama,Hofstra,0.9292101382980879,Alabama,63
2026,1,Tennessee,Miami OH,0.9743983186142834,Tennessee,63
2026,1,Virginia,Wright St.,0.9554897234928257,Virginia,63
2026,1,Kentucky,Santa Clara,0.45174906885620525,Kentucky,63
2026,1,Iowa St.,Tennessee St.,0.9969838955993388,Iowa St.,63
2026,2,Duke,TCU,0.9351962827442268,Duke,63
2026,2,St. John's,Kansas,0.524050661834133,St. John's,63
2026,2,Louisville,Michigan St.,0.5612051015065629,Louisville,63
2026,2,UCF,Connecticut,0.12428929276650445,Connecticut,63
2026,2,Florida,Clemson,0.8704037936386363,Florida,63
2026,2,Vanderbilt,Nebraska,0.6958811683383198,Vanderbilt,63
2026,2,North Carolina,Illinois,0.10245434976003936,Illinois,63
2026,2,Saint Mary's,Houston,0.10279738958252423,Houston,63
2026,2,Arizona,Utah St.,0.8432400875380335,Arizona,63
2026,2,Wisconsin,Arkansas,0.5029063675214598,Wisconsin,63
2026,2,Texas,Gonzaga,0.3446493122370096,Gonzaga,63
2026,2,Miami FL,Purdue,0.09793306781615119,Purdue,63
2026,2,Michigan,Georgia,0.866337900347868,Michigan,63
2026,2,Texas Tech,Alabama,0.5906841722207969,Alabama,63
2026,2,Tennessee,Virginia,0.5921018558449337,Virginia,63
2026,2,Kentucky,Iowa St.,0.1771844338333049,Iowa St.,63
2026,3,Duke,St. John's,0.7587877180879463,Duke,63
2026,3,Louisville,Connecticut,0.4793076795515448,Connecticut,63
2026,3,Florida,Vanderbilt,0.6613068485024125,Vanderbilt,63
2026,3,Illinois,Houston,0.5459470626236897,Houston,63
2026,3,Arizona,Wisconsin,0.68789924261849,Arizona,63
2026,3,Gonzaga,Purdue,0.18791666028135517,Purdue,63
2026,3,Michigan,Alabama,0.6895962556154527,Michigan,63
2026,3,Virginia,Iowa St.,0.2957104446671426,Virginia,63
2026,4,Duke,Connecticut,0.7426830871082504,Duke,63
2026,4,Vanderbilt,Houston,0.28198971818666835,Vanderbilt,63
2026,4,Arizona,Purdue,0.4701958688898175,Arizona,63
2026,4,Michigan,Virginia,0.7539419566136315,Michigan,63
2026,5,Duke,Vanderbilt,0.685509282518029,Duke,63
2026,5,Arizona,Michigan,0.4447304585569584,Arizona,63
2026,6,Duke,Arizona,0.5673688894729472,Duke,63
2026,1,Duke,Siena,0.9944116614139509,Duke,64
2026,1,Ohio St.,TCU,0.8247307005139348,TCU,64
2026,1,St. John's,Northern Iowa,0.8331464003573522,St. John's,64
2026,1,Kansas,Cal Baptist,0.9378160074405435,Kansas,64
2026,1,Louisville,South Florida,0.7942578724375865,Louisville,64
2026,1,Michigan St.,North Dakota St.,0.9552857140503138,Michigan St.,64
2026,1,UCLA,UCF,0.8599254415690811,UCLA,64
2026,1,Connecticut,Furman,0.9823903432449944,Connecticut,64
2026,1,Florida,Prairie View A&M,0.9969490217891839,Florida,64
2026,1,Clemson,Iowa,0.3627148326932703,Iowa,64
2026,1,Vanderbilt,McNeese St.,0.9261622028485247,Vanderbilt,64
2026,1,Nebraska,Troy,0.9459366397748131,Nebraska,64
2026,1,North Carolina,VCU,0.6938511955149728,North Carolina,64
2026,1,Illinois,Penn,0.9914285746265543,Illinois,64
2026,1,Saint Mary's,Texas A&M,0.47165331625093126,Saint Mary's,64
2026,1,Houston,Idaho,0.9889877212017745,Houston,64
2026,1,Arizona,LIU,0.9971492836437457,Arizona,64
2026,1,Villanova,Utah St.,0.5200329159906949,Villanova,64
2026,1,Wisconsin,High Point,0.9551567732814226,Wisconsin,64
2026,1,Arkansas,Hawaii,0.9712160813684694,Hawaii,64
2026,1,BYU,Texas,0.5184462126308838,Texas,64
2026,1,Gonzaga,Kennesaw St.,0.9523105407589534,Kennesaw St.,64
2026,1,Miami FL,Missouri,0.4371796951565946,Miami FL,64
2026,1,Purdue,Queens,0.9942485827871558,Purdue,64
2026,1,Michigan,Howard,0.9958654763245225,Michigan,64
2026,1,Georgia,Saint Louis,0.7588390832517659,Georgia,64
2026,1,Texas Tech,Akron,0.9516622481492901,Texas Tech,64
2026,1,Alabama,Hofstra,0.9292101382980879,Alabama,64
2026,1,Tennessee,Miami OH,0.9743983186142834,Tennessee,64
2026,1,Virginia,Wright St.,0.9554897234928257,Virginia,64
2026,1,Kentucky,Santa Clara,0.45174906885620525,Kentucky,64
2026,1,Iowa St.,Tennessee St.,0.9969838955993388,Iowa St.,64
2026,2,Duke,TCU,0.9351962827442268,Duke,64
2026,2,St. John's,Kansas,0.524050661834133,Kansas,64
2026,2,Louisville,Michigan St.,0.5612051015065629,Louisville,64
2026,2,UCLA,Connecticut,0.4656160824030859,Connecticut,64
2026,2,Florida,Iowa,0.7926434027221209,Florida,64
2026,2,Vanderbilt,Nebraska,0.6958811683383198,Vanderbilt,64
2026,2,North Carolina,Illinois,0.10245434976003936,Illinois,64
2026,2,Saint Mary's,Houston,0.10279738958252423,Houston,64
2026,2,Arizona,Villanova,0.8323482094236314,Arizona,64
2026,2,Wisconsin,Hawaii,0.9715393054325993,Wisconsin,64
2026,2,Texas,Kennesaw St.,0.9130563751092028,Texas,64
2026,2,Miami FL,Purdue,0.09793306781615119,Purdue,64
2026,2,Michigan,Georgia,0.866337900347868,Michigan,64
2026,2,Texas Tech,Alabama,0.5906841722207969,Texas Tech,64
2026,2,Tennessee,Virginia,0.5921018558449337,Tennessee,64
2026,2,Kentucky,Iowa St.,0.1771844338333049,Iowa St.,64
2026,3,Duke,Kansas,0.7759678663752496,Duke,64
2026,3,Louisville,Connecticut,0.4793076795515448,Louisville,64
2026,3,Florida,Vanderbilt,0.6613068485024125,Vanderbilt,64
2026,3,Illinois,Houston,0.5459470626236897,Illinois,64
2026,3,Arizona,Wisconsin,0.68789924261849,Arizona,64
2026,3,Texas,Purdue,0.10849108035402699,Purdue,64
2026,3,Michigan,Texas Tech,0.606217000166059,Texas Tech,64
2026,3,Tennessee,Iowa St.,0.37868166566768885,Iowa St.,64
2026,4,Duke,Louisville,0.7581892365730687,Louisville,64
2026,4,Vanderbilt,Illinois,0.24621138868289286,Illinois,64
2026,4,Arizona,Purdue,0.4701958688898175,Purdue,64
2026,4,Texas Tech,Iowa St.,0.4552453740527298,Iowa St.,64
2026,5,Louisville,Illinois,0.1850513760536087,Illinois,64
2026,5,Purdue,Iowa St.,0.5372587698757884,Purdue,64
2026,6,Illinois,Purdue,0.620455082397851,Illinois,64
2026,1,Duke,Siena,0.9944116614139509,Duke,65
2026,1,Ohio St.,TCU,0.8247307005139348,Ohio St.,65
2026,1,St. John's,Northern Iowa,0.8331464003573522,St. John's,65
2026,1,Kansas,Cal Baptist,0.9378160074405435,Kansas,65
2026,1,Louisville,South Florida,0.7942578724375865,Louisville,65
2026,1,Michigan St.,North Dakota St.,0.9552857140503138,Michigan St.,65
2026,1,UCLA,UCF,0.8599254415690811,UCLA,65
2026,1,Connecticut,Furman,0.9823903432449944,Connecticut,65
2026,1,Florida,Prairie View A&M,0.9969490217891839,Florida,65
2026,1,Clemson,Iowa,0.3627148326932703,Iowa,65
2026,1,Vanderbilt,McNeese St.,0.9261622028485247,Vanderbilt,65
2026,1,Nebraska,Troy,0.9459366397748131,Nebraska,65
2026,1,North Carolina,VCU,0.6938511955149728,North Carolina,65
2026,1,Illinois,Penn,0.9914285746265543,Illinois,65
2026,1,Saint Mary's,Texas A&M,0.47165331625093126,Saint Mary's,65
2026,1,Houston,Idaho,0.9889877212017745,Houston,65
2026,1,Arizona,LIU,0.9971492836437457,Arizona,65
2026,1,Villanova,Utah St.,0.5200329159906949,Utah St.,65
2026,1,Wisconsin,High Point,0.9551567732814226,Wisconsin,65
2026,1,Arkansas,Hawaii,0.9712160813684694,Arkansas,65
2026,1,BYU,Texas,0.5184462126308838,Texas,65
2026,1,Gonzaga,Kennesaw St.,0.9523105407589534,Gonzaga,65
2026,1,Miami FL,Missouri,0.4371796951565946,Missouri,65
2026,1,Purdue,Queens,0.9942485827871558,Purdue,65
2026,1,Michigan,Howard,0.9958654763245225,Michigan,65
2026,1,Georgia,Saint Louis,0.7588390832517659,Saint Louis,65
2026,1,Texas Tech,Akron,0.9516622481492901,Texas Tech,65
2026,1,Alabama,Hofstra,0.9292101382980879,Alabama,65
2026,1,Tennessee,Miami OH,0.9743983186142834,Tennessee,65
2026,1,Virginia,Wright St.,0.9554897234928257,Virginia,65
2026,1,Kentucky,Santa Clara,0.45174906885620525,Kentucky,65
2026,1,Iowa St.,Tennessee St.,0.9969838955993388,Iowa St.,65
2026,2,Duke,Ohio St.,0.754111157056542,Duke,65
2026,2,St. John's,Kansas,0.524050661834133,Kansas,65
2026,2,Louisville,Michigan St.,0.5612051015065629,Louisville,65
2026,2,UCLA,Connecticut,0.4656160824030859,Connecticut,65
2026,2,Florida,Iowa,0.7926434027221209,Iowa,65
2026,2,Vanderbilt,Nebraska,0.6958811683383198,Vanderbilt,65
2026,2,North Carolina,Illinois,0.10245434976003936,Illinois,65
2026,2,Saint Mary's,Houston,0.10279738958252423,Houston,65
2026,2,Arizona,Utah St.,0.8432400875380335,Arizona,65
2026,2,Wisconsin,Arkansas,0.5029063675214598,Wisconsin,65
2026,2,Texas,Gonzaga,0.3446493122370096,Texas,65
2026,2,Missouri,Purdue,0.12262663643158621,Purdue,65
2026,2,Michigan,Saint Louis,0.9532599115629986,Michigan,65
2026,2,Texas Tech,Alabama,0.5906841722207969,Texas Tech,65
2026,2,Tennessee,Virginia,0.5921018558449337,Tennessee,65
2026,2,Kentucky,Iowa St.,0.1771844338333049,Iowa St.,65
2026,3,Duke,Kansas,0.7759678663752496,Duke,65
2026,3,Louisville,Connecticut,0.4793076795515448,Louisville,65
2026,3,Iowa,Vanderbilt,0.33809166451741723,Vanderbilt,65
2026,3,Illinois,Houston,0.5459470626236897,Illinois,65
2026,3,Arizona,Wisconsin,0.68789924261849,Arizona,65
2026,3,Texas,Purdue,0.10849108035402699,Purdue,65
2026,3,Michigan,Texas Tech,0.606217000166059,Michigan,65
2026,3,Tennessee,Iowa St.,0.37868166566768885,Iowa St.,65
2026,4,Duke,Louisville,0.7581892365730687,Duke,65
2026,4,Vanderbilt,Illinois,0.24621138868289286,Vanderbilt,65
2026,4,Arizona,Purdue,0.4701958688898175,Arizona,65
2026,4,Michigan,Iowa St.,0.562653722755456,Iowa St.,65
2026,5,Duke,Vanderbilt,0.685509282518029,Vanderbilt,65
2026,5,Arizona,Iowa St.,0.5074878989723941,Arizona,65
2026,6,Vanderbilt,Arizona,0.3756429720946298,Vanderbilt,65
2026,1,Duke,Siena,0.9944116614139509,Duke,66
2026,1,Ohio St.,TCU,0.8247307005139348,Ohio St.,66
2026,1,St. John's,Northern Iowa,0.8331464003573522,St. John's,66
2026,1,Kansas,Cal Baptist,0.9378160074405435,Kansas,66
2026,1,Louisville,South Florida,0.7942578724375865,South Florida,66
2026,1,Michigan St.,North Dakota St.,0.9552857140503138,Michigan St.,66
2026,1,UCLA,UCF,0.8599254415690811,UCLA,66
2026,1,Connecticut,Furman,0.9823903432449944,Connecticut,66
2026,1,Florida,Prairie View A&M,0.9969490217891839,Florida,66
2026,1,Clemson,Iowa,0.3627148326932703,Iowa,66
2026,1,Vanderbilt,McNeese St.,0.9261622028485247,Vanderbilt,66
2026,1,Nebraska,Troy,0.9459366397748131,Nebraska,66
2026,1,North Carolina,VCU,0.6938511955149728,VCU,66
2026,1,Illinois,Penn,0.9914285746265543,Illinois,66
2026,1,Saint Mary's,Texas A&M,0.47165331625093126,Texas A&M,66
2026,1,Houston,Idaho,0.9889877212017745,Houston,66
2026,1,Arizona,LIU,0.9971492836437457,Arizona,66
2026,1,Villanova,Utah St.,0.5200329159906949,Utah St.,66
2026,1,Wisconsin,High Point,0.9551567732814226,Wisconsin,66
2026,1,Arkansas,Hawaii,0.9712160813684694,Arkansas,66
2026,1,BYU,Texas,0.5184462126308838,BYU,66
2026,1,Gonzaga,Kennesaw St.,0.9523105407589534,Gonzaga,66
2026,1,Miami FL,Missouri,0.4371796951565946,Missouri,66
2026,1,Purdue,Queens,0.9942485827871558,Purdue,66
2026,1,Michigan,Howard,0.9958654763245225,Michigan,66
2026,1,Georgia,Saint Louis,0.7588390832517659,Saint Louis,66
2026,1,Texas Tech,Akron,0.9516622481492901,Texas Tech,66
2026,1,Alabama,Hofstra,0.9292101382980879,Alabama,66
2026,1,Tennessee,Miami OH,0.9743983186142834,Tennessee,66
2026,1,Virginia,Wright St.,0.9554897234928257,Wright St.,66
2026,1,Kentucky,Santa Clara,0.45174906885620525,Kentucky,66
2026,1,Iowa St.,Tennessee St.,0.9969838955993388,Iowa St.,66
2026,2,Duke,Ohio St.,0.754111157056542,Duke,66
2026,2,St. John's,Kansas,0.524050661834133,Kansas,66
2026,2,South Florida,Michigan St.,0.24885463353731688,Michigan St.,66
2026,2,UCLA,Connecticut,0.4656160824030859,Connecticut,66
2026,2,Florida,Iowa,0.7926434027221209,Florida,66
2026,2,Vanderbilt,Nebraska,0.6958811683383198,Vanderbilt,66
2026,2,VCU,Illinois,0.047951180201484304,Illinois,66
2026,2,Texas A&M,Houston,0.11374825773649348,Houston,66
2026,2,Arizona,Utah St.,0.8432400875380335,Arizona,66
2026,2,Wisconsin,Arkansas,0.5029063675214598,Arkansas,66
2026,2,BYU,Gonzaga,0.3615080571960916,Gonzaga,66
2026,2,Missouri,Purdue,0.12262663643158621,Purdue,66
2026,2,Michigan,Saint Louis,0.9532599115629986,Michigan,66
2026,2,Texas Tech,Alabama,0.5906841722207969,Texas Tech,66
2026,2,Tennessee,Wright St.,0.9689063725244433,Tennessee,66
2026,2,Kentucky,Iowa St.,0.1771844338333049,Kentucky,66
2026,3,Duke,Kansas,0.7759678663752496,Duke,66
2026,3,Michigan St.,Connecticut,0.41851537121286536,Connecticut,66
2026,3,Florida,Vanderbilt,0.6613068485024125,Florida,66
2026,3,Illinois,Houston,0.5459470626236897,Illinois,66
2026,3,Arizona,Arkansas,0.6903897195952309,Arkansas,66
2026,3,Gonzaga,Purdue,0.18791666028135517,Purdue,66
2026,3,Michigan,Texas Tech,0.606217000166059,Michigan,66
2026,3,Tennessee,Kentucky,0.7389258749973996,Tennessee,66
2026,4,Duke,Connecticut,0.7426830871082504,Duke,66
2026,4,Florida,Illinois,0.38940877286056486,Illinois,66
2026,4,Arkansas,Purdue,0.2846930993448674,Purdue,66
2026,4,Michigan,Tennessee,0.6785435855710996,Michigan,66
2026,5,Duke,Illinois,0.41587894615796644,Duke,66
2026,5,Purdue,Michigan,0.47436568406645174,Michigan,66
2026,6,Duke,Michigan,0.5122822777010291,Duke,66
2026,1,Duke,Siena,0.9944116614139509,Duke,67
2026,1,Ohio St.,TCU,0.8247307005139348,Ohio St.,67
2026,1,St. John's,Northern Iowa,0.8331464003573522,St. John's,67
2026,1,Kansas,Cal Baptist,0.9378160074405435,Kansas,67
2026,1,Louisville,South Florida,0.7942578724375865,South Florida,67
2026,1,Michigan St.,North Dakota St.,0.9552857140503138,Michigan St.,67
2026,1,UCLA,UCF,0.8599254415690811,UCLA,67
2026,1,Connecticut,Furman,0.9823903432449944,Connecticut,67
2026,1,Florida,Prairie View A&M,0.9969490217891839,Florida,67
2026,1,Clemson,Iowa,0.3627148326932703,Iowa,67
2026,1,Vanderbilt,McNeese St.,0.9261622028485247,Vanderbilt,67
2026,1,Nebraska,Troy,0.9459366397748131,Nebraska,67
2026,1,North Carolina,VCU,0.6938511955149728,VCU,67
2026,1,Illinois,Penn,0.9914285746265543,Illinois,67
2026,1,Saint Mary's,Texas A&M,0.47165331625093126,Texas A&M,67
2026,1,Houston,Idaho,0.9889877212017745,Houston,67
2026,1,Arizona,LIU,0.9971492836437457,Arizona,67
2026,1,Villanova,Utah St.,0.5200329159906949,Utah St.,67
2026,1,Wisconsin,High Point,0.9551567732814226,Wisconsin,67
2026,1,Arkansas,Hawaii,0.9712160813684694,Hawaii,67
2026,1,BYU,Texas,0.5184462126308838,Texas,67
2026,1,Gonzaga,Kennesaw St.,0.9523105407589534,Gonzaga,67
2026,1,Miami FL,Missouri,0.4371796951565946,Missouri,67
2026,1,Purdue,Queens,0.9942485827871558,Purdue,67
2026,1,Michigan,Howard,0.9958654763245225,Michigan,67
2026,1,Georgia,Saint Louis,0.7588390832517659,Georgia,67
2026,1,Texas Tech,Akron,0.9516622481492901,Texas Tech,67
2026,1,Alabama,Hofstra,0.9292101382980879,Alabama,67
2026,1,Tennessee,Miami OH,0.9743983186142834,Tennessee,67
2026,1,Virginia,Wright St.,0.9554897234928257,Virginia,67
2026,1,Kentucky,Santa Clara,0.45174906885620525,Kentucky,67
2026,1,Iowa St.,Tennessee St.,0.9969838955993388,Iowa St.,67
2026,2,Duke,Ohio St.,0.754111157056542,Duke,67
2026,2,St. John's,Kansas,0.524050661834133,Kansas,67
2026,2,South Florida,Michigan St.,0.24885463353731688,Michigan St.,67
2026,2,UCLA,Connecticut,0.4656160824030859,Connecticut,67
2026,2,Florida,Iowa,0.7926434027221209,Florida,67
2026,2,Vanderbilt,Nebraska,0.6958811683383198,Vanderbilt,67
2026,2,VCU,Illinois,0.047951180201484304,Illinois,67
2026,2,Texas A&M,Houston,0.11374825773649348,Houston,67
2026,2,Arizona,Utah St.,0.8432400875380335,Arizona,67
2026,2,Wisconsin,Hawaii,0.9715393054325993,Wisconsin,67
2026,2,Texas,Gonzaga,0.3446493122370096,Texas,67
2026,2,Missouri,Purdue,0.12262663643158621,Purdue,67
2026,2,Michigan,Georgia,0.866337900347868,Michigan,67
2026,2,Texas Tech,Alabama,0.5906841722207969,Alabama,67
2026,2,Tennessee,Virginia,0.5921018558449337,Virginia,67
2026,2,Kentucky,Iowa St.,0.1771844338333049,Iowa St.,67
2026,3,Duke,Kansas,0.7759678663752496,Duke,67
2026,3,Michigan St.,Connecticut,0.41851537121286536,Michigan St.,67
2026,3,Florida,Vanderbilt,0.6613068485024125,Florida,67
2026,3,Illinois,Houston,0.5459470626236897,Illinois,67
2026,3,Arizona,Wisconsin,0.68789924261849,Wisconsin,67
2026,3,Texas,Purdue,0.10849108035402699,Purdue,67
2026,3,Michigan,Alabama,0.6895962556154527,Michigan,67
2026,3,Virginia,Iowa St.,0.2957104446671426,Virginia,67
2026,4,Duke,Michigan St.,0.8004056959239918,Duke,67
2026,4,Florida,Illinois,0.38940877286056486,Florida,67
2026,4,Wisconsin,Purdue,0.28706648492331593,Purdue,67
2026,4,Michigan,Virginia,0.7539419566136315,Michigan,67
2026,5,Duke,Florida,0.5274932579747873,Florida,67
2026,5,Purdue,Michigan,0.47436568406645174,Michigan,67
2026,6,Florida,Michigan,0.48476844617225257,Florida,67
2026,1,Duke,Siena,0.9944116614139509,Duke,68
2026,1,Ohio St.,TCU,0.8247307005139348,Ohio St.,68
2026,1,St. John's,Northern Iowa,0.8331464003573522,St. John's,68
2026,1,Kansas,Cal Baptist,0.9378160074405435,Kansas,68
2026,1,Louisville,South Florida,0.7942578724375865,South Florida,68
2026,1,Michigan St.,North Dakota St.,0.9552857140503138,Michigan St.,68
2026,1,UCLA,UCF,0.8599254415690811,UCLA,68
2026,1,Connecticut,Furman,0.9823903432449944,Connecticut,68
2026,1,Florida,Prairie View A&M,0.9969490217891839,Florida,68
2026,1,Clemson,Iowa,0.3627148326932703,Iowa,68
2026,1,Vanderbilt,McNeese St.,0.9261622028485247,Vanderbilt,68
2026,1,Nebraska,Troy,0.9459366397748131,Nebraska,68
2026,1,North Carolina,VCU,0.6938511955149728,VCU,68
2026,1,Illinois,Penn,0.9914285746265543,Illinois,68
2026,1,Saint Mary's,Texas A&M,0.47165331625093126,Saint Mary's,68
2026,1,Houston,Idaho,0.9889877212017745,Houston,68
2026,1,Arizona,LIU,0.9971492836437457,Arizona,68
2026,1,Villanova,Utah St.,0.5200329159906949,Utah St.,68
2026,1,Wisconsin,High Point,0.9551567732814226,Wisconsin,68
2026,1,Arkansas,Hawaii,0.9712160813684694,Arkansas,68
2026,1,BYU,Texas,0.5184462126308838,Texas,68
2026,1,Gonzaga,Kennesaw St.,0.9523105407589534,Gonzaga,68
2026,1,Miami FL,Missouri,0.4371796951565946,Missouri,68
2026,1,Purdue,Queens,0.9942485827871558,Purdue,68
2026,1,Michigan,Howard,0.9958654763245225,Michigan,68
2026,1,Georgia,Saint Louis,0.7588390832517659,Saint Louis,68
2026,1,Texas Tech,Akron,0.9516622481492901,Texas Tech,68
2026,1,Alabama,Hofstra,0.9292101382980879,Alabama,68
2026,1,Tennessee,Miami OH,0.9743983186142834,Tennessee,68
2026,1,Virginia,Wright St.,0.9554897234928257,Virginia,68
2026,1,Kentucky,Santa Clara,0.45174906885620525,Kentucky,68
2026,1,Iowa St.,Tennessee St.,0.9969838955993388,Iowa St.,68
2026,2,Duke,Ohio St.,0.754111157056542,Duke,68
2026,2,St. John's,Kansas,0.524050661834133,Kansas,68
2026,2,South Florida,Michigan St.,0.24885463353731688,South Florida,68
2026,2,UCLA,Connecticut,0.4656160824030859,UCLA,68
2026,2,Florida,Iowa,0.7926434027221209,Florida,68
2026,2,Vanderbilt,Nebraska,0.6958811683383198,Nebraska,68
2026,2,VCU,Illinois,0.047951180201484304,Illinois,68
2026,2,Saint Mary's,Houston,0.10279738958252423,Houston,68
2026,2,Arizona,Utah St.,0.8432400875380335,Utah St.,68
2026,2,Wisconsin,Arkansas,0.5029063675214598,Wisconsin,68
2026,2,Texas,Gonzaga,0.3446493122370096,Gonzaga,68
2026,2,Missouri,Purdue,0.12262663643158621,Purdue,68
2026,2,Michigan,Saint Louis,0.9532599115629986,Michigan,68
2026,2,Texas Tech,Alabama,0.5906841722207969,Texas Tech,68
2026,2,Tennessee,Virginia,0.5921018558449337,Virginia,68
2026,2,Kentucky,Iowa St.,0.1771844338333049,Iowa St.,68
2026,3,Duke,Kansas,0.7759678663752496,Duke,68
2026,3,South Florida,UCLA,0.21486460401218846,UCLA,68
2026,3,Florida,Nebraska,0.8171092464488837,Florida,68
2026,3,Illinois,Houston,0.5459470626236897,Houston,68
2026,3,Utah St.,Wisconsin,0.290651909418008,Wisconsin,68
2026,3,Gonzaga,Purdue,0.18791666028135517,Purdue,68
2026,3,Michigan,Texas Tech,0.606217000166059,Michigan,68
2026,3,Virginia,Iowa St.,0.2957104446671426,Iowa St.,68
2026,4,Duke,UCLA,0.768117878478023,UCLA,68
2026,4,Florida,Houston,0.4340146591383405,Florida,68
2026,4,Wisconsin,Purdue,0.28706648492331593,Purdue,68
2026,4,Michigan,Iowa St.,0.562653722755456,Michigan,68
2026,5,UCLA,Florida,0.25206482848367573,Florida,68
2026,5,Purdue,Michigan,0.47436568406645174,Michigan,68
2026,6,Florida,Michigan,0.48476844617225257,Florida,68
2026,1,Duke,Siena,0.9944116614139509,Duke,69
2026,1,Ohio St.,TCU,0.8247307005139348,Ohio St.,69
2026,1,St. John's,Northern Iowa,0.8331464003573522,Northern Iowa,69
2026,1,Kansas,Cal Baptist,0.9378160074405435,Kansas,69
2026,1,Louisville,South Florida,0.7942578724375865,South Florida,69
2026,1,Michigan St.,North Dakota St.,0.9552857140503138,Michigan St.,69
2026,1,UCLA,UCF,0.8599254415690811,UCLA,69
2026,1,Connecticut,Furman,0.9823903432449944,Connecticut,69
2026,1,Florida,Prairie View A&M,0.9969490217891839,Florida,69
2026,1,Clemson,Iowa,0.3627148326932703,Iowa,69
2026,1,Vanderbilt,McNeese St.,0.9261622028485247,Vanderbilt,69
2026,1,Nebraska,Troy,0.9459366397748131,Nebraska,69
2026,1,North Carolina,VCU,0.6938511955149728,North Carolina,69
2026,1,Illinois,Penn,0.9914285746265543,Illinois,69
2026,1,Saint Mary's,Texas A&M,0.47165331625093126,Texas A&M,69
2026,1,Houston,Idaho,0.9889877212017745,Houston,69
2026,1,Arizona,LIU,0.9971492836437457,Arizona,69
2026,1,Villanova,Utah St.,0.5200329159906949,Utah St.,69
2026,1,Wisconsin,High Point,0.9551567732814226,High Point,69
2026,1,Arkansas,Hawaii,0.9712160813684694,Arkansas,69
2026,1,BYU,Texas,0.5184462126308838,BYU,69
2026,1,Gonzaga,Kennesaw St.,0.9523105407589534,Gonzaga,69
2026,1,Miami FL,Missouri,0.4371796951565946,Missouri,69
2026,1,Purdue,Queens,0.9942485827871558,Purdue,69
2026,1,Michigan,Howard,0.9958654763245225,Michigan,69
2026,1,Georgia,Saint Louis,0.7588390832517659,Georgia,69
2026,1,Texas Tech,Akron,0.9516622481492901,Texas Tech,69
2026,1,Alabama,Hofstra,0.9292101382980879,Alabama,69
2026,1,Tennessee,Miami OH,0.9743983186142834,Tennessee,69
2026,1,Virginia,Wright St.,0.9554897234928257,Virginia,69
2026,1,Kentucky,Santa Clara,0.45174906885620525,Kentucky,69
2026,1,Iowa St.,Tennessee St.,0.9969838955993388,Iowa St.,69
2026,2,Duke,Ohio St.,0.754111157056542,Ohio St.,69
2026,2,Northern Iowa,Kansas,0.18066986949018937,Kansas,69
2026,2,South Florida,Michigan St.,0.24885463353731688,Michigan St.,69
2026,2,UCLA,Connecticut,0.4656160824030859,UCLA,69
2026,2,Florida,Iowa,0.7926434027221209,Iowa,69
2026,2,Vanderbilt,Nebraska,0.6958811683383198,Vanderbilt,69
2026,2,North Carolina,Illinois,0.10245434976003936,Illinois,69
2026,2,Texas A&M,Houston,0.11374825773649348,Texas A&M,69
2026,2,Arizona,Utah St.,0.8432400875380335,Arizona,69
2026,2,High Point,Arkansas,0.04534382132942886,Arkansas,69
2026,2,BYU,Gonzaga,0.3615080571960916,BYU,69
2026,2,Missouri,Purdue,0.12262663643158621,Purdue,69
2026,2,Michigan,Georgia,0.866337900347868,Michigan,69
2026,2,Texas Tech,Alabama,0.5906841722207969,Alabama,69
2026,2,Tennessee,Virginia,0.5921018558449337,Tennessee,69
2026,2,Kentucky,Iowa St.,0.1771844338333049,Iowa St.,69
2026,3,Ohio St.,Kansas,0.5303778919627196,Ohio St.,69
2026,3,Michigan St.,UCLA,0.4523654463161424,UCLA,69
2026,3,Iowa,Vanderbilt,0.33809166451741723,Vanderbilt,69
2026,3,Illinois,Texas A&M,0.9035512911569338,Illinois,69
2026,3,Arizona,Arkansas,0.6903897195952309,Arizona,69
2026,3,BYU,Purdue,0.1158398959796437,BYU,69
2026,3,Michigan,Alabama,0.6895962556154527,Michigan,69
2026,3,Tennessee,Iowa St.,0.37868166566768885,Iowa St.,69
2026,4,Ohio St.,UCLA,0.5192539393003127,Ohio St.,69
2026,4,Vanderbilt,Illinois,0.24621138868289286,Vanderbilt,69
2026,4,Arizona,BYU,0.8713637775086326,Arizona,69
2026,4,Michigan,Iowa St.,0.562653722755456,Michigan,69
2026,5,Ohio St.,Vanderbilt,0.4154566360512778,Vanderbilt,69
2026,5,Arizona,Michigan,0.4447304585569584,Michigan,69
2026,6,Vanderbilt,Michigan,0.3251796993794666,Michigan,69
2026,1,Duke,Siena,0.9944116614139509,Duke,70
2026,1,Ohio St.,TCU,0.8247307005139348,Ohio St.,70
2026,1,St. John's,Northern Iowa,0.8331464003573522,St. John's,70
2026,1,Kansas,Cal Baptist,0.9378160074405435,Kansas,70
2026,1,Louisville,South Florida,0.7942578724375865,Louisville,70
2026,1,Michigan St.,North Dakota St.,0.9552857140503138,Michigan St.,70
2026,1,UCLA,UCF,0.8599254415690811,UCLA,70
2026,1,Connecticut,Furman,0.9823903432449944,Connecticut,70
2026,1,Florida,Prairie View A&M,0.9969490217891839,Florida,70
2026,1,Clemson,Iowa,0.3627148326932703,Iowa,70
2026,1,Vanderbilt,McNeese St.,0.9261622028485247,Vanderbilt,70
2026,1,Nebraska,Troy,0.9459366397748131,Nebraska,70
2026,1,North Carolina,VCU,0.6938511955149728,VCU,70
2026,1,Illinois,Penn,0.9914285746265543,Illinois,70
2026,1,Saint Mary's,Texas A&M,0.47165331625093126,Texas A&M,70
2026,1,Houston,Idaho,0.9889877212017745,Houston,70
2026,1,Arizona,LIU,0.9971492836437457,Arizona,70
2026,1,Villanova,Utah St.,0.5200329159906949,Utah St.,70
2026,1,Wisconsin,High Point,0.9551567732814226,Wisconsin,70
2026,1,Arkansas,Hawaii,0.9712160813684694,Arkansas,70
2026,1,BYU,Texas,0.5184462126308838,Texas,70
2026,1,Gonzaga,Kennesaw St.,0.9523105407589534,Gonzaga,70
2026,1,Miami FL,Missouri,0.4371796951565946,Miami FL,70
2026,1,Purdue,Queens,0.9942485827871558,Purdue,70
2026,1,Michigan,Howard,0.9958654763245225,Michigan,70
2026,1,Georgia,Saint Louis,0.7588390832517659,Georgia,70
2026,1,Texas Tech,Akron,0.9516622481492901,Texas Tech,70
2026,1,Alabama,Hofstra,0.9292101382980879,Alabama,70
2026,1,Tennessee,Miami OH,0.9743983186142834,Tennessee,70
2026,1,Virginia,Wright St.,0.9554897234928257,Virginia,70
2026,1,Kentucky,Santa Clara,0.45174906885620525,Kentucky,70
2026,1,Iowa St.,Tennessee St.,0.9969838955993388,Iowa St.,70
2026,2,Duke,Ohio St.,0.754111157056542,Duke,70
2026,2,St. John's,Kansas,0.524050661834133,St. John's,70
2026,2,Louisville,Michigan St.,0.5612051015065629,Louisville,70
2026,2,UCLA,Connecticut,0.4656160824030859,UCLA,70
2026,2,Florida,Iowa,0.7926434027221209,Florida,70
2026,2,Vanderbilt,Nebraska,0.6958811683383198,Nebraska,70
2026,2,VCU,Illinois,0.047951180201484304,Illinois,70
2026,2,Texas A&M,Houston,0.11374825773649348,Houston,70
2026,2,Arizona,Utah St.,0.8432400875380335,Arizona,70
2026,2,Wisconsin,Arkansas,0.5029063675214598,Arkansas,70
2026,2,Texas,Gonzaga,0.3446493122370096,Gonzaga,70
2026,2,Miami FL,Purdue,0.09793306781615119,Purdue,70
2026,2,Michigan,Georgia,0.866337900347868,Michigan,70
2026,2,Texas Tech,Alabama,0.5906841722207969,Texas Tech,70
2026,2,Tennessee,Virginia,0.5921018558449337,Virginia,70
2026,2,Kentucky,Iowa St.,0.1771844338333049,Iowa St.,70
2026,3,Duke,St. John's,0.7587877180879463,Duke,70
2026,3,Louisville,UCLA,0.5137306737144266,Louisville,70
2026,3,Florida,Nebraska,0.8171092464488837,Florida,70
2026,3,Illinois,Houston,0.5459470626236897,Illinois,70
2026,3,Arizona,Arkansas,0.6903897195952309,Arkansas,70
2026,3,Gonzaga,Purdue,0.18791666028135517,Purdue,70
2026,3,Michigan,Texas Tech,0.606217000166059,Texas Tech,70
2026,3,Virginia,Iowa St.,0.2957104446671426,Virginia,70
2026,4,Duke,Louisville,0.7581892365730687,Duke,70
2026,4,Florida,Illinois,0.38940877286056486,Illinois,70
2026,4,Arkansas,Purdue,0.2846930993448674,Purdue,70
2026,4,Texas Tech,Virginia,0.665590853591359,Virginia,70
2026,5,Duke,Illinois,0.41587894615796644,Duke,70
2026,5,Purdue,Virginia,0.7344113641208082,Virginia,70
2026,6,Duke,Virginia,0.7629437630398562,Duke,70
2026,1,Duke,Siena,0.9944116614139509,Duke,71
2026,1,Ohio St.,TCU,0.8247307005139348,Ohio St.,71
2026,1,St. John's,Northern Iowa,0.8331464003573522,St. John's,71
2026,1,Kansas,Cal Baptist,0.9378160074405435,Kansas,71
2026,1,Louisville,South Florida,0.7942578724375865,Louisville,71
2026,1,Michigan St.,North Dakota St.,0.9552857140503138,Michigan St.,71
2026,1,UCLA,UCF,0.8599254415690811,UCLA,71
2026,1,Connecticut,Furman,0.9823903432449944,Connecticut,71
2026,1,Florida,Prairie View A&M,0.9969490217891839,Florida,71
2026,1,Clemson,Iowa,0.3627148326932703,Iowa,71
2026,1,Vanderbilt,McNeese St.,0.9261622028485247,Vanderbilt,71
2026,1,Nebraska,Troy,0.9459366397748131,Nebraska,71
2026,1,North Carolina,VCU,0.6938511955149728,North Carolina,71
2026,1,Illinois,Penn,0.9914285746265543,Illinois,71
2026,1,Saint Mary's,Texas A&M,0.47165331625093126,Texas A&M,71
2026,1,Houston,Idaho,0.9889877212017745,Houston,71
2026,1,Arizona,LIU,0.9971492836437457,Arizona,71
2026,1,Villanova,Utah St.,0.5200329159906949,Villanova,71
2026,1,Wisconsin,High Point,0.9551567732814226,Wisconsin,71
2026,1,Arkansas,Hawaii,0.9712160813684694,Arkansas,71
2026,1,BYU,Texas,0.5184462126308838,BYU,71
2026,1,Gonzaga,Kennesaw St.,0.9523105407589534,Gonzaga,71
2026,1,Miami FL,Missouri,0.4371796951565946,Missouri,71
2026,1,Purdue,Queens,0.9942485827871558,Purdue,71
2026,1,Michigan,Howard,0.9958654763245225,Michigan,71
2026,1,Georgia,Saint Louis,0.7588390832517659,Georgia,71
2026,1,Texas Tech,Akron,0.9516622481492901,Texas Tech,71
2026,1,Alabama,Hofstra,0.9292101382980879,Alabama,71
2026,1,Tennessee,Miami OH,0.9743983186142834,Tennessee,71
2026,1,Virginia,Wright St.,0.9554897234928257,Virginia,71
2026,1,Kentucky,Santa Clara,0.45174906885620525,Kentucky,71
2026,1,Iowa St.,Tennessee St.,0.9969838955993388,Iowa St.,71
2026,2,Duke,Ohio St.,0.754111157056542,Ohio St.,71
2026,2,St. John's,Kansas,0.524050661834133,Kansas,71
2026,2,Louisville,Michigan St.,0.5612051015065629,Louisville,71
2026,2,UCLA,Connecticut,0.4656160824030859,UCLA,71
2026,2,Florida,Iowa,0.7926434027221209,Florida,71
2026,2,Vanderbilt,Nebraska,0.6958811683383198,Vanderbilt,71
2026,2,North Carolina,Illinois,0.10245434976003936,Illinois,71
2026,2,Texas A&M,Houston,0.11374825773649348,Texas A&M,71
2026,2,Arizona,Villanova,0.8323482094236314,Villanova,71
2026,2,Wisconsin,Arkansas,0.5029063675214598,Arkansas,71
2026,2,BYU,Gonzaga,0.3615080571960916,Gonzaga,71
2026,2,Missouri,Purdue,0.12262663643158621,Purdue,71
2026,2,Michigan,Georgia,0.866337900347868,Michigan,71
2026,2,Texas Tech,Alabama,0.5906841722207969,Texas Tech,71
2026,2,Tennessee,Virginia,0.5921018558449337,Tennessee,71
2026,2,Kentucky,Iowa St.,0.1771844338333049,Iowa St.,71
2026,3,Ohio St.,Kansas,0.5303778919627196,Ohio St.,71
2026,3,Louisville,UCLA,0.5137306737144266,UCLA,71
2026,3,Florida,Vanderbilt,0.6613068485024125,Florida,71
2026,3,Illinois,Texas A&M,0.9035512911569338,Illinois,71
2026,3,Villanova,Arkansas,0.3099357228170309,Arkansas,71
2026,3,Gonzaga,Purdue,0.18791666028135517,Purdue,71
2026,3,Michigan,Texas Tech,0.606217000166059,Michigan,71
2026,3,Tennessee,Iowa St.,0.37868166566768885,Tennessee,71
2026,4,Ohio St.,UCLA,0.5192539393003127,Ohio St.,71
2026,4,Florida,Illinois,0.38940877286056486,Illinois,71
2026,4,Arkansas,Purdue,0.2846930993448674,Purdue,71
2026,4,Michigan,Tennessee,0.6785435855710996,Michigan,71
2026,5,Ohio St.,Illinois,0.18841009489532412,Illinois,71
2026,5,Purdue,Michigan,0.47436568406645174,Purdue,71
2026,6,Illinois,Purdue,0.620455082397851,Purdue,71
2026,1,Duke,Siena,0.9944116614139509,Duke,72
2026,1,Ohio St.,TCU,0.8247307005139348,Ohio St.,72
2026,1,St. John's,Northern Iowa,0.8331464003573522,St. John's,72
2026,1,Kansas,Cal Baptist,0.9378160074405435,Kansas,72
2026,1,Louisville,South Florida,0.7942578724375865,Louisville,72
2026,1,Michigan St.,North Dakota St.,0.9552857140503138,Michigan St.,72
2026,1,UCLA,UCF,0.8599254415690811,UCF,72
2026,1,Connecticut,Furman,0.9823903432449944,Connecticut,72
2026,1,Florida,Prairie View A&M,0.9969490217891839,Florida,72
2026,1,Clemson,Iowa,0.3627148326932703,Iowa,72
2026,1,Vanderbilt,McNeese St.,0.9261622028485247,Vanderbilt,72
2026,1,Nebraska,Troy,0.9459366397748131,Nebraska,72
2026,1,North Carolina,VCU,0.6938511955149728,North Carolina,72
2026,1,Illinois,Penn,0.9914285746265543,Illinois,72
2026,1,Saint Mary's,Texas A&M,0.47165331625093126,Saint Mary's,72
2026,1,Houston,Idaho,0.9889877212017745,Houston,72
2026,1,Arizona,LIU,0.9971492836437457,Arizona,72
2026,1,Villanova,Utah St.,0.5200329159906949,Utah St.,72
2026,1,Wisconsin,High Point,0.9551567732814226,Wisconsin,72
2026,1,Arkansas,Hawaii,0.9712160813684694,Hawaii,72
2026,1,BYU,Texas,0.5184462126308838,BYU,72
2026,1,Gonzaga,Kennesaw St.,0.9523105407589534,Gonzaga,72
2026,1,Miami FL,Missouri,0.4371796951565946,Miami FL,72
2026,1,Purdue,Queens,0.9942485827871558,Purdue,72
2026,1,Michigan,Howard,0.9958654763245225,Michigan,72
2026,1,Georgia,Saint Louis,0.7588390832517659,Saint Louis,72
2026,1,Texas Tech,Akron,0.9516622481492901,Texas Tech,72
2026,1,Alabama,Hofstra,0.9292101382980879,Alabama,72
2026,1,Tennessee,Miami OH,0.9743983186142834,Tennessee,72
2026,1,Virginia,Wright St.,0.9554897234928257,Virginia,72
2026,1,Kentucky,Santa Clara,0.45174906885620525,Santa Clara,72
2026,1,Iowa St.,Tennessee St.,0.9969838955993388,Iowa St.,72
2026,2,Duke,Ohio St.,0.754111157056542,Duke,72
2026,2,St. John's,Kansas,0.524050661834133,St. John's,72
2026,2,Louisville,Michigan St.,0.5612051015065629,Louisville,72
2026,2,UCF,Connecticut,0.12428929276650445,Connecticut,72
2026,2,Florida,Iowa,0.7926434027221209,Florida,72
2026,2,Vanderbilt,Nebraska,0.6958811683383198,Vanderbilt,72
2026,2,North Carolina,Illinois,0.10245434976003936,Illinois,72
2026,2,Saint Mary's,Houston,0.10279738958252423,Houston,72
2026,2,Arizona,Utah St.,0.8432400875380335,Arizona,72
2026,2,Wisconsin,Hawaii,0.9715393054325993,Wisconsin,72
2026,2,BYU,Gonzaga,0.3615080571960916,BYU,72
2026,2,Miami FL,Purdue,0.09793306781615119,Purdue,72
2026,2,Michigan,Saint Louis,0.9532599115629986,Michigan,72
2026,2,Texas Tech,Alabama,0.5906841722207969,Alabama,72
2026,2,Tennessee,Virginia,0.5921018558449337,Tennessee,72
2026,2,Santa Clara,Iowa St.,0.2071920828857785,Santa Clara,72
2026,3,Duke,St. John's,0.7587877180879463,Duke,72
2026,3,Louisville,Connecticut,0.4793076795515448,Connecticut,72
2026,3,Florida,Vanderbilt,0.6613068485024125,Vanderbilt,72
2026,3,Illinois,Houston,0.5459470626236897,Houston,72
2026,3,Arizona,Wisconsin,0.68789924261849,Arizona,72
2026,3,BYU,Purdue,0.1158398959796437,Purdue,72
2026,3,Michigan,Alabama,0.6895962556154527,Michigan,72
2026,3,Tennessee,Santa Clara,0.6998927132305507,Tennessee,72
2026,4,Duke,Connecticut,0.7426830871082504,Duke,72
2026,4,Vanderbilt,Houston,0.28198971818666835,Houston,72
2026,4,Arizona,Purdue,0.4701958688898175,Arizona,72
2026,4,Michigan,Tennessee,0.6785435855710996,Michigan,72
2026,5,Duke,Houston,0.4612265534105957,Houston,72
2026,5,Arizona,Michigan,0.4447304585569584,Michigan,72
2026,6,Houston,Michigan,0.5509586529000877,Houston,72
2026,1,Duke,Siena,0.9944116614139509,Duke,73
2026,1,Ohio St.,TCU,0.8247307005139348,TCU,73
2026,1,St. John's,Northern Iowa,0.8331464003573522,St. John's,73
2026,1,Kansas,Cal Baptist,0.9378160074405435,Kansas,73
2026,1,Louisville,South Florida,0.7942578724375865,Louisville,73
2026,1,Michigan St.,North Dakota St.,0.9552857140503138,Michigan St.,73
2026,1,UCLA,UCF,0.8599254415690811,UCF,73
2026,1,Connecticut,Furman,0.9823903432449944,Connecticut,73
2026,1,Florida,Prairie View A&M,0.9969490217891839,Florida,73
2026,1,Clemson,Iowa,0.3627148326932703,Clemson,73
2026,1,Vanderbilt,McNeese St.,0.9261622028485247,McNeese St.,73
2026,1,Nebraska,Troy,0.9459366397748131,Nebraska,73
2026,1,North Carolina,VCU,0.6938511955149728,VCU,73
2026,1,Illinois,Penn,0.9914285746265543,Illinois,73
2026,1,Saint Mary's,Texas A&M,0.47165331625093126,Saint Mary's,73
2026,1,Houston,Idaho,0.9889877212017745,Houston,73
2026,1,Arizona,LIU,0.9971492836437457,Arizona,73
2026,1,Villanova,Utah St.,0.5200329159906949,Utah St.,73
2026,1,Wisconsin,High Point,0.9551567732814226,Wisconsin,73
2026,1,Arkansas,Hawaii,0.9712160813684694,Arkansas,73
2026,1,BYU,Texas,0.5184462126308838,Texas,73
2026,1,Gonzaga,Kennesaw St.,0.9523105407589534,Gonzaga,73
2026,1,Miami FL,Missouri,0.4371796951565946,Miami FL,73
2026,1,Purdue,Queens,0.9942485827871558,Purdue,73
2026,1,Michigan,Howard,0.9958654763245225,Michigan,73
2026,1,Georgia,Saint Louis,0.7588390832517659,Georgia,73
2026,1,Texas Tech,Akron,0.9516622481492901,Texas Tech,73
2026,1,Alabama,Hofstra,0.9292101382980879,Alabama,73
2026,1,Tennessee,Miami OH,0.9743983186142834,Tennessee,73
2026,1,Virginia,Wright St.,0.9554897234928257,Virginia,73
2026,1,Kentucky,Santa Clara,0.45174906885620525,Santa Clara,73
2026,1,Iowa St.,Tennessee St.,0.9969838955993388,Iowa St.,73
2026,2,Duke,TCU,0.9351962827442268,Duke,73
2026,2,St. John's,Kansas,0.524050661834133,Kansas,73
2026,2,Louisville,Michigan St.,0.5612051015065629,Louisville,73
2026,2,UCF,Connecticut,0.12428929276650445,Connecticut,73
2026,2,Florida,Clemson,0.8704037936386363,Florida,73
2026,2,McNeese St.,Nebraska,0.1542801261498085,Nebraska,73
2026,2,VCU,Illinois,0.047951180201484304,Illinois,73
2026,2,Saint Mary's,Houston,0.10279738958252423,Houston,73
2026,2,Arizona,Utah St.,0.8432400875380335,Arizona,73
2026,2,Wisconsin,Arkansas,0.5029063675214598,Wisconsin,73
2026,2,Texas,Gonzaga,0.3446493122370096,Gonzaga,73
2026,2,Miami FL,Purdue,0.09793306781615119,Miami FL,73
2026,2,Michigan,Georgia,0.866337900347868,Michigan,73
2026,2,Texas Tech,Alabama,0.5906841722207969,Alabama,73
2026,2,Tennessee,Virginia,0.5921018558449337,Virginia,73
2026,2,Santa Clara,Iowa St.,0.2071920828857785,Iowa St.,73
2026,3,Duke,Kansas,0.7759678663752496,Duke,73
2026,3,Louisville,Connecticut,0.4793076795515448,Connecticut,73
2026,3,Florida,Nebraska,0.8171092464488837,Florida,73
2026,3,Illinois,Houston,0.5459470626236897,Houston,73
2026,3,Arizona,Wisconsin,0.68789924261849,Arizona,73
2026,3,Gonzaga,Miami FL,0.6806585884530112,Miami FL,73
2026,3,Michigan,Alabama,0.6895962556154527,Michigan,73
2026,3,Virginia,Iowa St.,0.2957104446671426,Iowa St.,73
2026,4,Duke,Connecticut,0.7426830871082504,Duke,73
2026,4,Florida,Houston,0.4340146591383405,Florida,73
2026,4,Arizona,Miami FL,0.8910048450083328,Arizona,73
2026,4,Michigan,Iowa St.,0.562653722755456,Iowa St.,73
2026,5,Duke,Florida,0.5274932579747873,Duke,73
2026,5,Arizona,Iowa St.,0.5074878989723941,Arizona,73
2026,6,Duke,Arizona,0.5673688894729472,Duke,73
2026,1,Duke,Siena,0.9944116614139509,Duke,74
2026,1,Ohio St.,TCU,0.8247307005139348,Ohio St.,74
2026,1,St. John's,Northern Iowa,0.8331464003573522,Northern Iowa,74
2026,1,Kansas,Cal Baptist,0.9378160074405435,Cal Baptist,74
2026,1,Louisville,South Florida,0.7942578724375865,Louisville,74
2026,1,Michigan St.,North Dakota St.,0.9552857140503138,Michigan St.,74
2026,1,UCLA,UCF,0.8599254415690811,UCLA,74
2026,1,Connecticut,Furman,0.9823903432449944,Connecticut,74
2026,1,Florida,Prairie View A&M,0.9969490217891839,Florida,74
2026,1,Clemson,Iowa,0.3627148326932703,Clemson,74
2026,1,Vanderbilt,McNeese St.,0.9261622028485247,McNeese St.,74
2026,1,Nebraska,Troy,0.9459366397748131,Nebraska,74
2026,1,North Carolina,VCU,0.6938511955149728,North Carolina,74
2026,1,Illinois,Penn,0.9914285746265543,Illinois,74
2026,1,Saint Mary's,Texas A&M,0.47165331625093126,Saint Mary's,74
2026,1,Houston,Idaho,0.9889877212017745,Houston,74
2026,1,Arizona,LIU,0.9971492836437457,Arizona,74
2026,1,Villanova,Utah St.,0.5200329159906949,Villanova,74
2026,1,Wisconsin,High Point,0.9551567732814226,Wisconsin,74
2026,1,Arkansas,Hawaii,0.9712160813684694,Arkansas,74
2026,1,BYU,Texas,0.5184462126308838,BYU,74
2026,1,Gonzaga,Kennesaw St.,0.9523105407589534,Gonzaga,74
2026,1,Miami FL,Missouri,0.4371796951565946,Missouri,74
2026,1,Purdue,Queens,0.9942485827871558,Purdue,74
2026,1,Michigan,Howard,0.9958654763245225,Michigan,74
2026,1,Georgia,Saint Louis,0.7588390832517659,Georgia,74
2026,1,Texas Tech,Akron,0.9516622481492901,Texas Tech,74
2026,1,Alabama,Hofstra,0.9292101382980879,Alabama,74
2026,1,Tennessee,Miami OH,0.9743983186142834,Tennessee,74
2026,1,Virginia,Wright St.,0.9554897234928257,Virginia,74
2026,1,Kentucky,Santa Clara,0.45174906885620525,Kentucky,74
2026,1,Iowa St.,Tennessee St.,0.9969838955993388,Iowa St.,74
2026,2,Duke,Ohio St.,0.754111157056542,Duke,74
2026,2,Northern Iowa,Cal Baptist,0.768816492789493,Northern Iowa,74
2026,2,Louisville,Michigan St.,0.5612051015065629,Louisville,74
2026,2,UCLA,Connecticut,0.4656160824030859,Connecticut,74
2026,2,Florida,Clemson,0.8704037936386363,Florida,74
2026,2,McNeese St.,Nebraska,0.1542801261498085,Nebraska,74
2026,2,North Carolina,Illinois,0.10245434976003936,Illinois,74
2026,2,Saint Mary's,Houston,0.10279738958252423,Houston,74
2026,2,Arizona,Villanova,0.8323482094236314,Arizona,74
2026,2,Wisconsin,Arkansas,0.5029063675214598,Wisconsin,74
2026,2,BYU,Gonzaga,0.3615080571960916,BYU,74
2026,2,Missouri,Purdue,0.12262663643158621,Purdue,74
2026,2,Michigan,Georgia,0.866337900347868,Michigan,74
2026,2,Texas Tech,Alabama,0.5906841722207969,Texas Tech,74
2026,2,Tennessee,Virginia,0.5921018558449337,Virginia,74
2026,2,Kentucky,Iowa St.,0.1771844338333049,Iowa St.,74
2026,3,Duke,Northern Iowa,0.9401465822895586,Duke,74
2026,3,Louisville,Connecticut,0.4793076795515448,Louisville,74
2026,3,Florida,Nebraska,0.8171092464488837,Florida,74
2026,3,Illinois,Houston,0.5459470626236897,Houston,74
2026,3,Arizona,Wisconsin,0.68789924261849,Wisconsin,74
2026,3,BYU,Purdue,0.1158398959796437,Purdue,74
2026,3,Michigan,Texas Tech,0.606217000166059,Michigan,74
2026,3,Virginia,Iowa St.,0.2957104446671426,Iowa St.,74
2026,4,Duke,Louisville,0.7581892365730687,Louisville,74
2026,4,Florida,Houston,0.4340146591383405,Houston,74
2026,4,Wisconsin,Purdue,0.28706648492331593,Wisconsin,74
2026,4,Michigan,Iowa St.,0.562653722755456,Iowa St.,74
2026,5,Louisville,Houston,0.21447091401142218,Louisville,74
2026,5,Wisconsin,Iowa St.,0.31856757604774877,Iowa St.,74
2026,6,Louisville,Iowa St.,0.3011769796992251,Iowa St.,74
2026,1,Duke,Siena,0.9944116614139509,Duke,75
2026,1,Ohio St.,TCU,0.8247307005139348,Ohio St.,75
2026,1,St. John's,Northern Iowa,0.8331464003573522,St. John's,75
2026,1,Kansas,Cal Baptist,0.9378160074405435,Kansas,75
2026,1,Louisville,South Florida,0.7942578724375865,South Florida,75
2026,1,Michigan St.,North Dakota St.,0.9552857140503138,Michigan St.,75
2026,1,UCLA,UCF,0.8599254415690811,UCF,75
2026,1,Connecticut,Furman,0.9823903432449944,Connecticut,75
2026,1,Florida,Prairie View A&M,0.9969490217891839,Florida,75
2026,1,Clemson,Iowa,0.3627148326932703,Clemson,75
2026,1,Vanderbilt,McNeese St.,0.9261622028485247,Vanderbilt,75
2026,1,Nebraska,Troy,0.9459366397748131,Nebraska,75
2026,1,North Carolina,VCU,0.6938511955149728,North Carolina,75
2026,1,Illinois,Penn,0.9914285746265543,Illinois,75
2026,1,Saint Mary's,Texas A&M,0.47165331625093126,Saint Mary's,75
2026,1,Houston,Idaho,0.9889877212017745,Houston,75
2026,1,Arizona,LIU,0.9971492836437457,Arizona,75
2026,1,Villanova,Utah St.,0.5200329159906949,Utah St.,75
2026,1,Wisconsin,High Point,0.9551567732814226,Wisconsin,75
2026,1,Arkansas,Hawaii,0.9712160813684694,Arkansas,75
2026,1,BYU,Texas,0.5184462126308838,Texas,75
2026,1,Gonzaga,Kennesaw St.,0.9523105407589534,Gonzaga,75
2026,1,Miami FL,Missouri,0.4371796951565946,Missouri,75
2026,1,Purdue,Queens,0.9942485827871558,Purdue,75
2026,1,Michigan,Howard,0.9958654763245225,Michigan,75
2026,1,Georgia,Saint Louis,0.7588390832517659,Georgia,75
2026,1,Texas Tech,Akron,0.9516622481492901,Texas Tech,75
2026,1,Alabama,Hofstra,0.9292101382980879,Alabama,75
2026,1,Tennessee,Miami OH,0.9743983186142834,Tennessee,75
2026,1,Virginia,Wright St.,0.9554897234928257,Virginia,75
2026,1,Kentucky,Santa Clara,0.45174906885620525,Santa Clara,75
2026,1,Iowa St.,Tennessee St.,0.9969838955993388,Iowa St.,75
2026,2,Duke,Ohio St.,0.754111157056542,Duke,75
2026,2,St. John's,Kansas,0.524050661834133,Kansas,75
2026,2,South Florida,Michigan St.,0.24885463353731688,Michigan St.,75
2026,2,UCF,Connecticut,0.12428929276650445,Connecticut,75
2026,2,Florida,Clemson,0.8704037936386363,Florida,75
2026,2,Vanderbilt,Nebraska,0.6958811683383198,Nebraska,75
2026,2,North Carolina,Illinois,0.10245434976003936,Illinois,75
2026,2,Saint Mary's,Houston,0.10279738958252423,Houston,75
2026,2,Arizona,Utah St.,0.8432400875380335,Arizona,75
2026,2,Wisconsin,Arkansas,0.5029063675214598,Wisconsin,75
2026,2,Texas,Gonzaga,0.3446493122370096,Texas,75
2026,2,Missouri,Purdue,0.12262663643158621,Purdue,75
2026,2,Michigan,Georgia,0.866337900347868,Michigan,75
2026,2,Texas Tech,Alabama,0.5906841722207969,Texas Tech,75
2026,2,Tennessee,Virginia,0.5921018558449337,Tennessee,75
2026,2,Santa Clara,Iowa St.,0.2071920828857785,Iowa St.,75
2026,3,Duke,Kansas,0.7759678663752496,Kansas,75
2026,3,Michigan St.,Connecticut,0.41851537121286536,Michigan St.,75
2026,3,Florida,Nebraska,0.8171092464488837,Florida,75
2026,3,Illinois,Houston,0.5459470626236897,Houston,75
2026,3,Arizona,Wisconsin,0.68789924261849,Arizona,75
2026,3,Texas,Purdue,0.10849108035402699,Purdue,75
2026,3,Michigan,Texas Tech,0.606217000166059,Michigan,75
2026,3,Tennessee,Iowa St.,0.37868166566768885,Iowa St.,75
2026,4,Kansas,Michigan St.,0.5365621913412327,Kansas,75
2026,4,Florida,Houston,0.4340146591383405,Florida,75
2026,4,Arizona,Purdue,0.4701958688898175,Arizona,75
2026,4,Michigan,Iowa St.,0.562653722755456,Michigan,75
2026,5,Kansas,Florida,0.24374840608932438,Florida,75
2026,5,Arizona,Michigan,0.4447304585569584,Michigan,75
2026,6,Florida,Michigan,0.48476844617225257,Florida,75
2026,1,Duke,Siena,0.9944116614139509,Duke,76
2026,1,Ohio St.,TCU,0.8247307005139348,Ohio St.,76
2026,1,St. John's,Northern Iowa,0.8331464003573522,St. John's,76
2026,1,Kansas,Cal Baptist,0.9378160074405435,Kansas,76
2026,1,Louisville,South Florida,0.7942578724375865,Louisville,76
2026,1,Michigan St.,North Dakota St.,0.9552857140503138,Michigan St.,76
2026,1,UCLA,UCF,0.8599254415690811,UCF,76
2026,1,Connecticut,Furman,0.9823903432449944,Connecticut,76
2026,1,Florida,Prairie View A&M,0.9969490217891839,Florida,76
2026,1,Clemson,Iowa,0.3627148326932703,Iowa,76
2026,1,Vanderbilt,McNeese St.,0.9261622028485247,Vanderbilt,76
2026,1,Nebraska,Troy,0.9459366397748131,Nebraska,76
2026,1,North Carolina,VCU,0.6938511955149728,North Carolina,76
2026,1,Illinois,Penn,0.9914285746265543,Illinois,76
2026,1,Saint Mary's,Texas A&M,0.47165331625093126,Texas A&M,76
2026,1,Houston,Idaho,0.9889877212017745,Houston,76
2026,1,Arizona,LIU,0.9971492836437457,Arizona,76
2026,1,Villanova,Utah St.,0.5200329159906949,Utah St.,76
2026,1,Wisconsin,High Point,0.9551567732814226,Wisconsin,76
2026,1,Arkansas,Hawaii,0.9712160813684694,Arkansas,76
2026,1,BYU,Texas,0.5184462126308838,BYU,76
2026,1,Gonzaga,Kennesaw St.,0.9523105407589534,Gonzaga,76
2026,1,Miami FL,Missouri,0.4371796951565946,Missouri,76
2026,1,Purdue,Queens,0.9942485827871558,Purdue,76
2026,1,Michigan,Howard,0.9958654763245225,Michigan,76
2026,1,Georgia,Saint Louis,0.7588390832517659,Georgia,76
2026,1,Texas Tech,Akron,0.9516622481492901,Texas Tech,76
2026,1,Alabama,Hofstra,0.9292101382980879,Alabama,76
2026,1,Tennessee,Miami OH,0.9743983186142834,Tennessee,76
2026,1,Virginia,Wright St.,0.9554897234928257,Virginia,76
2026,1,Kentucky,Santa Clara,0.45174906885620525,Santa Clara,76
2026,1,Iowa St.,Tennessee St.,0.9969838955993388,Iowa St.,76
2026,2,Duke,Ohio St.,0.754111157056542,Ohio St.,76
2026,2,St. John's,Kansas,0.524050661834133,St. John's,76
2026,2,Louisville,Michigan St.,0.5612051015065629,Michigan St.,76
2026,2,UCF,Connecticut,0.12428929276650445,Connecticut,76
2026,2,Florida,Iowa,0.7926434027221209,Florida,76
2026,2,Vanderbilt,Nebraska,0.6958811683383198,Nebraska,76
2026,2,North Carolina,Illinois,0.10245434976003936,Illinois,76
2026,2,Texas A&M,Houston,0.11374825773649348,Houston,76
2026,2,Arizona,Utah St.,0.8432400875380335,Arizona,76
2026,2,Wisconsin,Arkansas,0.5029063675214598,Arkansas,76
2026,2,BYU,Gonzaga,0.3615080571960916,Gonzaga,76
2026,2,Missouri,Purdue,0.12262663643158621,Purdue,76
2026,2,Michigan,Georgia,0.866337900347868,Michigan,76
2026,2,Texas Tech,Alabama,0.5906841722207969,Alabama,76
2026,2,Tennessee,Virginia,0.5921018558449337,Tennessee,76
2026,2,Santa Clara,Iowa St.,0.2071920828857785,Santa Clara,76
2026,3,Ohio St.,St. John's,0.5063457752355264,Ohio St.,76
2026,3,Michigan St.,Connecticut,0.41851537121286536,Michigan St.,76
2026,3,Florida,Nebraska,0.8171092464488837,Florida,76
2026,3,Illinois,Houston,0.5459470626236897,Illinois,76
2026,3,Arizona,Arkansas,0.6903897195952309,Arizona,76
2026,3,Gonzaga,Purdue,0.18791666028135517,Purdue,76
2026,3,Michigan,Alabama,0.6895962556154527,Michigan,76
2026,3,Tennessee,Santa Clara,0.6998927132305507,Tennessee,76
2026,4,Ohio St.,Michigan St.,0.5666440020504419,Michigan St.,76
2026,4,Florida,Illinois,0.38940877286056486,Illinois,76
2026,4,Arizona,Purdue,0.4701958688898175,Purdue,76
2026,4,Michigan,Tennessee,0.6785435855710996,Tennessee,76
2026,5,Michigan St.,Illinois,0.1507736677358494,Illinois,76
2026,5,Purdue,Tennessee,0.6557608410994917,Purdue,76
2026,6,Illinois,Purdue,0.620455082397851,Purdue,76
2026,1,Duke,Siena,0.9944116614139509,Duke,77
2026,1,Ohio St.,TCU,0.8247307005139348,Ohio St.,77
2026,1,St. John's,Northern Iowa,0.8331464003573522,St. John's,77
2026,1,Kansas,Cal Baptist,0.9378160074405435,Kansas,77
2026,1,Louisville,South Florida,0.7942578724375865,Louisville,77
2026,1,Michigan St.,North Dakota St.,0.9552857140503138,North Dakota St.,77
2026,1,UCLA,UCF,0.8599254415690811,UCLA,77
2026,1,Connecticut,Furman,0.9823903432449944,Connecticut,77
2026,1,Florida,Prairie View A&M,0.9969490217891839,Florida,77
2026,1,Clemson,Iowa,0.3627148326932703,Iowa,77
2026,1,Vanderbilt,McNeese St.,0.9261622028485247,Vanderbilt,77
2026,1,Nebraska,Troy,0.9459366397748131,Nebraska,77
2026,1,North Carolina,VCU,0.6938511955149728,North Carolina,77
2026,1,Illinois,Penn,0.9914285746265543,Illinois,77
2026,1,Saint Mary's,Texas A&M,0.47165331625093126,Saint Mary's,77
2026,1,Houston,Idaho,0.9889877212017745,Houston,77
2026,1,Arizona,LIU,0.9971492836437457,Arizona,77
2026,1,Villanova,Utah St.,0.5200329159906949,Utah St.,77
2026,1,Wisconsin,High Point,0.9551567732814226,Wisconsin,77
2026,1,Arkansas,Hawaii,0.9712160813684694,Arkansas,77
2026,1,BYU,Texas,0.5184462126308838,BYU,77
2026,1,Gonzaga,Kennesaw St.,0.9523105407589534,Gonzaga,77
2026,1,Miami FL,Missouri,0.4371796951565946,Missouri,77
2026,1,Purdue,Queens,0.9942485827871558,Purdue,77
2026,1,Michigan,Howard,0.9958654763245225,Michigan,77
2026,1,Georgia,Saint Louis,0.7588390832517659,Saint Louis,77
2026,1,Texas Tech,Akron,0.9516622481492901,Texas Tech,77
2026,1,Alabama,Hofstra,0.9292101382980879,Alabama,77
2026,1,Tennessee,Miami OH,0.9743983186142834,Tennessee,77
2026,1,Virginia,Wright St.,0.9554897234928257,Virginia,77
2026,1,Kentucky,Santa Clara,0.45174906885620525,Santa Clara,77
2026,1,Iowa St.,Tennessee St.,0.9969838955993388,Iowa St.,77
2026,2,Duke,Ohio St.,0.754111157056542,Duke,77
2026,2,St. John's,Kansas,0.524050661834133,St. John's,77
2026,2,Louisville,North Dakota St.,0.9646944676613756,Louisville,77
2026,2,UCLA,Connecticut,0.4656160824030859,Connecticut,77
2026,2,Florida,Iowa,0.7926434027221209,Florida,77
2026,2,Vanderbilt,Nebraska,0.6958811683383198,Vanderbilt,77
2026,2,North Carolina,Illinois,0.10245434976003936,Illinois,77
2026,2,Saint Mary's,Houston,0.10279738958252423,Houston,77
2026,2,Arizona,Utah St.,0.8432400875380335,Arizona,77
2026,2,Wisconsin,Arkansas,0.5029063675214598,Arkansas,77
2026,2,BYU,Gonzaga,0.3615080571960916,Gonzaga,77
2026,2,Missouri,Purdue,0.12262663643158621,Purdue,77
2026,2,Michigan,Saint Louis,0.9532599115629986,Michigan,77
2026,2,Texas Tech,Alabama,0.5906841722207969,Alabama,77
2026,2,Tennessee,Virginia,0.5921018558449337,Tennessee,77
2026,2,Santa Clara,Iowa St.,0.2071920828857785,Iowa St.,77
2026,3,Duke,St. John's,0.7587877180879463,Duke,77
2026,3,Louisville,Connecticut,0.4793076795515448,Louisville,77
2026,3,Florida,Vanderbilt,0.6613068485024125,Florida,77
2026,3,Illinois,Houston,0.5459470626236897,Illinois,77
2026,3,Arizona,Arkansas,0.6903897195952309,Arkansas,77
2026,3,Gonzaga,Purdue,0.18791666028135517,Purdue,77
2026,3,Michigan,Alabama,0.6895962556154527,Michigan,77
2026,3,Tennessee,Iowa St.,0.37868166566768885,Iowa St.,77
2026,4,Duke,Louisville,0.7581892365730687,Duke,77
2026,4,Florida,Illinois,0.38940877286056486,Florida,77
2026,4,Arkansas,Purdue,0.2846930993448674,Arkansas,77
2026,4,Michigan,Iowa St.,0.562653722755456,Iowa St.,77
2026,5,Duke,Florida,0.5274932579747873,Duke,77
2026,5,Arkansas,Iowa St.,0.31604920439053286,Iowa St.,77
2026,6,Duke,Iowa St.,0.5747060461556229,Duke,77
2026,1,Duke,Siena,0.9944116614139509,Duke,78
2026,1,Ohio St.,TCU,0.8247307005139348,Ohio St.,78
2026,1,St. John's,Northern Iowa,0.8331464003573522,St. John's,78
2026,1,Kansas,Cal Baptist,0.9378160074405435,Kansas,78
2026,1,Louisville,South Florida,0.7942578724375865,South Florida,78
2026,1,Michigan St.,North Dakota St.,0.9552857140503138,Michigan St.,78
2026,1,UCLA,UCF,0.8599254415690811,UCLA,78
2026,1,Connecticut,Furman,0.9823903432449944,Connecticut,78
2026,1,Florida,Prairie View A&M,0.9969490217891839,Florida,78
2026,1,Clemson,Iowa,0.3627148326932703,Iowa,78
2026,1,Vanderbilt,McNeese St.,0.9261622028485247,Vanderbilt,78
2026,1,Nebraska,Troy,0.9459366397748131,Nebraska,78
2026,1,North Carolina,VCU,0.6938511955149728,VCU,78
2026,1,Illinois,Penn,0.9914285746265543,Illinois,78
2026,1,Saint Mary's,Texas A&M,0.47165331625093126,Saint Mary's,78
2026,1,Houston,Idaho,0.9889877212017745,Houston,78
2026,1,Arizona,LIU,0.9971492836437457,Arizona,78
2026,1,Villanova,Utah St.,0.5200329159906949,Villanova,78
2026,1,Wisconsin,High Point,0.9551567732814226,Wisconsin,78
2026,1,Arkansas,Hawaii,0.9712160813684694,Arkansas,78
2026,1,BYU,Texas,0.5184462126308838,BYU,78
2026,1,Gonzaga,Kennesaw St.,0.9523105407589534,Gonzaga,78
2026,1,Miami FL,Missouri,0.4371796951565946,Missouri,78
2026,1,Purdue,Queens,0.9942485827871558,Purdue,78
2026,1,Michigan,Howard,0.9958654763245225,Michigan,78
2026,1,Georgia,Saint Louis,0.7588390832517659,Georgia,78
2026,1,Texas Tech,Akron,0.9516622481492901,Texas Tech,78
2026,1,Alabama,Hofstra,0.9292101382980879,Alabama,78
2026,1,Tennessee,Miami OH,0.9743983186142834,Tennessee,78
2026,1,Virginia,Wright St.,0.9554897234928257,Virginia,78
2026,1,Kentucky,Santa Clara,0.45174906885620525,Santa Clara,78
2026,1,Iowa St.,Tennessee St.,0.9969838955993388,Iowa St.,78
2026,2,Duke,Ohio St.,0.754111157056542,Duke,78
2026,2,St. John's,Kansas,0.524050661834133,Kansas,78
2026,2,South Florida,Michigan St.,0.24885463353731688,Michigan St.,78
2026,2,UCLA,Connecticut,0.4656160824030859,UCLA,78
2026,2,Florida,Iowa,0.7926434027221209,Florida,78
2026,2,Vanderbilt,Nebraska,0.6958811683383198,Vanderbilt,78
2026,2,VCU,Illinois,0.047951180201484304,Illinois,78
2026,2,Saint Mary's,Houston,0.10279738958252423,Houston,78
2026,2,Arizona,Villanova,0.8323482094236314,Arizona,78
2026,2,Wisconsin,Arkansas,0.5029063675214598,Wisconsin,78
2026,2,BYU,Gonzaga,0.3615080571960916,BYU,78
2026,2,Missouri,Purdue,0.12262663643158621,Purdue,78
2026,2,Michigan,Georgia,0.866337900347868,Michigan,78
2026,2,Texas Tech,Alabama,0.5906841722207969,Texas Tech,78
2026,2,Tennessee,Virginia,0.5921018558449337,Tennessee,78
2026,2,Santa Clara,Iowa St.,0.2071920828857785,Iowa St.,78
2026,3,Duke,Kansas,0.7759678663752496,Kansas,78
2026,3,Michigan St.,UCLA,0.4523654463161424,UCLA,78
2026,3,Florida,Vanderbilt,0.6613068485024125,Florida,78
2026,3,Illinois,Houston,0.5459470626236897,Illinois,78
2026,3,Arizona,Wisconsin,0.68789924261849,Wisconsin,78
2026,3,BYU,Purdue,0.1158398959796437,Purdue,78
2026,3,Michigan,Texas Tech,0.606217000166059,Michigan,78
2026,3,Tennessee,Iowa St.,0.37868166566768885,Iowa St.,78
2026,4,Kansas,UCLA,0.488849960969958,Kansas,78
2026,4,Florida,Illinois,0.38940877286056486,Illinois,78
2026,4,Wisconsin,Purdue,0.28706648492331593,Wisconsin,78
2026,4,Michigan,Iowa St.,0.562653722755456,Michigan,78
2026,5,Kansas,Illinois,0.1705073793538077,Illinois,78
2026,5,Wisconsin,Michigan,0.2665296714236079,Michigan,78
2026,6,Illinois,Michigan,0.596006556359772,Michigan,78
2026,1,Duke,Siena,0.9944116614139509,Duke,79
2026,1,Ohio St.,TCU,0.8247307005139348,Ohio St.,79
2026,1,St. John's,Northern Iowa,0.8331464003573522,St. John's,79
2026,1,Kansas,Cal Baptist,0.9378160074405435,Kansas,79
2026,1,Louisville,South Florida,0.7942578724375865,South Florida,79
2026,1,Michigan St.,North Dakota St.,0.9552857140503138,Michigan St.,79
2026,1,UCLA,UCF,0.8599254415690811,UCLA,79
2026,1,Connecticut,Furman,0.9823903432449944,Connecticut,79
2026,1,Florida,Prairie View A&M,0.9969490217891839,Florida,79
2026,1,Clemson,Iowa,0.3627148326932703,Iowa,79
2026,1,Vanderbilt,McNeese St.,0.9261622028485247,Vanderbilt,79
2026,1,Nebraska,Troy,0.9459366397748131,Nebraska,79
2026,1,North Carolina,VCU,0.6938511955149728,North Carolina,79
2026,1,Illinois,Penn,0.9914285746265543,Illinois,79
2026,1,Saint Mary's,Texas A&M,0.47165331625093126,Texas A&M,79
2026,1,Houston,Idaho,0.9889877212017745,Houston,79
2026,1,Arizona,LIU,0.9971492836437457,Arizona,79
2026,1,Villanova,Utah St.,0.5200329159906949,Utah St.,79
2026,1,Wisconsin,High Point,0.9551567732814226,Wisconsin,79
2026,1,Arkansas,Hawaii,0.9712160813684694,Arkansas,79
2026,1,BYU,Texas,0.5184462126308838,Texas,79
2026,1,Gonzaga,Kennesaw St.,0.9523105407589534,Gonzaga,79
2026,1,Miami FL,Missouri,0.4371796951565946,Miami FL,79
2026,1,Purdue,Queens,0.9942485827871558,Purdue,79
2026,1,Michigan,Howard,0.9958654763245225,Michigan,79
2026,1,Georgia,Saint Louis,0.7588390832517659,Georgia,79
2026,1,Texas Tech,Akron,0.9516622481492901,Texas Tech,79
2026,1,Alabama,Hofstra,0.9292101382980879,Alabama,79
2026,1,Tennessee,Miami OH,0.9743983186142834,Tennessee,79
2026,1,Virginia,Wright St.,0.9554897234928257,Wright St.,79
2026,1,Kentucky,Santa Clara,0.45174906885620525,Santa Clara,79
2026,1,Iowa St.,Tennessee St.,0.9969838955993388,Iowa St.,79
2026,2,Duke,Ohio St.,0.754111157056542,Duke,79
2026,2,St. John's,Kansas,0.524050661834133,Kansas,79
2026,2,South Florida,Michigan St.,0.24885463353731688,Michigan St.,79
2026,2,UCLA,Connecticut,0.4656160824030859,Connecticut,79
2026,2,Florida,Iowa,0.7926434027221209,Florida,79
2026,2,Vanderbilt,Nebraska,0.6958811683383198,Nebraska,79
2026,2,North Carolina,Illinois,0.10245434976003936,Illinois,79
2026,2,Texas A&M,Houston,0.11374825773649348,Houston,79
2026,2,Arizona,Utah St.,0.8432400875380335,Arizona,79
2026,2,Wisconsin,Arkansas,0.5029063675214598,Wisconsin,79
2026,2,Texas,Gonzaga,0.3446493122370096,Gonzaga,79
2026,2,Miami FL,Purdue,0.09793306781615119,Purdue,79
2026,2,Michigan,Georgia,0.866337900347868,Michigan,79
2026,2,Texas Tech,Alabama,0.5906841722207969,Alabama,79
2026,2,Tennessee,Wright St.,0.9689063725244433,Tennessee,79
2026,2,Santa Clara,Iowa St.,0.2071920828857785,Santa Clara,79
2026,3,Duke,Kansas,0.7759678663752496,Duke,79
2026,3,Michigan St.,Connecticut,0.41851537121286536,Michigan St.,79
2026,3,Florida,Nebraska,0.8171092464488837,Florida,79
2026,3,Illinois,Houston,0.5459470626236897,Illinois,79
2026,3,Arizona,Wisconsin,0.68789924261849,Arizona,79
2026,3,Gonzaga,Purdue,0.18791666028135517,Purdue,79
2026,3,Michigan,Alabama,0.6895962556154527,Michigan,79
2026,3,Tennessee,Santa Clara,0.6998927132305507,Tennessee,79
2026,4,Duke,Michigan St.,0.8004056959239918,Duke,79
2026,4,Florida,Illinois,0.38940877286056486,Florida,79
2026,4,Arizona,Purdue,0.4701958688898175,Arizona,79
2026,4,Michigan,Tennessee,0.6785435855710996,Tennessee,79
2026,5,Duke,Florida,0.5274932579747873,Florida,79
2026,5,Arizona,Tennessee,0.6283398875143542,Arizona,79
2026,6,Florida,Arizona,0.5401732656229963,Florida,79
2026,1,Duke,Siena,0.9944116614139509,Duke,80
2026,1,Ohio St.,TCU,0.8247307005139348,Ohio St.,80
2026,1,St. John's,Northern Iowa,0.8331464003573522,Northern Iowa,80
2026,1,Kansas,Cal Baptist,0.9378160074405435,Kansas,80
2026,1,Louisville,South Florida,0.7942578724375865,Louisville,80
2026,1,Michigan St.,North Dakota St.,0.9552857140503138,Michigan St.,80
2026,1,UCLA,UCF,0.8599254415690811,UCLA,80
2026,1,Connecticut,Furman,0.9823903432449944,Connecticut,80
2026,1,Florida,Prairie View A&M,0.9969490217891839,Florida,80
2026,1,Clemson,Iowa,0.3627148326932703,Iowa,80
2026,1,Vanderbilt,McNeese St.,0.9261622028485247,Vanderbilt,80
2026,1,Nebraska,Troy,0.9459366397748131,Nebraska,80
2026,1,North Carolina,VCU,0.6938511955149728,North Carolina,80
2026,1,Illinois,Penn,0.9914285746265543,Illinois,80
2026,1,Saint Mary's,Texas A&M,0.47165331625093126,Texas A&M,80
2026,1,Houston,Idaho,0.9889877212017745,Houston,80
2026,1,Arizona,LIU,0.9971492836437457,Arizona,80
2026,1,Villanova,Utah St.,0.5200329159906949,Utah St.,80
2026,1,Wisconsin,High Point,0.9551567732814226,Wisconsin,80
2026,1,Arkansas,Hawaii,0.9712160813684694,Arkansas,80
2026,1,BYU,Texas,0.5184462126308838,BYU,80
2026,1,Gonzaga,Kennesaw St.,0.9523105407589534,Gonzaga,80
2026,1,Miami FL,Missouri,0.4371796951565946,Missouri,80
2026,1,Purdue,Queens,0.9942485827871558,Purdue,80
2026,1,Michigan,Howard,0.9958654763245225,Michigan,80
2026,1,Georgia,Saint Louis,0.7588390832517659,Saint Louis,80
2026,1,Texas Tech,Akron,0.9516622481492901,Texas Tech,80
2026,1,Alabama,Hofstra,0.9292101382980879,Alabama,80
2026,1,Tennessee,Miami OH,0.9743983186142834,Tennessee,80
2026,1,Virginia,Wright St.,0.9554897234928257,Virginia,80
2026,1,Kentucky,Santa Clara,0.45174906885620525,Santa Clara,80
2026,1,Iowa St.,Tennessee St.,0.9969838955993388,Iowa St.,80
2026,2,Duke,Ohio St.,0.754111157056542,Duke,80
2026,2,Northern Iowa,Kansas,0.18066986949018937,Kansas,80
2026,2,Louisville,Michigan St.,0.5612051015065629,Louisville,80
2026,2,UCLA,Connecticut,0.4656160824030859,UCLA,80
2026,2,Florida,Iowa,0.7926434027221209,Florida,80
2026,2,Vanderbilt,Nebraska,0.6958811683383198,Vanderbilt,80
2026,2,North Carolina,Illinois,0.10245434976003936,Illinois,80
2026,2,Texas A&M,Houston,0.11374825773649348,Houston,80
2026,2,Arizona,Utah St.,0.8432400875380335,Arizona,80
2026,2,Wisconsin,Arkansas,0.5029063675214598,Arkansas,80
2026,2,BYU,Gonzaga,0.3615080571960916,Gonzaga,80
2026,2,Missouri,Purdue,0.12262663643158621,Purdue,80
2026,2,Michigan,Saint Louis,0.9532599115629986,Michigan,80
2026,2,Texas Tech,Alabama,0.5906841722207969,Alabama,80
2026,2,Tennessee,Virginia,0.5921018558449337,Virginia,80
2026,2,Santa Clara,Iowa St.,0.2071920828857785,Iowa St.,80
2026,3,Duke,Kansas,0.7759678663752496,Duke,80
2026,3,Louisville,UCLA,0.5137306737144266,Louisville,80
2026,3,Florida,Vanderbilt,0.6613068485024125,Florida,80
2026,3,Illinois,Houston,0.5459470626236897,Houston,80
2026,3,Arizona,Arkansas,0.6903897195952309,Arizona,80
2026,3,Gonzaga,Purdue,0.18791666028135517,Gonzaga,80
2026,3,Michigan,Alabama,0.6895962556154527,Alabama,80
2026,3,Virginia,Iowa St.,0.2957104446671426,Virginia,80
2026,4,Duke,Louisville,0.7581892365730687,Duke,80
2026,4,Florida,Houston,0.4340146591383405,Houston,80
2026,4,Arizona,Gonzaga,0.7931873894151327,Arizona,80
2026,4,Alabama,Virginia,0.57969354406081,Virginia,80
2026,5,Duke,Houston,0.4612265534105957,Duke,80
2026,5,Arizona,Virginia,0.7104895114601911,Virginia,80
2026,6,Duke,Virginia,0.7629437630398562,Virginia,80
2026,1,Duke,Siena,0.9944116614139509,Duke,81
2026,1,Ohio St.,TCU,0.8247307005139348,Ohio St.,81
2026,1,St. John's,Northern Iowa,0.8331464003573522,St. John's,81
2026,1,Kansas,Cal Baptist,0.9378160074405435,Kansas,81
2026,1,Louisville,South Florida,0.7942578724375865,Louisville,81
2026,1,Michigan St.,North Dakota St.,0.9552857140503138,North Dakota St.,81
2026,1,UCLA,UCF,0.8599254415690811,UCLA,81
2026,1,Connecticut,Furman,0.9823903432449944,Connecticut,81
2026,1,Florida,Prairie View A&M,0.9969490217891839,Florida,81
2026,1,Clemson,Iowa,0.3627148326932703,Iowa,81
2026,1,Vanderbilt,McNeese St.,0.9261622028485247,Vanderbilt,81
2026,1,Nebraska,Troy,0.9459366397748131,Nebraska,81
2026,1,North Carolina,VCU,0.6938511955149728,North Carolina,81
2026,1,Illinois,Penn,0.9914285746265543,Illinois,81
2026,1,Saint Mary's,Texas A&M,0.47165331625093126,Texas A&M,81
2026,1,Houston,Idaho,0.9889877212017745,Houston,81
2026,1,Arizona,LIU,0.9971492836437457,Arizona,81
2026,1,Villanova,Utah St.,0.5200329159906949,Utah St.,81
2026,1,Wisconsin,High Point,0.9551567732814226,Wisconsin,81
2026,1,Arkansas,Hawaii,0.9712160813684694,Arkansas,81
2026,1,BYU,Texas,0.5184462126308838,BYU,81
2026,1,Gonzaga,Kennesaw St.,0.9523105407589534,Gonzaga,81
2026,1,Miami FL,Missouri,0.4371796951565946,Miami FL,81
2026,1,Purdue,Queens,0.9942485827871558,Purdue,81
2026,1,Michigan,Howard,0.9958654763245225,Michigan,81
2026,1,Georgia,Saint Louis,0.7588390832517659,Georgia,81
2026,1,Texas Tech,Akron,0.9516622481492901,Texas Tech,81
2026,1,Alabama,Hofstra,0.9292101382980879,Alabama,81
2026,1,Tennessee,Miami OH,0.9743983186142834,Tennessee,81
2026,1,Virginia,Wright St.,0.9554897234928257,Virginia,81
2026,1,Kentucky,Santa Clara,0.45174906885620525,Kentucky,81
2026,1,Iowa St.,Tennessee St.,0.9969838955993388,Iowa St.,81
2026,2,Duke,Ohio St.,0.754111157056542,Duke,81
2026,2,St. John's,Kansas,0.524050661834133,St. John's,81
2026,2,Louisville,North Dakota St.,0.9646944676613756,North Dakota St.,81
2026,2,UCLA,Connecticut,0.4656160824030859,UCLA,81
2026,2,Florida,Iowa,0.7926434027221209,Florida,81
2026,2,Vanderbilt,Nebraska,0.6958811683383198,Vanderbilt,81
2026,2,North Carolina,Illinois,0.10245434976003936,Illinois,81
2026,2,Texas A&M,Houston,0.11374825773649348,Houston,81
2026,2,Arizona,Utah St.,0.8432400875380335,Arizona,81
2026,2,Wisconsin,Arkansas,0.5029063675214598,Arkansas,81
2026,2,BYU,Gonzaga,0.3615080571960916,Gonzaga,81
2026,2,Miami FL,Purdue,0.09793306781615119,Miami FL,81
2026,2,Michigan,Georgia,0.866337900347868,Georgia,81
2026,2,Texas Tech,Alabama,0.5906841722207969,Texas Tech,81
2026,2,Tennessee,Virginia,0.5921018558449337,Virginia,81
2026,2,Kentucky,Iowa St.,0.1771844338333049,Iowa St.,81
2026,3,Duke,St. John's,0.7587877180879463,St. John's,81
2026,3,North Dakota St.,UCLA,0.03722513999321077,UCLA,81
2026,3,Florida,Vanderbilt,0.6613068485024125,Florida,81
2026,3,Illinois,Houston,0.5459470626236897,Houston,81
2026,3,Arizona,Arkansas,0.6903897195952309,Arizona,81
2026,3,Gonzaga,Miami FL,0.6806585884530112,Gonzaga,81
2026,3,Georgia,Texas Tech,0.19192936904931657,Texas Tech,81
2026,3,Virginia,Iowa St.,0.2957104446671426,Iowa St.,81
2026,4,St. John's,UCLA,0.5129144756878462,UCLA,81
2026,4,Florida,Houston,0.4340146591383405,Houston,81
2026,4,Arizona,Gonzaga,0.7931873894151327,Gonzaga,81
2026,4,Texas Tech,Iowa St.,0.4552453740527298,Iowa St.,81
2026,5,UCLA,Houston,0.20536078045275538,Houston,81
2026,5,Gonzaga,Iowa St.,0.21176943294898234,Iowa St.,81
2026,6,Houston,Iowa St.,0.6121797286502116,Houston,81
2026,1,Duke,Siena,0.9944116614139509,Duke,82
2026,1,Ohio St.,TCU,0.8247307005139348,TCU,82
2026,1,St. John's,Northern Iowa,0.8331464003573522,St. John's,82
2026,1,Kansas,Cal Baptist,0.9378160074405435,Kansas,82
2026,1,Louisville,South Florida,0.7942578724375865,Louisville,82
2026,1,Michigan St.,North Dakota St.,0.9552857140503138,Michigan St.,82
2026,1,UCLA,UCF,0.8599254415690811,UCLA,82
2026,1,Connecticut,Furman,0.9823903432449944,Connecticut,82
2026,1,Florida,Prairie View A&M,0.9969490217891839,Florida,82
2026,1,Clemson,Iowa,0.3627148326932703,Iowa,82
2026,1,Vanderbilt,McNeese St.,0.9261622028485247,McNeese St.,82
2026,1,Nebraska,Troy,0.9459366397748131,Nebraska,82
2026,1,North Carolina,VCU,0.6938511955149728,VCU,82
2026,1,Illinois,Penn,0.9914285746265543,Illinois,82
2026,1,Saint Mary's,Texas A&M,0.47165331625093126,Texas A&M,82
2026,1,Houston,Idaho,0.9889877212017745,Houston,82
2026,1,Arizona,LIU,0.9971492836437457,Arizona,82
2026,1,Villanova,Utah St.,0.5200329159906949,Utah St.,82
2026,1,Wisconsin,High Point,0.9551567732814226,Wisconsin,82
2026,1,Arkansas,Hawaii,0.9712160813684694,Arkansas,82
2026,1,BYU,Texas,0.5184462126308838,Texas,82
2026,1,Gonzaga,Kennesaw St.,0.9523105407589534,Gonzaga,82
2026,1,Miami FL,Missouri,0.4371796951565946,Miami FL,82
2026,1,Purdue,Queens,0.9942485827871558,Purdue,82
2026,1,Michigan,Howard,0.9958654763245225,Michigan,82
2026,1,Georgia,Saint Louis,0.7588390832517659,Saint Louis,82
2026,1,Texas Tech,Akron,0.9516622481492901,Akron,82
2026,1,Alabama,Hofstra,0.9292101382980879,Alabama,82
2026,1,Tennessee,Miami OH,0.9743983186142834,Tennessee,82
2026,1,Virginia,Wright St.,0.9554897234928257,Virginia,82
2026,1,Kentucky,Santa Clara,0.45174906885620525,Santa Clara,82
2026,1,Iowa St.,Tennessee St.,0.9969838955993388,Iowa St.,82
2026,2,Duke,TCU,0.9351962827442268,Duke,82
2026,2,St. John's,Kansas,0.524050661834133,St. John's,82
2026,2,Louisville,Michigan St.,0.5612051015065629,Louisville,82
2026,2,UCLA,Connecticut,0.4656160824030859,UCLA,82
2026,2,Florida,Iowa,0.7926434027221209,Iowa,82
2026,2,McNeese St.,Nebraska,0.1542801261498085,Nebraska,82
2026,2,VCU,Illinois,0.047951180201484304,Illinois,82
2026,2,Texas A&M,Houston,0.11374825773649348,Houston,82
2026,2,Arizona,Utah St.,0.8432400875380335,Utah St.,82
2026,2,Wisconsin,Arkansas,0.5029063675214598,Wisconsin,82
2026,2,Texas,Gonzaga,0.3446493122370096,Gonzaga,82
2026,2,Miami FL,Purdue,0.09793306781615119,Purdue,82
2026,2,Michigan,Saint Louis,0.9532599115629986,Michigan,82
2026,2,Akron,Alabama,0.06829352289582973,Alabama,82
2026,2,Tennessee,Virginia,0.5921018558449337,Tennessee,82
2026,2,Santa Clara,Iowa St.,0.2071920828857785,Iowa St.,82
2026,3,Duke,St. John's,0.7587877180879463,Duke,82
2026,3,Louisville,UCLA,0.5137306737144266,Louisville,82
2026,3,Iowa,Nebraska,0.5389087669585145,Iowa,82
2026,3,Illinois,Houston,0.5459470626236897,Illinois,82
2026,3,Utah St.,Wisconsin,0.290651909418008,Utah St.,82
2026,3,Gonzaga,Purdue,0.18791666028135517,Purdue,82
2026,3,Michigan,Alabama,0.6895962556154527,Michigan,82
2026,3,Tennessee,Iowa St.,0.37868166566768885,Iowa St.,82
2026,4,Duke,Louisville,0.7581892365730687,Duke,82
2026,4,Iowa,Illinois,0.14298305959580024,Illinois,82
2026,4,Utah St.,Purdue,0.14162062601563705,Purdue,82
2026,4,Michigan,Iowa St.,0.562653722755456,Michigan,82
2026,5,Duke,Illinois,0.41587894615796644,Duke,82
2026,5,Purdue,Michigan,0.47436568406645174,Michigan,82
2026,6,Duke,Michigan,0.5122822777010291,Michigan,82
2026,1,Duke,Siena,0.9944116614139509,Duke,83
2026,1,Ohio St.,TCU,0.8247307005139348,Ohio St.,83
2026,1,St. John's,Northern Iowa,0.8331464003573522,St. John's,83
2026,1,Kansas,Cal Baptist,0.9378160074405435,Kansas,83
2026,1,Louisville,South Florida,0.7942578724375865,Louisville,83
2026,1,Michigan St.,North Dakota St.,0.9552857140503138,Michigan St.,83
2026,1,UCLA,UCF,0.8599254415690811,UCLA,83
2026,1,Connecticut,Furman,0.9823903432449944,Connecticut,83
2026,1,Florida,Prairie View A&M,0.9969490217891839,Florida,83
2026,1,Clemson,Iowa,0.3627148326932703,Clemson,83
2026,1,Vanderbilt,McNeese St.,0.9261622028485247,Vanderbilt,83
2026,1,Nebraska,Troy,0.9459366397748131,Nebraska,83
2026,1,North Carolina,VCU,0.6938511955149728,North Carolina,83
2026,1,Illinois,Penn,0.9914285746265543,Illinois,83
2026,1,Saint Mary's,Texas A&M,0.47165331625093126,Texas A&M,83
2026,1,Houston,Idaho,0.9889877212017745,Houston,83
2026,1,Arizona,LIU,0.9971492836437457,Arizona,83
2026,1,Villanova,Utah St.,0.5200329159906949,Utah St.,83
2026,1,Wisconsin,High Point,0.9551567732814226,Wisconsin,83
2026,1,Arkansas,Hawaii,0.9712160813684694,Arkansas,83
2026,1,BYU,Texas,0.5184462126308838,BYU,83
2026,1,Gonzaga,Kennesaw St.,0.9523105407589534,Gonzaga,83
2026,1,Miami FL,Missouri,0.4371796951565946,Missouri,83
2026,1,Purdue,Queens,0.9942485827871558,Purdue,83
2026,1,Michigan,Howard,0.9958654763245225,Michigan,83
2026,1,Georgia,Saint Louis,0.7588390832517659,Georgia,83
2026,1,Texas Tech,Akron,0.9516622481492901,Texas Tech,83
2026,1,Alabama,Hofstra,0.9292101382980879,Alabama,83
2026,1,Tennessee,Miami OH,0.9743983186142834,Tennessee,83
2026,1,Virginia,Wright St.,0.9554897234928257,Wright St.,83
2026,1,Kentucky,Santa Clara,0.45174906885620525,Kentucky,83
2026,1,Iowa St.,Tennessee St.,0.9969838955993388,Iowa St.,83
2026,2,Duke,Ohio St.,0.754111157056542,Duke,83
2026,2,St. John's,Kansas,0.524050661834133,Kansas,83
2026,2,Louisville,Michigan St.,0.5612051015065629,Louisville,83
2026,2,UCLA,Connecticut,0.4656160824030859,UCLA,83
2026,2,Florida,Clemson,0.8704037936386363,Florida,83
2026,2,Vanderbilt,Nebraska,0.6958811683383198,Vanderbilt,83
2026,2,North Carolina,Illinois,0.10245434976003936,Illinois,83
2026,2,Texas A&M,Houston,0.11374825773649348,Texas A&M,83
2026,2,Arizona,Utah St.,0.8432400875380335,Arizona,83
2026,2,Wisconsin,Arkansas,0.5029063675214598,Arkansas,83
2026,2,BYU,Gonzaga,0.3615080571960916,BYU,83
2026,2,Missouri,Purdue,0.12262663643158621,Missouri,83
2026,2,Michigan,Georgia,0.866337900347868,Michigan,83
2026,2,Texas Tech,Alabama,0.5906841722207969,Texas Tech,83
2026,2,Tennessee,Wright St.,0.9689063725244433,Tennessee,83
2026,2,Kentucky,Iowa St.,0.1771844338333049,Iowa St.,83
2026,3,Duke,Kansas,0.7759678663752496,Duke,83
2026,3,Louisville,UCLA,0.5137306737144266,Louisville,83
2026,3,Florida,Vanderbilt,0.6613068485024125,Florida,83
2026,3,Illinois,Texas A&M,0.9035512911569338,Illinois,83
2026,3,Arizona,Arkansas,0.6903897195952309,Arizona,83
2026,3,BYU,Missouri,0.48384543426260374,BYU,83
2026,3,Michigan,Texas Tech,0.606217000166059,Michigan,83
2026,3,Tennessee,Iowa St.,0.37868166566768885,Iowa St.,83
2026,4,Duke,Louisville,0.7581892365730687,Duke,83
2026,4,Florida,Illinois,0.38940877286056486,Florida,83
2026,4,Arizona,BYU,0.8713637775086326,Arizona,83
2026,4,Michigan,Iowa St.,0.562653722755456,Michigan,83
2026,5,Duke,Florida,0.5274932579747873,Duke,83
2026,5,Arizona,Michigan,0.4447304585569584,Arizona,83
2026,6,Duke,Arizona,0.5673688894729472,Duke,83
2026,1,Duke,Siena,0.9944116614139509,Duke,84
2026,1,Ohio St.,TCU,0.8247307005139348,Ohio St.,84
2026,1,St. John's,Northern Iowa,0.8331464003573522,Northern Iowa,84
2026,1,Kansas,Cal Baptist,0.9378160074405435,Kansas,84
2026,1,Louisville,South Florida,0.7942578724375865,Louisville,84
2026,1,Michigan St.,North Dakota St.,0.9552857140503138,Michigan St.,84
2026,1,UCLA,UCF,0.8599254415690811,UCLA,84
2026,1,Connecticut,Furman,0.9823903432449944,Connecticut,84
2026,1,Florida,Prairie View A&M,0.9969490217891839,Florida,84
2026,1,Clemson,Iowa,0.3627148326932703,Iowa,84
2026,1,Vanderbilt,McNeese St.,0.9261622028485247,Vanderbilt,84
2026,1,Nebraska,Troy,0.9459366397748131,Nebraska,84
2026,1,North Carolina,VCU,0.6938511955149728,North Carolina,84
2026,1,Illinois,Penn,0.9914285746265543,Illinois,84
2026,1,Saint Mary's,Texas A&M,0.47165331625093126,Saint Mary's,84
2026,1,Houston,Idaho,0.9889877212017745,Houston,84
2026,1,Arizona,LIU,0.9971492836437457,Arizona,84
2026,1,Villanova,Utah St.,0.5200329159906949,Villanova,84
2026,1,Wisconsin,High Point,0.9551567732814226,Wisconsin,84
2026,1,Arkansas,Hawaii,0.9712160813684694,Arkansas,84
2026,1,BYU,Texas,0.5184462126308838,Texas,84
2026,1,Gonzaga,Kennesaw St.,0.9523105407589534,Gonzaga,84
2026,1,Miami FL,Missouri,0.4371796951565946,Miami FL,84
2026,1,Purdue,Queens,0.9942485827871558,Purdue,84
2026,1,Michigan,Howard,0.9958654763245225,Michigan,84
2026,1,Georgia,Saint Louis,0.7588390832517659,Georgia,84
2026,1,Texas Tech,Akron,0.9516622481492901,Texas Tech,84
2026,1,Alabama,Hofstra,0.9292101382980879,Alabama,84
2026,1,Tennessee,Miami OH,0.9743983186142834,Tennessee,84
2026,1,Virginia,Wright St.,0.9554897234928257,Virginia,84
2026,1,Kentucky,Santa Clara,0.45174906885620525,Kentucky,84
2026,1,Iowa St.,Tennessee St.,0.9969838955993388,Iowa St.,84
2026,2,Duke,Ohio St.,0.754111157056542,Duke,84
2026,2,Northern Iowa,Kansas,0.18066986949018937,Northern Iowa,84
2026,2,Louisville,Michigan St.,0.5612051015065629,Michigan St.,84
2026,2,UCLA,Connecticut,0.4656160824030859,UCLA,84
2026,2,Florida,Iowa,0.7926434027221209,Florida,84
2026,2,Vanderbilt,Nebraska,0.6958811683383198,Vanderbilt,84
2026,2,North Carolina,Illinois,0.10245434976003936,Illinois,84
2026,2,Saint Mary's,Houston,0.10279738958252423,Houston,84
2026,2,Arizona,Villanova,0.8323482094236314,Arizona,84
2026,2,Wisconsin,Arkansas,0.5029063675214598,Arkansas,84
2026,2,Texas,Gonzaga,0.3446493122370096,Gonzaga,84
2026,2,Miami FL,Purdue,0.09793306781615119,Purdue,84
2026,2,Michigan,Georgia,0.866337900347868,Michigan,84
2026,2,Texas Tech,Alabama,0.5906841722207969,Texas Tech,84
2026,2,Tennessee,Virginia,0.5921018558449337,Virginia,84
2026,2,Kentucky,Iowa St.,0.1771844338333049,Iowa St.,84
2026,3,Duke,Northern Iowa,0.9401465822895586,Duke,84
2026,3,Michigan St.,UCLA,0.4523654463161424,Michigan St.,84
2026,3,Florida,Vanderbilt,0.6613068485024125,Vanderbilt,84
2026,3,Illinois,Houston,0.5459470626236897,Houston,84
2026,3,Arizona,Arkansas,0.6903897195952309,Arizona,84
2026,3,Gonzaga,Purdue,0.18791666028135517,Purdue,84
2026,3,Michigan,Texas Tech,0.606217000166059,Michigan,84
2026,3,Virginia,Iowa St.,0.2957104446671426,Virginia,84
2026,4,Duke,Michigan St.,0.8004056959239918,Duke,84
2026,4,Vanderbilt,Houston,0.28198971818666835,Houston,84
2026,4,Arizona,Purdue,0.4701958688898175,Purdue,84
2026,4,Michigan,Virginia,0.7539419566136315,Michigan,84
2026,5,Duke,Houston,0.4612265534105957,Houston,84
2026,5,Purdue,Michigan,0.47436568406645174,Purdue,84
2026,6,Houston,Purdue,0.5761948385476594,Houston,84
2026,1,Duke,Siena,0.9944116614139509,Duke,85
2026,1,Ohio St.,TCU,0.8247307005139348,Ohio St.,85
2026,1,St. John's,Northern Iowa,0.8331464003573522,St. John's,85
2026,1,Kansas,Cal Baptist,0.9378160074405435,Kansas,85
2026,1,Louisville,South Florida,0.7942578724375865,South Florida,85
2026,1,Michigan St.,North Dakota St.,0.9552857140503138,Michigan St.,85
2026,1,UCLA,UCF,0.8599254415690811,UCLA,85
2026,1,Connecticut,Furman,0.9823903432449944,Connecticut,85
2026,1,Florida,Prairie View A&M,0.9969490217891839,Florida,85
2026,1,Clemson,Iowa,0.3627148326932703,Iowa,85
2026,1,Vanderbilt,McNeese St.,0.9261622028485247,Vanderbilt,85
2026,1,Nebraska,Troy,0.9459366397748131,Nebraska,85
2026,1,North Carolina,VCU,0.6938511955149728,North Carolina,85
2026,1,Illinois,Penn,0.9914285746265543,Illinois,85
2026,1,Saint Mary's,Texas A&M,0.47165331625093126,Texas A&M,85
2026,1,Houston,Idaho,0.9889877212017745,Houston,85
2026,1,Arizona,LIU,0.9971492836437457,Arizona,85
2026,1,Villanova,Utah St.,0.5200329159906949,Villanova,85
2026,1,Wisconsin,High Point,0.9551567732814226,Wisconsin,85
2026,1,Arkansas,Hawaii,0.9712160813684694,Arkansas,85
2026,1,BYU,Texas,0.5184462126308838,BYU,85
2026,1,Gonzaga,Kennesaw St.,0.9523105407589534,Gonzaga,85
2026,1,Miami FL,Missouri,0.4371796951565946,Miami FL,85
2026,1,Purdue,Queens,0.9942485827871558,Purdue,85
2026,1,Michigan,Howard,0.9958654763245225,Michigan,85
2026,1,Georgia,Saint Louis,0.7588390832517659,Saint Louis,85
2026,1,Texas Tech,Akron,0.9516622481492901,Texas Tech,85
2026,1,Alabama,Hofstra,0.9292101382980879,Alabama,85
2026,1,Tennessee,Miami OH,0.9743983186142834,Tennessee,85
2026,1,Virginia,Wright St.,0.9554897234928257,Virginia,85
2026,1,Kentucky,Santa Clara,0.45174906885620525,Santa Clara,85
2026,1,Iowa St.,Tennessee St.,0.9969838955993388,Iowa St.,85
2026,2,Duke,Ohio St.,0.754111157056542,Duke,85
2026,2,St. John's,Kansas,0.524050661834133,St. John's,85
2026,2,South Florida,Michigan St.,0.24885463353731688,Michigan St.,85
2026,2,UCLA,Connecticut,0.4656160824030859,Connecticut,85
2026,2,Florida,Iowa,0.7926434027221209,Florida,85
2026,2,Vanderbilt,Nebraska,0.6958811683383198,Vanderbilt,85
2026,2,North Carolina,Illinois,0.10245434976003936,Illinois,85
2026,2,Texas A&M,Houston,0.11374825773649348,Houston,85
2026,2,Arizona,Villanova,0.8323482094236314,Arizona,85
2026,2,Wisconsin,Arkansas,0.5029063675214598,Wisconsin,85
2026,2,BYU,Gonzaga,0.3615080571960916,BYU,85
2026,2,Miami FL,Purdue,0.09793306781615119,Purdue,85
2026,2,Michigan,Saint Louis,0.9532599115629986,Michigan,85
2026,2,Texas Tech,Alabama,0.5906841722207969,Alabama,85
2026,2,Tennessee,Virginia,0.5921018558449337,Virginia,85
2026,2,Santa Clara,Iowa St.,0.2071920828857785,Iowa St.,85
2026,3,Duke,St. John's,0.7587877180879463,Duke,85
2026,3,Michigan St.,Connecticut,0.41851537121286536,Michigan St.,85
2026,3,Florida,Vanderbilt,0.6613068485024125,Vanderbilt,85
2026,3,Illinois,Houston,0.5459470626236897,Houston,85
2026,3,Arizona,Wisconsin,0.68789924261849,Arizona,85
2026,3,BYU,Purdue,0.1158398959796437,BYU,85
2026,3,Michigan,Alabama,0.6895962556154527,Alabama,85
2026,3,Virginia,Iowa St.,0.2957104446671426,Iowa St.,85
2026,4,Duke,Michigan St.,0.8004056959239918,Duke,85
2026,4,Vanderbilt,Houston,0.28198971818666835,Vanderbilt,85
2026,4,Arizona,BYU,0.8713637775086326,BYU,85
2026,4,Alabama,Iowa St.,0.36672481055933426,Iowa St.,85
2026,5,Duke,Vanderbilt,0.685509282518029,Duke,85
2026,5,BYU,Iowa St.,0.13203122770008394,Iowa St.,85
2026,6,Duke,Iowa St.,0.5747060461556229,Iowa St.,85
2026,1,Duke,Siena,0.9944116614139509,Duke,86
2026,1,Ohio St.,TCU,0.8247307005139348,Ohio St.,86
2026,1,St. John's,Northern Iowa,0.8331464003573522,St. John's,86
2026,1,Kansas,Cal Baptist,0.9378160074405435,Kansas,86
2026,1,Louisville,South Florida,0.7942578724375865,South Florida,86
2026,1,Michigan St.,North Dakota St.,0.9552857140503138,Michigan St.,86
2026,1,UCLA,UCF,0.8599254415690811,UCLA,86
2026,1,Connecticut,Furman,0.9823903432449944,Connecticut,86
2026,1,Florida,Prairie View A&M,0.9969490217891839,Florida,86
2026,1,Clemson,Iowa,0.3627148326932703,Iowa,86
2026,1,Vanderbilt,McNeese St.,0.9261622028485247,McNeese St.,86
2026,1,Nebraska,Troy,0.9459366397748131,Nebraska,86
2026,1,North Carolina,VCU,0.6938511955149728,VCU,86
2026,1,Illinois,Penn,0.9914285746265543,Illinois,86
2026,1,Saint Mary's,Texas A&M,0.47165331625093126,Saint Mary's,86
2026,1,Houston,Idaho,0.9889877212017745,Houston,86
2026,1,Arizona,LIU,0.9971492836437457,Arizona,86
2026,1,Villanova,Utah St.,0.5200329159906949,Villanova,86
2026,1,Wisconsin,High Point,0.9551567732814226,Wisconsin,86
2026,1,Arkansas,Hawaii,0.9712160813684694,Arkansas,86
2026,1,BYU,Texas,0.5184462126308838,Texas,86
2026,1,Gonzaga,Kennesaw St.,0.9523105407589534,Gonzaga,86
2026,1,Miami FL,Missouri,0.4371796951565946,Missouri,86
2026,1,Purdue,Queens,0.9942485827871558,Purdue,86
2026,1,Michigan,Howard,0.9958654763245225,Michigan,86
2026,1,Georgia,Saint Louis,0.7588390832517659,Georgia,86
2026,1,Texas Tech,Akron,0.9516622481492901,Texas Tech,86
2026,1,Alabama,Hofstra,0.9292101382980879,Alabama,86
2026,1,Tennessee,Miami OH,0.9743983186142834,Tennessee,86
2026,1,Virginia,Wright St.,0.9554897234928257,Virginia,86
2026,1,Kentucky,Santa Clara,0.45174906885620525,Santa Clara,86
2026,1,Iowa St.,Tennessee St.,0.9969838955993388,Iowa St.,86
2026,2,Duke,Ohio St.,0.754111157056542,Duke,86
2026,2,St. John's,Kansas,0.524050661834133,St. John's,86
2026,2,South Florida,Michigan St.,0.24885463353731688,Michigan St.,86
2026,2,UCLA,Connecticut,0.4656160824030859,Connecticut,86
2026,2,Florida,Iowa,0.7926434027221209,Florida,86
2026,2,McNeese St.,Nebraska,0.1542801261498085,Nebraska,86
2026,2,VCU,Illinois,0.047951180201484304,Illinois,86
2026,2,Saint Mary's,Houston,0.10279738958252423,Houston,86
2026,2,Arizona,Villanova,0.8323482094236314,Arizona,86
2026,2,Wisconsin,Arkansas,0.5029063675214598,Wisconsin,86
2026,2,Texas,Gonzaga,0.3446493122370096,Texas,86
2026,2,Missouri,Purdue,0.12262663643158621,Purdue,86
2026,2,Michigan,Georgia,0.866337900347868,Michigan,86
2026,2,Texas Tech,Alabama,0.5906841722207969,Alabama,86
2026,2,Tennessee,Virginia,0.5921018558449337,Tennessee,86
2026,2,Santa Clara,Iowa St.,0.2071920828857785,Iowa St.,86
2026,3,Duke,St. John's,0.7587877180879463,Duke,86
2026,3,Michigan St.,Connecticut,0.41851537121286536,Connecticut,86
2026,3,Florida,Nebraska,0.8171092464488837,Florida,86
2026,3,Illinois,Houston,0.5459470626236897,Illinois,86
2026,3,Arizona,Wisconsin,0.68789924261849,Arizona,86
2026,3,Texas,Purdue,0.10849108035402699,Purdue,86
2026,3,Michigan,Alabama,0.6895962556154527,Alabama,86
2026,3,Tennessee,Iowa St.,0.37868166566768885,Tennessee,86
2026,4,Duke,Connecticut,0.7426830871082504,Connecticut,86
2026,4,Florida,Illinois,0.38940877286056486,Florida,86
2026,4,Arizona,Purdue,0.4701958688898175,Arizona,86
2026,4,Alabama,Tennessee,0.4872163646022674,Tennessee,86
2026,5,Connecticut,Florida,0.2789095781663846,Florida,86
2026,5,Arizona,Tennessee,0.6283398875143542,Arizona,86
2026,6,Florida,Arizona,0.5401732656229963,Arizona,86
2026,1,Duke,Siena,0.9944116614139509,Duke,87
2026,1,Ohio St.,TCU,0.8247307005139348,Ohio St.,87
2026,1,St. John's,Northern Iowa,0.8331464003573522,St. John's,87
2026,1,Kansas,Cal Baptist,0.9378160074405435,Kansas,87
2026,1,Louisville,South Florida,0.7942578724375865,Louisville,87
2026,1,Michigan St.,North Dakota St.,0.9552857140503138,Michigan St.,87
2026,1,UCLA,UCF,0.8599254415690811,UCF,87
2026,1,Connecticut,Furman,0.9823903432449944,Connecticut,87
2026,1,Florida,Prairie View A&M,0.9969490217891839,Florida,87
2026,1,Clemson,Iowa,0.3627148326932703,Iowa,87
2026,1,Vanderbilt,McNeese St.,0.9261622028485247,McNeese St.,87
2026,1,Nebraska,Troy,0.9459366397748131,Nebraska,87
2026,1,North Carolina,VCU,0.6938511955149728,North Carolina,87
2026,1,Illinois,Penn,0.9914285746265543,Illinois,87
2026,1,Saint Mary's,Texas A&M,0.47165331625093126,Texas A&M,87
2026,1,Houston,Idaho,0.9889877212017745,Houston,87
2026,1,Arizona,LIU,0.9971492836437457,Arizona,87
2026,1,Villanova,Utah St.,0.5200329159906949,Villanova,87
2026,1,Wisconsin,High Point,0.9551567732814226,Wisconsin,87
2026,1,Arkansas,Hawaii,0.9712160813684694,Arkansas,87
2026,1,BYU,Texas,0.5184462126308838,Texas,87
2026,1,Gonzaga,Kennesaw St.,0.9523105407589534,Gonzaga,87
2026,1,Miami FL,Missouri,0.4371796951565946,Miami FL,87
2026,1,Purdue,Queens,0.9942485827871558,Purdue,87
2026,1,Michigan,Howard,0.9958654763245225,Michigan,87
2026,1,Georgia,Saint Louis,0.7588390832517659,Georgia,87
2026,1,Texas Tech,Akron,0.9516622481492901,Akron,87
2026,1,Alabama,Hofstra,0.9292101382980879,Alabama,87
2026,1,Tennessee,Miami OH,0.9743983186142834,Tennessee,87
2026,1,Virginia,Wright St.,0.9554897234928257,Virginia,87
2026,1,Kentucky,Santa Clara,0.45174906885620525,Santa Clara,87
2026,1,Iowa St.,Tennessee St.,0.9969838955993388,Iowa St.,87
2026,2,Duke,Ohio St.,0.754111157056542,Duke,87
2026,2,St. John's,Kansas,0.524050661834133,Kansas,87
2026,2,Louisville,Michigan St.,0.5612051015065629,Michigan St.,87
2026,2,UCF,Connecticut,0.12428929276650445,Connecticut,87
2026,2,Florida,Iowa,0.7926434027221209,Iowa,87
2026,2,McNeese St.,Nebraska,0.1542801261498085,Nebraska,87
2026,2,North Carolina,Illinois,0.10245434976003936,Illinois,87
2026,2,Texas A&M,Houston,0.11374825773649348,Houston,87
2026,2,Arizona,Villanova,0.8323482094236314,Arizona,87
2026,2,Wisconsin,Arkansas,0.5029063675214598,Wisconsin,87
2026,2,Texas,Gonzaga,0.3446493122370096,Gonzaga,87
2026,2,Miami FL,Purdue,0.09793306781615119,Purdue,87
2026,2,Michigan,Georgia,0.866337900347868,Michigan,87
2026,2,Akron,Alabama,0.06829352289582973,Alabama,87
2026,2,Tennessee,Virginia,0.5921018558449337,Tennessee,87
2026,2,Santa Clara,Iowa St.,0.2071920828857785,Iowa St.,87
2026,3,Duke,Kansas,0.7759678663752496,Kansas,87
2026,3,Michigan St.,Connecticut,0.41851537121286536,Michigan St.,87
2026,3,Iowa,Nebraska,0.5389087669585145,Iowa,87
2026,3,Illinois,Houston,0.5459470626236897,Illinois,87
2026,3,Arizona,Wisconsin,0.68789924261849,Arizona,87
2026,3,Gonzaga,Purdue,0.18791666028135517,Gonzaga,87
2026,3,Michigan,Alabama,0.6895962556154527,Alabama,87
2026,3,Tennessee,Iowa St.,0.37868166566768885,Tennessee,87
2026,4,Kansas,Michigan St.,0.5365621913412327,Michigan St.,87
2026,4,Iowa,Illinois,0.14298305959580024,Iowa,87
2026,4,Arizona,Gonzaga,0.7931873894151327,Arizona,87
2026,4,Alabama,Tennessee,0.4872163646022674,Alabama,87
2026,5,Michigan St.,Iowa,0.5155413950798982,Iowa,87
2026,5,Arizona,Alabama,0.640203423738967,Alabama,87
2026,6,Iowa,Alabama,0.35350997410367885,Iowa,87
2026,1,Duke,Siena,0.9944116614139509,Duke,88
2026,1,Ohio St.,TCU,0.8247307005139348,Ohio St.,88
2026,1,St. John's,Northern Iowa,0.8331464003573522,St. John's,88
2026,1,Kansas,Cal Baptist,0.9378160074405435,Kansas,88
2026,1,Louisville,South Florida,0.7942578724375865,South Florida,88
2026,1,Michigan St.,North Dakota St.,0.9552857140503138,Michigan St.,88
2026,1,UCLA,UCF,0.8599254415690811,UCLA,88
2026,1,Connecticut,Furman,0.9823903432449944,Connecticut,88
2026,1,Florida,Prairie View A&M,0.9969490217891839,Florida,88
2026,1,Clemson,Iowa,0.3627148326932703,Clemson,88
2026,1,Vanderbilt,McNeese St.,0.9261622028485247,Vanderbilt,88
2026,1,Nebraska,Troy,0.9459366397748131,Nebraska,88
2026,1,North Carolina,VCU,0.6938511955149728,North Carolina,88
2026,1,Illinois,Penn,0.9914285746265543,Illinois,88
2026,1,Saint Mary's,Texas A&M,0.47165331625093126,Saint Mary's,88
2026,1,Houston,Idaho,0.9889877212017745,Houston,88
2026,1,Arizona,LIU,0.9971492836437457,Arizona,88
2026,1,Villanova,Utah St.,0.5200329159906949,Villanova,88
2026,1,Wisconsin,High Point,0.9551567732814226,Wisconsin,88
2026,1,Arkansas,Hawaii,0.9712160813684694,Arkansas,88
2026,1,BYU,Texas,0.5184462126308838,BYU,88
2026,1,Gonzaga,Kennesaw St.,0.9523105407589534,Gonzaga,88
2026,1,Miami FL,Missouri,0.4371796951565946,Missouri,88
2026,1,Purdue,Queens,0.9942485827871558,Purdue,88
2026,1,Michigan,Howard,0.9958654763245225,Michigan,88
2026,1,Georgia,Saint Louis,0.7588390832517659,Georgia,88
2026,1,Texas Tech,Akron,0.9516622481492901,Texas Tech,88
2026,1,Alabama,Hofstra,0.9292101382980879,Alabama,88
2026,1,Tennessee,Miami OH,0.9743983186142834,Tennessee,88
2026,1,Virginia,Wright St.,0.9554897234928257,Virginia,88
2026,1,Kentucky,Santa Clara,0.45174906885620525,Santa Clara,88
2026,1,Iowa St.,Tennessee St.,0.9969838955993388,Iowa St.,88
2026,2,Duke,Ohio St.,0.754111157056542,Duke,88
2026,2,St. John's,Kansas,0.524050661834133,St. John's,88
2026,2,South Florida,Michigan St.,0.24885463353731688,Michigan St.,88
2026,2,UCLA,Connecticut,0.4656160824030859,UCLA,88
2026,2,Florida,Clemson,0.8704037936386363,Florida,88
2026,2,Vanderbilt,Nebraska,0.6958811683383198,Vanderbilt,88
2026,2,North Carolina,Illinois,0.10245434976003936,Illinois,88
2026,2,Saint Mary's,Houston,0.10279738958252423,Houston,88
2026,2,Arizona,Villanova,0.8323482094236314,Arizona,88
2026,2,Wisconsin,Arkansas,0.5029063675214598,Wisconsin,88
2026,2,BYU,Gonzaga,0.3615080571960916,Gonzaga,88
2026,2,Missouri,Purdue,0.12262663643158621,Purdue,88
2026,2,Michigan,Georgia,0.866337900347868,Georgia,88
2026,2,Texas Tech,Alabama,0.5906841722207969,Texas Tech,88
2026,2,Tennessee,Virginia,0.5921018558449337,Tennessee,88
2026,2,Santa Clara,Iowa St.,0.2071920828857785,Iowa St.,88
2026,3,Duke,St. John's,0.7587877180879463,St. John's,88
2026,3,Michigan St.,UCLA,0.4523654463161424,Michigan St.,88
2026,3,Florida,Vanderbilt,0.6613068485024125,Vanderbilt,88
2026,3,Illinois,Houston,0.5459470626236897,Illinois,88
2026,3,Arizona,Wisconsin,0.68789924261849,Arizona,88
2026,3,Gonzaga,Purdue,0.18791666028135517,Purdue,88
2026,3,Georgia,Texas Tech,0.19192936904931657,Texas Tech,88
2026,3,Tennessee,Iowa St.,0.37868166566768885,Tennessee,88
2026,4,St. John's,Michigan St.,0.5604004020334545,Michigan St.,88
2026,4,Vanderbilt,Illinois,0.24621138868289286,Illinois,88
2026,4,Arizona,Purdue,0.4701958688898175,Arizona,88
2026,4,Texas Tech,Tennessee,0.5782634517725194,Tennessee,88
2026,5,Michigan St.,Illinois,0.1507736677358494,Illinois,88
2026,5,Arizona,Tennessee,0.6283398875143542,Arizona,88
2026,6,Illinois,Arizona,0.648132002945887,Illinois,88
2026,1,Duke,Siena,0.9944116614139509,Duke,89
2026,1,Ohio St.,TCU,0.8247307005139348,Ohio St.,89
2026,1,St. John's,Northern Iowa,0.8331464003573522,Northern Iowa,89
2026,1,Kansas,Cal Baptist,0.9378160074405435,Kansas,89
2026,1,Louisville,South Florida,0.7942578724375865,Louisville,89
2026,1,Michigan St.,North Dakota St.,0.9552857140503138,Michigan St.,89
2026,1,UCLA,UCF,0.8599254415690811,UCLA,89
2026,1,Connecticut,Furman,0.9823903432449944,Connecticut,89
2026,1,Florida,Prairie View A&M,0.9969490217891839,Florida,89
2026,1,Clemson,Iowa,0.3627148326932703,Clemson,89
2026,1,Vanderbilt,McNeese St.,0.9261622028485247,Vanderbilt,89
2026,1,Nebraska,Troy,0.9459366397748131,Nebraska,89
2026,1,North Carolina,VCU,0.6938511955149728,North Carolina,89
2026,1,Illinois,Penn,0.9914285746265543,Illinois,89
2026,1,Saint Mary's,Texas A&M,0.47165331625093126,Texas A&M,89
2026,1,Houston,Idaho,0.9889877212017745,Houston,89
2026,1,Arizona,LIU,0.9971492836437457,Arizona,89
2026,1,Villanova,Utah St.,0.5200329159906949,Villanova,89
2026,1,Wisconsin,High Point,0.9551567732814226,Wisconsin,89
2026,1,Arkansas,Hawaii,0.9712160813684694,Arkansas,89
2026,1,BYU,Texas,0.5184462126308838,Texas,89
2026,1,Gonzaga,Kennesaw St.,0.9523105407589534,Gonzaga,89
2026,1,Miami FL,Missouri,0.4371796951565946,Missouri,89
2026,1,Purdue,Queens,0.9942485827871558,Purdue,89
2026,1,Michigan,Howard,0.9958654763245225,Michigan,89
2026,1,Georgia,Saint Louis,0.7588390832517659,Saint Louis,89
2026,1,Texas Tech,Akron,0.9516622481492901,Texas Tech,89
2026,1,Alabama,Hofstra,0.9292101382980879,Alabama,89
2026,1,Tennessee,Miami OH,0.9743983186142834,Tennessee,89
2026,1,Virginia,Wright St.,0.9554897234928257,Virginia,89
2026,1,Kentucky,Santa Clara,0.45174906885620525,Kentucky,89
2026,1,Iowa St.,Tennessee St.,0.9969838955993388,Iowa St.,89
2026,2,Duke,Ohio St.,0.754111157056542,Ohio St.,89
2026,2,Northern Iowa,Kansas,0.18066986949018937,Kansas,89
2026,2,Louisville,Michigan St.,0.5612051015065629,Michigan St.,89
2026,2,UCLA,Connecticut,0.4656160824030859,Connecticut,89
2026,2,Florida,Clemson,0.8704037936386363,Florida,89
2026,2,Vanderbilt,Nebraska,0.6958811683383198,Vanderbilt,89
2026,2,North Carolina,Illinois,0.10245434976003936,Illinois,89
2026,2,Texas A&M,Houston,0.11374825773649348,Houston,89
2026,2,Arizona,Villanova,0.8323482094236314,Arizona,89
2026,2,Wisconsin,Arkansas,0.5029063675214598,Arkansas,89
2026,2,Texas,Gonzaga,0.3446493122370096,Gonzaga,89
2026,2,Missouri,Purdue,0.12262663643158621,Purdue,89
2026,2,Michigan,Saint Louis,0.9532599115629986,Michigan,89
2026,2,Texas Tech,Alabama,0.5906841722207969,Alabama,89
2026,2,Tennessee,Virginia,0.5921018558449337,Tennessee,89
2026,2,Kentucky,Iowa St.,0.1771844338333049,Iowa St.,89
2026,3,Ohio St.,Kansas,0.5303778919627196,Kansas,89
2026,3,Michigan St.,Connecticut,0.41851537121286536,Michigan St.,89
2026,3,Florida,Vanderbilt,0.6613068485024125,Florida,89
2026,3,Illinois,Houston,0.5459470626236897,Houston,89
2026,3,Arizona,Arkansas,0.6903897195952309,Arkansas,89
2026,3,Gonzaga,Purdue,0.18791666028135517,Purdue,89
2026,3,Michigan,Alabama,0.6895962556154527,Michigan,89
2026,3,Tennessee,Iowa St.,0.37868166566768885,Iowa St.,89
2026,4,Kansas,Michigan St.,0.5365621913412327,Kansas,89
2026,4,Florida,Houston,0.4340146591383405,Florida,89
2026,4,Arkansas,Purdue,0.2846930993448674,Purdue,89
2026,4,Michigan,Iowa St.,0.562653722755456,Iowa St.,89
2026,5,Kansas,Florida,0.24374840608932438,Florida,89
2026,5,Purdue,Iowa St.,0.5372587698757884,Iowa St.,89
2026,6,Florida,Iowa St.,0.5476038850580078,Florida,89
2026,1,Duke,Siena,0.9944116614139509,Duke,90
2026,1,Ohio St.,TCU,0.8247307005139348,Ohio St.,90
2026,1,St. John's,Northern Iowa,0.8331464003573522,St. John's,90
2026,1,Kansas,Cal Baptist,0.9378160074405435,Kansas,90
2026,1,Louisville,South Florida,0.7942578724375865,Louisville,90
2026,1,Michigan St.,North Dakota St.,0.9552857140503138,Michigan St.,90
2026,1,UCLA,UCF,0.8599254415690811,UCLA,90
2026,1,Connecticut,Furman,0.9823903432449944,Connecticut,90
2026,1,Florida,Prairie View A&M,0.9969490217891839,Florida,90
2026,1,Clemson,Iowa,0.3627148326932703,Iowa,90
2026,1,Vanderbilt,McNeese St.,0.9261622028485247,Vanderbilt,90
2026,1,Nebraska,Troy,0.9459366397748131,Nebraska,90
2026,1,North Carolina,VCU,0.6938511955149728,North Carolina,90
2026,1,Illinois,Penn,0.9914285746265543,Illinois,90
2026,1,Saint Mary's,Texas A&M,0.47165331625093126,Saint Mary's,90
2026,1,Houston,Idaho,0.9889877212017745,Houston,90
2026,1,Arizona,LIU,0.9971492836437457,Arizona,90
2026,1,Villanova,Utah St.,0.5200329159906949,Villanova,90
2026,1,Wisconsin,High Point,0.9551567732814226,Wisconsin,90
2026,1,Arkansas,Hawaii,0.9712160813684694,Arkansas,90
2026,1,BYU,Texas,0.5184462126308838,Texas,90
2026,1,Gonzaga,Kennesaw St.,0.9523105407589534,Gonzaga,90
2026,1,Miami FL,Missouri,0.4371796951565946,Miami FL,90
2026,1,Purdue,Queens,0.9942485827871558,Purdue,90
2026,1,Michigan,Howard,0.9958654763245225,Michigan,90
2026,1,Georgia,Saint Louis,0.7588390832517659,Georgia,90
2026,1,Texas Tech,Akron,0.9516622481492901,Texas Tech,90
2026,1,Alabama,Hofstra,0.9292101382980879,Alabama,90
2026,1,Tennessee,Miami OH,0.9743983186142834,Tennessee,90
2026,1,Virginia,Wright St.,0.9554897234928257,Virginia,90
2026,1,Kentucky,Santa Clara,0.45174906885620525,Santa Clara,90
2026,1,Iowa St.,Tennessee St.,0.9969838955993388,Iowa St.,90
2026,2,Duke,Ohio St.,0.754111157056542,Duke,90
2026,2,St. John's,Kansas,0.524050661834133,St. John's,90
2026,2,Louisville,Michigan St.,0.5612051015065629,Michigan St.,90
2026,2,UCLA,Connecticut,0.4656160824030859,Connecticut,90
2026,2,Florida,Iowa,0.7926434027221209,Florida,90
2026,2,Vanderbilt,Nebraska,0.6958811683383198,Vanderbilt,90
2026,2,North Carolina,Illinois,0.10245434976003936,Illinois,90
2026,2,Saint Mary's,Houston,0.10279738958252423,Houston,90
2026,2,Arizona,Villanova,0.8323482094236314,Arizona,90
2026,2,Wisconsin,Arkansas,0.5029063675214598,Wisconsin,90
2026,2,Texas,Gonzaga,0.3446493122370096,Texas,90
2026,2,Miami FL,Purdue,0.09793306781615119,Purdue,90
2026,2,Michigan,Georgia,0.866337900347868,Michigan,90
2026,2,Texas Tech,Alabama,0.5906841722207969,Alabama,90
2026,2,Tennessee,Virginia,0.5921018558449337,Tennessee,90
2026,2,Santa Clara,Iowa St.,0.2071920828857785,Iowa St.,90
2026,3,Duke,St. John's,0.7587877180879463,Duke,90
2026,3,Michigan St.,Connecticut,0.41851537121286536,Connecticut,90
2026,3,Florida,Vanderbilt,0.6613068485024125,Vanderbilt,90
2026,3,Illinois,Houston,0.5459470626236897,Illinois,90
2026,3,Arizona,Wisconsin,0.68789924261849,Wisconsin,90
2026,3,Texas,Purdue,0.10849108035402699,Purdue,90
2026,3,Michigan,Alabama,0.6895962556154527,Michigan,90
2026,3,Tennessee,Iowa St.,0.37868166566768885,Iowa St.,90
2026,4,Duke,Connecticut,0.7426830871082504,Duke,90
2026,4,Vanderbilt,Illinois,0.24621138868289286,Vanderbilt,90
2026,4,Wisconsin,Purdue,0.28706648492331593,Purdue,90
2026,4,Michigan,Iowa St.,0.562653722755456,Michigan,90
2026,5,Duke,Vanderbilt,0.685509282518029,Vanderbilt,90
2026,5,Purdue,Michigan,0.47436568406645174,Michigan,90
2026,6,Vanderbilt,Michigan,0.3251796993794666,Michigan,90
2026,1,Duke,Siena,0.9944116614139509,Duke,91
2026,1,Ohio St.,TCU,0.8247307005139348,TCU,91
2026,1,St. John's,Northern Iowa,0.8331464003573522,St. John's,91
2026,1,Kansas,Cal Baptist,0.9378160074405435,Kansas,91
2026,1,Louisville,South Florida,0.7942578724375865,Louisville,91
2026,1,Michigan St.,North Dakota St.,0.9552857140503138,Michigan St.,91
2026,1,UCLA,UCF,0.8599254415690811,UCLA,91
2026,1,Connecticut,Furman,0.9823903432449944,Connecticut,91
2026,1,Florida,Prairie View A&M,0.9969490217891839,Florida,91
2026,1,Clemson,Iowa,0.3627148326932703,Iowa,91
2026,1,Vanderbilt,McNeese St.,0.9261622028485247,Vanderbilt,91
2026,1,Nebraska,Troy,0.9459366397748131,Nebraska,91
2026,1,North Carolina,VCU,0.6938511955149728,North Carolina,91
2026,1,Illinois,Penn,0.9914285746265543,Illinois,91
2026,1,Saint Mary's,Texas A&M,0.47165331625093126,Saint Mary's,91
2026,1,Houston,Idaho,0.9889877212017745,Houston,91
2026,1,Arizona,LIU,0.9971492836437457,Arizona,91
2026,1,Villanova,Utah St.,0.5200329159906949,Villanova,91
2026,1,Wisconsin,High Point,0.9551567732814226,Wisconsin,91
2026,1,Arkansas,Hawaii,0.9712160813684694,Arkansas,91
2026,1,BYU,Texas,0.5184462126308838,Texas,91
2026,1,Gonzaga,Kennesaw St.,0.9523105407589534,Gonzaga,91
2026,1,Miami FL,Missouri,0.4371796951565946,Missouri,91
2026,1,Purdue,Queens,0.9942485827871558,Purdue,91
2026,1,Michigan,Howard,0.9958654763245225,Michigan,91
2026,1,Georgia,Saint Louis,0.7588390832517659,Georgia,91
2026,1,Texas Tech,Akron,0.9516622481492901,Texas Tech,91
2026,1,Alabama,Hofstra,0.9292101382980879,Alabama,91
2026,1,Tennessee,Miami OH,0.9743983186142834,Tennessee,91
2026,1,Virginia,Wright St.,0.9554897234928257,Virginia,91
2026,1,Kentucky,Santa Clara,0.45174906885620525,Santa Clara,91
2026,1,Iowa St.,Tennessee St.,0.9969838955993388,Iowa St.,91
2026,2,Duke,TCU,0.9351962827442268,Duke,91
2026,2,St. John's,Kansas,0.524050661834133,Kansas,91
2026,2,Louisville,Michigan St.,0.5612051015065629,Louisville,91
2026,2,UCLA,Connecticut,0.4656160824030859,UCLA,91
2026,2,Florida,Iowa,0.7926434027221209,Iowa,91
2026,2,Vanderbilt,Nebraska,0.6958811683383198,Nebraska,91
2026,2,North Carolina,Illinois,0.10245434976003936,North Carolina,91
2026,2,Saint Mary's,Houston,0.10279738958252423,Houston,91
2026,2,Arizona,Villanova,0.8323482094236314,Arizona,91
2026,2,Wisconsin,Arkansas,0.5029063675214598,Arkansas,91
2026,2,Texas,Gonzaga,0.3446493122370096,Gonzaga,91
2026,2,Missouri,Purdue,0.12262663643158621,Purdue,91
2026,2,Michigan,Georgia,0.866337900347868,Michigan,91
2026,2,Texas Tech,Alabama,0.5906841722207969,Texas Tech,91
2026,2,Tennessee,Virginia,0.5921018558449337,Virginia,91
2026,2,Santa Clara,Iowa St.,0.2071920828857785,Iowa St.,91
2026,3,Duke,Kansas,0.7759678663752496,Duke,91
2026,3,Louisville,UCLA,0.5137306737144266,Louisville,91
2026,3,Iowa,Nebraska,0.5389087669585145,Nebraska,91
2026,3,North Carolina,Houston,0.12068722015957356,North Carolina,91
2026,3,Arizona,Arkansas,0.6903897195952309,Arizona,91
2026,3,Gonzaga,Purdue,0.18791666028135517,Purdue,91
2026,3,Michigan,Texas Tech,0.606217000166059,Texas Tech,91
2026,3,Virginia,Iowa St.,0.2957104446671426,Iowa St.,91
2026,4,Duke,Louisville,0.7581892365730687,Duke,91
2026,4,Nebraska,North Carolina,0.5556595547420512,Nebraska,91
2026,4,Arizona,Purdue,0.4701958688898175,Purdue,91
2026,4,Texas Tech,Iowa St.,0.4552453740527298,Texas Tech,91
2026,5,Duke,Nebraska,0.8329899895848807,Duke,91
2026,5,Purdue,Texas Tech,0.5814699902357143,Texas Tech,91
2026,6,Duke,Texas Tech,0.6178841176623984,Texas Tech,91
2026,1,Duke,Siena,0.9944116614139509,Duke,92
2026,1,Ohio St.,TCU,0.8247307005139348,Ohio St.,92
2026,1,St. John's,Northern Iowa,0.8331464003573522,Northern Iowa,92
2026,1,Kansas,Cal Baptist,0.9378160074405435,Kansas,92
2026,1,Louisville,South Florida,0.7942578724375865,Louisville,92
2026,1,Michigan St.,North Dakota St.,0.9552857140503138,Michigan St.,92
2026,1,UCLA,UCF,0.8599254415690811,UCLA,92
2026,1,Connecticut,Furman,0.9823903432449944,Connecticut,92
2026,1,Florida,Prairie View A&M,0.9969490217891839,Florida,92
2026,1,Clemson,Iowa,0.3627148326932703,Iowa,92
2026,1,Vanderbilt,McNeese St.,0.9261622028485247,Vanderbilt,92
2026,1,Nebraska,Troy,0.9459366397748131,Nebraska,92
2026,1,North Carolina,VCU,0.6938511955149728,North Carolina,92
2026,1,Illinois,Penn,0.9914285746265543,Illinois,92
2026,1,Saint Mary's,Texas A&M,0.47165331625093126,Texas A&M,92
2026,1,Houston,Idaho,0.9889877212017745,Houston,92
2026,1,Arizona,LIU,0.9971492836437457,Arizona,92
2026,1,Villanova,Utah St.,0.5200329159906949,Villanova,92
2026,1,Wisconsin,High Point,0.9551567732814226,Wisconsin,92
2026,1,Arkansas,Hawaii,0.9712160813684694,Arkansas,92
2026,1,BYU,Texas,0.5184462126308838,Texas,92
2026,1,Gonzaga,Kennesaw St.,0.9523105407589534,Gonzaga,92
2026,1,Miami FL,Missouri,0.4371796951565946,Missouri,92
2026,1,Purdue,Queens,0.9942485827871558,Purdue,92
2026,1,Michigan,Howard,0.9958654763245225,Michigan,92
2026,1,Georgia,Saint Louis,0.7588390832517659,Georgia,92
2026,1,Texas Tech,Akron,0.9516622481492901,Texas Tech,92
2026,1,Alabama,Hofstra,0.9292101382980879,Alabama,92
2026,1,Tennessee,Miami OH,0.9743983186142834,Tennessee,92
2026,1,Virginia,Wright St.,0.9554897234928257,Virginia,92
2026,1,Kentucky,Santa Clara,0.45174906885620525,Santa Clara,92
2026,1,Iowa St.,Tennessee St.,0.9969838955993388,Iowa St.,92
2026,2,Duke,Ohio St.,0.754111157056542,Duke,92
2026,2,Northern Iowa,Kansas,0.18066986949018937,Kansas,92
2026,2,Louisville,Michigan St.,0.5612051015065629,Michigan St.,92
2026,2,UCLA,Connecticut,0.4656160824030859,UCLA,92
2026,2,Florida,Iowa,0.7926434027221209,Florida,92
2026,2,Vanderbilt,Nebraska,0.6958811683383198,Nebraska,92
2026,2,North Carolina,Illinois,0.10245434976003936,Illinois,92
2026,2,Texas A&M,Houston,0.11374825773649348,Houston,92
2026,2,Arizona,Villanova,0.8323482094236314,Arizona,92
2026,2,Wisconsin,Arkansas,0.5029063675214598,Wisconsin,92
2026,2,Texas,Gonzaga,0.3446493122370096,Texas,92
2026,2,Missouri,Purdue,0.12262663643158621,Purdue,92
2026,2,Michigan,Georgia,0.866337900347868,Michigan,92
2026,2,Texas Tech,Alabama,0.5906841722207969,Alabama,92
2026,2,Tennessee,Virginia,0.5921018558449337,Tennessee,92
2026,2,Santa Clara,Iowa St.,0.2071920828857785,Iowa St.,92
2026,3,Duke,Kansas,0.7759678663752496,Kansas,92
2026,3,Michigan St.,UCLA,0.4523654463161424,UCLA,92
2026,3,Florida,Nebraska,0.8171092464488837,Nebraska,92
2026,3,Illinois,Houston,0.5459470626236897,Illinois,92
2026,3,Arizona,Wisconsin,0.68789924261849,Wisconsin,92
2026,3,Texas,Purdue,0.10849108035402699,Purdue,92
2026,3,Michigan,Alabama,0.6895962556154527,Alabama,92
2026,3,Tennessee,Iowa St.,0.37868166566768885,Iowa St.,92
2026,4,Kansas,UCLA,0.488849960969958,Kansas,92
2026,4,Nebraska,Illinois,0.12491561484566359,Illinois,92
2026,4,Wisconsin,Purdue,0.28706648492331593,Purdue,92
2026,4,Alabama,Iowa St.,0.36672481055933426,Alabama,92
2026,5,Kansas,Illinois,0.1705073793538077,Kansas,92
2026,5,Purdue,Alabama,0.6672126678612754,Alabama,92
2026,6,Kansas,Alabama,0.4025262156753914,Alabama,92
2026,1,Duke,Siena,0.9944116614139509,Duke,93
2026,1,Ohio St.,TCU,0.8247307005139348,TCU,93
2026,1,St. John's,Northern Iowa,0.8331464003573522,St. John's,93
2026,1,Kansas,Cal Baptist,0.9378160074405435,Kansas,93
2026,1,Louisville,South Florida,0.7942578724375865,Louisville,93
2026,1,Michigan St.,North Dakota St.,0.9552857140503138,Michigan St.,93
2026,1,UCLA,UCF,0.8599254415690811,UCLA,93
2026,1,Connecticut,Furman,0.9823903432449944,Connecticut,93
2026,1,Florida,Prairie View A&M,0.9969490217891839,Florida,93
2026,1,Clemson,Iowa,0.3627148326932703,Iowa,93
2026,1,Vanderbilt,McNeese St.,0.9261622028485247,Vanderbilt,93
2026,1,Nebraska,Troy,0.9459366397748131,Nebraska,93
2026,1,North Carolina,VCU,0.6938511955149728,North Carolina,93
2026,1,Illinois,Penn,0.9914285746265543,Illinois,93
2026,1,Saint Mary's,Texas A&M,0.47165331625093126,Texas A&M,93
2026,1,Houston,Idaho,0.9889877212017745,Houston,93
2026,1,Arizona,LIU,0.9971492836437457,Arizona,93
2026,1,Villanova,Utah St.,0.5200329159906949,Utah St.,93
2026,1,Wisconsin,High Point,0.9551567732814226,Wisconsin,93
2026,1,Arkansas,Hawaii,0.9712160813684694,Arkansas,93
2026,1,BYU,Texas,0.5184462126308838,BYU,93
2026,1,Gonzaga,Kennesaw St.,0.9523105407589534,Gonzaga,93
2026,1,Miami FL,Missouri,0.4371796951565946,Miami FL,93
2026,1,Purdue,Queens,0.9942485827871558,Purdue,93
2026,1,Michigan,Howard,0.9958654763245225,Michigan,93
2026,1,Georgia,Saint Louis,0.7588390832517659,Saint Louis,93
2026,1,Texas Tech,Akron,0.9516622481492901,Texas Tech,93
2026,1,Alabama,Hofstra,0.9292101382980879,Alabama,93
2026,1,Tennessee,Miami OH,0.9743983186142834,Tennessee,93
2026,1,Virginia,Wright St.,0.9554897234928257,Virginia,93
2026,1,Kentucky,Santa Clara,0.45174906885620525,Santa Clara,93
2026,1,Iowa St.,Tennessee St.,0.9969838955993388,Iowa St.,93
2026,2,Duke,TCU,0.9351962827442268,Duke,93
2026,2,St. John's,Kansas,0.524050661834133,Kansas,93
2026,2,Louisville,Michigan St.,0.5612051015065629,Michigan St.,93
2026,2,UCLA,Connecticut,0.4656160824030859,UCLA,93
2026,2,Florida,Iowa,0.7926434027221209,Florida,93
2026,2,Vanderbilt,Nebraska,0.6958811683383198,Vanderbilt,93
2026,2,North Carolina,Illinois,0.10245434976003936,Illinois,93
2026,2,Texas A&M,Houston,0.11374825773649348,Texas A&M,93
2026,2,Arizona,Utah St.,0.8432400875380335,Utah St.,93
2026,2,Wisconsin,Arkansas,0.5029063675214598,Arkansas,93
2026,2,BYU,Gonzaga,0.3615080571960916,Gonzaga,93
2026,2,Miami FL,Purdue,0.09793306781615119,Purdue,93
2026,2,Michigan,Saint Louis,0.9532599115629986,Michigan,93
2026,2,Texas Tech,Alabama,0.5906841722207969,Texas Tech,93
2026,2,Tennessee,Virginia,0.5921018558449337,Tennessee,93
2026,2,Santa Clara,Iowa St.,0.2071920828857785,Iowa St.,93
2026,3,Duke,Kansas,0.7759678663752496,Duke,93
2026,3,Michigan St.,UCLA,0.4523654463161424,UCLA,93
2026,3,Florida,Vanderbilt,0.6613068485024125,Vanderbilt,93
2026,3,Illinois,Texas A&M,0.9035512911569338,Illinois,93
2026,3,Utah St.,Arkansas,0.2930546194880675,Utah St.,93
2026,3,Gonzaga,Purdue,0.18791666028135517,Purdue,93
2026,3,Michigan,Texas Tech,0.606217000166059,Texas Tech,93
2026,3,Tennessee,Iowa St.,0.37868166566768885,Iowa St.,93
2026,4,Duke,UCLA,0.768117878478023,Duke,93
2026,4,Vanderbilt,Illinois,0.24621138868289286,Illinois,93
2026,4,Utah St.,Purdue,0.14162062601563705,Utah St.,93
2026,4,Texas Tech,Iowa St.,0.4552453740527298,Iowa St.,93
2026,5,Duke,Illinois,0.41587894615796644,Illinois,93
2026,5,Utah St.,Iowa St.,0.1607602269605142,Iowa St.,93
2026,6,Illinois,Iowa St.,0.6549324989731197,Illinois,93
2026,1,Duke,Siena,0.9944116614139509,Duke,94
2026,1,Ohio St.,TCU,0.8247307005139348,Ohio St.,94
2026,1,St. John's,Northern Iowa,0.8331464003573522,St. John's,94
2026,1,Kansas,Cal Baptist,0.9378160074405435,Kansas,94
2026,1,Louisville,South Florida,0.7942578724375865,Louisville,94
2026,1,Michigan St.,North Dakota St.,0.9552857140503138,Michigan St.,94
2026,1,UCLA,UCF,0.8599254415690811,UCLA,94
2026,1,Connecticut,Furman,0.9823903432449944,Connecticut,94
2026,1,Florida,Prairie View A&M,0.9969490217891839,Florida,94
2026,1,Clemson,Iowa,0.3627148326932703,Clemson,94
2026,1,Vanderbilt,McNeese St.,0.9261622028485247,Vanderbilt,94
2026,1,Nebraska,Troy,0.9459366397748131,Nebraska,94
2026,1,North Carolina,VCU,0.6938511955149728,North Carolina,94
2026,1,Illinois,Penn,0.9914285746265543,Illinois,94
2026,1,Saint Mary's,Texas A&M,0.47165331625093126,Saint Mary's,94
2026,1,Houston,Idaho,0.9889877212017745,Houston,94
2026,1,Arizona,LIU,0.9971492836437457,Arizona,94
2026,1,Villanova,Utah St.,0.5200329159906949,Utah St.,94
2026,1,Wisconsin,High Point,0.9551567732814226,Wisconsin,94
2026,1,Arkansas,Hawaii,0.9712160813684694,Arkansas,94
2026,1,BYU,Texas,0.5184462126308838,BYU,94
2026,1,Gonzaga,Kennesaw St.,0.9523105407589534,Gonzaga,94
2026,1,Miami FL,Missouri,0.4371796951565946,Miami FL,94
2026,1,Purdue,Queens,0.9942485827871558,Purdue,94
2026,1,Michigan,Howard,0.9958654763245225,Michigan,94
2026,1,Georgia,Saint Louis,0.7588390832517659,Georgia,94
2026,1,Texas Tech,Akron,0.9516622481492901,Texas Tech,94
2026,1,Alabama,Hofstra,0.9292101382980879,Alabama,94
2026,1,Tennessee,Miami OH,0.9743983186142834,Tennessee,94
2026,1,Virginia,Wright St.,0.9554897234928257,Virginia,94
2026,1,Kentucky,Santa Clara,0.45174906885620525,Kentucky,94
2026,1,Iowa St.,Tennessee St.,0.9969838955993388,Iowa St.,94
2026,2,Duke,Ohio St.,0.754111157056542,Duke,94
2026,2,St. John's,Kansas,0.524050661834133,St. John's,94
2026,2,Louisville,Michigan St.,0.5612051015065629,Michigan St.,94
2026,2,UCLA,Connecticut,0.4656160824030859,UCLA,94
2026,2,Florida,Clemson,0.8704037936386363,Florida,94
2026,2,Vanderbilt,Nebraska,0.6958811683383198,Vanderbilt,94
2026,2,North Carolina,Illinois,0.10245434976003936,Illinois,94
2026,2,Saint Mary's,Houston,0.10279738958252423,Houston,94
2026,2,Arizona,Utah St.,0.8432400875380335,Arizona,94
2026,2,Wisconsin,Arkansas,0.5029063675214598,Arkansas,94
2026,2,BYU,Gonzaga,0.3615080571960916,BYU,94
2026,2,Miami FL,Purdue,0.09793306781615119,Purdue,94
2026,2,Michigan,Georgia,0.866337900347868,Michigan,94
2026,2,Texas Tech,Alabama,0.5906841722207969,Texas Tech,94
2026,2,Tennessee,Virginia,0.5921018558449337,Virginia,94
2026,2,Kentucky,Iowa St.,0.1771844338333049,Iowa St.,94
2026,3,Duke,St. John's,0.7587877180879463,Duke,94
2026,3,Michigan St.,UCLA,0.4523654463161424,Michigan St.,94
2026,3,Florida,Vanderbilt,0.6613068485024125,Florida,94
2026,3,Illinois,Houston,0.5459470626236897,Houston,94
2026,3,Arizona,Arkansas,0.6903897195952309,Arizona,94
2026,3,BYU,Purdue,0.1158398959796437,Purdue,94
2026,3,Michigan,Texas Tech,0.606217000166059,Michigan,94
2026,3,Virginia,Iowa St.,0.2957104446671426,Virginia,94
2026,4,Duke,Michigan St.,0.8004056959239918,Duke,94
2026,4,Florida,Houston,0.4340146591383405,Houston,94
2026,4,Arizona,Purdue,0.4701958688898175,Purdue,94
2026,4,Michigan,Virginia,0.7539419566136315,Virginia,94
2026,5,Duke,Houston,0.4612265534105957,Duke,94
2026,5,Purdue,Virginia,0.7344113641208082,Purdue,94
2026,6,Duke,Purdue,0.5378689018747759,Duke,94
2026,1,Duke,Siena,0.9944116614139509,Duke,95
2026,1,Ohio St.,TCU,0.8247307005139348,Ohio St.,95
2026,1,St. John's,Northern Iowa,0.8331464003573522,St. John's,95
2026,1,Kansas,Cal Baptist,0.9378160074405435,Kansas,95
2026,1,Louisville,South Florida,0.7942578724375865,South Florida,95
2026,1,Michigan St.,North Dakota St.,0.9552857140503138,Michigan St.,95
2026,1,UCLA,UCF,0.8599254415690811,UCF,95
2026,1,Connecticut,Furman,0.9823903432449944,Connecticut,95
2026,1,Florida,Prairie View A&M,0.9969490217891839,Florida,95
2026,1,Clemson,Iowa,0.3627148326932703,Clemson,95
2026,1,Vanderbilt,McNeese St.,0.9261622028485247,Vanderbilt,95
2026,1,Nebraska,Troy,0.9459366397748131,Nebraska,95
2026,1,North Carolina,VCU,0.6938511955149728,North Carolina,95
2026,1,Illinois,Penn,0.9914285746265543,Illinois,95
2026,1,Saint Mary's,Texas A&M,0.47165331625093126,Saint Mary's,95
2026,1,Houston,Idaho,0.9889877212017745,Houston,95
2026,1,Arizona,LIU,0.9971492836437457,Arizona,95
2026,1,Villanova,Utah St.,0.5200329159906949,Utah St.,95
2026,1,Wisconsin,High Point,0.9551567732814226,Wisconsin,95
2026,1,Arkansas,Hawaii,0.9712160813684694,Arkansas,95
2026,1,BYU,Texas,0.5184462126308838,BYU,95
2026,1,Gonzaga,Kennesaw St.,0.9523105407589534,Gonzaga,95
2026,1,Miami FL,Missouri,0.4371796951565946,Miami FL,95
2026,1,Purdue,Queens,0.9942485827871558,Purdue,95
2026,1,Michigan,Howard,0.9958654763245225,Michigan,95
2026,1,Georgia,Saint Louis,0.7588390832517659,Georgia,95
2026,1,Texas Tech,Akron,0.9516622481492901,Texas Tech,95
2026,1,Alabama,Hofstra,0.9292101382980879,Alabama,95
2026,1,Tennessee,Miami OH,0.9743983186142834,Tennessee,95
2026,1,Virginia,Wright St.,0.9554897234928257,Virginia,95
2026,1,Kentucky,Santa Clara,0.45174906885620525,Santa Clara,95
2026,1,Iowa St.,Tennessee St.,0.9969838955993388,Iowa St.,95
2026,2,Duke,Ohio St.,0.754111157056542,Duke,95
2026,2,St. John's,Kansas,0.524050661834133,Kansas,95
2026,2,South Florida,Michigan St.,0.24885463353731688,Michigan St.,95
2026,2,UCF,Connecticut,0.12428929276650445,UCF,95
2026,2,Florida,Clemson,0.8704037936386363,Florida,95
2026,2,Vanderbilt,Nebraska,0.6958811683383198,Vanderbilt,95
2026,2,North Carolina,Illinois,0.10245434976003936,North Carolina,95
2026,2,Saint Mary's,Houston,0.10279738958252423,Houston,95
2026,2,Arizona,Utah St.,0.8432400875380335,Arizona,95
2026,2,Wisconsin,Arkansas,0.5029063675214598,Wisconsin,95
2026,2,BYU,Gonzaga,0.3615080571960916,Gonzaga,95
2026,2,Miami FL,Purdue,0.09793306781615119,Purdue,95
2026,2,Michigan,Georgia,0.866337900347868,Michigan,95
2026,2,Texas Tech,Alabama,0.5906841722207969,Texas Tech,95
2026,2,Tennessee,Virginia,0.5921018558449337,Virginia,95
2026,2,Santa Clara,Iowa St.,0.2071920828857785,Iowa St.,95
2026,3,Duke,Kansas,0.7759678663752496,Duke,95
2026,3,Michigan St.,UCF,0.8352845519394221,Michigan St.,95
2026,3,Florida,Vanderbilt,0.6613068485024125,Florida,95
2026,3,North Carolina,Houston,0.12068722015957356,Houston,95
2026,3,Arizona,Wisconsin,0.68789924261849,Wisconsin,95
2026,3,Gonzaga,Purdue,0.18791666028135517,Purdue,95
2026,3,Michigan,Texas Tech,0.606217000166059,Texas Tech,95
2026,3,Virginia,Iowa St.,0.2957104446671426,Iowa St.,95
2026,4,Duke,Michigan St.,0.8004056959239918,Duke,95
2026,4,Florida,Houston,0.4340146591383405,Houston,95
2026,4,Wisconsin,Purdue,0.28706648492331593,Purdue,95
2026,4,Texas Tech,Iowa St.,0.4552453740527298,Iowa St.,95
2026,5,Duke,Houston,0.4612265534105957,Houston,95
2026,5,Purdue,Iowa St.,0.5372587698757884,Purdue,95
2026,6,Houston,Purdue,0.5761948385476594,Purdue,95
2026,1,Duke,Siena,0.9944116614139509,Duke,96
2026,1,Ohio St.,TCU,0.8247307005139348,Ohio St.,96
2026,1,St. John's,Northern Iowa,0.8331464003573522,St. John's,96
2026,1,Kansas,Cal Baptist,0.9378160074405435,Cal Baptist,96
2026,1,Louisville,South Florida,0.7942578724375865,Louisville,96
2026,1,Michigan St.,North Dakota St.,0.9552857140503138,Michigan St.,96
2026,1,UCLA,UCF,0.8599254415690811,UCLA,96
2026,1,Connecticut,Furman,0.9823903432449944,Connecticut,96
2026,1,Florida,Prairie View A&M,0.9969490217891839,Florida,96
2026,1,Clemson,Iowa,0.3627148326932703,Iowa,96
2026,1,Vanderbilt,McNeese St.,0.9261622028485247,Vanderbilt,96
2026,1,Nebraska,Troy,0.9459366397748131,Nebraska,96
2026,1,North Carolina,VCU,0.6938511955149728,VCU,96
2026,1,Illinois,Penn,0.9914285746265543,Illinois,96
2026,1,Saint Mary's,Texas A&M,0.47165331625093126,Texas A&M,96
2026,1,Houston,Idaho,0.9889877212017745,Houston,96
2026,1,Arizona,LIU,0.9971492836437457,Arizona,96
2026,1,Villanova,Utah St.,0.5200329159906949,Utah St.,96
2026,1,Wisconsin,High Point,0.9551567732814226,Wisconsin,96
2026,1,Arkansas,Hawaii,0.9712160813684694,Arkansas,96
2026,1,BYU,Texas,0.5184462126308838,BYU,96
2026,1,Gonzaga,Kennesaw St.,0.9523105407589534,Gonzaga,96
2026,1,Miami FL,Missouri,0.4371796951565946,Missouri,96
2026,1,Purdue,Queens,0.9942485827871558,Purdue,96
2026,1,Michigan,Howard,0.9958654763245225,Michigan,96
2026,1,Georgia,Saint Louis,0.7588390832517659,Saint Louis,96
2026,1,Texas Tech,Akron,0.9516622481492901,Texas Tech,96
2026,1,Alabama,Hofstra,0.9292101382980879,Alabama,96
2026,1,Tennessee,Miami OH,0.9743983186142834,Tennessee,96
2026,1,Virginia,Wright St.,0.9554897234928257,Virginia,96
2026,1,Kentucky,Santa Clara,0.45174906885620525,Kentucky,96
2026,1,Iowa St.,Tennessee St.,0.9969838955993388,Iowa St.,96
2026,2,Duke,Ohio St.,0.754111157056542,Ohio St.,96
2026,2,St. John's,Cal Baptist,0.9431995224563661,St. John's,96
2026,2,Louisville,Michigan St.,0.5612051015065629,Michigan St.,96
2026,2,UCLA,Connecticut,0.4656160824030859,Connecticut,96
2026,2,Florida,Iowa,0.7926434027221209,Iowa,96
2026,2,Vanderbilt,Nebraska,0.6958811683383198,Vanderbilt,96
2026,2,VCU,Illinois,0.047951180201484304,Illinois,96
2026,2,Texas A&M,Houston,0.11374825773649348,Houston,96
2026,2,Arizona,Utah St.,0.8432400875380335,Utah St.,96
2026,2,Wisconsin,Arkansas,0.5029063675214598,Wisconsin,96
2026,2,BYU,Gonzaga,0.3615080571960916,BYU,96
2026,2,Missouri,Purdue,0.12262663643158621,Purdue,96
2026,2,Michigan,Saint Louis,0.9532599115629986,Michigan,96
2026,2,Texas Tech,Alabama,0.5906841722207969,Texas Tech,96
2026,2,Tennessee,Virginia,0.5921018558449337,Tennessee,96
2026,2,Kentucky,Iowa St.,0.1771844338333049,Kentucky,96
2026,3,Ohio St.,St. John's,0.5063457752355264,Ohio St.,96
2026,3,Michigan St.,Connecticut,0.41851537121286536,Connecticut,96
2026,3,Iowa,Vanderbilt,0.33809166451741723,Vanderbilt,96
2026,3,Illinois,Houston,0.5459470626236897,Houston,96
2026,3,Utah St.,Wisconsin,0.290651909418008,Utah St.,96
2026,3,BYU,Purdue,0.1158398959796437,Purdue,96
2026,3,Michigan,Texas Tech,0.606217000166059,Michigan,96
2026,3,Tennessee,Kentucky,0.7389258749973996,Tennessee,96
2026,4,Ohio St.,Connecticut,0.48482984957573394,Ohio St.,96
2026,4,Vanderbilt,Houston,0.28198971818666835,Houston,96
2026,4,Utah St.,Purdue,0.14162062601563705,Purdue,96
2026,4,Michigan,Tennessee,0.6785435855710996,Michigan,96
2026,5,Ohio St.,Houston,0.21822062079822502,Houston,96
2026,5,Purdue,Michigan,0.47436568406645174,Purdue,96
2026,6,Houston,Purdue,0.5761948385476594,Houston,96
2026,1,Duke,Siena,0.9944116614139509,Duke,97
2026,1,Ohio St.,TCU,0.8247307005139348,Ohio St.,97
2026,1,St. John's,Northern Iowa,0.8331464003573522,St. John's,97
2026,1,Kansas,Cal Baptist,0.9378160074405435,Kansas,97
2026,1,Louisville,South Florida,0.7942578724375865,South Florida,97
2026,1,Michigan St.,North Dakota St.,0.9552857140503138,Michigan St.,97
2026,1,UCLA,UCF,0.8599254415690811,UCLA,97
2026,1,Connecticut,Furman,0.9823903432449944,Connecticut,97
2026,1,Florida,Prairie View A&M,0.9969490217891839,Florida,97
2026,1,Clemson,Iowa,0.3627148326932703,Iowa,97
2026,1,Vanderbilt,McNeese St.,0.9261622028485247,Vanderbilt,97
2026,1,Nebraska,Troy,0.9459366397748131,Nebraska,97
2026,1,North Carolina,VCU,0.6938511955149728,North Carolina,97
2026,1,Illinois,Penn,0.9914285746265543,Illinois,97
2026,1,Saint Mary's,Texas A&M,0.47165331625093126,Saint Mary's,97
2026,1,Houston,Idaho,0.9889877212017745,Houston,97
2026,1,Arizona,LIU,0.9971492836437457,Arizona,97
2026,1,Villanova,Utah St.,0.5200329159906949,Utah St.,97
2026,1,Wisconsin,High Point,0.9551567732814226,Wisconsin,97
2026,1,Arkansas,Hawaii,0.9712160813684694,Arkansas,97
2026,1,BYU,Texas,0.5184462126308838,BYU,97
2026,1,Gonzaga,Kennesaw St.,0.9523105407589534,Gonzaga,97
2026,1,Miami FL,Missouri,0.4371796951565946,Missouri,97
2026,1,Purdue,Queens,0.9942485827871558,Purdue,97
2026,1,Michigan,Howard,0.9958654763245225,Michigan,97
2026,1,Georgia,Saint Louis,0.7588390832517659,Georgia,97
2026,1,Texas Tech,Akron,0.9516622481492901,Texas Tech,97
2026,1,Alabama,Hofstra,0.9292101382980879,Alabama,97
2026,1,Tennessee,Miami OH,0.9743983186142834,Tennessee,97
2026,1,Virginia,Wright St.,0.9554897234928257,Virginia,97
2026,1,Kentucky,Santa Clara,0.45174906885620525,Kentucky,97
2026,1,Iowa St.,Tennessee St.,0.9969838955993388,Iowa St.,97
2026,2,Duke,Ohio St.,0.754111157056542,Duke,97
2026,2,St. John's,Kansas,0.524050661834133,St. John's,97
2026,2,South Florida,Michigan St.,0.24885463353731688,Michigan St.,97
2026,2,UCLA,Connecticut,0.4656160824030859,UCLA,97
2026,2,Florida,Iowa,0.7926434027221209,Florida,97
2026,2,Vanderbilt,Nebraska,0.6958811683383198,Nebraska,97
2026,2,North Carolina,Illinois,0.10245434976003936,Illinois,97
2026,2,Saint Mary's,Houston,0.10279738958252423,Houston,97
2026,2,Arizona,Utah St.,0.8432400875380335,Arizona,97
2026,2,Wisconsin,Arkansas,0.5029063675214598,Arkansas,97
2026,2,BYU,Gonzaga,0.3615080571960916,BYU,97
2026,2,Missouri,Purdue,0.12262663643158621,Missouri,97
2026,2,Michigan,Georgia,0.866337900347868,Michigan,97
2026,2,Texas Tech,Alabama,0.5906841722207969,Alabama,97
2026,2,Tennessee,Virginia,0.5921018558449337,Virginia,97
2026,2,Kentucky,Iowa St.,0.1771844338333049,Iowa St.,97
2026,3,Duke,St. John's,0.7587877180879463,Duke,97
2026,3,Michigan St.,UCLA,0.4523654463161424,UCLA,97
2026,3,Florida,Nebraska,0.8171092464488837,Florida,97
2026,3,Illinois,Houston,0.5459470626236897,Illinois,97
2026,3,Arizona,Arkansas,0.6903897195952309,Arizona,97
2026,3,BYU,Missouri,0.48384543426260374,BYU,97
2026,3,Michigan,Alabama,0.6895962556154527,Alabama,97
2026,3,Virginia,Iowa St.,0.2957104446671426,Iowa St.,97
2026,4,Duke,UCLA,0.768117878478023,Duke,97
2026,4,Florida,Illinois,0.38940877286056486,Illinois,97
2026,4,Arizona,BYU,0.8713637775086326,BYU,97
2026,4,Alabama,Iowa St.,0.36672481055933426,Alabama,97
2026,5,Duke,Illinois,0.41587894615796644,Duke,97
2026,5,BYU,Alabama,0.20803284650334367,Alabama,97
2026,6,Duke,Alabama,0.7000154503115001,Duke,97
2026,1,Duke,Siena,0.9944116614139509,Duke,98
2026,1,Ohio St.,TCU,0.8247307005139348,Ohio St.,98
2026,1,St. John's,Northern Iowa,0.8331464003573522,Northern Iowa,98
2026,1,Kansas,Cal Baptist,0.9378160074405435,Kansas,98
2026,1,Louisville,South Florida,0.7942578724375865,Louisville,98
2026,1,Michigan St.,North Dakota St.,0.9552857140503138,Michigan St.,98
2026,1,UCLA,UCF,0.8599254415690811,UCLA,98
2026,1,Connecticut,Furman,0.9823903432449944,Connecticut,98
2026,1,Florida,Prairie View A&M,0.9969490217891839,Florida,98
2026,1,Clemson,Iowa,0.3627148326932703,Clemson,98
2026,1,Vanderbilt,McNeese St.,0.9261622028485247,Vanderbilt,98
2026,1,Nebraska,Troy,0.9459366397748131,Nebraska,98
2026,1,North Carolina,VCU,0.6938511955149728,North Carolina,98
2026,1,Illinois,Penn,0.9914285746265543,Illinois,98
2026,1,Saint Mary's,Texas A&M,0.47165331625093126,Saint Mary's,98
2026,1,Houston,Idaho,0.9889877212017745,Houston,98
2026,1,Arizona,LIU,0.9971492836437457,Arizona,98
2026,1,Villanova,Utah St.,0.5200329159906949,Utah St.,98
2026,1,Wisconsin,High Point,0.9551567732814226,Wisconsin,98
2026,1,Arkansas,Hawaii,0.9712160813684694,Arkansas,98
2026,1,BYU,Texas,0.5184462126308838,Texas,98
2026,1,Gonzaga,Kennesaw St.,0.9523105407589534,Gonzaga,98
2026,1,Miami FL,Missouri,0.4371796951565946,Miami FL,98
2026,1,Purdue,Queens,0.9942485827871558,Purdue,98
2026,1,Michigan,Howard,0.9958654763245225,Michigan,98
2026,1,Georgia,Saint Louis,0.7588390832517659,Saint Louis,98
2026,1,Texas Tech,Akron,0.9516622481492901,Texas Tech,98
2026,1,Alabama,Hofstra,0.9292101382980879,Alabama,98
2026,1,Tennessee,Miami OH,0.9743983186142834,Tennessee,98
2026,1,Virginia,Wright St.,0.9554897234928257,Virginia,98
2026,1,Kentucky,Santa Clara,0.45174906885620525,Kentucky,98
2026,1,Iowa St.,Tennessee St.,0.9969838955993388,Iowa St.,98
2026,2,Duke,Ohio St.,0.754111157056542,Duke,98
2026,2,Northern Iowa,Kansas,0.18066986949018937,Kansas,98
2026,2,Louisville,Michigan St.,0.5612051015065629,Michigan St.,98
2026,2,UCLA,Connecticut,0.4656160824030859,Connecticut,98
2026,2,Florida,Clemson,0.8704037936386363,Florida,98
2026,2,Vanderbilt,Nebraska,0.6958811683383198,Nebraska,98
2026,2,North Carolina,Illinois,0.10245434976003936,Illinois,98
2026,2,Saint Mary's,Houston,0.10279738958252423,Houston,98
2026,2,Arizona,Utah St.,0.8432400875380335,Arizona,98
2026,2,Wisconsin,Arkansas,0.5029063675214598,Wisconsin,98
2026,2,Texas,Gonzaga,0.3446493122370096,Texas,98
2026,2,Miami FL,Purdue,0.09793306781615119,Purdue,98
2026,2,Michigan,Saint Louis,0.9532599115629986,Michigan,98
2026,2,Texas Tech,Alabama,0.5906841722207969,Texas Tech,98
2026,2,Tennessee,Virginia,0.5921018558449337,Tennessee,98
2026,2,Kentucky,Iowa St.,0.1771844338333049,Kentucky,98
2026,3,Duke,Kansas,0.7759678663752496,Kansas,98
2026,3,Michigan St.,Connecticut,0.41851537121286536,Connecticut,98
2026,3,Florida,Nebraska,0.8171092464488837,Florida,98
2026,3,Illinois,Houston,0.5459470626236897,Illinois,98
2026,3,Arizona,Wisconsin,0.68789924261849,Arizona,98
2026,3,Texas,Purdue,0.10849108035402699,Purdue,98
2026,3,Michigan,Texas Tech,0.606217000166059,Texas Tech,98
2026,3,Tennessee,Kentucky,0.7389258749973996,Tennessee,98
2026,4,Kansas,Connecticut,0.4545357640560836,Connecticut,98
2026,4,Florida,Illinois,0.38940877286056486,Florida,98
2026,4,Arizona,Purdue,0.4701958688898175,Purdue,98
2026,4,Texas Tech,Tennessee,0.5782634517725194,Tennessee,98
2026,5,Connecticut,Florida,0.2789095781663846,Florida,98
2026,5,Purdue,Tennessee,0.6557608410994917,Purdue,98
2026,6,Florida,Purdue,0.5104190345732924,Florida,98
2026,1,Duke,Siena,0.9944116614139509,Duke,99
2026,1,Ohio St.,TCU,0.8247307005139348,TCU,99
2026,1,St. John's,Northern Iowa,0.8331464003573522,St. John's,99
2026,1,Kansas,Cal Baptist,0.9378160074405435,Kansas,99
2026,1,Louisville,South Florida,0.7942578724375865,Louisville,99
2026,1,Michigan St.,North Dakota St.,0.9552857140503138,Michigan St.,99
2026,1,UCLA,UCF,0.8599254415690811,UCLA,99
2026,1,Connecticut,Furman,0.9823903432449944,Connecticut,99
2026,1,Florida,Prairie View A&M,0.9969490217891839,Florida,99
2026,1,Clemson,Iowa,0.3627148326932703,Iowa,99
2026,1,Vanderbilt,McNeese St.,0.9261622028485247,Vanderbilt,99
2026,1,Nebraska,Troy,0.9459366397748131,Nebraska,99
2026,1,North Carolina,VCU,0.6938511955149728,VCU,99
2026,1,Illinois,Penn,0.9914285746265543,Illinois,99
2026,1,Saint Mary's,Texas A&M,0.47165331625093126,Texas A&M,99
2026,1,Houston,Idaho,0.9889877212017745,Houston,99
2026,1,Arizona,LIU,0.9971492836437457,Arizona,99
2026,1,Villanova,Utah St.,0.5200329159906949,Villanova,99
2026,1,Wisconsin,High Point,0.9551567732814226,Wisconsin,99
2026,1,Arkansas,Hawaii,0.9712160813684694,Arkansas,99
2026,1,BYU,Texas,0.5184462126308838,BYU,99
2026,1,Gonzaga,Kennesaw St.,0.9523105407589534,Gonzaga,99
2026,1,Miami FL,Missouri,0.4371796951565946,Missouri,99
2026,1,Purdue,Queens,0.9942485827871558,Purdue,99
2026,1,Michigan,Howard,0.9958654763245225,Michigan,99
2026,1,Georgia,Saint Louis,0.7588390832517659,Saint Louis,99
2026,1,Texas Tech,Akron,0.9516622481492901,Texas Tech,99
2026,1,Alabama,Hofstra,0.9292101382980879,Alabama,99
2026,1,Tennessee,Miami OH,0.9743983186142834,Tennessee,99
2026,1,Virginia,Wright St.,0.9554897234928257,Virginia,99
2026,1,Kentucky,Santa Clara,0.45174906885620525,Kentucky,99
2026,1,Iowa St.,Tennessee St.,0.9969838955993388,Iowa St.,99
2026,2,Duke,TCU,0.9351962827442268,Duke,99
2026,2,St. John's,Kansas,0.524050661834133,St. John's,99
2026,2,Louisville,Michigan St.,0.5612051015065629,Louisville,99
2026,2,UCLA,Connecticut,0.4656160824030859,Connecticut,99
2026,2,Florida,Iowa,0.7926434027221209,Florida,99
2026,2,Vanderbilt,Nebraska,0.6958811683383198,Nebraska,99
2026,2,VCU,Illinois,0.047951180201484304,Illinois,99
2026,2,Texas A&M,Houston,0.11374825773649348,Houston,99
2026,2,Arizona,Villanova,0.8323482094236314,Arizona,99
2026,2,Wisconsin,Arkansas,0.5029063675214598,Wisconsin,99
2026,2,BYU,Gonzaga,0.3615080571960916,Gonzaga,99
2026,2,Missouri,Purdue,0.12262663643158621,Purdue,99
2026,2,Michigan,Saint Louis,0.9532599115629986,Michigan,99
2026,2,Texas Tech,Alabama,0.5906841722207969,Texas Tech,99
2026,2,Tennessee,Virginia,0.5921018558449337,Tennessee,99
2026,2,Kentucky,Iowa St.,0.1771844338333049,Iowa St.,99
2026,3,Duke,St. John's,0.7587877180879463,Duke,99
2026,3,Louisville,Connecticut,0.4793076795515448,Louisville,99
2026,3,Florida,Nebraska,0.8171092464488837,Florida,99
2026,3,Illinois,Houston,0.5459470626236897,Illinois,99
2026,3,Arizona,Wisconsin,0.68789924261849,Arizona,99
2026,3,Gonzaga,Purdue,0.18791666028135517,Purdue,99
2026,3,Michigan,Texas Tech,0.606217000166059,Michigan,99
2026,3,Tennessee,Iowa St.,0.37868166566768885,Iowa St.,99
2026,4,Duke,Louisville,0.7581892365730687,Louisville,99
2026,4,Florida,Illinois,0.38940877286056486,Illinois,99
2026,4,Arizona,Purdue,0.4701958688898175,Purdue,99
2026,4,Michigan,Iowa St.,0.562653722755456,Michigan,99
2026,5,Louisville,Illinois,0.1850513760536087,Illinois,99
2026,5,Purdue,Michigan,0.47436568406645174,Purdue,99
2026,6,Illinois,Purdue,0.620455082397851,Illinois,99
2026,1,Duke,Siena,0.9944116614139509,Duke,100
2026,1,Ohio St.,TCU,0.8247307005139348,TCU,100
2026,1,St. John's,Northern Iowa,0.8331464003573522,St. John's,100
2026,1,Kansas,Cal Baptist,0.9378160074405435,Kansas,100
2026,1,Louisville,South Florida,0.7942578724375865,Louisville,100
2026,1,Michigan St.,North Dakota St.,0.9552857140503138,Michigan St.,100
2026,1,UCLA,UCF,0.8599254415690811,UCLA,100
2026,1,Connecticut,Furman,0.9823903432449944,Connecticut,100
2026,1,Florida,Prairie View A&M,0.9969490217891839,Florida,100
2026,1,Clemson,Iowa,0.3627148326932703,Iowa,100
2026,1,Vanderbilt,McNeese St.,0.9261622028485247,McNeese St.,100
2026,1,Nebraska,Troy,0.9459366397748131,Nebraska,100
2026,1,North Carolina,VCU,0.6938511955149728,North Carolina,100
2026,1,Illinois,Penn,0.9914285746265543,Illinois,100
2026,1,Saint Mary's,Texas A&M,0.47165331625093126,Saint Mary's,100
2026,1,Houston,Idaho,0.9889877212017745,Houston,100
2026,1,Arizona,LIU,0.9971492836437457,Arizona,100
2026,1,Villanova,Utah St.,0.5200329159906949,Utah St.,100
2026,1,Wisconsin,High Point,0.9551567732814226,Wisconsin,100
2026,1,Arkansas,Hawaii,0.9712160813684694,Arkansas,100
2026,1,BYU,Texas,0.5184462126308838,BYU,100
2026,1,Gonzaga,Kennesaw St.,0.9523105407589534,Gonzaga,100
2026,1,Miami FL,Missouri,0.4371796951565946,Miami FL,100
2026,1,Purdue,Queens,0.9942485827871558,Purdue,100
2026,1,Michigan,Howard,0.9958654763245225,Michigan,100
2026,1,Georgia,Saint Louis,0.7588390832517659,Georgia,100
2026,1,Texas Tech,Akron,0.9516622481492901,Texas Tech,100
2026,1,Alabama,Hofstra,0.9292101382980879,Alabama,100
2026,1,Tennessee,Miami OH,0.9743983186142834,Tennessee,100
2026,1,Virginia,Wright St.,0.9554897234928257,Virginia,100
2026,1,Kentucky,Santa Clara,0.45174906885620525,Santa Clara,100
2026,1,Iowa St.,Tennessee St.,0.9969838955993388,Iowa St.,100
2026,2,Duke,TCU,0.9351962827442268,Duke,100
2026,2,St. John's,Kansas,0.524050661834133,St. John's,100
2026,2,Louisville,Michigan St.,0.5612051015065629,Louisville,100
2026,2,UCLA,Connecticut,0.4656160824030859,Connecticut,100
2026,2,Florida,Iowa,0.7926434027221209,Florida,100
2026,2,McNeese St.,Nebraska,0.1542801261498085,McNeese St.,100
2026,2,North Carolina,Illinois,0.10245434976003936,Illinois,100
2026,2,Saint Mary's,Houston,0.10279738958252423,Houston,100
2026,2,Arizona,Utah St.,0.8432400875380335,Arizona,100
2026,2,Wisconsin,Arkansas,0.5029063675214598,Arkansas,100
2026,2,BYU,Gonzaga,0.3615080571960916,BYU,100
2026,2,Miami FL,Purdue,0.09793306781615119,Purdue,100
2026,2,Michigan,Georgia,0.866337900347868,Michigan,100
2026,2,Texas Tech,Alabama,0.5906841722207969,Texas Tech,100
2026,2,Tennessee,Virginia,0.5921018558449337,Tennessee,100
2026,2,Santa Clara,Iowa St.,0.2071920828857785,Iowa St.,100
2026,3,Duke,St. John's,0.7587877180879463,Duke,100
2026,3,Louisville,Connecticut,0.4793076795515448,Connecticut,100
2026,3,Florida,McNeese St.,0.9607703298840732,McNeese St.,100
2026,3,Illinois,Houston,0.5459470626236897,Illinois,100
2026,3,Arizona,Arkansas,0.6903897195952309,Arkansas,100
2026,3,BYU,Purdue,0.1158398959796437,Purdue,100
2026,3,Michigan,Texas Tech,0.606217000166059,Texas Tech,100
2026,3,Tennessee,Iowa St.,0.37868166566768885,Iowa St.,100
2026,4,Duke,Connecticut,0.7426830871082504,Connecticut,100
2026,4,McNeese St.,Illinois,0.02537965518394468,Illinois,100
2026,4,Arkansas,Purdue,0.2846930993448674,Purdue,100
2026,4,Texas Tech,Iowa St.,0.4552453740527298,Iowa St.,100
2026,5,Connecticut,Illinois,0.19786768986747091,Illinois,100
2026,5,Purdue,Iowa St.,0.5372587698757884,Purdue,100
2026,6,Illinois,Purdue,0.620455082397851,Purdue,100
