Season,TeamA,TeamB,Predicted_Winner,Prob_Team_A_Wins,Prob_Team_B_Wins,AdjOE_diff,AdjDE_diff,EFG%_diff,EFGD%_diff,TOR_diff,TORD_diff,ORB_diff,DRB_diff,ADJ T_diff,WAB_diff
2026,Duke,Siena,Duke,0.9935438698062663,0.0064561301937337,20.95299999999999,-18.1032,6.199999999999996,-2.3999999999999986,-0.3000000000000007,1.0,6.200000000000003,-4.199999999999999,1.1724999999999994,21.44764
2026,Duke,Ohio St.,Duke,0.7390086079975868,0.26099139200241317,2.9479999999999933,-10.781199999999998,0.29999999999999716,-4.099999999999994,0.29999999999999893,2.3000000000000007,7.300000000000001,-5.199999999999999,-0.3586000000000098,10.778690000000001
2026,Duke,TCU,Duke,0.926838696069105,0.07316130393089504,13.305999999999983,-8.83659999999999,5.899999999999999,-4.799999999999997,0.1999999999999993,-1.5999999999999979,3.700000000000003,-4.399999999999999,-1.7767000000000053,11.29545
2026,Duke,St. John's,Duke,0.746565036709392,0.253434963290608,8.35499999999999,-3.287399999999991,5.799999999999997,-1.1999999999999957,1.0,-1.2999999999999972,2.200000000000003,-5.399999999999999,-3.800900000000013,6.40737
2026,Duke,Northern Iowa,Duke,0.9304153561591527,0.06958464384084728,18.38799999999999,-7.762900000000002,2.5999999999999943,-1.0,1.0999999999999996,0.0,16.1,-1.5,3.6159999999999926,18.94689
2026,Duke,Kansas,Duke,0.7725501680853833,0.22744983191461665,10.33999999999999,-3.5555999999999983,5.199999999999996,1.0,0.1999999999999993,4.100000000000001,8.600000000000001,-5.300000000000001,-1.8068000000000097,7.4019
2026,Duke,Louisville,Duke,0.7474958418351637,0.2525041581648363,4.123999999999981,-7.363099999999989,0.3999999999999986,-2.5999999999999943,-0.6999999999999993,1.4000000000000021,5.200000000000003,-2.099999999999998,-3.909400000000005,9.67072
2026,Duke,South Florida,Duke,0.915792689449045,0.08420731055095498,11.382999999999981,-10.5762,5.899999999999999,-2.1999999999999957,0.5,-0.6999999999999993,-0.10000000000000142,-7.0,-5.598600000000005,13.925208
2026,Duke,Michigan St.,Duke,0.7994688685835264,0.2005311314164736,5.23899999999999,-5.3797,3.1999999999999957,-2.3999999999999986,-1.4000000000000021,3.3000000000000007,-0.3999999999999986,2.1999999999999993,-0.17790000000000816,6.22459
2026,Duke,North Dakota St.,Duke,0.9863537799393461,0.013646220060653858,16.731999999999985,-15.220199999999991,3.3999999999999986,-5.299999999999997,0.09999999999999964,-0.5999999999999979,4.5,-0.8999999999999986,-0.554000000000002,17.02357
2026,Duke,UCLA,Duke,0.7495177625156639,0.25048223748433607,3.6019999999999897,-10.978200000000001,2.8999999999999986,-4.199999999999996,2.299999999999999,0.0,7.0,-7.599999999999998,1.1151999999999873,10.05443
2026,Duke,UCF,Duke,0.9487672387541575,0.05123276124584253,8.159999999999982,-14.884199999999993,4.0,-6.199999999999996,0.0,2.3000000000000007,3.700000000000003,-3.6999999999999993,-3.313200000000009,11.54894
2026,Duke,Furman,Duke,0.9927414558505567,0.007258544149443269,21.23999999999998,-18.2162,2.0,-3.8999999999999986,-2.1000000000000014,4.400000000000002,7.100000000000001,-2.6999999999999993,-0.038000000000010914,22.40227
2026,Duke,Florida,Duke,0.5307269011552253,0.46927309884477475,2.0649999999999835,-1.4668999999999954,3.299999999999997,-0.09999999999999432,-0.8000000000000007,2.700000000000001,-5.100000000000001,0.0,-4.595600000000005,5.13691
2026,Duke,Prairie View A&M,Duke,0.9966224399131187,0.0033775600868812816,26.703999999999994,-20.554199999999994,8.899999999999999,-4.199999999999996,-0.3000000000000007,-1.0,11.0,-9.999999999999996,-5.066100000000006,26.227800000000002
2026,Duke,Iowa,Duke,0.7853961585215498,0.21460384147845024,6.030999999999992,-9.398199999999989,0.19999999999999574,-6.5,0.5,-2.8999999999999986,8.0,-3.1999999999999993,2.7757999999999967,11.72101
2026,Duke,Vanderbilt,Duke,0.671167898733807,0.328832101266193,0.6839999999999833,-8.554000000000002,1.5,-2.5999999999999943,2.3999999999999986,0.20000000000000284,6.900000000000002,-6.800000000000001,-3.178900000000013,6.36913
2026,Duke,McNeese St.,Duke,0.958292806292172,0.04170719370782805,15.001999999999981,-11.32119999999999,5.799999999999997,-2.6999999999999957,1.3999999999999986,-6.5,3.1000000000000014,-10.2,-0.33320000000000505,12.96667
2026,Duke,Nebraska,Duke,0.8171704527375944,0.18282954726240563,10.950999999999993,-2.6894999999999953,1.3999999999999986,-1.5999999999999943,1.299999999999999,-1.0999999999999979,11.8,-2.8999999999999986,-1.0180000000000007,6.21303
2026,Duke,Troy,Duke,0.9869413846052209,0.01305861539477915,17.47399999999999,-18.212199999999996,4.899999999999999,-3.8999999999999986,-1.3000000000000007,1.2000000000000028,3.3000000000000043,-6.800000000000001,0.7187999999999874,19.82008
2026,Duke,North Carolina,Duke,0.854212484853041,0.14578751514695898,6.74499999999999,-9.200199999999995,2.1999999999999957,-2.0,1.6999999999999993,4.500000000000002,6.700000000000003,-3.3000000000000007,-2.182700000000011,8.74742
2026,Duke,VCU,Duke,0.9280325482321121,0.07196745176788788,8.873999999999981,-12.236199999999997,2.6999999999999957,-2.6999999999999957,0.5,0.9000000000000021,5.800000000000004,-5.099999999999998,-2.8781000000000034,11.95767
2026,Duke,Illinois,Illinois,0.41648733145758227,0.5835126685424177,-3.787000000000006,-7.4088999999999885,1.6999999999999957,-1.3999999999999986,2.5,6.500000000000002,-0.6000000000000014,-2.1999999999999993,0.08459999999999468,7.10889
2026,Duke,Penn,Duke,0.985414240354242,0.014585759645758034,21.59999999999998,-14.587199999999996,6.5,-5.5,0.29999999999999893,0.3000000000000007,7.800000000000001,-5.699999999999999,-3.2214000000000027,19.67541
2026,Duke,Saint Mary's,Duke,0.8793975332385466,0.12060246676145336,8.792999999999992,-6.741299999999995,3.8999999999999986,-0.5,-0.6999999999999993,2.900000000000002,0.5,1.0,0.5007999999999981,9.66046
2026,Duke,Texas A&M,Duke,0.8533472595886086,0.14665274041139142,8.299999999999983,-10.623199999999997,2.5999999999999943,-4.599999999999994,1.0999999999999996,-0.1999999999999993,5.800000000000004,-7.699999999999999,-5.213000000000008,12.07422
2026,Duke,Houston,Houston,0.44675503197660105,0.553244968023399,2.819999999999993,-1.5844999999999914,4.699999999999996,-0.3999999999999986,2.6999999999999993,-2.8999999999999986,2.200000000000003,-6.099999999999998,2.4776999999999916,4.672280000000001
2026,Duke,Idaho,Duke,0.9849304972794963,0.015069502720503669,19.33099999999999,-15.368200000000002,4.899999999999999,-4.099999999999994,0.6999999999999993,2.900000000000002,9.200000000000003,0.6000000000000014,-1.621300000000005,22.532780000000002
2026,Duke,LIU,Duke,0.9973928701377063,0.0026071298622937222,24.514999999999986,-18.974199999999996,3.5,-3.5999999999999943,-3.3000000000000007,-0.7999999999999972,3.8000000000000043,-7.800000000000001,-2.0260000000000105,19.44735
2026,Duke,Villanova,Duke,0.8516813429426602,0.14831865705733982,8.560999999999993,-9.737200000000001,3.0999999999999943,-5.099999999999994,0.5999999999999996,-0.5999999999999979,5.700000000000003,-6.899999999999999,0.8564999999999969,9.72687
2026,Duke,Utah St.,Duke,0.8631587181508708,0.13684128184912925,5.131999999999991,-11.285199999999989,0.19999999999999574,-3.3999999999999986,0.29999999999999893,-2.5,5.0,-7.400000000000002,-1.7508000000000123,9.67697
2026,Duke,Wisconsin,Duke,0.7295298413965964,0.2704701586034036,0.9739999999999895,-10.839199999999991,2.299999999999997,-5.099999999999994,2.8999999999999986,3.700000000000001,8.700000000000003,-3.3999999999999986,-2.8911000000000087,8.29253
2026,Duke,High Point,Duke,0.9807484842942747,0.019251515705725253,12.465999999999994,-16.7012,2.0999999999999943,-3.8999999999999986,2.6999999999999993,-3.799999999999997,6.0,-6.899999999999999,-4.086200000000005,15.10209
2026,Duke,Hawaii,Duke,0.9890876412304828,0.010912358769517239,21.287999999999982,-11.033199999999994,4.799999999999997,-0.19999999999999574,-3.1999999999999993,1.2000000000000028,6.700000000000003,-0.1999999999999993,-3.778100000000009,17.4066
2026,Duke,Texas,Duke,0.8996107524503706,0.10038924754962941,4.129999999999981,-15.590199999999996,2.5999999999999943,-5.0,0.3999999999999986,4.700000000000001,2.3999999999999986,-2.099999999999998,-1.2957999999999998,13.879861
2026,Duke,Gonzaga,Duke,0.8200653297603154,0.17993467023968457,7.847999999999985,-3.2112999999999943,0.5,0.0,2.0,-2.3999999999999986,3.3000000000000043,-1.0999999999999979,-3.1295000000000073,6.3032900000000005
2026,Duke,Kennesaw St.,Duke,0.9889051005555753,0.011094899444424655,17.350999999999985,-18.70519999999999,6.099999999999994,-2.299999999999997,-1.0,2.0,2.6000000000000014,-6.5,-5.463800000000006,21.6482
2026,Duke,Miami FL,Duke,0.9057467056982371,0.09425329430176288,7.069999999999993,-10.644199999999998,1.1999999999999957,-5.5,-0.5,-0.29999999999999716,1.1000000000000014,-1.5,-2.126800000000003,9.82038
2026,Duke,Missouri,Duke,0.8826992772059143,0.11730072279408565,8.211999999999989,-12.243200000000002,1.5,-5.199999999999996,-2.3000000000000007,1.5,2.6000000000000014,-6.599999999999998,-0.5768000000000058,12.51643
2026,Duke,Purdue,Duke,0.5235081899281402,0.4764918100718598,-5.154000000000025,-9.44919999999999,-0.8000000000000043,-6.099999999999994,2.1999999999999993,2.5000000000000018,1.8000000000000043,-1.5999999999999979,1.3664999999999878,4.4802
2026,Duke,Queens,Duke,0.9939310013396425,0.006068998660357483,13.478999999999985,-26.307199999999995,0.19999999999999574,-7.799999999999997,0.8999999999999986,3.1000000000000014,7.700000000000003,-8.2,-3.699300000000008,20.63637
2026,Duke,Michigan,Duke,0.5179496741403071,0.4820503258596929,0.5069999999999908,-0.23529999999999518,-1.3000000000000043,1.5,-1.0,2.6000000000000014,2.700000000000003,-2.8999999999999986,-5.413000000000011,-0.3257999999999992
2026,Duke,Howard,Duke,0.9954529032917616,0.004547096708238385,24.676999999999992,-15.4272,6.199999999999996,-1.1999999999999957,-4.100000000000001,-3.1999999999999993,1.5,-7.199999999999999,-3.2450000000000045,20.53986
2026,Duke,Georgia,Duke,0.8596684535073292,0.14033154649267077,3.8049999999999926,-13.9602,2.1999999999999957,-3.8999999999999986,1.3999999999999986,-0.29999999999999716,2.8999999999999986,-10.099999999999998,-6.222999999999999,11.06803
2026,Duke,Saint Louis,Duke,0.9531670786706516,0.046832921329348354,8.649999999999991,-11.44619999999999,-2.9000000000000057,1.4000000000000057,-1.6999999999999993,2.0,7.0,-2.1999999999999993,-5.211000000000013,11.79799
2026,Duke,Texas Tech,Duke,0.6057788674815623,0.3942211325184377,1.853999999999985,-8.006900000000002,0.5999999999999943,-3.1999999999999957,-0.20000000000000107,3.400000000000002,4.800000000000004,-5.300000000000001,-0.6052999999999997,8.61274
2026,Duke,Hofstra,Duke,0.9658495813925049,0.034150418607495125,14.987999999999985,-14.089199999999991,5.299999999999997,0.30000000000000426,-0.40000000000000213,3.1000000000000014,3.200000000000003,-5.699999999999999,1.0890999999999877,18.33805
2026,Duke,Tennessee,Duke,0.68160710004483,0.31839289995516995,6.665999999999983,-4.71159999999999,5.199999999999996,-1.5,-1.4000000000000021,1.8000000000000007,-7.0,-3.099999999999998,0.5780999999999921,9.55313
2026,Duke,Miami OH,Duke,0.986323299111494,0.013676700888506033,11.478999999999985,-16.7872,-2.4000000000000057,-4.599999999999994,1.1999999999999993,0.6000000000000014,12.8,-3.3000000000000007,-4.138800000000003,11.21455
2026,Duke,Virginia,Duke,0.7595306482073758,0.2404693517926242,5.900999999999982,-5.033999999999992,2.1999999999999957,0.9000000000000057,-0.3000000000000007,2.5000000000000018,0.20000000000000284,-4.399999999999999,0.22529999999999006,5.90623
2026,Duke,Wright St.,Duke,0.9830065785734186,0.016993421426581445,15.795999999999992,-18.2162,2.3999999999999986,-5.899999999999999,-0.6000000000000014,1.6000000000000014,4.899999999999999,-4.399999999999999,-1.1740000000000066,20.237650000000002
2026,Duke,Kentucky,Duke,0.852942520179551,0.14705747982044903,8.246999999999986,-9.170299999999997,3.6999999999999957,-2.5999999999999943,0.6999999999999993,2.3000000000000007,4.300000000000004,-5.300000000000001,-2.5164000000000044,10.37637
2026,Duke,Santa Clara,Duke,0.8224590582257828,0.1775409417742172,3.151999999999987,-12.944199999999995,2.1999999999999957,-5.599999999999994,0.09999999999999964,-2.0,1.3999999999999986,-7.4999999999999964,-3.45450000000001,11.52773
2026,Duke,Iowa St.,Duke,0.5457465648503461,0.4542534351496539,4.394999999999982,-1.8171999999999997,0.29999999999999716,-3.299999999999997,0.5999999999999996,-4.299999999999997,2.8000000000000043,-3.3000000000000007,-1.1587999999999994,6.27694
2026,Duke,Tennessee St.,Duke,0.9973708896834592,0.0026291103165407836,20.36499999999998,-21.05319999999999,6.699999999999996,-5.0,-0.8000000000000007,-1.8999999999999986,3.200000000000003,-5.099999999999998,-4.333700000000007,19.32487
2026,Siena,TCU,TCU,0.07605925571269857,0.9239407442873014,-7.647000000000006,9.266600000000011,-0.29999999999999716,-2.3999999999999986,0.5,-2.599999999999998,-2.5,-0.1999999999999993,-2.9492000000000047,-10.15219
2026,Siena,St. John's,St. John's,0.018782425209097987,0.981217574790902,-12.597999999999999,14.81580000000001,-0.3999999999999986,1.2000000000000028,1.3000000000000007,-2.299999999999997,-4.0,-1.1999999999999993,-4.973400000000012,-15.04027
2026,Siena,South Florida,South Florida,0.06600504585235754,0.9339949541476424,-9.570000000000007,7.527000000000001,-0.29999999999999716,0.20000000000000284,0.8000000000000007,-1.6999999999999993,-6.300000000000004,-2.8000000000000007,-6.771100000000004,-7.522431999999999
2026,Siena,UCLA,UCLA,0.019073340631042577,0.9809266593689574,-17.351,7.125,-3.299999999999997,-1.7999999999999972,2.5999999999999996,-1.0,0.7999999999999972,-3.3999999999999986,-0.05730000000001212,-11.39321
2026,Siena,UCF,UCF,0.10741098208407404,0.8925890179159259,-12.793000000000006,3.2190000000000083,-2.1999999999999957,-3.799999999999997,0.3000000000000007,1.3000000000000007,-2.5,0.5,-4.4857000000000085,-9.8987
2026,Siena,Vanderbilt,Vanderbilt,0.013089408164644845,0.9869105918353551,-20.269000000000005,9.549199999999999,-4.699999999999996,-0.19999999999999574,2.6999999999999993,-0.7999999999999972,0.6999999999999993,-2.6000000000000014,-4.351400000000012,-15.07851
2026,Siena,Troy,Troy,0.32935901329714373,0.6706409867028562,-3.478999999999999,-0.10899999999999466,-1.2999999999999972,-1.5,-1.0,0.20000000000000284,-2.8999999999999986,-2.6000000000000014,-0.453700000000012,-1.62756
2026,Siena,VCU,VCU,0.07731533092010534,0.9226846690798947,-12.079000000000008,5.867000000000004,-3.5,-0.29999999999999716,0.8000000000000007,-0.09999999999999787,-0.3999999999999986,-0.8999999999999986,-4.050600000000003,-9.48997
2026,Siena,Texas A&M,Texas A&M,0.0364336330294909,0.9635663669705091,-12.653000000000006,7.480000000000004,-3.6000000000000014,-2.1999999999999957,1.4000000000000004,-1.1999999999999993,-0.3999999999999986,-3.5,-6.3855000000000075,-9.37342
2026,Siena,Villanova,Villanova,0.035971332795378126,0.9640286672046219,-12.391999999999996,8.366,-3.1000000000000014,-2.6999999999999957,0.9000000000000004,-1.5999999999999979,-0.5,-2.6999999999999993,-0.3160000000000025,-11.72077
2026,Siena,Utah St.,Utah St.,0.03937430998719914,0.9606256900128008,-15.820999999999998,6.818000000000012,-6.0,-1.0,0.5999999999999996,-3.5,-1.2000000000000028,-3.200000000000003,-2.923300000000012,-11.770669999999999
2026,Siena,Wisconsin,Wisconsin,0.017225148395802903,0.9827748516041971,-19.979,7.26400000000001,-3.8999999999999986,-2.6999999999999957,3.1999999999999993,2.700000000000001,2.5,0.8000000000000007,-4.063600000000008,-13.15511
2026,Siena,Texas,Texas,0.055026549072253,0.944973450927747,-16.823000000000008,2.5130000000000052,-3.6000000000000014,-2.6000000000000014,0.6999999999999993,3.700000000000001,-3.8000000000000043,2.1000000000000014,-2.4682999999999993,-7.567779
2026,Siena,Texas Tech,Texas Tech,0.009886541940085676,0.9901134580599144,-19.099000000000004,10.0963,-5.600000000000001,-0.7999999999999972,0.09999999999999964,2.400000000000002,-1.3999999999999986,-1.1000000000000014,-1.7777999999999992,-12.8349
2026,Siena,Tennessee,Tennessee,0.013720064742802542,0.9862799352571975,-14.287000000000006,13.391600000000011,-1.0,0.8999999999999986,-1.1000000000000014,0.8000000000000007,-13.200000000000003,1.1000000000000014,-0.5944000000000074,-11.89451
2026,Siena,Virginia,Virginia,0.020111636106376507,0.9798883638936235,-15.052000000000007,13.06920000000001,-4.0,3.3000000000000043,0.0,1.5000000000000018,-6.0,-0.1999999999999993,-0.9472000000000094,-15.541409999999999
2026,Siena,Wright St.,Wright St.,0.27319773764787686,0.7268022623521231,-5.1569999999999965,-0.11299999999999955,-3.799999999999997,-3.5,-0.3000000000000007,0.6000000000000014,-1.3000000000000043,-0.1999999999999993,-2.346500000000006,-1.2099899999999995
2026,Siena,Tennessee St.,Siena,0.7114073636501346,0.28859263634986543,-0.5880000000000081,-2.9499999999999886,0.5,-2.6000000000000014,-0.5,-2.8999999999999986,-3.0,-0.8999999999999986,-5.506200000000007,-2.12277
2026,Ohio St.,Siena,Ohio St.,0.9819328220527206,0.01806717794727941,18.004999999999995,-7.322000000000003,5.899999999999999,1.6999999999999957,-0.5999999999999996,-1.3000000000000007,-1.0999999999999979,1.0,1.5311000000000092,10.668949999999999
2026,Ohio St.,TCU,Ohio St.,0.8173194099086936,0.18268059009130644,10.35799999999999,1.9446000000000083,5.600000000000001,-0.7000000000000028,-0.09999999999999964,-3.8999999999999986,-3.599999999999998,0.8000000000000007,-1.4180999999999955,0.5167600000000001
2026,Ohio St.,St. John's,Ohio St.,0.5098870503390209,0.49011294966097907,5.4069999999999965,7.493800000000007,5.5,2.8999999999999986,0.7000000000000011,-3.599999999999998,-5.099999999999998,-0.1999999999999993,-3.442300000000003,-4.37132
2026,Ohio St.,South Florida,Ohio St.,0.7934234688768788,0.20657653112312124,8.434999999999988,0.2049999999999983,5.600000000000001,1.8999999999999986,0.20000000000000107,-3.0,-7.400000000000002,-1.8000000000000007,-5.239999999999995,3.146518
2026,Ohio St.,UCLA,Ohio St.,0.5138014590755504,0.4861985409244496,0.6539999999999964,-0.19700000000000273,2.6000000000000014,-0.10000000000000142,2.0,-2.3000000000000007,-0.3000000000000007,-2.3999999999999986,1.4737999999999971,-0.7242600000000001
2026,Ohio St.,UCF,Ohio St.,0.8673768805470048,0.1326231194529952,5.211999999999989,-4.102999999999994,3.700000000000003,-2.1000000000000014,-0.29999999999999893,0.0,-3.599999999999998,1.5,-2.9545999999999992,0.7702499999999999
2026,Ohio St.,Prairie View A&M,Ohio St.,0.9904950888333692,0.00950491116663077,23.756,-9.772999999999996,8.600000000000001,-0.10000000000000142,-0.5999999999999996,-3.3000000000000007,3.6999999999999993,-4.799999999999997,-4.707499999999996,15.449110000000001
2026,Ohio St.,Vanderbilt,Vanderbilt,0.41888552258453626,0.5811144774154637,-2.26400000000001,2.2271999999999963,1.2000000000000028,1.5,2.0999999999999996,-2.099999999999998,-0.3999999999999986,-1.6000000000000014,-2.820300000000003,-4.40956
2026,Ohio St.,Troy,Ohio St.,0.9638876701053752,0.03611232989462476,14.525999999999996,-7.430999999999997,4.600000000000001,0.19999999999999574,-1.5999999999999996,-1.0999999999999979,-3.9999999999999964,-1.6000000000000014,1.0773999999999972,9.04139
2026,Ohio St.,VCU,Ohio St.,0.8199532378230641,0.18004676217693594,5.925999999999988,-1.4549999999999983,2.3999999999999986,1.3999999999999986,0.20000000000000107,-1.3999999999999986,-1.4999999999999964,0.10000000000000142,-2.5194999999999936,1.17898
2026,Ohio St.,Penn,Ohio St.,0.9597743854935192,0.04022561450648077,18.651999999999987,-3.8059999999999974,6.200000000000003,-1.4000000000000057,0.0,-2.0,0.5,-0.5,-2.862799999999993,8.89672
2026,Ohio St.,Saint Mary's,Ohio St.,0.7202929442856464,0.2797070557143536,5.844999999999999,4.039900000000003,3.6000000000000014,3.5999999999999943,-0.9999999999999982,0.6000000000000014,-6.800000000000001,6.199999999999999,0.8594000000000079,-1.1182299999999996
2026,Ohio St.,Texas A&M,Ohio St.,0.6726679989775373,0.32733200102246274,5.35199999999999,0.15800000000000125,2.299999999999997,-0.5,0.8000000000000007,-2.5,-1.4999999999999964,-2.5,-4.854399999999998,1.29553
2026,Ohio St.,Villanova,Ohio St.,0.6697439595651054,0.33025604043489465,5.6129999999999995,1.043999999999997,2.799999999999997,-1.0,0.3000000000000007,-2.8999999999999986,-1.5999999999999979,-1.6999999999999993,1.2151000000000067,-1.0518200000000002
2026,Ohio St.,Utah St.,Ohio St.,0.6901786675003981,0.30982133249960186,2.1839999999999975,-0.5039999999999907,-0.10000000000000142,0.6999999999999957,0.0,-4.800000000000001,-2.3000000000000007,-2.200000000000003,-1.3922000000000025,-1.1017200000000003
2026,Ohio St.,Wisconsin,Wisconsin,0.48785647797169274,0.5121435220283073,-1.9740000000000038,-0.057999999999992724,2.0,-1.0,2.5999999999999996,1.4000000000000004,1.4000000000000021,1.8000000000000007,-2.532499999999999,-2.48616
2026,Ohio St.,Texas,Ohio St.,0.7598915307567219,0.2401084692432781,1.181999999999988,-4.8089999999999975,2.299999999999997,-0.9000000000000057,0.09999999999999964,2.4000000000000004,-4.900000000000002,3.1000000000000014,-0.93719999999999,3.101171
2026,Ohio St.,Purdue,Purdue,0.2795449339031885,0.7204550660968114,-8.102000000000018,1.3320000000000078,-1.1000000000000014,-2.0,1.9000000000000004,0.20000000000000107,-5.4999999999999964,3.6000000000000014,1.7250999999999976,-6.29849
2026,Ohio St.,Queens,Ohio St.,0.9830042815598983,0.016995718440101726,10.530999999999992,-15.525999999999996,-0.10000000000000142,-3.700000000000003,0.5999999999999996,0.8000000000000007,0.40000000000000213,-3.0,-3.3406999999999982,9.85768
2026,Ohio St.,Saint Louis,Ohio St.,0.8778666970431006,0.12213330295689939,5.701999999999998,-0.664999999999992,-3.200000000000003,5.5,-1.9999999999999982,-0.3000000000000007,-0.3000000000000007,3.0,-4.852400000000003,1.0193
2026,Ohio St.,Texas Tech,Texas Tech,0.3517811479133223,0.6482188520866776,-1.0940000000000083,2.7742999999999967,0.29999999999999716,0.8999999999999986,-0.5,1.1000000000000014,-2.4999999999999964,-0.10000000000000142,-0.24669999999998993,-2.1659499999999996
2026,Ohio St.,Tennessee,Tennessee,0.4305383826053339,0.569461617394666,3.7179999999999893,6.069600000000008,4.899999999999999,2.5999999999999943,-1.700000000000001,-0.5,-14.3,2.1000000000000014,0.9367000000000019,-1.2255599999999998
2026,Ohio St.,Virginia,Ohio St.,0.527294311122735,0.47270568887726505,2.9529999999999887,5.7472000000000065,1.8999999999999986,5.0,-0.5999999999999996,0.20000000000000107,-7.099999999999998,0.8000000000000007,0.5838999999999999,-4.87246
2026,Ohio St.,Wright St.,Ohio St.,0.9533347967247136,0.04666520327528645,12.847999999999999,-7.435000000000002,2.1000000000000014,-1.8000000000000043,-0.9000000000000004,-0.6999999999999993,-2.400000000000002,0.8000000000000007,-0.8153999999999968,9.458960000000001
2026,Ohio St.,Santa Clara,Ohio St.,0.6206422931204321,0.37935770687956794,0.20399999999999352,-2.1629999999999967,1.8999999999999986,-1.5,-0.1999999999999993,-4.300000000000001,-5.900000000000002,-2.299999999999997,-3.0959000000000003,0.7490399999999999
2026,Ohio St.,Tennessee St.,Ohio St.,0.9925912341402313,0.0074087658597686845,17.416999999999987,-10.271999999999991,6.399999999999999,-0.9000000000000057,-1.0999999999999996,-4.199999999999999,-4.099999999999998,0.10000000000000142,-3.9750999999999976,8.54618
2026,TCU,UCLA,UCLA,0.19107025389614826,0.8089297461038517,-9.703999999999994,-2.141600000000011,-3.0,0.6000000000000014,2.0999999999999996,1.5999999999999979,3.299999999999997,-3.1999999999999993,2.8918999999999926,-1.2410200000000002
2026,TCU,UCF,TCU,0.5937938474559156,0.40620615254408443,-5.146000000000001,-6.047600000000003,-1.8999999999999986,-1.3999999999999986,-0.1999999999999993,3.8999999999999986,0.0,0.6999999999999993,-1.5365000000000038,0.25348999999999977
2026,TCU,Vanderbilt,Vanderbilt,0.13875839012255753,0.8612416098774425,-12.622,0.28259999999998797,-4.399999999999999,2.200000000000003,2.1999999999999993,1.8000000000000007,3.1999999999999993,-2.400000000000002,-1.4022000000000077,-4.9263200000000005
2026,TCU,Troy,TCU,0.8564422692381012,0.14355773076189882,4.168000000000006,-9.375600000000006,-1.0,0.8999999999999986,-1.5,2.8000000000000007,-0.3999999999999986,-2.400000000000002,2.4954999999999927,8.52463
2026,TCU,VCU,TCU,0.5044348711963373,0.49556512880366266,-4.432000000000002,-3.3996000000000066,-3.200000000000003,2.1000000000000014,0.3000000000000007,2.5,2.1000000000000014,-0.6999999999999993,-1.1013999999999982,0.6622199999999998
2026,TCU,Texas A&M,Texas A&M,0.31474811302015043,0.6852518869798496,-5.006,-1.786600000000007,-3.3000000000000043,0.20000000000000284,0.9000000000000004,1.3999999999999986,2.1000000000000014,-3.3000000000000007,-3.436300000000003,0.77877
2026,TCU,Villanova,Villanova,0.3118974361223158,0.6881025638776842,-4.74499999999999,-0.9006000000000114,-2.8000000000000043,-0.29999999999999716,0.40000000000000036,1.0,2.0,-2.5,2.633200000000002,-1.5685800000000003
2026,TCU,Utah St.,Utah St.,0.332403127206016,0.667596872793984,-8.173999999999992,-2.448599999999999,-5.700000000000003,1.3999999999999986,0.09999999999999964,-0.9000000000000021,1.2999999999999972,-3.0000000000000036,0.02589999999999293,-1.6184800000000004
2026,TCU,Wisconsin,Wisconsin,0.17553816093638674,0.8244618390636133,-12.331999999999994,-2.002600000000001,-3.6000000000000014,-0.29999999999999716,2.6999999999999993,5.299999999999999,5.0,1.0,-1.1144000000000034,-3.00292
2026,TCU,Texas,Texas,0.4143027986560011,0.5856972013439989,-9.176000000000002,-6.753600000000006,-3.3000000000000043,-0.20000000000000284,0.1999999999999993,6.299999999999999,-1.3000000000000043,2.3000000000000007,0.48090000000000543,2.584411
2026,TCU,Texas Tech,Texas Tech,0.10817594096883551,0.8918240590311645,-11.451999999999998,0.8296999999999883,-5.300000000000004,1.6000000000000014,-0.40000000000000036,5.0,1.1000000000000014,-0.9000000000000021,1.1714000000000055,-2.6827099999999997
2026,TCU,Tennessee,Tennessee,0.14455698886026955,0.8554430111397304,-6.640000000000001,4.125,-0.7000000000000028,3.299999999999997,-1.6000000000000014,3.3999999999999986,-10.700000000000003,1.3000000000000007,2.3547999999999973,-1.7423199999999999
2026,TCU,Virginia,Virginia,0.19956667131023803,0.800433328689762,-7.405000000000001,3.802599999999998,-3.700000000000003,5.700000000000003,-0.5,4.1,-3.5,0.0,2.0019999999999953,-5.38922
2026,TCU,Wright St.,TCU,0.8203435235718733,0.17965647642812665,2.490000000000009,-9.37960000000001,-3.5,-1.1000000000000014,-0.8000000000000007,3.1999999999999993,1.1999999999999957,0.0,0.6026999999999987,8.9422
2026,TCU,Tennessee St.,TCU,0.9676846622796069,0.03231533772039308,7.0589999999999975,-12.2166,0.7999999999999972,-0.20000000000000284,-1.0,-0.3000000000000007,-0.5,-0.6999999999999993,-2.557000000000002,8.02942
2026,St. John's,TCU,St. John's,0.8113394870386297,0.18866051296137032,4.950999999999993,-5.549199999999999,0.10000000000000142,-3.6000000000000014,-0.8000000000000007,-0.3000000000000007,1.5,1.0,2.0242000000000075,4.88808
2026,St. John's,UCLA,St. John's,0.5039165464772172,0.4960834535227828,-4.753,-7.69080000000001,-2.8999999999999986,-3.0,1.299999999999999,1.2999999999999972,4.799999999999997,-2.1999999999999993,4.9161,3.6470599999999997
2026,St. John's,UCF,St. John's,0.8627604106200544,0.13723958937994563,-0.1950000000000074,-11.596800000000002,-1.7999999999999972,-5.0,-1.0,3.599999999999998,1.5,1.6999999999999993,0.4877000000000038,5.14157
2026,St. John's,Vanderbilt,Vanderbilt,0.40928946544354766,0.5907105345564523,-7.6710000000000065,-5.266600000000011,-4.299999999999997,-1.3999999999999986,1.3999999999999986,1.5,4.699999999999999,-1.4000000000000021,0.6219999999999999,-0.03824000000000005
2026,St. John's,Troy,St. John's,0.9624853401988398,0.0375146598011602,9.119,-14.924800000000005,-0.8999999999999986,-2.700000000000003,-2.3000000000000007,2.5,1.1000000000000014,-1.4000000000000021,4.5197,13.41271
2026,St. John's,VCU,St. John's,0.8140399151263131,0.18596008487368687,0.5189999999999912,-8.948800000000006,-3.1000000000000014,-1.5,-0.5,2.1999999999999993,3.6000000000000014,0.3000000000000007,0.9228000000000094,5.5503
2026,St. John's,Texas A&M,St. John's,0.6639001752058425,0.33609982479415745,-0.05500000000000682,-7.335800000000006,-3.200000000000003,-3.3999999999999986,0.09999999999999964,1.0999999999999979,3.6000000000000014,-2.3000000000000007,-1.4120999999999952,5.66685
2026,St. John's,Villanova,St. John's,0.6609372922597311,0.3390627077402689,0.20600000000000307,-6.44980000000001,-2.700000000000003,-3.8999999999999986,-0.40000000000000036,0.6999999999999993,3.5,-1.5,4.65740000000001,3.3194999999999997
2026,St. John's,Utah St.,St. John's,0.6816579070142625,0.31834209298573746,-3.222999999999999,-7.997799999999998,-5.600000000000001,-2.200000000000003,-0.7000000000000011,-1.2000000000000028,2.799999999999997,-2.0000000000000036,2.0501000000000005,3.2695999999999996
2026,St. John's,Wisconsin,Wisconsin,0.4779800028343953,0.5220199971656048,-7.381,-7.5518,-3.5,-3.8999999999999986,1.8999999999999986,4.999999999999998,6.5,2.0,0.9098000000000042,1.88516
2026,St. John's,Texas,St. John's,0.7526007724349837,0.2473992275650163,-4.2250000000000085,-12.302800000000005,-3.200000000000003,-3.8000000000000043,-0.6000000000000014,5.999999999999998,0.19999999999999574,3.3000000000000007,2.505100000000013,7.472491
2026,St. John's,Texas Tech,Texas Tech,0.34281548006533924,0.6571845199346608,-6.501000000000005,-4.719500000000011,-5.200000000000003,-2.0,-1.200000000000001,4.699999999999999,2.6000000000000014,0.09999999999999787,3.195600000000013,2.2053700000000003
2026,St. John's,Tennessee,Tennessee,0.42086871240457546,0.5791312875954245,-1.6890000000000072,-1.424199999999999,-0.6000000000000014,-0.30000000000000426,-2.400000000000002,3.099999999999998,-9.200000000000003,2.3000000000000007,4.379000000000005,3.14576
2026,St. John's,Virginia,St. John's,0.5174260711979032,0.4825739288020968,-2.4540000000000077,-1.7466000000000008,-3.6000000000000014,2.1000000000000014,-1.3000000000000007,3.799999999999999,-2.0,1.0,4.026200000000003,-0.5011400000000004
2026,St. John's,Wright St.,St. John's,0.9515432742146294,0.048456725785370636,7.4410000000000025,-14.92880000000001,-3.3999999999999986,-4.700000000000003,-1.6000000000000014,2.8999999999999986,2.6999999999999957,1.0,2.6269000000000062,13.83028
2026,St. John's,Tennessee St.,St. John's,0.9922946232641887,0.007705376735811287,12.009999999999991,-17.7658,0.8999999999999986,-3.8000000000000043,-1.8000000000000007,-0.6000000000000014,1.0,0.3000000000000007,-0.5327999999999946,12.9175
2026,Northern Iowa,Siena,Northern Iowa,0.9200598816803895,0.07994011831961045,2.5649999999999977,-10.3403,3.6000000000000014,-1.3999999999999986,-1.4000000000000004,1.0,-9.899999999999999,-2.6999999999999993,-2.443499999999993,2.50075
2026,Northern Iowa,Ohio St.,Ohio St.,0.17475936467315017,0.8252406353268498,-15.439999999999998,-3.0182999999999964,-2.299999999999997,-3.0999999999999943,-0.8000000000000007,2.3000000000000007,-8.8,-3.6999999999999993,-3.9746000000000024,-8.168199999999999
2026,Northern Iowa,TCU,TCU,0.48650969991888354,0.5134903000811164,-5.082000000000008,-1.073699999999988,3.3000000000000043,-3.799999999999997,-0.9000000000000004,-1.5999999999999979,-12.399999999999999,-2.8999999999999986,-5.392699999999998,-7.651439999999999
2026,Northern Iowa,St. John's,St. John's,0.18053726742910547,0.8194627325708945,-10.033000000000001,4.475500000000011,3.200000000000003,-0.19999999999999574,-0.09999999999999964,-1.2999999999999972,-13.899999999999999,-3.8999999999999986,-7.416900000000005,-12.53952
2026,Northern Iowa,South Florida,South Florida,0.4485381502614857,0.5514618497385143,-7.00500000000001,-2.813299999999998,3.3000000000000043,-1.1999999999999957,-0.5999999999999996,-0.6999999999999993,-16.200000000000003,-5.5,-9.214599999999997,-5.021681999999999
2026,Northern Iowa,UCLA,UCLA,0.1828666367234562,0.8171333632765438,-14.786000000000001,-3.215299999999999,0.30000000000000426,-3.1999999999999957,1.1999999999999993,0.0,-9.100000000000001,-6.099999999999998,-2.5008000000000052,-8.89246
2026,Northern Iowa,UCF,Northern Iowa,0.5807120495074666,0.4192879504925334,-10.228000000000009,-7.121299999999991,1.4000000000000057,-5.199999999999996,-1.0999999999999996,2.3000000000000007,-12.399999999999999,-2.1999999999999993,-6.929200000000002,-7.39795
2026,Northern Iowa,Prairie View A&M,Northern Iowa,0.9566500136223232,0.04334998637767684,8.316000000000003,-12.791299999999993,6.300000000000004,-3.1999999999999957,-1.4000000000000004,-1.0,-5.100000000000001,-8.499999999999996,-8.682099999999998,7.28091
2026,Northern Iowa,Vanderbilt,Vanderbilt,0.13243308329776138,0.8675669167022386,-17.704000000000008,-0.7911000000000001,-1.0999999999999943,-1.5999999999999943,1.299999999999999,0.20000000000000284,-9.2,-5.300000000000001,-6.7949000000000055,-12.57776
2026,Northern Iowa,Troy,Northern Iowa,0.8496776882386451,0.1503223117613549,-0.9140000000000015,-10.449299999999994,2.3000000000000043,-2.8999999999999986,-2.4000000000000004,1.2000000000000028,-12.799999999999997,-5.300000000000001,-2.897200000000005,0.8731900000000001
2026,Northern Iowa,VCU,VCU,0.49094240353299684,0.5090575964670032,-9.51400000000001,-4.473299999999995,0.10000000000000142,-1.6999999999999957,-0.5999999999999996,0.9000000000000021,-10.299999999999997,-3.599999999999998,-6.494099999999996,-6.9892199999999995
2026,Northern Iowa,Penn,Northern Iowa,0.834785367861646,0.16521463213835397,3.211999999999989,-6.824299999999994,3.9000000000000057,-4.5,-0.8000000000000007,0.3000000000000007,-8.3,-4.199999999999999,-6.837399999999995,0.7285200000000005
2026,Northern Iowa,Saint Mary's,Saint Mary's,0.3528922876903998,0.6471077123096002,-9.594999999999999,1.0216000000000065,1.3000000000000043,0.5,-1.799999999999999,2.900000000000002,-15.600000000000001,2.5,-3.1151999999999944,-9.28643
2026,Northern Iowa,Texas A&M,Texas A&M,0.3032248587520255,0.6967751412479746,-10.088000000000008,-2.860299999999995,0.0,-3.5999999999999943,0.0,-0.1999999999999993,-10.299999999999997,-6.199999999999999,-8.829,-6.872669999999999
2026,Northern Iowa,Villanova,Villanova,0.30043279113345805,0.6995672088665419,-9.826999999999998,-1.9742999999999995,0.5,-4.099999999999994,-0.5,-0.5999999999999979,-10.399999999999999,-5.399999999999999,-2.7594999999999956,-9.22002
2026,Northern Iowa,Utah St.,Utah St.,0.32053585214045077,0.6794641478595492,-13.256,-3.522299999999987,-2.3999999999999986,-2.3999999999999986,-0.8000000000000007,-2.5,-11.100000000000001,-5.900000000000002,-5.366800000000005,-9.269919999999999
2026,Northern Iowa,Wisconsin,Wisconsin,0.16786303125017987,0.8321369687498201,-17.414,-3.076299999999989,-0.29999999999999716,-4.099999999999994,1.799999999999999,3.700000000000001,-7.399999999999999,-1.8999999999999986,-6.507100000000001,-10.65436
2026,Northern Iowa,Texas,Texas,0.4012690624042398,0.5987309375957601,-14.25800000000001,-7.827299999999994,0.0,-4.0,-0.7000000000000011,4.700000000000001,-13.700000000000003,-0.5999999999999979,-4.911799999999992,-5.067029
2026,Northern Iowa,Purdue,Purdue,0.07592936186643315,0.9240706381335668,-23.542000000000016,-1.6862999999999886,-3.3999999999999986,-5.099999999999994,1.0999999999999996,2.5000000000000018,-14.299999999999997,-0.09999999999999787,-2.2495000000000047,-14.46669
2026,Northern Iowa,Queens,Northern Iowa,0.9245186044812168,0.07548139551878319,-4.909000000000006,-18.544299999999993,-2.3999999999999986,-6.799999999999997,-0.20000000000000107,3.1000000000000014,-8.399999999999999,-6.699999999999999,-7.315300000000001,1.6894800000000005
2026,Northern Iowa,Saint Louis,Northern Iowa,0.6035111524784966,0.3964888475215034,-9.738,-3.6832999999999885,-5.5,2.4000000000000057,-2.799999999999999,2.0,-9.100000000000001,-0.6999999999999993,-8.827000000000005,-7.148899999999999
2026,Northern Iowa,Texas Tech,Texas Tech,0.10307788291309836,0.8969221170869016,-16.534000000000006,-0.24399999999999977,-2.0,-2.1999999999999957,-1.3000000000000007,3.400000000000002,-11.299999999999997,-3.8000000000000007,-4.221299999999992,-10.33415
2026,Northern Iowa,Tennessee,Tennessee,0.1380097101503437,0.8619902898496563,-11.722000000000008,3.051300000000012,2.6000000000000014,-0.5,-2.5000000000000018,1.8000000000000007,-23.1,-1.5999999999999979,-3.0379000000000005,-9.39376
2026,Northern Iowa,Virginia,Virginia,0.19108443105197723,0.8089155689480227,-12.487000000000009,2.72890000000001,-0.3999999999999986,1.9000000000000057,-1.4000000000000004,2.5000000000000018,-15.899999999999999,-2.8999999999999986,-3.3907000000000025,-13.040659999999999
2026,Northern Iowa,Wright St.,Northern Iowa,0.8122508291203023,0.18774917087969767,-2.5919999999999987,-10.453299999999999,-0.19999999999999574,-4.899999999999999,-1.700000000000001,1.6000000000000014,-11.200000000000003,-2.8999999999999986,-4.789999999999999,1.2907600000000006
2026,Northern Iowa,Santa Clara,Santa Clara,0.2573114166483787,0.7426885833516212,-15.236000000000004,-5.181299999999993,-0.3999999999999986,-4.599999999999994,-1.0,-2.0,-14.700000000000003,-5.9999999999999964,-7.070500000000003,-7.41916
2026,Northern Iowa,Tennessee St.,Northern Iowa,0.9659535507667616,0.03404644923323841,1.9769999999999897,-13.290299999999988,4.100000000000001,-4.0,-1.9000000000000004,-1.8999999999999986,-12.899999999999999,-3.599999999999998,-7.9497,0.37798
2026,Kansas,Siena,Kansas,0.9784054009818881,0.021594599018111893,10.613,-14.547600000000003,1.0,-3.3999999999999986,-0.5,-3.1000000000000014,-2.3999999999999986,1.1000000000000014,2.979300000000009,14.045739999999999
2026,Kansas,Ohio St.,Ohio St.,0.4546387897977103,0.5453612102022898,-7.391999999999996,-7.2256,-4.899999999999999,-5.099999999999994,0.09999999999999964,-1.8000000000000007,-1.3000000000000007,0.10000000000000142,1.4482,3.3767899999999997
2026,Kansas,TCU,Kansas,0.7885730743235208,0.21142692567647925,2.965999999999994,-5.280999999999992,0.7000000000000028,-5.799999999999997,0.0,-5.699999999999999,-4.899999999999999,0.9000000000000021,0.030100000000004457,3.89355
2026,Kansas,St. John's,St. John's,0.46446208674532924,0.5355379132546707,-1.9849999999999994,0.2682000000000073,0.6000000000000014,-2.1999999999999957,0.8000000000000007,-5.399999999999999,-6.399999999999999,-0.09999999999999787,-1.994100000000003,-0.9945300000000001
2026,Kansas,Northern Iowa,Kansas,0.7974318403025047,0.2025681596974953,8.048000000000002,-4.207300000000004,-2.6000000000000014,-2.0,0.9000000000000004,-4.100000000000001,7.5,3.8000000000000007,5.422800000000002,11.544989999999999
2026,Kansas,Louisville,Louisville,0.4656874595036357,0.5343125404963642,-6.216000000000008,-3.8074999999999903,-4.799999999999997,-3.5999999999999943,-0.8999999999999986,-2.6999999999999993,-3.3999999999999986,3.200000000000003,-2.1025999999999954,2.26882
2026,Kansas,South Florida,Kansas,0.7620118133654369,0.23798818663456311,1.0429999999999922,-7.020600000000002,0.7000000000000028,-3.1999999999999957,0.3000000000000007,-4.800000000000001,-8.700000000000003,-1.6999999999999993,-3.791799999999995,6.523308
2026,Kansas,Michigan St.,Kansas,0.5399672570006899,0.4600327429993101,-5.100999999999999,-1.8241000000000014,-2.0,-3.3999999999999986,-1.6000000000000014,-0.8000000000000007,-9.0,7.5,1.6289000000000016,-1.1773100000000003
2026,Kansas,North Dakota St.,Kansas,0.9551174515090287,0.044882548490971286,6.391999999999996,-11.664599999999993,-1.7999999999999972,-6.299999999999997,-0.09999999999999964,-4.699999999999999,-4.100000000000001,4.400000000000002,1.2528000000000077,9.62167
2026,Kansas,UCLA,UCLA,0.46836101842343963,0.5316389815765603,-6.7379999999999995,-7.422600000000003,-2.299999999999997,-5.199999999999996,2.0999999999999996,-4.100000000000001,-1.6000000000000014,-2.299999999999997,2.921999999999997,2.6525299999999996
2026,Kansas,UCF,Kansas,0.8450138223912057,0.1549861776087943,-2.180000000000007,-11.328599999999994,-1.1999999999999957,-7.199999999999996,-0.1999999999999993,-1.8000000000000007,-4.899999999999999,1.6000000000000014,-1.5063999999999993,4.14704
2026,Kansas,Prairie View A&M,Kansas,0.9886199838473739,0.011380016152626071,16.364000000000004,-16.998599999999996,3.700000000000003,-5.199999999999996,-0.5,-5.100000000000001,2.3999999999999986,-4.699999999999996,-3.259299999999996,18.8259
2026,Kansas,Vanderbilt,Vanderbilt,0.3753587576873665,0.6246412423126335,-9.656000000000006,-4.998400000000004,-3.6999999999999957,-3.5999999999999943,2.1999999999999993,-3.8999999999999986,-1.6999999999999993,-1.5,-1.3721000000000032,-1.0327700000000002
2026,Kansas,McNeese St.,Kansas,0.8712114155993198,0.1287885844006802,4.661999999999992,-7.765599999999992,0.6000000000000014,-3.6999999999999957,1.1999999999999993,-10.600000000000001,-5.5,-4.899999999999999,1.4736000000000047,5.564769999999999
2026,Kansas,Nebraska,Kansas,0.5682037334751957,0.4317962665248043,0.6110000000000042,0.866100000000003,-3.799999999999997,-2.5999999999999943,1.0999999999999996,-5.199999999999999,3.1999999999999993,2.400000000000002,0.788800000000009,-1.1888700000000005
2026,Kansas,Troy,Kansas,0.9569914406375486,0.043008559362451404,7.134,-14.656599999999997,-0.29999999999999716,-4.899999999999999,-1.5,-2.8999999999999986,-5.299999999999997,-1.5,2.525599999999997,12.41818
2026,Kansas,North Carolina,Kansas,0.6330357658661285,0.36696423413387147,-3.594999999999999,-5.644599999999997,-3.0,-3.0,1.5,0.40000000000000036,-1.8999999999999986,2.0,-0.37590000000000146,1.3455199999999996
2026,Kansas,VCU,Kansas,0.7915156368443941,0.20848436315560592,-1.4660000000000082,-8.680599999999998,-2.5,-3.6999999999999957,0.3000000000000007,-3.1999999999999993,-2.799999999999997,0.20000000000000284,-1.0712999999999937,4.55577
2026,Kansas,Penn,Kansas,0.9521316674379486,0.04786833256205136,11.259999999999991,-11.031599999999997,1.3000000000000043,-6.5,0.09999999999999964,-3.8000000000000007,-0.8000000000000007,-0.3999999999999986,-1.414599999999993,12.27351
2026,Kansas,Saint Mary's,Kansas,0.682215055379576,0.31778494462042395,-1.546999999999997,-3.185699999999997,-1.2999999999999972,-1.5,-0.8999999999999986,-1.1999999999999993,-8.100000000000001,6.300000000000001,2.307600000000008,2.25856
2026,Kansas,Texas A&M,Kansas,0.6314242741690828,0.36857572583091724,-2.0400000000000063,-7.067599999999999,-2.6000000000000014,-5.599999999999994,0.9000000000000004,-4.300000000000001,-2.799999999999997,-2.3999999999999986,-3.4061999999999983,4.67232
2026,Kansas,LIU,Kansas,0.9911996766926043,0.008800323307395663,14.174999999999997,-15.418599999999998,-1.6999999999999957,-4.599999999999994,-3.5,-4.899999999999999,-4.799999999999997,-2.5,-0.21920000000000073,12.045449999999999
2026,Kansas,Villanova,Kansas,0.6283353717451382,0.3716646282548618,-1.7789999999999964,-6.181600000000003,-2.1000000000000014,-6.099999999999994,0.40000000000000036,-4.699999999999999,-2.8999999999999986,-1.5999999999999979,2.6633000000000067,2.3249699999999995
2026,Kansas,Utah St.,Kansas,0.6499932656228598,0.35000673437714025,-5.207999999999998,-7.729599999999991,-5.0,-4.399999999999999,0.09999999999999964,-6.600000000000001,-3.6000000000000014,-2.1000000000000014,0.055999999999997385,2.2750699999999995
2026,Kansas,Wisconsin,Wisconsin,0.4426216939481859,0.557378306051814,-9.366,-7.283599999999993,-2.8999999999999986,-6.099999999999994,2.6999999999999993,-0.40000000000000036,0.10000000000000142,1.9000000000000021,-1.084299999999999,0.8906299999999998
2026,Kansas,Texas,Kansas,0.7251473645968396,0.2748526354031604,-6.210000000000008,-12.034599999999998,-2.6000000000000014,-6.0,0.1999999999999993,0.5999999999999996,-6.200000000000003,3.200000000000003,0.5110000000000099,6.477961
2026,Kansas,Kennesaw St.,Kansas,0.96329142555447,0.036708574445529996,7.010999999999996,-15.149599999999992,0.8999999999999986,-3.299999999999997,-1.1999999999999993,-2.1000000000000014,-6.0,-1.1999999999999993,-3.6569999999999965,14.2463
2026,Kansas,Miami FL,Kansas,0.73885129113313,0.26114870886687,-3.269999999999996,-7.0886,-4.0,-6.5,-0.6999999999999993,-4.399999999999999,-7.5,3.8000000000000007,-0.3199999999999932,2.4184799999999997
2026,Kansas,Missouri,Kansas,0.6890060089142042,0.31099399108579584,-2.128,-8.687600000000003,-3.6999999999999957,-6.199999999999996,-2.5,-2.6000000000000014,-6.0,-1.2999999999999972,1.230000000000004,5.11453
2026,Kansas,Purdue,Purdue,0.2444075333879762,0.7555924666120238,-15.494000000000014,-5.893599999999992,-6.0,-7.099999999999994,2.0,-1.5999999999999996,-6.799999999999997,3.700000000000003,3.1732999999999976,-2.9217000000000004
2026,Kansas,Queens,Kansas,0.979681722764476,0.02031827723552404,3.138999999999996,-22.751599999999996,-5.0,-8.799999999999997,0.6999999999999993,-1.0,-0.8999999999999986,-2.8999999999999986,-1.8924999999999983,13.23447
2026,Kansas,Michigan,Michigan,0.2403178518450249,0.7596821481549751,-9.832999999999998,3.320300000000003,-6.5,0.5,-1.1999999999999993,-1.5,-5.899999999999999,2.400000000000002,-3.606200000000001,-7.7277
2026,Kansas,Saint Louis,Kansas,0.8569807904794478,0.14301920952055225,-1.6899999999999977,-7.890599999999992,-8.100000000000001,0.4000000000000057,-1.8999999999999986,-2.1000000000000014,-1.6000000000000014,3.1000000000000014,-3.404200000000003,4.39609
2026,Kansas,Texas Tech,Texas Tech,0.31148964949784474,0.6885103505021553,-8.486000000000004,-4.451300000000003,-4.600000000000001,-4.199999999999996,-0.40000000000000036,-0.6999999999999993,-3.799999999999997,0.0,1.20150000000001,1.2108400000000001
2026,Kansas,Tennessee,Tennessee,0.38660632416605323,0.6133936758339468,-3.6740000000000066,-1.1559999999999917,0.0,-2.5,-1.6000000000000014,-2.3000000000000007,-15.600000000000001,2.200000000000003,2.384900000000002,2.15123
2026,Kansas,Miami OH,Kansas,0.955020381461036,0.04497961853896404,1.1389999999999958,-13.2316,-7.600000000000001,-5.599999999999994,1.0,-3.5,4.199999999999999,2.0,-2.3319999999999936,3.8126499999999997
2026,Kansas,Virginia,Virginia,0.4818431808726672,0.5181568191273328,-4.439000000000007,-1.4783999999999935,-3.0,-0.09999999999999432,-0.5,-1.5999999999999996,-8.399999999999999,0.9000000000000021,2.0321,-1.4956700000000005
2026,Kansas,Wright St.,Kansas,0.9445392806430283,0.05546071935697172,5.456000000000003,-14.660600000000002,-2.799999999999997,-6.899999999999999,-0.8000000000000007,-2.5,-3.700000000000003,0.9000000000000021,0.6328000000000031,12.83575
2026,Kansas,Kentucky,Kansas,0.6306721389579824,0.36932786104201765,-2.0930000000000035,-5.614699999999999,-1.5,-3.5999999999999943,0.5,-1.8000000000000007,-4.299999999999997,0.0,-0.7095999999999947,2.9744699999999997
2026,Kansas,Santa Clara,Kansas,0.5769658595550738,0.42303414044492615,-7.188000000000002,-9.388599999999997,-3.0,-6.599999999999994,-0.09999999999999964,-6.100000000000001,-7.200000000000003,-2.1999999999999957,-1.6477000000000004,4.12583
2026,Kansas,Tennessee St.,Kansas,0.9911259465991902,0.008874053400809823,10.024999999999991,-17.49759999999999,1.5,-6.0,-1.0,-6.0,-5.399999999999999,0.20000000000000284,-2.5268999999999977,11.92297
2026,Cal Baptist,Duke,Duke,0.020234520720615882,0.9797654792793841,-20.663999999999987,9.504199999999997,-8.199999999999996,0.19999999999999574,2.400000000000002,-1.0,-0.30000000000000426,2.3999999999999986,0.12830000000001007,-15.97051
2026,Cal Baptist,Siena,Cal Baptist,0.760664302812071,0.23933569718792902,0.2890000000000015,-8.599000000000004,-2.0,-2.200000000000003,2.1000000000000014,0.0,5.899999999999999,-1.8000000000000007,1.3008000000000095,5.47713
2026,Cal Baptist,Ohio St.,Ohio St.,0.05524744244148944,0.9447525575585105,-17.715999999999994,-1.277000000000001,-7.899999999999999,-3.8999999999999986,2.700000000000001,1.3000000000000007,6.9999999999999964,-2.8000000000000007,-0.23029999999999973,-5.19182
2026,Cal Baptist,TCU,TCU,0.20737684545835985,0.7926231545416401,-7.358000000000004,0.6676000000000073,-2.299999999999997,-4.600000000000001,2.6000000000000014,-2.599999999999998,3.3999999999999986,-2.0,-1.6483999999999952,-4.67506
2026,Cal Baptist,St. John's,St. John's,0.057348625288702264,0.9426513747112978,-12.308999999999997,6.216800000000006,-2.3999999999999986,-1.0,3.400000000000002,-2.299999999999997,1.8999999999999986,-3.0,-3.6726000000000028,-9.56314
2026,Cal Baptist,Northern Iowa,Northern Iowa,0.216388841205515,0.783611158794485,-2.2759999999999962,1.7412999999999954,-5.600000000000001,-0.8000000000000043,3.5000000000000018,-1.0,15.799999999999997,0.8999999999999986,3.7443000000000026,2.97638
2026,Cal Baptist,Kansas,Kansas,0.06554932750894418,0.9344506724910558,-10.323999999999998,5.948599999999999,-3.0,1.1999999999999957,2.6000000000000014,3.1000000000000014,8.299999999999997,-2.900000000000002,-1.6784999999999997,-8.56861
2026,Cal Baptist,Louisville,Louisville,0.057615479303128186,0.9423845206968718,-16.540000000000006,2.1411000000000087,-7.799999999999997,-2.3999999999999986,1.7000000000000028,0.40000000000000213,4.899999999999999,0.3000000000000007,-3.781099999999995,-6.29979
2026,Cal Baptist,South Florida,South Florida,0.18340972764780075,0.8165902723521993,-9.281000000000006,-1.0720000000000027,-2.299999999999997,-2.0,2.900000000000002,-1.6999999999999993,-0.4000000000000057,-4.600000000000001,-5.470299999999995,-2.045302
2026,Cal Baptist,Michigan St.,Michigan St.,0.07607262074665881,0.9239273792533412,-15.424999999999997,4.124499999999998,-5.0,-2.200000000000003,1.0,2.3000000000000007,-0.7000000000000028,4.599999999999998,-0.04959999999999809,-9.74592
2026,Cal Baptist,North Dakota St.,Cal Baptist,0.5988388672250228,0.4011611327749772,-3.932000000000002,-5.715999999999994,-4.799999999999997,-5.100000000000001,2.5000000000000018,-1.5999999999999979,4.199999999999996,1.5,-0.425699999999992,1.0530600000000003
2026,Cal Baptist,UCLA,UCLA,0.05820144959185281,0.9417985504081472,-17.061999999999998,-1.4740000000000038,-5.299999999999997,-4.0,4.700000000000001,-1.0,6.699999999999996,-5.199999999999999,1.2434999999999974,-5.91608
2026,Cal Baptist,UCF,UCF,0.27665023792799553,0.7233497620720044,-12.504000000000005,-5.3799999999999955,-4.199999999999996,-6.0,2.400000000000002,1.3000000000000007,3.3999999999999986,-1.3000000000000007,-3.184899999999999,-4.42157
2026,Cal Baptist,Connecticut,Connecticut,0.05535098588057793,0.944649014119422,-15.599000000000004,5.326300000000003,-6.699999999999996,0.6999999999999957,1.3000000000000007,-0.8999999999999986,2.0999999999999943,-1.5,1.348399999999998,-11.14275
2026,Cal Baptist,Furman,Cal Baptist,0.7385349572121256,0.2614650427878744,0.5759999999999934,-8.712000000000003,-6.199999999999996,-3.700000000000003,0.3000000000000007,3.400000000000002,6.799999999999997,-0.3000000000000007,0.09029999999999916,6.43176
2026,Cal Baptist,Florida,Florida,0.022823859505223455,0.9771761404947765,-18.599000000000004,8.037300000000002,-4.899999999999999,0.10000000000000142,1.6000000000000014,1.700000000000001,-5.400000000000006,2.3999999999999986,-4.4672999999999945,-10.8336
2026,Cal Baptist,Prairie View A&M,Cal Baptist,0.8590346662226662,0.14096533377733378,6.040000000000006,-11.049999999999997,0.7000000000000028,-4.0,2.1000000000000014,-2.0,10.699999999999996,-7.599999999999998,-4.937799999999996,10.257290000000001
2026,Cal Baptist,Clemson,Clemson,0.12281597790529336,0.8771840220947067,-9.069000000000003,3.3063000000000073,-4.0,-2.5,3.900000000000002,-0.3999999999999986,9.699999999999996,1.5,1.657899999999998,-5.47851
2026,Cal Baptist,Iowa,Iowa,0.07027134799448345,0.9297286520055166,-14.632999999999996,0.10600000000000875,-8.0,-6.300000000000004,2.900000000000002,-3.8999999999999986,7.699999999999996,-0.8000000000000007,2.904100000000007,-4.249499999999999
2026,Cal Baptist,Vanderbilt,Vanderbilt,0.04044793028955351,0.9595520697104465,-19.980000000000004,0.9501999999999953,-6.699999999999996,-2.3999999999999986,4.800000000000001,-0.7999999999999972,6.599999999999998,-4.400000000000002,-3.050600000000003,-9.601379999999999
2026,Cal Baptist,McNeese St.,McNeese St.,0.3218149719976265,0.6781850280023736,-5.662000000000006,-1.816999999999993,-2.3999999999999986,-2.5,3.8000000000000007,-7.5,2.799999999999997,-7.800000000000001,-0.20489999999999498,-3.00384
2026,Cal Baptist,Nebraska,Nebraska,0.08450689366555943,0.9154931063344406,-9.712999999999994,6.814700000000002,-6.799999999999997,-1.3999999999999986,3.700000000000001,-2.099999999999998,11.499999999999996,-0.5,-0.8896999999999906,-9.757480000000001
2026,Cal Baptist,Troy,Cal Baptist,0.6095067659682234,0.3904932340317766,-3.1899999999999977,-8.707999999999998,-3.299999999999997,-3.700000000000003,1.1000000000000014,0.20000000000000284,3.0,-4.400000000000002,0.8470999999999975,3.84957
2026,Cal Baptist,North Carolina,North Carolina,0.10794621292730715,0.8920537870726929,-13.918999999999997,0.30400000000000205,-6.0,-1.8000000000000043,4.100000000000001,3.5000000000000018,6.399999999999999,-0.9000000000000021,-2.054400000000001,-7.22309
2026,Cal Baptist,VCU,VCU,0.21030792975374993,0.7896920702462501,-11.790000000000006,-2.7319999999999993,-5.5,-2.5,2.900000000000002,-0.09999999999999787,5.5,-2.6999999999999993,-2.7497999999999934,-4.01284
2026,Cal Baptist,Illinois,Illinois,0.014526706238862614,0.9854732937611373,-24.450999999999993,2.095300000000009,-6.5,-1.2000000000000028,4.900000000000002,5.500000000000002,-0.9000000000000057,0.1999999999999993,0.21290000000000475,-8.86162
2026,Cal Baptist,Penn,Cal Baptist,0.582511826564537,0.41748817343546296,0.9359999999999928,-5.082999999999998,-1.6999999999999957,-5.300000000000004,2.700000000000001,-0.6999999999999993,7.4999999999999964,-3.3000000000000007,-3.0930999999999926,3.7049000000000003
2026,Cal Baptist,Saint Mary's,Saint Mary's,0.13088164966133037,0.8691183503386697,-11.870999999999995,2.762900000000002,-4.299999999999997,-0.30000000000000426,1.7000000000000028,1.9000000000000021,0.19999999999999574,3.3999999999999986,0.6291000000000082,-6.3100499999999995
2026,Cal Baptist,Texas A&M,Texas A&M,0.10728064029092607,0.8927193597090739,-12.364000000000004,-1.1189999999999998,-5.600000000000001,-4.399999999999999,3.5000000000000018,-1.1999999999999993,5.5,-5.300000000000001,-5.084699999999998,-3.8962899999999996
2026,Cal Baptist,Houston,Houston,0.016403619643771877,0.9835963803562281,-17.843999999999994,7.919700000000006,-3.5,-0.20000000000000284,5.100000000000001,-3.8999999999999986,1.8999999999999986,-3.6999999999999993,2.6060000000000016,-11.29823
2026,Cal Baptist,Idaho,Cal Baptist,0.5744363856985165,0.4255636143014835,-1.3329999999999984,-5.864000000000004,-3.299999999999997,-3.8999999999999986,3.1000000000000014,1.9000000000000021,8.899999999999999,3.0,-1.492999999999995,6.562270000000001
2026,Cal Baptist,LIU,Cal Baptist,0.8876513095844447,0.11234869041555529,3.850999999999999,-9.469999999999999,-4.699999999999996,-3.3999999999999986,-0.8999999999999986,-1.7999999999999972,3.5,-5.400000000000002,-1.8977000000000004,3.47684
2026,Cal Baptist,Villanova,Villanova,0.10601828478650022,0.8939817152134998,-12.102999999999994,-0.2330000000000041,-5.100000000000001,-4.899999999999999,3.0000000000000018,-1.5999999999999979,5.399999999999999,-4.5,0.984800000000007,-6.24364
2026,Cal Baptist,Utah St.,Utah St.,0.1152556240922763,0.8847443759077237,-15.531999999999996,-1.7809999999999917,-8.0,-3.200000000000003,2.700000000000001,-3.5,4.699999999999996,-5.0000000000000036,-1.6225000000000023,-6.29354
2026,Cal Baptist,Wisconsin,Wisconsin,0.052765723703408575,0.9472342762965914,-19.689999999999998,-1.3349999999999937,-5.899999999999999,-4.899999999999999,5.300000000000001,2.700000000000001,8.399999999999999,-1.0,-2.7627999999999986,-7.67798
2026,Cal Baptist,High Point,Cal Baptist,0.512698044091222,0.487301955908778,-8.197999999999993,-7.197000000000003,-6.100000000000001,-3.700000000000003,5.100000000000001,-4.799999999999997,5.699999999999996,-4.5,-3.957899999999995,-0.86842
2026,Cal Baptist,Hawaii,Cal Baptist,0.6518006994466344,0.34819930055336556,0.6239999999999952,-1.5289999999999964,-3.3999999999999986,0.0,-0.7999999999999972,0.20000000000000284,6.399999999999999,2.1999999999999993,-3.649799999999999,1.43609
2026,Cal Baptist,Texas,Texas,0.1561686582525356,0.8438313417474644,-16.534000000000006,-6.0859999999999985,-5.600000000000001,-4.800000000000004,2.8000000000000007,3.700000000000001,2.0999999999999943,0.3000000000000007,-1.1674999999999898,-2.090649
2026,Cal Baptist,Gonzaga,Gonzaga,0.08602753874227863,0.9139724612577214,-12.816000000000003,6.292900000000003,-7.699999999999996,0.19999999999999574,4.400000000000002,-3.3999999999999986,3.0,1.3000000000000007,-3.001199999999997,-9.66722
2026,Cal Baptist,Kennesaw St.,Cal Baptist,0.6479840820038282,0.3520159179961718,-3.3130000000000024,-9.200999999999993,-2.1000000000000014,-2.1000000000000014,1.4000000000000021,1.0,2.299999999999997,-4.100000000000001,-5.335499999999996,5.67769
2026,Cal Baptist,Miami FL,Miami FL,0.1655984015927432,0.8344015984072568,-13.593999999999994,-1.1400000000000006,-7.0,-5.300000000000004,1.9000000000000021,-1.2999999999999972,0.7999999999999972,0.8999999999999986,-1.9984999999999928,-6.15013
2026,Cal Baptist,Missouri,Missouri,0.13450741400736474,0.8654925859926352,-12.451999999999998,-2.7390000000000043,-6.699999999999996,-5.0,0.10000000000000142,0.5,2.299999999999997,-4.199999999999999,-0.4484999999999957,-3.45408
2026,Cal Baptist,Purdue,Purdue,0.0221868027769313,0.9778131972230687,-25.818000000000012,0.05500000000000682,-9.0,-5.899999999999999,4.600000000000001,1.5000000000000018,1.5,0.8000000000000007,1.494799999999998,-11.490310000000001
2026,Cal Baptist,Queens,Cal Baptist,0.7718084552023085,0.22819154479769155,-7.185000000000002,-16.802999999999997,-8.0,-7.600000000000001,3.3000000000000007,2.1000000000000014,7.399999999999999,-5.800000000000001,-3.570999999999998,4.66586
2026,Cal Baptist,Michigan,Michigan,0.021708716927888606,0.9782912830721114,-20.156999999999996,9.268900000000002,-9.5,1.6999999999999957,1.4000000000000021,1.6000000000000014,2.3999999999999986,-0.5,-5.284700000000001,-16.29631
2026,Cal Baptist,Howard,Cal Baptist,0.8188811817523467,0.1811188182476533,4.013000000000005,-5.923000000000002,-2.0,-1.0,-1.6999999999999993,-4.199999999999999,1.1999999999999957,-4.800000000000001,-3.1166999999999945,4.56935
2026,Cal Baptist,Georgia,Georgia,0.1123075592365546,0.8876924407634454,-16.858999999999995,-4.456000000000003,-6.0,-3.700000000000003,3.8000000000000007,-1.2999999999999972,2.5999999999999943,-7.699999999999999,-6.094699999999989,-4.90248
2026,Cal Baptist,Saint Louis,Saint Louis,0.29593739739767994,0.70406260260232,-12.013999999999996,-1.941999999999993,-11.100000000000001,1.6000000000000014,0.7000000000000028,1.0,6.699999999999996,0.1999999999999993,-5.082700000000003,-4.17252
2026,Cal Baptist,Texas Tech,Texas Tech,0.03075931379003969,0.9692406862099603,-18.810000000000002,1.4972999999999956,-7.600000000000001,-3.0,2.200000000000001,2.400000000000002,4.5,-2.900000000000002,-0.47699999999998965,-7.3577699999999995
2026,Cal Baptist,Hofstra,Hofstra,0.3687251388762774,0.6312748611237227,-5.676000000000002,-4.584999999999994,-2.8999999999999986,0.5,2.0,2.1000000000000014,2.8999999999999986,-3.3000000000000007,1.2173999999999978,2.36754
2026,Cal Baptist,Tennessee,Tennessee,0.04234018801994493,0.9576598119800551,-13.998000000000005,4.792600000000007,-3.0,-1.3000000000000043,1.0,0.8000000000000007,-7.300000000000004,-0.6999999999999993,0.7064000000000021,-6.41738
2026,Cal Baptist,Miami OH,Cal Baptist,0.598295329669154,0.401704670330846,-9.185000000000002,-7.283000000000001,-10.600000000000001,-4.399999999999999,3.6000000000000014,-0.3999999999999986,12.499999999999996,-0.9000000000000021,-4.010499999999993,-4.75596
2026,Cal Baptist,Virginia,Virginia,0.06123679038585382,0.9387632096141462,-14.763000000000005,4.4702000000000055,-6.0,1.1000000000000014,2.1000000000000014,1.5000000000000018,-0.10000000000000142,-2.0,0.35360000000000014,-10.06428
2026,Cal Baptist,Wright St.,Cal Baptist,0.544349732879302,0.455650267120698,-4.867999999999995,-8.712000000000003,-5.799999999999997,-5.700000000000003,1.8000000000000007,0.6000000000000014,4.599999999999994,-2.0,-1.0456999999999965,4.26714
2026,Cal Baptist,Kentucky,Kentucky,0.10697164690692487,0.8930283530930752,-12.417000000000002,0.33389999999999986,-4.5,-2.3999999999999986,3.1000000000000014,1.3000000000000007,4.0,-2.900000000000002,-2.3880999999999943,-5.5941399999999994
2026,Cal Baptist,Santa Clara,Santa Clara,0.08731841525594627,0.9126815847440537,-17.512,-3.4399999999999977,-6.0,-5.399999999999999,2.5000000000000018,-3.0,1.0999999999999943,-5.099999999999998,-3.3262,-4.44278
2026,Cal Baptist,Iowa St.,Iowa St.,0.024211368241567836,0.9757886317584321,-16.269000000000005,7.686999999999998,-7.899999999999999,-3.1000000000000014,3.0000000000000018,-5.299999999999997,2.5,-0.9000000000000021,-1.0304999999999893,-9.693570000000001
2026,Cal Baptist,Tennessee St.,Cal Baptist,0.8868091091312,0.11319089086879996,-0.2990000000000066,-11.548999999999992,-1.5,-4.800000000000004,1.6000000000000014,-2.8999999999999986,2.8999999999999986,-2.6999999999999993,-4.205399999999997,3.35436
2026,Louisville,Siena,Louisville,0.9811265836111368,0.018873416388863196,16.829000000000008,-10.740100000000012,5.799999999999997,0.19999999999999574,0.3999999999999986,-0.40000000000000213,1.0,-2.1000000000000014,5.0819000000000045,11.77692
2026,Louisville,Ohio St.,Ohio St.,0.4888821121761886,0.5111178878238114,-1.1759999999999877,-3.4181000000000097,-0.10000000000000142,-1.5,0.9999999999999982,0.8999999999999986,2.099999999999998,-3.1000000000000014,3.5507999999999953,1.10797
2026,Louisville,TCU,Louisville,0.8105843916248017,0.18941560837519833,9.182000000000002,-1.4735000000000014,5.5,-2.200000000000003,0.8999999999999986,-3.0,-1.5,-2.3000000000000007,2.1327,1.62473
2026,Louisville,St. John's,St. John's,0.4987686210871783,0.5012313789128218,4.231000000000009,4.075699999999998,5.399999999999999,1.3999999999999986,1.6999999999999993,-2.6999999999999993,-3.0,-3.3000000000000007,0.10849999999999227,-3.26335
2026,Louisville,Northern Iowa,Louisville,0.8187328858107844,0.1812671141892156,14.26400000000001,-0.39980000000001326,2.1999999999999957,1.5999999999999943,1.799999999999999,-1.4000000000000021,10.899999999999999,0.5999999999999979,7.525399999999998,9.27617
2026,Louisville,South Florida,Louisville,0.7860380912034133,0.21396190879658672,7.259,-3.2131000000000114,5.5,0.3999999999999986,1.1999999999999993,-2.1000000000000014,-5.300000000000004,-4.900000000000002,-1.6891999999999996,4.254488
2026,Louisville,Michigan St.,Louisville,0.5738745576876145,0.42612544231238547,1.115000000000009,1.983399999999989,2.799999999999997,0.19999999999999574,-0.7000000000000028,1.8999999999999986,-5.600000000000001,4.299999999999997,3.731499999999997,-3.44613
2026,Louisville,North Dakota St.,Louisville,0.9606551913039876,0.03934480869601242,12.608000000000004,-7.857100000000003,3.0,-2.700000000000003,0.7999999999999989,-2.0,-0.7000000000000028,1.1999999999999993,3.355400000000003,7.35285
2026,Louisville,UCLA,Louisville,0.5026852193649918,0.4973147806350082,-0.5219999999999914,-3.6151000000000124,2.5,-1.6000000000000014,2.9999999999999982,-1.4000000000000021,1.7999999999999972,-5.5,5.024599999999992,0.3837099999999998
2026,Louisville,UCF,Louisville,0.8621761615826157,0.13782383841738433,4.036000000000001,-7.521100000000004,3.6000000000000014,-3.6000000000000014,0.6999999999999993,0.8999999999999986,-1.5,-1.6000000000000014,0.5961999999999961,1.8782199999999998
2026,Louisville,Prairie View A&M,Louisville,0.9900670720335525,0.009932927966447513,22.580000000000013,-13.191100000000006,8.5,-1.6000000000000014,0.3999999999999986,-2.400000000000002,5.799999999999997,-7.899999999999999,-1.1567000000000007,16.55708
2026,Louisville,Vanderbilt,Vanderbilt,0.4080991474785215,0.5919008525214785,-3.4399999999999977,-1.1909000000000134,1.1000000000000014,0.0,3.099999999999998,-1.1999999999999993,1.6999999999999993,-4.700000000000003,0.7304999999999922,-3.30159
2026,Louisville,McNeese St.,Louisville,0.88586460701748,0.11413539298251996,10.878,-3.9581000000000017,5.399999999999999,-0.10000000000000142,2.099999999999998,-7.900000000000002,-2.1000000000000014,-8.100000000000001,3.5762,3.29595
2026,Louisville,Nebraska,Louisville,0.6015655218166235,0.3984344781833765,6.827000000000012,4.673599999999993,1.0,1.0,1.9999999999999982,-2.5,6.599999999999998,-0.8000000000000007,2.8914000000000044,-3.4576900000000004
2026,Louisville,Troy,Louisville,0.9623070870208534,0.037692912979146564,13.350000000000009,-10.849100000000007,4.5,-1.3000000000000043,-0.6000000000000014,-0.1999999999999993,-1.8999999999999986,-4.700000000000003,4.6281999999999925,10.14936
2026,Louisville,North Carolina,Louisville,0.6643474565034524,0.3356525434965476,2.6210000000000093,-1.8371000000000066,1.7999999999999972,0.5999999999999943,2.3999999999999986,3.0999999999999996,1.5,-1.2000000000000028,1.726699999999994,-0.9233000000000002
2026,Louisville,VCU,Louisville,0.8132931407118885,0.18670685928811148,4.75,-4.873100000000008,2.299999999999997,-0.10000000000000142,1.1999999999999993,-0.5,0.6000000000000014,-3.0,1.0313000000000017,2.28695
2026,Louisville,Penn,Louisville,0.9580216106575038,0.0419783893424962,17.476,-7.224100000000007,6.100000000000001,-2.9000000000000057,0.9999999999999982,-1.1000000000000014,2.599999999999998,-3.6000000000000014,0.6880000000000024,10.00469
2026,Louisville,Saint Mary's,Louisville,0.7112445707176991,0.2887554292823009,4.669000000000011,0.6217999999999932,3.5,2.0999999999999943,0.0,1.5,-4.700000000000003,3.099999999999998,4.410200000000003,-0.010259999999999714
2026,Louisville,Texas A&M,Louisville,0.6628002237542312,0.3371997762457688,4.176000000000002,-3.2601000000000084,2.1999999999999957,-2.0,1.799999999999999,-1.6000000000000014,0.6000000000000014,-5.600000000000001,-1.303600000000003,2.4035
2026,Louisville,Villanova,Louisville,0.6598326125233027,0.3401673874766973,4.437000000000012,-2.3741000000000128,2.6999999999999957,-2.5,1.299999999999999,-2.0,0.5,-4.800000000000001,4.765900000000002,0.0561499999999997
2026,Louisville,Utah St.,Louisville,0.6805881109144469,0.31941188908555307,1.0080000000000098,-3.9221000000000004,-0.20000000000000284,-0.8000000000000043,0.9999999999999982,-3.900000000000002,-0.20000000000000284,-5.300000000000004,2.1585999999999927,0.006249999999999645
2026,Louisville,Wisconsin,Wisconsin,0.4767511454886299,0.52324885451137,-3.1499999999999915,-3.4761000000000024,1.8999999999999986,-2.5,3.599999999999998,2.299999999999999,3.5,-1.3000000000000007,1.0182999999999964,-1.37819
2026,Louisville,Texas,Louisville,0.7516825341773143,0.24831746582268566,0.006000000000000227,-8.227100000000007,2.1999999999999957,-2.4000000000000057,1.0999999999999979,3.299999999999999,-2.8000000000000043,0.0,2.6136000000000053,4.209141
2026,Louisville,Miami FL,Louisville,0.7644931181466237,0.23550688185337632,2.946000000000012,-3.2811000000000092,0.7999999999999972,-2.9000000000000057,0.1999999999999993,-1.6999999999999993,-4.100000000000001,0.5999999999999979,1.7826000000000022,0.1496599999999999
2026,Louisville,Missouri,Louisville,0.7176718997301754,0.2823281002698246,4.088000000000008,-4.880100000000013,1.1000000000000014,-2.6000000000000014,-1.6000000000000014,0.09999999999999787,-2.6000000000000014,-4.5,3.3325999999999993,2.84571
2026,Louisville,Purdue,Purdue,0.2706753401780529,0.7293246598219472,-9.278000000000006,-2.086100000000002,-1.2000000000000028,-3.5,2.8999999999999986,1.0999999999999996,-3.3999999999999986,0.5,5.275899999999993,-5.19052
2026,Louisville,Queens,Louisville,0.9822449918970168,0.01775500810298325,9.355000000000004,-18.944100000000006,-0.20000000000000284,-5.200000000000003,1.5999999999999979,1.6999999999999993,2.5,-6.100000000000001,0.21009999999999707,10.96565
2026,Louisville,Michigan,Michigan,0.26630102991989685,0.7336989700801031,-3.6169999999999902,7.1277999999999935,-1.7000000000000028,4.099999999999994,-0.3000000000000007,1.1999999999999993,-2.5,-0.8000000000000007,-1.5036000000000058,-9.99652
2026,Louisville,Saint Louis,Louisville,0.8730171073859648,0.12698289261403517,4.5260000000000105,-4.083100000000002,-3.3000000000000043,4.0,-1.0,0.5999999999999979,1.7999999999999972,-0.10000000000000142,-1.3016000000000076,2.12727
2026,Louisville,Texas Tech,Texas Tech,0.3417066542056434,0.6582933457943566,-2.269999999999996,-0.643800000000013,0.19999999999999574,-0.6000000000000014,0.4999999999999982,2.0,-0.3999999999999986,-3.200000000000003,3.3041000000000054,-1.0579799999999997
2026,Louisville,Tennessee,Tennessee,0.41966864363364964,0.5803313563663504,2.5420000000000016,2.6514999999999986,4.799999999999997,1.0999999999999943,-0.7000000000000028,0.3999999999999986,-12.200000000000003,-1.0,4.487499999999997,-0.11758999999999986
2026,Louisville,Miami OH,Louisville,0.9605696036005648,0.03943039639943524,7.355000000000004,-9.42410000000001,-2.8000000000000043,-2.0,1.8999999999999986,-0.8000000000000007,7.599999999999998,-1.2000000000000028,-0.22939999999999827,1.5438299999999998
2026,Louisville,Virginia,Louisville,0.5161960824334877,0.4838039175665123,1.777000000000001,2.329099999999997,1.7999999999999972,3.5,0.3999999999999986,1.0999999999999996,-5.0,-2.3000000000000007,4.134699999999995,-3.7644900000000003
2026,Louisville,Wright St.,Louisville,0.9513156589961959,0.048684341003804144,11.672000000000011,-10.853100000000012,2.0,-3.3000000000000043,0.09999999999999787,0.1999999999999993,-0.30000000000000426,-2.3000000000000007,2.7353999999999985,10.56693
2026,Louisville,Santa Clara,Louisville,0.6101151897991199,0.38988481020088006,-0.9719999999999942,-5.581100000000006,1.7999999999999972,-3.0,0.7999999999999989,-3.400000000000002,-3.8000000000000043,-5.399999999999999,0.454899999999995,1.8570099999999998
2026,Louisville,Tennessee St.,Louisville,0.9922568712109212,0.00774312878907879,16.241,-13.690100000000001,6.299999999999997,-2.4000000000000057,-0.10000000000000142,-3.3000000000000007,-2.0,-3.0,-0.42430000000000234,9.65415
2026,South Florida,TCU,South Florida,0.5380772881230711,0.4619227118769289,1.9230000000000018,1.73960000000001,0.0,-2.6000000000000014,-0.3000000000000007,-0.8999999999999986,3.8000000000000043,2.6000000000000014,3.8218999999999994,-2.629758
2026,South Florida,St. John's,St. John's,0.2131346901431198,0.7868653098568802,-3.0279999999999916,7.288800000000009,-0.10000000000000142,1.0,0.5,-0.5999999999999979,2.3000000000000043,1.6000000000000014,1.7976999999999919,-7.517838
2026,South Florida,UCLA,UCLA,0.21577390029085694,0.784226099709143,-7.780999999999992,-0.402000000000001,-3.0,-2.0,1.799999999999999,0.6999999999999993,7.100000000000001,-0.5999999999999979,6.713799999999992,-3.870778
2026,South Florida,UCF,South Florida,0.630013802418361,0.369986197581639,-3.222999999999999,-4.307999999999993,-1.8999999999999986,-4.0,-0.5,3.0,3.8000000000000043,3.3000000000000007,2.2853999999999957,-2.376268
2026,South Florida,Vanderbilt,Vanderbilt,0.15801978906991881,0.8419802109300811,-10.698999999999998,2.022199999999998,-4.399999999999999,-0.3999999999999986,1.8999999999999986,0.9000000000000021,7.0000000000000036,0.1999999999999993,2.4196999999999917,-7.556078
2026,South Florida,Troy,South Florida,0.8742042269413969,0.12579577305860312,6.091000000000008,-7.635999999999996,-1.0,-1.7000000000000028,-1.8000000000000007,1.9000000000000021,3.4000000000000057,0.1999999999999993,6.317399999999992,5.8948719999999994
2026,South Florida,VCU,South Florida,0.542483462952096,0.45751653704790396,-2.5090000000000003,-1.6599999999999966,-3.200000000000003,-0.5,0.0,1.6000000000000014,5.900000000000006,1.9000000000000021,2.7205000000000013,-1.967538
2026,South Florida,Texas A&M,Texas A&M,0.34855221746577064,0.6514477825342293,-3.0829999999999984,-0.046999999999997044,-3.3000000000000043,-2.3999999999999986,0.5999999999999996,0.5,5.900000000000006,-0.6999999999999993,0.3855999999999966,-1.8509879999999999
2026,South Florida,Villanova,Villanova,0.34554976484304334,0.6544502351569567,-2.8219999999999885,0.8389999999999986,-2.8000000000000043,-2.8999999999999986,0.09999999999999964,0.10000000000000142,5.800000000000004,0.10000000000000142,6.455100000000002,-4.198338000000001
2026,South Florida,Utah St.,Utah St.,0.367087622520459,0.632912377479541,-6.250999999999991,-0.708999999999989,-5.700000000000003,-1.2000000000000028,-0.20000000000000107,-1.8000000000000007,5.100000000000001,-0.40000000000000213,3.8477999999999923,-4.248238000000001
2026,South Florida,Wisconsin,Wisconsin,0.1987269863051881,0.8012730136948119,-10.408999999999992,-0.262999999999991,-3.6000000000000014,-2.8999999999999986,2.3999999999999986,4.4,8.800000000000004,3.6000000000000014,2.707499999999996,-5.632678
2026,South Florida,Texas,Texas,0.45175030922907994,0.54824969077092,-7.253,-5.013999999999996,-3.3000000000000043,-2.8000000000000043,-0.10000000000000142,5.4,2.5,4.900000000000002,4.302800000000005,-0.045347
2026,South Florida,Texas Tech,Texas Tech,0.12380235944759108,0.8761976405524089,-9.528999999999996,2.5692999999999984,-5.300000000000004,-1.0,-0.7000000000000011,4.100000000000001,4.900000000000006,1.6999999999999993,4.993300000000005,-5.312468
2026,South Florida,Tennessee,Tennessee,0.16446959220979515,0.8355304077902048,-4.716999999999999,5.86460000000001,-0.7000000000000028,0.6999999999999957,-1.9000000000000021,2.5,-6.899999999999999,3.900000000000002,6.176699999999997,-4.372078
2026,South Florida,Virginia,Virginia,0.2250631961497294,0.7749368038502706,-5.481999999999999,5.542200000000008,-3.700000000000003,3.1000000000000014,-0.8000000000000007,3.200000000000001,0.30000000000000426,2.6000000000000014,5.823899999999995,-8.018978
2026,South Florida,Wright St.,South Florida,0.8417465692016178,0.15825343079838217,4.413000000000011,-7.640000000000001,-3.5,-3.700000000000003,-1.1000000000000014,2.3000000000000007,5.0,2.6000000000000014,4.424599999999998,6.312442
2026,South Florida,Tennessee St.,South Florida,0.972130818881064,0.027869181118935993,8.982,-10.47699999999999,0.7999999999999972,-2.8000000000000043,-1.3000000000000007,-1.1999999999999993,3.3000000000000043,1.9000000000000021,1.2648999999999972,5.399661999999999
2026,Michigan St.,Siena,Michigan St.,0.9747479117798697,0.025252088220130253,15.713999999999999,-12.723500000000001,3.0,0.0,1.1000000000000014,-2.3000000000000007,6.600000000000001,-6.399999999999999,1.3504000000000076,15.22305
2026,Michigan St.,Ohio St.,Ohio St.,0.41528586719987404,0.584714132800126,-2.290999999999997,-5.401499999999999,-2.8999999999999986,-1.6999999999999957,1.700000000000001,-1.0,7.699999999999999,-7.399999999999999,-0.18070000000000164,4.5541
2026,Michigan St.,TCU,Michigan St.,0.7606296801142685,0.23937031988573154,8.066999999999993,-3.4568999999999903,2.700000000000003,-2.3999999999999986,1.6000000000000014,-4.899999999999999,4.100000000000001,-6.599999999999998,-1.5987999999999971,5.07086
2026,Michigan St.,St. John's,St. John's,0.4249213822779763,0.5750786177220237,3.1159999999999997,2.0923000000000087,2.6000000000000014,1.2000000000000028,2.400000000000002,-4.599999999999998,2.6000000000000014,-7.599999999999998,-3.6230000000000047,0.18278000000000016
2026,Michigan St.,Northern Iowa,Michigan St.,0.7703182539049828,0.22968174609501724,13.149000000000001,-2.383200000000002,-0.6000000000000014,1.3999999999999986,2.5000000000000018,-3.3000000000000007,16.5,-3.6999999999999993,3.7939000000000007,12.7223
2026,Michigan St.,South Florida,Michigan St.,0.7317520891311922,0.26824791086880784,6.143999999999991,-5.1965,2.700000000000003,0.20000000000000284,1.9000000000000021,-4.0,0.29999999999999716,-9.2,-5.4206999999999965,7.700618
2026,Michigan St.,North Dakota St.,Michigan St.,0.9477264024763374,0.05227359752366256,11.492999999999995,-9.840499999999992,0.20000000000000284,-2.8999999999999986,1.5000000000000018,-3.8999999999999986,4.899999999999999,-3.099999999999998,-0.3760999999999939,10.79898
2026,Michigan St.,UCLA,UCLA,0.4287541296772118,0.5712458703227882,-1.6370000000000005,-5.598500000000001,-0.29999999999999716,-1.7999999999999972,3.700000000000001,-3.3000000000000007,7.399999999999999,-9.799999999999997,1.2930999999999955,3.82984
2026,Michigan St.,UCF,Michigan St.,0.8228542448627738,0.1771457551372262,2.9209999999999923,-9.504499999999993,0.8000000000000043,-3.799999999999997,1.4000000000000021,-1.0,4.100000000000001,-5.899999999999999,-3.135300000000001,5.32435
2026,Michigan St.,Prairie View A&M,Michigan St.,0.9866689718301226,0.013331028169877412,21.465000000000003,-15.174499999999995,5.700000000000003,-1.7999999999999972,1.1000000000000014,-4.300000000000001,11.399999999999999,-12.199999999999996,-4.888199999999998,20.00321
2026,Michigan St.,Vanderbilt,Vanderbilt,0.3386074528444274,0.6613925471555726,-4.555000000000007,-3.1743000000000023,-1.6999999999999957,-0.19999999999999574,3.8000000000000007,-3.099999999999998,7.300000000000001,-9.0,-3.0010000000000048,0.1445400000000001
2026,Michigan St.,Nebraska,Michigan St.,0.5285477515821808,0.4714522484178192,5.712000000000003,2.6902000000000044,-1.7999999999999972,0.8000000000000043,2.700000000000001,-4.399999999999999,12.2,-5.099999999999998,-0.8400999999999925,-0.011560000000000237
2026,Michigan St.,Troy,Michigan St.,0.9498928016991981,0.0501071983008019,12.235,-12.832499999999996,1.7000000000000028,-1.5,0.10000000000000142,-2.099999999999998,3.700000000000003,-9.0,0.8966999999999956,13.59549
2026,Michigan St.,North Carolina,Michigan St.,0.5950909311819351,0.4049090688180649,1.5060000000000002,-3.8204999999999956,-1.0,0.3999999999999986,3.1000000000000014,1.200000000000001,7.100000000000001,-5.5,-2.004800000000003,2.52283
2026,Michigan St.,VCU,Michigan St.,0.7638446822436705,0.23615531775632947,3.634999999999991,-6.856499999999997,-0.5,-0.29999999999999716,1.9000000000000021,-2.3999999999999986,6.200000000000003,-7.299999999999997,-2.7001999999999953,5.73308
2026,Michigan St.,Penn,Michigan St.,0.9442776187220835,0.05572238127791651,16.36099999999999,-9.207499999999996,3.3000000000000043,-3.1000000000000014,1.700000000000001,-3.0,8.2,-7.899999999999999,-3.0434999999999945,13.45082
2026,Michigan St.,Saint Mary's,Michigan St.,0.6465158858064483,0.35348411419355175,3.554000000000002,-1.3615999999999957,0.7000000000000028,1.8999999999999986,0.7000000000000028,-0.3999999999999986,0.8999999999999986,-1.1999999999999993,0.6787000000000063,3.4358700000000004
2026,Michigan St.,Texas A&M,Michigan St.,0.5934198304886175,0.40658016951138254,3.060999999999993,-5.243499999999997,-0.6000000000000014,-2.1999999999999957,2.5000000000000018,-3.5,6.200000000000003,-9.899999999999999,-5.0351,5.84963
2026,Michigan St.,Villanova,Michigan St.,0.5902191271460178,0.40978087285398224,3.3220000000000027,-4.357500000000002,-0.10000000000000142,-2.6999999999999957,2.0000000000000018,-3.8999999999999986,6.100000000000001,-9.099999999999998,1.034400000000005,3.50228
2026,Michigan St.,Utah St.,Michigan St.,0.6127291727470707,0.3872708272529293,-0.10699999999999932,-5.905499999999989,-3.0,-1.0,1.700000000000001,-5.800000000000001,5.399999999999999,-9.600000000000001,-1.5729000000000042,3.45238
2026,Michigan St.,Wisconsin,Wisconsin,0.40353927255245725,0.5964607274475427,-4.265000000000001,-5.459499999999991,-0.8999999999999986,-2.6999999999999957,4.300000000000001,0.40000000000000036,9.100000000000001,-5.599999999999998,-2.7132000000000005,2.06794
2026,Michigan St.,Texas,Michigan St.,0.6920943696917722,0.3079056303082278,-1.1090000000000089,-10.210499999999996,-0.6000000000000014,-2.6000000000000014,1.8000000000000007,1.4000000000000004,2.799999999999997,-4.299999999999997,-1.1178999999999917,7.655271
2026,Michigan St.,Missouri,Michigan St.,0.6536824527062726,0.34631754729372743,2.972999999999999,-6.863500000000002,-1.6999999999999957,-2.799999999999997,-0.8999999999999986,-1.8000000000000007,3.0,-8.799999999999997,-0.3988999999999976,6.2918400000000005
2026,Michigan St.,Purdue,Purdue,0.21604312874333223,0.7839568712566678,-10.393000000000015,-4.069499999999991,-4.0,-3.6999999999999957,3.6000000000000014,-0.7999999999999989,2.200000000000003,-3.799999999999997,1.544399999999996,-1.74439
2026,Michigan St.,Queens,Michigan St.,0.9762351542257796,0.023764845774220444,8.239999999999995,-20.927499999999995,-3.0,-5.399999999999999,2.3000000000000007,-0.1999999999999993,8.100000000000001,-10.399999999999999,-3.5214,14.41178
2026,Michigan St.,Saint Louis,Michigan St.,0.8362005570951813,0.16379944290481874,3.4110000000000014,-6.066499999999991,-6.100000000000001,3.8000000000000043,-0.29999999999999716,-1.3000000000000007,7.399999999999999,-4.399999999999999,-5.033100000000005,5.5734
2026,Michigan St.,Texas Tech,Texas Tech,0.27820657356040357,0.7217934264395964,-3.385000000000005,-2.627200000000002,-2.6000000000000014,-0.7999999999999972,1.200000000000001,0.10000000000000142,5.200000000000003,-7.5,-0.42739999999999156,2.3881500000000004
2026,Michigan St.,Tennessee,Tennessee,0.3493697135940981,0.6506302864059019,1.4269999999999925,0.6681000000000097,2.0,0.8999999999999986,0.0,-1.5,-6.600000000000001,-5.299999999999997,0.7560000000000002,3.3285400000000003
2026,Michigan St.,Virginia,Virginia,0.4420441530637833,0.5579558469362167,0.6619999999999919,0.3457000000000079,-1.0,3.3000000000000043,1.1000000000000014,-0.7999999999999989,0.6000000000000014,-6.599999999999998,0.4031999999999982,-0.3183600000000002
2026,Michigan St.,Wright St.,Michigan St.,0.935523860683082,0.06447613931691798,10.557000000000002,-12.836500000000001,-0.7999999999999972,-3.5,0.8000000000000007,-1.6999999999999993,5.299999999999997,-6.599999999999998,-0.9960999999999984,14.01306
2026,Michigan St.,Santa Clara,Michigan St.,0.5374595216334241,0.46254047836657586,-2.0870000000000033,-7.564499999999995,-1.0,-3.1999999999999957,1.5000000000000018,-5.300000000000001,1.7999999999999972,-9.699999999999996,-3.276600000000002,5.30314
2026,Michigan St.,Tennessee St.,Michigan St.,0.9896000421550297,0.010399957844970276,15.12599999999999,-15.67349999999999,3.5,-2.6000000000000014,0.6000000000000014,-5.199999999999999,3.6000000000000014,-7.299999999999997,-4.155799999999999,13.10028
2026,North Dakota St.,Siena,North Dakota St.,0.6804184715792603,0.3195815284207397,4.221000000000004,-2.8830000000000098,2.799999999999997,2.8999999999999986,-0.40000000000000036,1.5999999999999979,1.7000000000000028,-3.3000000000000007,1.7265000000000015,4.4240699999999995
2026,North Dakota St.,Ohio St.,Ohio St.,0.03769766996854241,0.9623023300314576,-13.783999999999992,4.438999999999993,-3.1000000000000014,1.2000000000000028,0.1999999999999993,2.8999999999999986,2.8000000000000007,-4.300000000000001,0.19539999999999225,-6.24488
2026,North Dakota St.,TCU,TCU,0.14913016693041492,0.8508698330695851,-3.426000000000002,6.383600000000001,2.5,0.5,0.09999999999999964,-1.0,-0.7999999999999972,-3.5,-1.2227000000000032,-5.7281200000000005
2026,North Dakota St.,St. John's,St. John's,0.03915906144591689,0.9608409385540831,-8.376999999999995,11.9328,2.3999999999999986,4.100000000000001,0.9000000000000004,-0.6999999999999993,-2.299999999999997,-4.5,-3.2469000000000108,-10.6162
2026,North Dakota St.,Northern Iowa,Northern Iowa,0.15610946461579192,0.8438905353842081,1.656000000000006,7.457299999999989,-0.8000000000000043,4.299999999999997,1.0,0.5999999999999979,11.600000000000001,-0.6000000000000014,4.169999999999995,1.9233199999999995
2026,North Dakota St.,South Florida,South Florida,0.13078403366633157,0.8692159663336685,-5.349000000000004,4.643999999999991,2.5,3.1000000000000014,0.40000000000000036,-0.10000000000000142,-4.600000000000001,-6.100000000000001,-5.044600000000003,-3.0983620000000003
2026,North Dakota St.,UCLA,UCLA,0.03975279810323045,0.9602472018967696,-13.129999999999995,4.24199999999999,-0.5,1.1000000000000014,2.1999999999999993,0.5999999999999979,2.5,-6.699999999999999,1.6691999999999894,-6.96914
2026,North Dakota St.,UCF,UCF,0.2039530695550866,0.7960469304449134,-8.572000000000003,0.3359999999999985,0.6000000000000014,-0.8999999999999986,-0.09999999999999964,2.8999999999999986,-0.7999999999999972,-2.8000000000000007,-2.759200000000007,-5.47463
2026,North Dakota St.,Prairie View A&M,North Dakota St.,0.8032395346624028,0.19676046533759717,9.972000000000008,-5.334000000000003,5.5,1.1000000000000014,-0.40000000000000036,-0.40000000000000213,6.5,-9.099999999999998,-4.512100000000004,9.204229999999999
2026,North Dakota St.,Vanderbilt,Vanderbilt,0.027462679106315023,0.9725373208936849,-16.048000000000002,6.666199999999989,-1.8999999999999986,2.700000000000003,2.299999999999999,0.8000000000000007,2.400000000000002,-5.900000000000002,-2.624900000000011,-10.654440000000001
2026,North Dakota St.,Troy,North Dakota St.,0.5111506563614785,0.4888493436385215,0.7420000000000044,-2.9920000000000044,1.5,1.3999999999999986,-1.4000000000000004,1.8000000000000007,-1.1999999999999957,-5.900000000000002,1.2727999999999895,2.7965099999999996
2026,North Dakota St.,VCU,VCU,0.15139523489475548,0.8486047651052445,-7.858000000000004,2.9839999999999947,-0.7000000000000028,2.6000000000000014,0.40000000000000036,1.5,1.3000000000000043,-4.199999999999999,-2.3241000000000014,-5.0659
2026,North Dakota St.,Penn,Penn,0.4831223862301712,0.5168776137698288,4.867999999999995,0.6329999999999956,3.1000000000000014,-0.20000000000000284,0.1999999999999993,0.8999999999999986,3.3000000000000007,-4.800000000000001,-2.6674000000000007,2.65184
2026,North Dakota St.,Saint Mary's,Saint Mary's,0.09163647916601118,0.9083635208339889,-7.938999999999993,8.478899999999996,0.5,4.799999999999997,-0.7999999999999989,3.5,-4.0,1.8999999999999986,1.0548000000000002,-7.36311
2026,North Dakota St.,Texas A&M,Texas A&M,0.07450562403684201,0.925494375963158,-8.432000000000002,4.596999999999994,-0.8000000000000043,0.7000000000000028,1.0,0.3999999999999986,1.3000000000000043,-6.800000000000001,-4.659000000000006,-4.94935
2026,North Dakota St.,Villanova,Villanova,0.07359713303113372,0.9264028669688663,-8.170999999999992,5.48299999999999,-0.30000000000000426,0.20000000000000284,0.5,0.0,1.2000000000000028,-6.0,1.410499999999999,-7.2967
2026,North Dakota St.,Utah St.,Utah St.,0.08026324724097741,0.9197367527590226,-11.599999999999994,3.9350000000000023,-3.200000000000003,1.8999999999999986,0.1999999999999993,-1.9000000000000021,0.5,-6.5000000000000036,-1.1968000000000103,-7.3466000000000005
2026,North Dakota St.,Wisconsin,Wisconsin,0.035974269882395375,0.9640257301176046,-15.757999999999996,4.381,-1.1000000000000014,0.20000000000000284,2.799999999999999,4.299999999999999,4.200000000000003,-2.5,-2.3371000000000066,-8.73104
2026,North Dakota St.,Texas,Texas,0.11030342877656252,0.8896965712234375,-12.602000000000004,-0.37000000000000455,-0.8000000000000043,0.29999999999999716,0.29999999999999893,5.299999999999999,-2.1000000000000014,-1.1999999999999993,-0.7417999999999978,-3.1437090000000003
2026,North Dakota St.,Purdue,Purdue,0.014972558773729591,0.9850274412262704,-21.88600000000001,5.771000000000001,-4.200000000000003,-0.7999999999999972,2.0999999999999996,3.0999999999999996,-2.6999999999999957,-0.6999999999999993,1.9204999999999899,-12.54337
2026,North Dakota St.,Queens,North Dakota St.,0.6937949827196314,0.30620501728036864,-3.253,-11.087000000000003,-3.200000000000003,-2.5,0.7999999999999989,3.6999999999999993,3.200000000000003,-7.300000000000001,-3.145300000000006,3.6128
2026,North Dakota St.,Saint Louis,Saint Louis,0.21971144450349395,0.780288555496506,-8.081999999999994,3.774000000000001,-6.300000000000004,6.700000000000003,-1.799999999999999,2.599999999999998,2.5,-1.3000000000000007,-4.657000000000011,-5.22558
2026,North Dakota St.,Texas Tech,Texas Tech,0.020816981115647136,0.9791830188843529,-14.878,7.21329999999999,-2.8000000000000043,2.1000000000000014,-0.3000000000000007,4.0,0.30000000000000426,-4.400000000000002,-0.05129999999999768,-8.41083
2026,North Dakota St.,Tennessee,Tennessee,0.028765664811542677,0.9712343351884574,-10.066000000000003,10.508600000000001,1.7999999999999972,3.799999999999997,-1.5000000000000018,2.3999999999999986,-11.5,-2.1999999999999993,1.132099999999994,-7.47044
2026,North Dakota St.,Virginia,Virginia,0.04186877194376186,0.9581312280562382,-10.831000000000003,10.1862,-1.2000000000000028,6.200000000000003,-0.40000000000000036,3.0999999999999996,-4.299999999999997,-3.5,0.7792999999999921,-11.11734
2026,North Dakota St.,Wright St.,Wright St.,0.4445384071072047,0.5554615928927953,-0.9359999999999928,-2.9960000000000093,-1.0,-0.6000000000000014,-0.7000000000000011,2.1999999999999993,0.3999999999999986,-3.5,-0.6200000000000045,3.21408
2026,North Dakota St.,Santa Clara,Santa Clara,0.06023053956985813,0.9397694604301419,-13.579999999999998,2.2759999999999962,-1.2000000000000028,-0.29999999999999716,0.0,-1.4000000000000021,-3.1000000000000014,-6.599999999999998,-2.900500000000008,-5.49584
2026,North Dakota St.,Tennessee St.,North Dakota St.,0.8399592181375941,0.1600407818624059,3.6329999999999956,-5.832999999999998,3.299999999999997,0.29999999999999716,-0.9000000000000004,-1.3000000000000007,-1.2999999999999972,-4.199999999999999,-3.7797000000000054,2.3012999999999995
2026,UCLA,Vanderbilt,Vanderbilt,0.40550720155756775,0.5944927984424322,-2.9180000000000064,2.424199999999999,-1.3999999999999986,1.6000000000000014,0.09999999999999964,0.20000000000000284,-0.09999999999999787,0.7999999999999972,-4.2941,-3.6853
2026,UCLA,VCU,UCLA,0.8116566594800348,0.18834334051996515,5.271999999999991,-1.2579999999999956,-0.20000000000000284,1.5,-1.799999999999999,0.9000000000000021,-1.1999999999999957,2.5,-3.9932999999999907,1.90324
2026,UCLA,Villanova,UCLA,0.6574176387097552,0.3425823612902448,4.959000000000003,1.2409999999999997,0.19999999999999574,-0.8999999999999986,-1.6999999999999993,-0.5999999999999979,-1.2999999999999972,0.6999999999999993,-0.2586999999999904,-0.3275600000000001
2026,UCLA,Utah St.,UCLA,0.6782486359313686,0.32175136406863136,1.5300000000000011,-0.30699999999998795,-2.700000000000003,0.7999999999999972,-2.0,-2.5,-2.0,0.19999999999999574,-2.8659999999999997,-0.37746000000000013
2026,UCLA,Wisconsin,Wisconsin,0.474072400584796,0.525927599415204,-2.628,0.13900000000001,-0.6000000000000014,-0.8999999999999986,0.5999999999999996,3.700000000000001,1.7000000000000028,4.199999999999999,-4.006299999999996,-1.7618999999999998
2026,UCLA,Virginia,UCLA,0.5135132138290214,0.4864867861709786,2.2989999999999924,5.944200000000009,-0.7000000000000028,5.100000000000001,-2.5999999999999996,2.5000000000000018,-6.799999999999997,3.1999999999999993,-0.8898999999999972,-4.1482
2026,UCLA,Wright St.,UCLA,0.9508157809357235,0.0491842190642765,12.194000000000003,-7.2379999999999995,-0.5,-1.7000000000000028,-2.9000000000000004,1.6000000000000014,-2.1000000000000014,3.1999999999999993,-2.289199999999994,10.18322
2026,UCF,UCLA,UCLA,0.1391051443963736,0.8608948556036264,-4.557999999999993,3.9059999999999917,-1.1000000000000014,2.0,2.299999999999999,-2.3000000000000007,3.299999999999997,-3.8999999999999986,4.428399999999996,-1.49451
2026,UCF,Vanderbilt,Vanderbilt,0.09927445918285631,0.9007255408171437,-7.475999999999999,6.330199999999991,-2.5,3.6000000000000014,2.3999999999999986,-2.099999999999998,3.1999999999999993,-3.1000000000000014,0.1342999999999961,-5.17981
2026,UCF,VCU,VCU,0.4104920956082374,0.5895079043917626,0.7139999999999986,2.647999999999996,-1.3000000000000043,3.5,0.5,-1.3999999999999986,2.1000000000000014,-1.3999999999999986,0.4351000000000056,0.40873000000000004
2026,UCF,Villanova,Villanova,0.23668603752243975,0.7633139624775602,0.40100000000001046,5.146999999999991,-0.9000000000000057,1.1000000000000014,0.5999999999999996,-2.8999999999999986,2.0,-3.1999999999999993,4.169700000000006,-1.82207
2026,UCF,Utah St.,Utah St.,0.25407274811082453,0.7459272518891755,-3.0279999999999916,3.5990000000000038,-3.8000000000000043,2.799999999999997,0.29999999999999893,-4.800000000000001,1.2999999999999972,-3.700000000000003,1.5623999999999967,-1.8719700000000001
2026,UCF,Wisconsin,Wisconsin,0.12713340075706983,0.8728665992429302,-7.185999999999993,4.045000000000002,-1.7000000000000028,1.1000000000000014,2.8999999999999986,1.4000000000000004,5.0,0.3000000000000007,0.42210000000000036,-3.25641
2026,UCF,Virginia,Virginia,0.1457070243482752,0.8542929756517248,-2.2590000000000003,9.850200000000001,-1.8000000000000043,7.100000000000001,-0.3000000000000007,0.20000000000000107,-3.5,-0.6999999999999993,3.538499999999999,-5.64271
2026,UCF,Wright St.,UCF,0.7574969485026183,0.24250305149738172,7.63600000000001,-3.332000000000008,-1.6000000000000014,0.29999999999999716,-0.6000000000000014,-0.6999999999999993,1.1999999999999957,-0.6999999999999993,2.1392000000000024,8.68871
2026,Connecticut,Duke,Duke,0.26060928999272426,0.7393907100072757,-5.0649999999999835,4.177899999999994,-1.5,-0.5,1.1000000000000014,-0.10000000000000142,-2.3999999999999986,3.8999999999999986,-1.220099999999988,-4.82776
2026,Connecticut,Siena,Connecticut,0.9818976257970592,0.018102374202940807,15.888000000000005,-13.925300000000007,4.699999999999996,-2.8999999999999986,0.8000000000000007,0.8999999999999986,3.8000000000000043,-0.3000000000000007,-0.04759999999998854,16.619880000000002
2026,Connecticut,Ohio St.,Ohio St.,0.4995044935231834,0.5004955064768166,-2.1169999999999902,-6.603300000000004,-1.2000000000000028,-4.599999999999994,1.4000000000000004,2.1999999999999993,4.900000000000002,-1.3000000000000007,-1.5786999999999978,5.9509300000000005
2026,Connecticut,TCU,Connecticut,0.8170232905674845,0.18297670943251554,8.241,-4.658699999999996,4.399999999999999,-5.299999999999997,1.3000000000000007,-1.6999999999999993,1.3000000000000043,-0.5,-2.9967999999999932,6.467690000000001
2026,Connecticut,St. John's,Connecticut,0.5093917279061664,0.4906082720938336,3.2900000000000063,0.890500000000003,4.299999999999997,-1.6999999999999957,2.1000000000000014,-1.3999999999999986,-0.19999999999999574,-1.5,-5.021000000000001,1.5796100000000006
2026,Connecticut,Northern Iowa,Connecticut,0.8249546060812346,0.1750453939187654,13.323000000000008,-3.585000000000008,1.0999999999999943,-1.5,2.200000000000001,-0.10000000000000142,13.700000000000003,2.3999999999999986,2.3959000000000046,14.11913
2026,Connecticut,Kansas,Connecticut,0.5448697378332016,0.4551302621667984,5.275000000000006,0.6222999999999956,3.6999999999999957,0.5,1.3000000000000007,4.0,6.200000000000003,-1.4000000000000021,-3.0268999999999977,2.5741400000000008
2026,Connecticut,Louisville,Connecticut,0.510622615426329,0.48937738457367097,-0.9410000000000025,-3.1851999999999947,-1.1000000000000014,-3.0999999999999943,0.40000000000000213,1.3000000000000007,2.8000000000000043,1.8000000000000007,-5.129499999999993,4.842960000000001
2026,Connecticut,South Florida,Connecticut,0.7930984205034758,0.2069015794965242,6.317999999999998,-6.398300000000006,4.399999999999999,-2.6999999999999957,1.6000000000000014,-0.8000000000000007,-2.5,-3.1000000000000014,-6.818699999999993,9.097448
2026,Connecticut,Michigan St.,Connecticut,0.5842327694775069,0.4157672305224931,0.1740000000000066,-1.2018000000000058,1.6999999999999957,-2.8999999999999986,-0.3000000000000007,3.1999999999999993,-2.799999999999997,6.099999999999998,-1.3979999999999961,1.3968300000000005
2026,Connecticut,North Dakota St.,Connecticut,0.9622303630153068,0.037769636984693156,11.667000000000002,-11.042299999999997,1.8999999999999986,-5.799999999999997,1.200000000000001,-0.6999999999999993,2.1000000000000014,3.0,-1.77409999999999,12.195810000000002
2026,Connecticut,UCLA,Connecticut,0.5133063165910207,0.48669368340897934,-1.4629999999999939,-6.800300000000007,1.3999999999999986,-4.699999999999996,3.4000000000000004,-0.10000000000000142,4.600000000000001,-3.6999999999999993,-0.10490000000000066,5.22667
2026,Connecticut,UCF,Connecticut,0.8671487135877165,0.1328512864122835,3.094999999999999,-10.706299999999999,2.5,-6.699999999999996,1.1000000000000014,2.1999999999999993,1.3000000000000043,0.1999999999999993,-4.533299999999997,6.72118
2026,Connecticut,Furman,Connecticut,0.9796773412447337,0.020322658755266287,16.174999999999997,-14.038300000000007,0.5,-4.399999999999999,-1.0,4.300000000000001,4.700000000000003,1.1999999999999993,-1.2580999999999989,17.57451
2026,Connecticut,Florida,Florida,0.28501057032999083,0.7149894296700092,-3.0,2.7109999999999985,1.7999999999999972,-0.5999999999999943,0.3000000000000007,2.5999999999999996,-7.5,3.8999999999999986,-5.8156999999999925,0.3091500000000007
2026,Connecticut,Prairie View A&M,Connecticut,0.9904764107576847,0.009523589242315333,21.63900000000001,-16.3763,7.399999999999999,-4.699999999999996,0.8000000000000007,-1.1000000000000014,8.600000000000001,-6.099999999999998,-6.286199999999994,21.40004
2026,Connecticut,Iowa,Connecticut,0.5633060182783234,0.4366939817216766,0.9660000000000082,-5.220299999999995,-1.3000000000000043,-7.0,1.6000000000000014,-3.0,5.600000000000001,0.6999999999999993,1.5557000000000087,6.89325
2026,Connecticut,Vanderbilt,Vanderbilt,0.41840313451702865,0.5815968654829713,-4.381,-4.376100000000008,0.0,-3.0999999999999943,3.5,0.10000000000000142,4.5000000000000036,-2.900000000000002,-4.399000000000001,1.5413700000000006
2026,Connecticut,McNeese St.,Connecticut,0.8900914525573462,0.10990854744265377,9.936999999999998,-7.143299999999996,4.299999999999997,-3.1999999999999957,2.5,-6.600000000000001,0.7000000000000028,-6.300000000000001,-1.553299999999993,8.138910000000001
2026,Connecticut,Nebraska,Connecticut,0.611706062367663,0.388293937632337,5.88600000000001,1.4883999999999986,-0.10000000000000142,-2.0999999999999943,2.4000000000000004,-1.1999999999999993,9.400000000000002,1.0,-2.2380999999999887,1.3852700000000002
2026,Connecticut,Troy,Connecticut,0.9638186158015639,0.036181384198436084,12.409000000000006,-14.034300000000002,3.3999999999999986,-4.399999999999999,-0.1999999999999993,1.1000000000000014,0.9000000000000057,-2.900000000000002,-0.5013000000000005,14.99232
2026,Connecticut,North Carolina,Connecticut,0.6737566943025541,0.32624330569744586,1.6800000000000068,-5.022300000000001,0.6999999999999957,-2.5,2.8000000000000007,4.4,4.300000000000004,0.5999999999999979,-3.402799999999999,3.9196600000000004
2026,Connecticut,VCU,Connecticut,0.8196604458101274,0.18033955418987258,3.8089999999999975,-8.058300000000003,1.1999999999999957,-3.1999999999999957,1.6000000000000014,0.8000000000000007,3.4000000000000057,-1.1999999999999993,-4.098199999999991,7.129910000000001
2026,Connecticut,Illinois,Illinois,0.20100670504903242,0.7989932949509676,-8.85199999999999,-3.2309999999999945,0.19999999999999574,-1.8999999999999986,3.6000000000000014,6.4,-3.0,1.6999999999999993,-1.1354999999999933,2.28113
2026,Connecticut,Penn,Connecticut,0.9596977946035665,0.04030220539643348,16.534999999999997,-10.409300000000002,5.0,-6.0,1.4000000000000004,0.1999999999999993,5.400000000000002,-1.8000000000000007,-4.441499999999991,14.847650000000002
2026,Connecticut,Saint Mary's,Connecticut,0.7198934490768997,0.28010655092310033,3.7280000000000086,-2.5634000000000015,2.3999999999999986,-1.0,0.40000000000000213,2.8000000000000007,-1.8999999999999986,4.899999999999999,-0.7192999999999898,4.832700000000001
2026,Connecticut,Texas A&M,Connecticut,0.6722314356864626,0.3277685643135374,3.2349999999999994,-6.445300000000003,1.0999999999999943,-5.099999999999994,2.200000000000001,-0.3000000000000007,3.4000000000000057,-3.8000000000000007,-6.433099999999996,7.246460000000001
2026,Connecticut,Houston,Houston,0.22156066368602984,0.7784393363139701,-2.2449999999999903,2.5934000000000026,3.1999999999999957,-0.8999999999999986,3.8000000000000007,-3.0,-0.19999999999999574,-2.1999999999999993,1.2576000000000036,-0.15547999999999895
2026,Connecticut,Idaho,Connecticut,0.9583971625457771,0.041602837454222885,14.266000000000005,-11.190300000000008,3.3999999999999986,-4.599999999999994,1.8000000000000007,2.8000000000000007,6.800000000000004,4.5,-2.841399999999993,17.70502
2026,Connecticut,LIU,Connecticut,0.9926384108155201,0.007361589184479933,19.450000000000003,-14.796300000000002,2.0,-4.099999999999994,-2.1999999999999993,-0.8999999999999986,1.4000000000000057,-3.900000000000002,-3.2460999999999984,14.61959
2026,Connecticut,Villanova,Connecticut,0.6693054136811313,0.3306945863188687,3.4960000000000093,-5.5593000000000075,1.5999999999999943,-5.599999999999994,1.700000000000001,-0.6999999999999993,3.3000000000000043,-3.0,-0.36359999999999104,4.89911
2026,Connecticut,Utah St.,Connecticut,0.6897546869742627,0.3102453130257373,0.06700000000000728,-7.107299999999995,-1.3000000000000043,-3.8999999999999986,1.4000000000000004,-2.6000000000000014,2.6000000000000014,-3.5000000000000036,-2.9709000000000003,4.84921
2026,Connecticut,Wisconsin,Wisconsin,0.4873612756934911,0.5126387243065089,-4.090999999999994,-6.661299999999997,0.7999999999999972,-5.599999999999994,4.0,3.5999999999999996,6.300000000000004,0.5,-4.111199999999997,3.4647700000000006
2026,Connecticut,High Point,Connecticut,0.947246142222476,0.05275385777752395,7.4010000000000105,-12.523300000000006,0.5999999999999943,-4.399999999999999,3.8000000000000007,-3.8999999999999986,3.6000000000000014,-3.0,-5.306299999999993,10.27433
2026,Connecticut,Hawaii,Connecticut,0.9696483557921433,0.030351644207856743,16.223,-6.8553,3.299999999999997,-0.6999999999999957,-2.099999999999998,1.1000000000000014,4.300000000000004,3.6999999999999993,-4.998199999999997,12.57884
2026,Connecticut,Texas,Connecticut,0.7595297110827895,0.24047028891721045,-0.9350000000000023,-11.412300000000002,1.0999999999999943,-5.5,1.5,4.6,0.0,1.8000000000000007,-2.515899999999988,9.052101
2026,Connecticut,Gonzaga,Connecticut,0.6163267532281582,0.3836732467718418,2.7830000000000013,0.9665999999999997,-1.0,-0.5,3.1000000000000014,-2.5,0.9000000000000057,2.8000000000000007,-4.349599999999995,1.475530000000001
2026,Connecticut,Kennesaw St.,Connecticut,0.9691507791661217,0.03084922083387831,12.286000000000001,-14.527299999999997,4.599999999999994,-2.799999999999997,0.10000000000000142,1.8999999999999986,0.20000000000000284,-2.6000000000000014,-6.683899999999994,16.82044
2026,Connecticut,Miami FL,Connecticut,0.7720582249748181,0.22794177502518187,2.0050000000000097,-6.466300000000004,-0.30000000000000426,-6.0,0.6000000000000014,-0.3999999999999986,-1.2999999999999972,2.3999999999999986,-3.346899999999991,4.9926200000000005
2026,Connecticut,Missouri,Connecticut,0.7262023740317528,0.2737976259682472,3.1470000000000056,-8.065300000000008,0.0,-5.699999999999996,-1.1999999999999993,1.3999999999999986,0.20000000000000284,-2.6999999999999993,-1.7968999999999937,7.68867
2026,Connecticut,Purdue,Purdue,0.2791459290941754,0.7208540709058247,-10.219000000000008,-5.2712999999999965,-2.3000000000000043,-6.599999999999994,3.3000000000000007,2.4000000000000004,-0.5999999999999943,2.3000000000000007,0.14639999999999986,-0.34755999999999965
2026,Connecticut,Queens,Connecticut,0.9829711363918671,0.017028863608132938,8.414000000000001,-22.1293,-1.3000000000000043,-8.299999999999997,2.0,3.0,5.300000000000004,-4.300000000000001,-4.919399999999996,15.808610000000002
2026,Connecticut,Michigan,Michigan,0.27468628531030803,0.725313714689692,-4.557999999999993,3.9425999999999988,-2.8000000000000043,1.0,0.10000000000000142,2.5,0.30000000000000426,1.0,-6.633099999999999,-5.153559999999999
2026,Connecticut,Howard,Connecticut,0.9872060287973867,0.012793971202613275,19.61200000000001,-11.249300000000005,4.699999999999996,-1.6999999999999957,-3.0,-3.3000000000000007,-0.8999999999999986,-3.3000000000000007,-4.4650999999999925,15.7121
2026,Connecticut,Georgia,Connecticut,0.6834635258822163,0.31653647411778374,-1.259999999999991,-9.782300000000006,0.6999999999999957,-4.399999999999999,2.5,-0.3999999999999986,0.5,-6.199999999999999,-7.443099999999987,6.240270000000001
2026,Connecticut,Saint Louis,Connecticut,0.8776540313743801,0.12234596862561986,3.585000000000008,-7.268299999999996,-4.400000000000006,0.9000000000000057,-0.5999999999999979,1.8999999999999986,4.600000000000001,1.6999999999999993,-6.431100000000001,6.970230000000001
2026,Connecticut,Texas Tech,Texas Tech,0.3513293169589879,0.648670683041012,-3.2109999999999985,-3.8290000000000077,-0.9000000000000057,-3.6999999999999957,0.9000000000000004,3.3000000000000007,2.4000000000000057,-1.4000000000000021,-1.8253999999999877,3.784980000000001
2026,Connecticut,Hofstra,Connecticut,0.9088297459027768,0.09117025409722324,9.923000000000002,-9.911299999999997,3.799999999999997,-0.19999999999999574,0.6999999999999993,3.0,0.8000000000000043,-1.8000000000000007,-0.13100000000000023,13.510290000000001
2026,Connecticut,Tennessee,Tennessee,0.43005250613051665,0.5699474938694833,1.600999999999999,-0.5336999999999961,3.6999999999999957,-2.0,-0.3000000000000007,1.6999999999999993,-9.399999999999999,0.8000000000000007,-0.6419999999999959,4.725370000000001
2026,Connecticut,Miami OH,Connecticut,0.9621480668085834,0.037851933191416554,6.4140000000000015,-12.609300000000005,-3.9000000000000057,-5.099999999999994,2.3000000000000007,0.5,10.400000000000002,0.5999999999999979,-5.358899999999991,6.38679
2026,Connecticut,Virginia,Connecticut,0.5268002544869368,0.4731997455130632,0.8359999999999985,-0.8560999999999979,0.6999999999999957,0.4000000000000057,0.8000000000000007,2.4000000000000004,-2.1999999999999957,-0.5,-0.9947999999999979,1.0784700000000003
2026,Connecticut,Wright St.,Connecticut,0.9532465419253046,0.04675345807469544,10.731000000000009,-14.038300000000007,0.8999999999999986,-6.399999999999999,0.5,1.5,2.5,-0.5,-2.3940999999999946,15.40989
2026,Connecticut,Kentucky,Connecticut,0.6715192531613812,0.32848074683861883,3.182000000000002,-4.9924000000000035,2.1999999999999957,-3.0999999999999943,1.8000000000000007,2.1999999999999993,1.9000000000000057,-1.4000000000000021,-3.7364999999999924,5.54861
2026,Connecticut,Santa Clara,Connecticut,0.6201755225519495,0.3798244774480505,-1.9129999999999967,-8.766300000000001,0.6999999999999957,-6.099999999999994,1.200000000000001,-2.1000000000000014,-1.0,-3.599999999999998,-4.674599999999998,6.69997
2026,Connecticut,Iowa St.,Iowa St.,0.29748462625458144,0.7025153737454186,-0.6700000000000017,2.3606999999999942,-1.2000000000000028,-3.799999999999997,1.700000000000001,-4.399999999999999,0.4000000000000057,0.5999999999999979,-2.3788999999999874,1.4491800000000001
2026,Connecticut,Tennessee St.,Connecticut,0.9925766443229291,0.007423355677070864,15.299999999999997,-16.875299999999996,5.199999999999996,-5.5,0.3000000000000007,-2.0,0.8000000000000043,-1.1999999999999993,-5.553799999999995,14.49711
2026,Furman,Siena,Furman,0.5294551388848512,0.4705448611151488,-0.28699999999999193,0.11299999999999955,4.199999999999996,1.5,1.8000000000000007,-3.400000000000002,-0.8999999999999986,-1.5,1.2105000000000103,-0.9546299999999999
2026,Furman,Ohio St.,Ohio St.,0.020283234798192086,0.979716765201808,-18.291999999999987,7.435000000000002,-1.7000000000000028,-0.19999999999999574,2.4000000000000004,-2.1000000000000014,0.1999999999999993,-2.5,-0.3205999999999989,-11.62358
2026,Furman,TCU,TCU,0.08477431422022616,0.9152256857797738,-7.9339999999999975,9.37960000000001,3.8999999999999986,-0.8999999999999986,2.3000000000000007,-6.0,-3.3999999999999986,-1.6999999999999993,-1.7386999999999944,-11.106819999999999
2026,Furman,St. John's,St. John's,0.021084328030811932,0.978915671969188,-12.884999999999991,14.92880000000001,3.799999999999997,2.700000000000003,3.1000000000000014,-5.699999999999999,-4.899999999999999,-2.6999999999999993,-3.762900000000002,-15.9949
2026,Furman,Northern Iowa,Northern Iowa,0.08905699390656513,0.9109430060934349,-2.8519999999999897,10.453299999999999,0.5999999999999943,2.8999999999999986,3.200000000000001,-4.400000000000002,9.0,1.1999999999999993,3.6540000000000035,-3.45538
2026,Furman,Kansas,Kansas,0.024232639566926145,0.9757673604330739,-10.899999999999991,14.660600000000002,3.1999999999999957,4.899999999999999,2.3000000000000007,-0.3000000000000007,1.5,-2.6000000000000014,-1.7687999999999988,-15.00037
2026,Furman,Louisville,Louisville,0.021186229963161073,0.9788137700368389,-17.116,10.853100000000012,-1.6000000000000014,1.3000000000000043,1.4000000000000021,-3.0,-1.8999999999999986,0.6000000000000014,-3.871399999999994,-12.731549999999999
2026,Furman,South Florida,South Florida,0.07365991253458727,0.9263400874654127,-9.857,7.640000000000001,3.8999999999999986,1.7000000000000028,2.6000000000000014,-5.100000000000001,-7.200000000000003,-4.300000000000001,-5.560599999999994,-8.477062
2026,Furman,Michigan St.,Michigan St.,0.028324000495260845,0.9716759995047392,-16.00099999999999,12.836500000000001,1.1999999999999957,1.5,0.6999999999999993,-1.1000000000000014,-7.5,4.899999999999999,-0.13989999999999725,-16.17768
2026,Furman,North Dakota St.,North Dakota St.,0.3457579432022802,0.6542420567977199,-4.507999999999996,2.9960000000000093,1.3999999999999986,-1.3999999999999986,2.200000000000001,-5.0,-2.6000000000000014,1.8000000000000007,-0.5159999999999911,-5.378699999999999
2026,Furman,UCLA,UCLA,0.02141011898647539,0.9785898810135246,-17.63799999999999,7.2379999999999995,0.8999999999999986,-0.29999999999999716,4.4,-4.400000000000002,-0.10000000000000142,-4.899999999999999,1.1531999999999982,-12.34784
2026,Furman,UCF,UCF,0.11925472697107688,0.8807452730289231,-13.079999999999998,3.332000000000008,2.0,-2.299999999999997,2.1000000000000014,-2.1000000000000014,-3.3999999999999986,-1.0,-3.275199999999998,-10.85333
2026,Furman,Prairie View A&M,Furman,0.6832888309364358,0.3167111690635642,5.464000000000013,-2.337999999999994,6.899999999999999,-0.29999999999999716,1.8000000000000007,-5.400000000000002,3.8999999999999986,-7.299999999999997,-5.028099999999995,3.8255300000000005
2026,Furman,Iowa,Iowa,0.026061311301226228,0.9739386886987738,-15.208999999999989,8.818000000000012,-1.8000000000000043,-2.6000000000000014,2.6000000000000014,-7.300000000000001,0.8999999999999986,-0.5,2.8138000000000076,-10.68126
2026,Furman,Vanderbilt,Vanderbilt,0.01470405201527985,0.9852959479847202,-20.555999999999997,9.662199999999999,-0.5,1.3000000000000043,4.5,-4.199999999999999,-0.1999999999999993,-4.100000000000001,-3.140900000000002,-16.03314
2026,Furman,McNeese St.,McNeese St.,0.14383316142031533,0.8561668385796847,-6.2379999999999995,6.89500000000001,3.799999999999997,1.2000000000000028,3.5,-10.900000000000002,-4.0,-7.5,-0.29519999999999413,-9.435599999999999
2026,Furman,Nebraska,Nebraska,0.03164564458810117,0.9683543554118988,-10.288999999999987,15.526700000000005,-0.6000000000000014,2.3000000000000043,3.4000000000000004,-5.5,4.699999999999999,-0.1999999999999993,-0.9799999999999898,-16.189239999999998
2026,Furman,Troy,Troy,0.35591736859369966,0.6440826314063004,-3.765999999999991,0.0040000000000048885,2.8999999999999986,0.0,0.8000000000000007,-3.1999999999999993,-3.799999999999997,-4.100000000000001,0.7567999999999984,-2.5821899999999998
2026,Furman,North Carolina,North Carolina,0.04108098755065927,0.9589190124493407,-14.49499999999999,9.016000000000005,0.19999999999999574,1.8999999999999986,3.8000000000000007,0.09999999999999964,-0.3999999999999986,-0.6000000000000014,-2.1447000000000003,-13.65485
2026,Furman,VCU,VCU,0.08616089218017604,0.9138391078198239,-12.366,5.980000000000004,0.6999999999999957,1.2000000000000028,2.6000000000000014,-3.5,-1.2999999999999972,-2.3999999999999986,-2.8400999999999925,-10.4446
2026,Furman,Illinois,Illinois,0.0051916367599092236,0.9948083632400908,-25.026999999999987,10.807300000000012,-0.30000000000000426,2.5,4.600000000000001,2.0999999999999996,-7.700000000000003,0.5,0.1226000000000056,-15.293379999999999
2026,Furman,Penn,Penn,0.3306438270387103,0.6693561729612897,0.35999999999999943,3.629000000000005,4.5,-1.6000000000000014,2.4000000000000004,-4.100000000000001,0.6999999999999993,-3.0,-3.183399999999992,-2.7268599999999994
2026,Furman,Saint Mary's,Saint Mary's,0.050615613158626144,0.9493843868413738,-12.446999999999989,11.474900000000005,1.8999999999999986,3.3999999999999986,1.4000000000000021,-1.5,-6.600000000000001,3.6999999999999993,0.538800000000009,-12.74181
2026,Furman,Texas A&M,Texas A&M,0.040808830780829315,0.9591911692191707,-12.939999999999998,7.5930000000000035,0.5999999999999943,-0.6999999999999957,3.200000000000001,-4.600000000000001,-1.2999999999999972,-5.0,-5.174999999999997,-10.32805
2026,Furman,Houston,Houston,0.005869602600058421,0.9941303973999416,-18.419999999999987,16.63170000000001,2.6999999999999957,3.5,4.800000000000001,-7.300000000000001,-4.899999999999999,-3.3999999999999986,2.5157000000000025,-17.72999
2026,Furman,Idaho,Idaho,0.323355667462121,0.676644332537879,-1.9089999999999918,2.847999999999999,2.8999999999999986,-0.19999999999999574,2.8000000000000007,-1.5,2.1000000000000014,3.3000000000000007,-1.5832999999999942,0.13051000000000101
2026,Furman,LIU,Furman,0.7366451263257531,0.2633548736742469,3.2750000000000057,-0.7579999999999956,1.5,0.30000000000000426,-1.1999999999999993,-5.199999999999999,-3.299999999999997,-5.100000000000001,-1.9879999999999995,-2.9549199999999995
2026,Furman,Villanova,Villanova,0.040293335911121504,0.9597066640888785,-12.678999999999988,8.479,1.0999999999999943,-1.1999999999999957,2.700000000000001,-5.0,-1.3999999999999986,-4.199999999999999,0.8945000000000078,-12.6754
2026,Furman,Utah St.,Utah St.,0.044086486960997755,0.9559135130390023,-16.10799999999999,6.931000000000012,-1.8000000000000043,0.5,2.4000000000000004,-6.900000000000002,-2.1000000000000014,-4.700000000000003,-1.7128000000000014,-12.7253
2026,Furman,Wisconsin,Wisconsin,0.019339959037998868,0.9806600409620011,-20.26599999999999,7.3770000000000095,0.29999999999999716,-1.1999999999999957,5.0,-0.7000000000000011,1.6000000000000014,-0.6999999999999993,-2.8530999999999977,-14.109739999999999
2026,Furman,High Point,High Point,0.2713933551538735,0.7286066448461266,-8.773999999999987,1.5150000000000006,0.09999999999999432,0.0,4.800000000000001,-8.2,-1.1000000000000014,-4.199999999999999,-4.048199999999994,-7.300179999999999
2026,Furman,Hawaii,Hawaii,0.398575511234221,0.6014244887657789,0.04800000000000182,7.183000000000007,2.799999999999997,3.700000000000003,-1.0999999999999979,-3.1999999999999993,-0.3999999999999986,2.5,-3.740099999999998,-4.99567
2026,Furman,Texas,Texas,0.061492021767983025,0.9385079782320169,-17.11,2.6260000000000048,0.5999999999999943,-1.1000000000000014,2.5,0.29999999999999893,-4.700000000000003,0.6000000000000014,-1.257799999999989,-8.522409
2026,Furman,Gonzaga,Gonzaga,0.032248593296756556,0.9677514067032434,-13.391999999999996,15.004900000000006,-1.5,3.8999999999999986,4.100000000000001,-6.800000000000001,-3.799999999999997,1.6000000000000014,-3.0914999999999964,-16.098979999999997
2026,Furman,Kennesaw St.,Kennesaw St.,0.39456146679574705,0.6054385332042529,-3.888999999999996,-0.4889999999999901,4.099999999999994,1.6000000000000014,1.1000000000000014,-2.400000000000002,-4.5,-3.8000000000000007,-5.425799999999995,-0.7540699999999996
2026,Furman,Miami FL,Miami FL,0.06564978093586381,0.9343502190641362,-14.169999999999987,7.572000000000003,-0.8000000000000043,-1.6000000000000014,1.6000000000000014,-4.699999999999999,-6.0,1.1999999999999993,-2.088799999999992,-12.58189
2026,Furman,Missouri,Missouri,0.05215122346359436,0.9478487765364056,-13.027999999999992,5.972999999999999,-0.5,-1.2999999999999972,-0.1999999999999993,-2.900000000000002,-4.5,-3.8999999999999986,-0.5387999999999948,-9.88584
2026,Furman,Purdue,Purdue,0.007969051360444426,0.9920309486395555,-26.394000000000005,8.76700000000001,-2.8000000000000043,-2.1999999999999957,4.300000000000001,-1.9000000000000004,-5.299999999999997,1.1000000000000014,1.4044999999999987,-17.922069999999998
2026,Furman,Queens,Furman,0.5449243175332318,0.4550756824667682,-7.760999999999996,-8.090999999999994,-1.8000000000000043,-3.8999999999999986,3.0,-1.3000000000000007,0.6000000000000014,-5.5,-3.661299999999997,-1.7658999999999994
2026,Furman,Michigan,Michigan,0.007794890297133287,0.9922051097028667,-20.73299999999999,17.980900000000005,-3.3000000000000043,5.399999999999999,1.1000000000000014,-1.8000000000000007,-4.399999999999999,-0.1999999999999993,-5.375,-22.72807
2026,Furman,Howard,Furman,0.615482659279271,0.38451734072072896,3.437000000000012,2.7890000000000015,4.199999999999996,2.700000000000003,-2.0,-7.600000000000001,-5.600000000000001,-4.5,-3.2069999999999936,-1.8624099999999997
2026,Furman,Georgia,Georgia,0.04287061307989245,0.9571293869201075,-17.434999999999988,4.256,0.19999999999999574,0.0,3.5,-4.699999999999999,-4.200000000000003,-7.399999999999999,-6.184999999999988,-11.33424
2026,Furman,Saint Louis,Saint Louis,0.12953378853016567,0.8704662114698343,-12.58999999999999,6.77000000000001,-4.900000000000006,5.300000000000004,0.40000000000000213,-2.400000000000002,-0.10000000000000142,0.5,-5.173000000000002,-10.60428
2026,Furman,Texas Tech,Texas Tech,0.011110544130360127,0.9888894558696398,-19.385999999999996,10.209299999999999,-1.4000000000000057,0.7000000000000028,1.9000000000000004,-1.0,-2.299999999999997,-2.6000000000000014,-0.5672999999999888,-13.78953
2026,Furman,Hofstra,Hofstra,0.17135452986654243,0.8286454701334576,-6.251999999999995,4.1270000000000095,3.299999999999997,4.200000000000003,1.6999999999999993,-1.3000000000000007,-3.8999999999999986,-3.0,1.1270999999999987,-4.06422
2026,Furman,Tennessee,Tennessee,0.015411288414298624,0.9845887115857014,-14.573999999999998,13.50460000000001,3.1999999999999957,2.3999999999999986,0.6999999999999993,-2.6000000000000014,-14.100000000000001,-0.3999999999999986,0.616100000000003,-12.849139999999998
2026,Furman,Miami OH,Miami OH,0.34524642305763675,0.6547535769423632,-9.760999999999996,1.429000000000002,-4.400000000000006,-0.6999999999999957,3.3000000000000007,-3.8000000000000007,5.699999999999999,-0.6000000000000014,-4.1007999999999925,-11.187719999999999
2026,Furman,Virginia,Virginia,0.022572694427296622,0.9774273055727034,-15.338999999999999,13.182200000000009,0.19999999999999574,4.800000000000004,1.8000000000000007,-1.9000000000000004,-6.899999999999999,-1.6999999999999993,0.263300000000001,-16.49604
2026,Furman,Wright St.,Wright St.,0.2972345855039587,0.7027654144960414,-5.443999999999988,0.0,0.3999999999999986,-2.0,1.5,-2.8000000000000007,-2.200000000000003,-1.6999999999999993,-1.1359999999999957,-2.1646199999999993
2026,Furman,Kentucky,Kentucky,0.04068256692003326,0.9593174330799668,-12.992999999999995,9.045900000000003,1.6999999999999957,1.3000000000000043,2.8000000000000007,-2.1000000000000014,-2.799999999999997,-2.6000000000000014,-2.4783999999999935,-12.0259
2026,Furman,Santa Clara,Santa Clara,0.032761421969128846,0.9672385780308712,-18.087999999999994,5.272000000000006,0.19999999999999574,-1.6999999999999957,2.200000000000001,-6.400000000000002,-5.700000000000003,-4.799999999999997,-3.416499999999999,-10.87454
2026,Furman,Iowa St.,Iowa St.,0.008707788047345377,0.9912922119526546,-16.845,16.399,-1.7000000000000028,0.6000000000000014,2.700000000000001,-8.7,-4.299999999999997,-0.6000000000000014,-1.1207999999999885,-16.125329999999998
2026,Furman,Tennessee St.,Furman,0.7350088703294992,0.26499112967050076,-0.875,-2.836999999999989,4.699999999999996,-1.1000000000000014,1.3000000000000007,-6.300000000000001,-3.8999999999999986,-2.3999999999999986,-4.2956999999999965,-3.0774
2026,Florida,Siena,Florida,0.9927045733247406,0.007295426675259398,18.888000000000005,-16.636300000000006,2.8999999999999986,-2.3000000000000043,0.5,-1.700000000000001,11.300000000000004,-4.199999999999999,5.768100000000004,16.31073
2026,Florida,Ohio St.,Florida,0.7145853611526878,0.2854146388473122,0.8830000000000098,-9.314300000000003,-3.0,-4.0,1.0999999999999996,-0.40000000000000036,12.400000000000002,-5.199999999999999,4.236999999999995,5.64178
2026,Florida,TCU,Florida,0.9180430532281801,0.08195694677181986,11.241,-7.369699999999995,2.6000000000000014,-4.700000000000003,1.0,-4.299999999999999,8.800000000000004,-4.399999999999999,2.8188999999999993,6.15854
2026,Florida,St. John's,Florida,0.722583464693222,0.277416535306778,6.290000000000006,-1.8204999999999956,2.5,-1.1000000000000014,1.8000000000000007,-3.9999999999999982,7.300000000000004,-5.399999999999999,0.7946999999999917,1.27046
2026,Florida,Northern Iowa,Florida,0.9220135278619004,0.07798647213809962,16.323000000000008,-6.2960000000000065,-0.7000000000000028,-0.9000000000000057,1.9000000000000004,-2.700000000000001,21.200000000000003,-1.5,8.211599999999997,13.80998
2026,Florida,Kansas,Florida,0.7502047477446872,0.24979525225531285,8.275000000000006,-2.088700000000003,1.8999999999999986,1.0999999999999943,1.0,1.4000000000000004,13.700000000000003,-5.300000000000001,2.788799999999995,2.26499
2026,Florida,Louisville,Florida,0.723569735533524,0.276430264466476,2.0589999999999975,-5.896199999999993,-2.8999999999999986,-2.5,0.10000000000000142,-1.299999999999999,10.300000000000004,-2.099999999999998,0.6861999999999995,4.53381
2026,Florida,South Florida,Florida,0.9058040313901213,0.09419596860987867,9.317999999999998,-9.109300000000005,2.6000000000000014,-2.1000000000000014,1.3000000000000007,-3.4000000000000004,5.0,-7.0,-1.0030000000000001,8.788298
2026,Florida,Michigan St.,Florida,0.7790115457545239,0.22098845424547608,3.1740000000000066,-3.9128000000000043,-0.10000000000000142,-2.3000000000000043,-0.6000000000000014,0.5999999999999996,4.700000000000003,2.1999999999999993,4.417699999999996,1.0876799999999998
2026,Florida,North Dakota St.,Florida,0.9845942657532063,0.0154057342467937,14.667000000000002,-13.753299999999996,0.10000000000000142,-5.200000000000003,0.9000000000000004,-3.299999999999999,9.600000000000001,-0.8999999999999986,4.0416000000000025,11.88666
2026,Florida,UCLA,Florida,0.7257129424797385,0.2742870575202615,1.5370000000000061,-9.511300000000006,-0.3999999999999986,-4.100000000000001,3.0999999999999996,-2.700000000000001,12.100000000000001,-7.599999999999998,5.710799999999992,4.91752
2026,Florida,UCF,Florida,0.9424441903712849,0.05755580962871509,6.094999999999999,-13.417299999999997,0.7000000000000028,-6.100000000000001,0.8000000000000007,-0.40000000000000036,8.800000000000004,-3.6999999999999993,1.2823999999999955,6.41203
2026,Florida,Furman,Florida,0.991798706676826,0.008201293323173986,19.174999999999997,-16.749300000000005,-1.2999999999999972,-3.8000000000000043,-1.3000000000000007,1.700000000000001,12.200000000000003,-2.6999999999999993,4.557599999999994,17.26536
2026,Florida,Prairie View A&M,Florida,0.9961818193152869,0.0038181806847130684,24.63900000000001,-19.0873,5.600000000000001,-4.100000000000001,0.5,-3.700000000000001,16.1,-9.999999999999996,-0.47050000000000125,21.09089
2026,Florida,Iowa,Florida,0.7639271236234999,0.2360728763765001,3.966000000000008,-7.931299999999993,-3.1000000000000014,-6.400000000000006,1.3000000000000007,-5.6,13.100000000000001,-3.1999999999999993,7.371400000000001,6.584099999999999
2026,Florida,Vanderbilt,Florida,0.6434590659410105,0.35654093405898946,-1.3810000000000002,-7.087100000000007,-1.7999999999999972,-2.5,3.1999999999999993,-2.4999999999999982,12.000000000000004,-6.800000000000001,1.4166999999999916,1.2322199999999999
2026,Florida,McNeese St.,Florida,0.9530872549866001,0.046912745013399926,12.936999999999998,-9.854299999999995,2.5,-2.6000000000000014,2.1999999999999993,-9.200000000000001,8.200000000000003,-10.2,4.2623999999999995,7.82976
2026,Florida,Nebraska,Florida,0.7980628338734796,0.20193716612652035,8.88600000000001,-1.2226,-1.8999999999999986,-1.5,2.0999999999999996,-3.799999999999999,16.900000000000002,-2.8999999999999986,3.577600000000004,1.0761199999999995
2026,Florida,Troy,Florida,0.9852565024099319,0.0147434975900681,15.409000000000006,-16.7453,1.6000000000000014,-3.8000000000000043,-0.5,-1.4999999999999982,8.400000000000006,-6.800000000000001,5.314399999999992,14.68317
2026,Florida,North Carolina,Florida,0.8382096801251787,0.1617903198748213,4.680000000000007,-7.7333,-1.1000000000000014,-1.9000000000000057,2.5,1.8000000000000007,11.800000000000004,-3.3000000000000007,2.4128999999999934,3.6105099999999997
2026,Florida,VCU,Florida,0.9193679469263302,0.08063205307366983,6.8089999999999975,-10.769300000000001,-0.6000000000000014,-2.6000000000000014,1.3000000000000007,-1.799999999999999,10.900000000000006,-5.099999999999998,1.7175000000000011,6.82076
2026,Florida,Illinois,Illinois,0.3869211107003162,0.6130788892996838,-5.85199999999999,-5.941999999999993,-1.6000000000000014,-1.3000000000000043,3.3000000000000007,3.8000000000000007,4.5,-2.1999999999999993,4.680199999999999,1.9719799999999994
2026,Florida,Penn,Florida,0.983535606087571,0.016464393912429043,19.534999999999997,-13.1203,3.200000000000003,-5.400000000000006,1.0999999999999996,-2.4000000000000004,12.900000000000002,-5.699999999999999,1.3742000000000019,14.538499999999999
2026,Florida,Saint Mary's,Florida,0.8657246819460983,0.1342753180539017,6.728000000000009,-5.2744,0.6000000000000014,-0.4000000000000057,0.10000000000000142,0.20000000000000107,5.600000000000001,1.0,5.096400000000003,4.52355
2026,Florida,Texas A&M,Florida,0.837267573916267,0.16273242608373295,6.234999999999999,-9.156300000000002,-0.7000000000000028,-4.5,1.9000000000000004,-2.9000000000000004,10.900000000000006,-7.699999999999999,-0.6174000000000035,6.93731
2026,Florida,Houston,Houston,0.41657408763462916,0.5834259123653709,0.7550000000000097,-0.11759999999999593,1.3999999999999986,-0.30000000000000426,3.5,-5.6,7.300000000000004,-6.099999999999998,7.073299999999996,-0.46462999999999965
2026,Florida,Idaho,Florida,0.982990632756164,0.01700936724383595,17.266000000000005,-13.901300000000006,1.6000000000000014,-4.0,1.5,0.20000000000000107,14.300000000000004,0.6000000000000014,2.9742999999999995,17.395870000000002
2026,Florida,LIU,Florida,0.9970524589905606,0.0029475410094393917,22.450000000000003,-17.5073,0.20000000000000284,-3.5,-2.5,-3.4999999999999982,8.900000000000006,-7.800000000000001,2.569599999999994,14.31044
2026,Florida,Villanova,Florida,0.8354542194463159,0.16454578055368407,6.496000000000009,-8.270300000000006,-0.20000000000000284,-5.0,1.4000000000000004,-3.299999999999999,10.800000000000004,-6.899999999999999,5.4521000000000015,4.58996
2026,Florida,Utah St.,Florida,0.8479631406963009,0.15203685930369915,3.0670000000000073,-9.818299999999994,-3.1000000000000014,-3.3000000000000043,1.0999999999999996,-5.200000000000001,10.100000000000001,-7.400000000000002,2.8447999999999922,4.5400599999999995
2026,Florida,Wisconsin,Florida,0.7045741747139743,0.2954258252860257,-1.090999999999994,-9.372299999999996,-1.0,-5.0,3.6999999999999993,1.0,13.800000000000004,-3.3999999999999986,1.704499999999996,3.15562
2026,Florida,High Point,Florida,0.9782821487788412,0.021717851221158768,10.40100000000001,-15.234300000000005,-1.2000000000000028,-3.8000000000000043,3.5,-6.499999999999998,11.100000000000001,-6.899999999999999,0.5093999999999994,9.96518
2026,Florida,Hawaii,Florida,0.987676221013089,0.01232377898691095,19.223,-9.566299999999998,1.5,-0.10000000000000142,-2.3999999999999986,-1.4999999999999982,11.800000000000004,-0.1999999999999993,0.8174999999999955,12.26969
2026,Florida,Texas,Florida,0.8879374782692095,0.11206252173079045,2.0649999999999977,-14.1233,-0.7000000000000028,-4.900000000000006,1.1999999999999993,2.0,7.5,-2.099999999999998,3.2998000000000047,8.742951
2026,Florida,Gonzaga,Florida,0.8011866484314187,0.19881335156858126,5.783000000000001,-1.7443999999999988,-2.799999999999997,0.09999999999999432,2.8000000000000007,-5.1,8.400000000000006,-1.0999999999999979,1.4660999999999973,1.1663800000000002
2026,Florida,Kennesaw St.,Florida,0.9874703693533676,0.012529630646632373,15.286000000000001,-17.238299999999995,2.799999999999997,-2.200000000000003,-0.1999999999999993,-0.7000000000000011,7.700000000000003,-6.5,-0.8682000000000016,16.51129
2026,Florida,Miami FL,Florida,0.8947034092469315,0.10529659075306852,5.00500000000001,-9.177300000000002,-2.1000000000000014,-5.400000000000006,0.3000000000000007,-2.9999999999999982,6.200000000000003,-1.5,2.4688000000000017,4.68347
2026,Florida,Missouri,Florida,0.8693451344029172,0.13065486559708284,6.147000000000006,-10.776300000000006,-1.7999999999999972,-5.100000000000001,-1.5,-1.200000000000001,7.700000000000003,-6.599999999999998,4.018799999999999,7.379519999999999
2026,Florida,Purdue,Purdue,0.4927603710573575,0.5072396289426425,-7.219000000000008,-7.982299999999995,-4.100000000000001,-6.0,3.0,-0.1999999999999993,6.900000000000006,-1.5999999999999979,5.962099999999992,-0.6567100000000003
2026,Florida,Queens,Florida,0.9931416845290395,0.0068583154709604965,11.414000000000001,-24.8403,-3.1000000000000014,-7.700000000000003,1.6999999999999993,0.40000000000000036,12.800000000000004,-8.2,0.8962999999999965,15.49946
2026,Florida,Michigan,Michigan,0.48719452216155096,0.512805477838449,-1.5579999999999927,1.2316000000000003,-4.600000000000001,1.5999999999999943,-0.1999999999999993,-0.09999999999999964,7.800000000000004,-2.8999999999999986,-0.8174000000000063,-5.4627099999999995
2026,Florida,Howard,Florida,0.9948604972518144,0.005139502748185643,22.61200000000001,-13.960300000000004,2.8999999999999986,-1.1000000000000014,-3.3000000000000007,-5.9,6.600000000000001,-7.199999999999999,1.3506,15.40295
2026,Florida,Georgia,Florida,0.8441552763976173,0.15584472360238266,1.740000000000009,-12.493300000000005,-1.1000000000000014,-3.8000000000000043,2.1999999999999993,-2.9999999999999982,8.0,-10.099999999999998,-1.6273999999999944,5.93112
2026,Florida,Saint Louis,Florida,0.947356920159514,0.052643079840485996,6.585000000000008,-9.979299999999995,-6.200000000000003,1.5,-0.8999999999999986,-0.7000000000000011,12.100000000000001,-2.1999999999999993,-0.6154000000000082,6.66108
2026,Florida,Texas Tech,Florida,0.5760405718711858,0.42395942812881415,-0.21099999999999852,-6.540000000000006,-2.700000000000003,-3.1000000000000014,0.5999999999999996,0.7000000000000011,9.900000000000006,-5.300000000000001,3.990300000000005,3.47583
2026,Florida,Hofstra,Florida,0.9615493609917826,0.038450639008217435,12.923000000000002,-12.622299999999996,2.0,0.3999999999999986,0.3999999999999986,0.40000000000000036,8.300000000000004,-5.699999999999999,5.684699999999992,13.201139999999999
2026,Florida,Tennessee,Florida,0.6543248678522786,0.3456751321477214,4.600999999999999,-3.2446999999999946,1.8999999999999986,-1.4000000000000057,-0.6000000000000014,-0.9000000000000004,-1.8999999999999986,-3.099999999999998,5.173699999999997,4.41622
2026,Florida,Miami OH,Florida,0.9845599163142443,0.015440083685755668,9.414000000000001,-15.320300000000003,-5.700000000000003,-4.5,2.0,-2.0999999999999996,17.900000000000002,-3.3000000000000007,0.4568000000000012,6.07764
2026,Florida,Virginia,Florida,0.7363426742860681,0.26365732571393186,3.8359999999999985,-3.5670999999999964,-1.1000000000000014,1.0,0.5,-0.1999999999999993,5.300000000000004,-4.399999999999999,4.820899999999995,0.7693199999999996
2026,Florida,Wright St.,Florida,0.9808238740109878,0.019176125989012194,13.731000000000009,-16.749300000000005,-0.8999999999999986,-5.800000000000004,0.1999999999999993,-1.0999999999999996,10.0,-4.399999999999999,3.421599999999998,15.10074
2026,Florida,Kentucky,Florida,0.8368269426617521,0.16317305733824794,6.182000000000002,-7.703400000000002,0.3999999999999986,-2.5,1.5,-0.40000000000000036,9.400000000000006,-5.300000000000001,2.0792,5.239459999999999
2026,Florida,Santa Clara,Florida,0.8037714300450539,0.19622856995494609,1.0870000000000033,-11.4773,-1.1000000000000014,-5.5,0.9000000000000004,-4.700000000000001,6.5,-7.4999999999999964,1.1410999999999945,6.39082
2026,Florida,Iowa St.,Florida,0.5151045907778832,0.4848954092221168,2.3299999999999983,-0.3503000000000043,-3.0,-3.200000000000003,1.4000000000000004,-6.999999999999998,7.900000000000006,-3.3000000000000007,3.436800000000005,1.1400299999999994
2026,Florida,Tennessee St.,Florida,0.9970276171165259,0.002972382883474123,18.299999999999997,-19.586299999999994,3.3999999999999986,-4.900000000000006,0.0,-4.6,8.300000000000004,-5.099999999999998,0.26189999999999714,14.18796
2026,Prairie View A&M,Siena,Siena,0.3427709157031056,0.6572290842968944,-5.751000000000005,2.4509999999999934,-2.700000000000003,1.7999999999999972,0.0,2.0,-4.799999999999997,5.799999999999997,6.238600000000005,-4.78016
2026,Prairie View A&M,TCU,TCU,0.0411659907882251,0.9588340092117749,-13.39800000000001,11.717600000000004,-3.0,-0.6000000000000014,0.5,-0.5999999999999979,-7.299999999999997,5.599999999999998,3.2894000000000005,-14.93235
2026,Prairie View A&M,St. John's,St. John's,0.00988460578240616,0.9901153942175939,-18.349000000000004,17.266800000000003,-3.1000000000000014,3.0,1.3000000000000007,-0.29999999999999716,-8.799999999999997,4.599999999999998,1.265199999999993,-19.82043
2026,Prairie View A&M,South Florida,South Florida,0.03554683516880606,0.9644531648311939,-15.321000000000012,9.977999999999994,-3.0,2.0,0.8000000000000007,0.3000000000000007,-11.100000000000001,2.9999999999999964,-0.5324999999999989,-12.302592
2026,Prairie View A&M,UCLA,UCLA,0.010039115545647301,0.9899608844543527,-23.102000000000004,9.575999999999993,-6.0,0.0,2.5999999999999996,1.0,-4.0,2.3999999999999986,6.181299999999993,-16.17337
2026,Prairie View A&M,UCF,UCF,0.05905396413779287,0.9409460358622072,-18.54400000000001,5.670000000000002,-4.899999999999999,-2.0,0.3000000000000007,3.3000000000000007,-7.299999999999997,6.299999999999997,1.7528999999999968,-14.67886
2026,Prairie View A&M,Vanderbilt,Vanderbilt,0.0068696662498774035,0.9931303337501226,-26.02000000000001,12.000199999999992,-7.399999999999999,1.6000000000000014,2.6999999999999993,1.2000000000000028,-4.099999999999998,3.1999999999999957,1.8871999999999929,-19.85867
2026,Prairie View A&M,Troy,Troy,0.20390637266527303,0.796093627334727,-9.230000000000004,2.3419999999999987,-4.0,0.29999999999999716,-1.0,2.200000000000003,-7.699999999999996,3.1999999999999957,5.784899999999993,-6.40772
2026,Prairie View A&M,VCU,VCU,0.041871938281060735,0.9581280617189393,-17.830000000000013,8.317999999999998,-6.200000000000003,1.5,0.8000000000000007,1.9000000000000021,-5.199999999999996,4.899999999999999,2.1880000000000024,-14.27013
2026,Prairie View A&M,Saint Mary's,Saint Mary's,0.02411569637891894,0.975884303621081,-17.911,13.812899999999999,-5.0,3.6999999999999957,-0.3999999999999986,3.900000000000002,-10.5,10.999999999999996,5.566900000000004,-16.56734
2026,Prairie View A&M,Texas A&M,Texas A&M,0.01933869119897021,0.9806613088010298,-18.40400000000001,9.930999999999997,-6.300000000000004,-0.3999999999999986,1.4000000000000004,0.8000000000000007,-5.199999999999996,2.299999999999997,-0.14690000000000225,-14.15358
2026,Prairie View A&M,Villanova,Villanova,0.0190890085492027,0.9809109914507973,-18.143,10.816999999999993,-5.800000000000004,-0.8999999999999986,0.9000000000000004,0.40000000000000213,-5.299999999999997,3.099999999999998,5.922600000000003,-16.50093
2026,Prairie View A&M,Utah St.,Utah St.,0.020929550105404936,0.979070449894595,-21.572000000000003,9.269000000000005,-8.700000000000003,0.7999999999999972,0.5999999999999996,-1.5,-6.0,2.5999999999999943,3.3152999999999935,-16.55083
2026,Prairie View A&M,Wisconsin,Wisconsin,0.009058249002428787,0.9909417509975712,-25.730000000000004,9.715000000000003,-6.600000000000001,-0.8999999999999986,3.1999999999999993,4.700000000000001,-2.299999999999997,6.599999999999998,2.174999999999997,-17.93527
2026,Prairie View A&M,Texas,Texas,0.029474524048634643,0.9705254759513654,-22.574000000000012,4.963999999999999,-6.300000000000004,-0.8000000000000043,0.6999999999999993,5.700000000000001,-8.600000000000001,7.899999999999999,3.770300000000006,-12.347939
2026,Prairie View A&M,Purdue,Purdue,0.0037095942556042553,0.9962904057443958,-31.85800000000002,11.105000000000004,-9.700000000000003,-1.8999999999999986,2.5,3.5000000000000018,-9.199999999999996,8.399999999999999,6.432599999999994,-21.7476
2026,Prairie View A&M,Queens,Queens,0.3569230316621241,0.6430769683378759,-13.225000000000009,-5.753,-8.700000000000003,-3.6000000000000014,1.1999999999999993,4.100000000000001,-3.299999999999997,1.7999999999999972,1.3667999999999978,-5.59143
2026,Prairie View A&M,Saint Louis,Saint Louis,0.06452421887523942,0.9354757811247606,-18.054000000000002,9.108000000000004,-11.800000000000004,5.600000000000001,-1.3999999999999986,3.0,-4.0,7.799999999999997,-0.1449000000000069,-14.42981
2026,Prairie View A&M,Texas Tech,Texas Tech,0.005180728458400599,0.9948192715415994,-24.85000000000001,12.547299999999993,-8.300000000000004,1.0,0.09999999999999964,4.400000000000002,-6.199999999999996,4.699999999999996,4.460800000000006,-17.61506
2026,Prairie View A&M,Tennessee,Tennessee,0.007202838549622499,0.9927971614503776,-20.03800000000001,15.842600000000004,-3.700000000000003,2.6999999999999957,-1.1000000000000014,2.8000000000000007,-18.0,6.899999999999999,5.644199999999998,-16.67467
2026,Prairie View A&M,Virginia,Virginia,0.010590924747517019,0.989409075252483,-20.80300000000001,15.520200000000003,-6.700000000000003,5.100000000000001,0.0,3.5000000000000018,-10.799999999999997,5.599999999999998,5.291399999999996,-20.32157
2026,Prairie View A&M,Wright St.,Wright St.,0.16390861083270825,0.8360913891672918,-10.908000000000001,2.337999999999994,-6.5,-1.7000000000000028,-0.3000000000000007,2.6000000000000014,-6.100000000000001,5.599999999999998,3.8920999999999992,-5.99015
2026,Prairie View A&M,Santa Clara,Santa Clara,0.01545691846003687,0.9845430815399632,-23.552000000000007,7.609999999999999,-6.700000000000003,-1.3999999999999986,0.40000000000000036,-1.0,-9.600000000000001,2.5,1.6115999999999957,-14.70007
2026,Prairie View A&M,Tennessee St.,Prairie View A&M,0.5624863050573754,0.4375136949426246,-6.339000000000013,-0.4989999999999952,-2.200000000000003,-0.8000000000000043,-0.5,-0.8999999999999986,-7.799999999999997,4.899999999999999,0.7323999999999984,-6.9029300000000005
2026,Clemson,Duke,Duke,0.12854407340557403,0.871455926594426,-11.594999999999985,6.19789999999999,-4.199999999999996,2.6999999999999957,-1.5,-0.6000000000000014,-10.0,0.8999999999999986,-1.5295999999999879,-10.492
2026,Clemson,Siena,Clemson,0.9578054922721086,0.04219450772789135,9.358000000000004,-11.905300000000011,2.0,0.29999999999999716,-1.8000000000000007,0.3999999999999986,-3.799999999999997,-3.3000000000000007,-0.3570999999999884,10.955639999999999
2026,Clemson,Ohio St.,Ohio St.,0.294615626436565,0.705384373563435,-8.646999999999991,-4.583300000000008,-3.8999999999999986,-1.3999999999999986,-1.200000000000001,1.6999999999999993,-2.6999999999999993,-4.300000000000001,-1.8881999999999977,0.2866900000000001
2026,Clemson,TCU,Clemson,0.6514046949026905,0.3485953050973095,1.7109999999999985,-2.6387,1.7000000000000028,-2.1000000000000014,-1.3000000000000007,-2.1999999999999993,-6.299999999999997,-3.5,-3.306299999999993,0.8034500000000002
2026,Clemson,St. John's,St. John's,0.302901729803267,0.697098270196733,-3.239999999999995,2.910499999999999,1.6000000000000014,1.5,-0.5,-1.8999999999999986,-7.799999999999997,-4.5,-5.330500000000001,-4.08463
2026,Clemson,Northern Iowa,Clemson,0.663558723634716,0.336441276365284,6.793000000000006,-1.565000000000012,-1.6000000000000014,1.6999999999999957,-0.40000000000000036,-0.6000000000000014,6.100000000000001,-0.6000000000000014,2.0864000000000047,8.454889999999999
2026,Clemson,Kansas,Kansas,0.33378258942621064,0.6662174105737894,-1.2549999999999955,2.6422999999999917,1.0,3.6999999999999957,-1.3000000000000007,3.5,-1.3999999999999986,-4.400000000000002,-3.3363999999999976,-3.0900999999999996
2026,Clemson,Louisville,Louisville,0.3039427742802722,0.6960572257197277,-7.471000000000004,-1.1651999999999987,-3.799999999999997,0.10000000000000142,-2.1999999999999993,0.8000000000000007,-4.799999999999997,-1.1999999999999993,-5.438999999999993,-0.8212799999999998
2026,Clemson,South Florida,Clemson,0.6160024607335463,0.38399753926645375,-0.2120000000000033,-4.37830000000001,1.7000000000000028,0.5,-1.0,-1.3000000000000007,-10.100000000000001,-6.100000000000001,-7.1281999999999925,3.433208
2026,Clemson,Michigan St.,Michigan St.,0.370303417071019,0.629696582928981,-6.3559999999999945,0.8181999999999903,-1.0,0.29999999999999716,-2.900000000000002,2.6999999999999993,-10.399999999999999,3.099999999999998,-1.707499999999996,-4.26741
2026,Clemson,North Dakota St.,Clemson,0.9142493018917927,0.08575069810820735,5.1370000000000005,-9.022300000000001,-0.7999999999999972,-2.6000000000000014,-1.4000000000000004,-1.1999999999999993,-5.5,0.0,-2.08359999999999,6.53157
2026,Clemson,UCLA,UCLA,0.3062199264046452,0.6937800735953548,-7.992999999999995,-4.780300000000011,-1.2999999999999972,-1.5,0.7999999999999989,-0.6000000000000014,-3.0,-6.699999999999999,-0.41440000000000055,-0.43757
2026,Clemson,UCF,Clemson,0.7320190888675892,0.26798091113241085,-3.4350000000000023,-8.686300000000003,-0.19999999999999574,-3.5,-1.5,1.6999999999999993,-6.299999999999997,-2.8000000000000007,-4.842799999999997,1.05694
2026,Clemson,Connecticut,Connecticut,0.2950276933711034,0.7049723066288966,-6.530000000000001,2.019999999999996,-2.6999999999999957,3.1999999999999957,-2.6000000000000014,-0.5,-7.600000000000001,-3.0,-0.3094999999999999,-5.66424
2026,Clemson,Furman,Clemson,0.9527723972827431,0.0472276027172569,9.644999999999996,-12.01830000000001,-2.1999999999999957,-1.2000000000000028,-3.6000000000000014,3.8000000000000007,-2.8999999999999986,-1.8000000000000007,-1.5675999999999988,11.91027
2026,Clemson,Florida,Florida,0.14297089721718295,0.8570291027828171,-9.530000000000001,4.7309999999999945,-0.8999999999999986,2.6000000000000014,-2.3000000000000007,2.0999999999999996,-15.100000000000001,0.8999999999999986,-6.125199999999992,-5.35509
2026,Clemson,Prairie View A&M,Clemson,0.9775404763435637,0.02245952365643633,15.109000000000009,-14.356300000000005,4.700000000000003,-1.5,-1.8000000000000007,-1.6000000000000014,1.0,-9.099999999999998,-6.595699999999994,15.735800000000001
2026,Clemson,Iowa,Iowa,0.3505781305379848,0.6494218694620152,-5.563999999999993,-3.2002999999999986,-4.0,-3.8000000000000043,-1.0,-3.5,-2.0,-2.3000000000000007,1.2462000000000089,1.2290100000000002
2026,Clemson,Vanderbilt,Vanderbilt,0.23140025577936585,0.7685997442206342,-10.911000000000001,-2.356100000000012,-2.6999999999999957,0.10000000000000142,0.8999999999999986,-0.3999999999999986,-3.099999999999998,-5.900000000000002,-4.708500000000001,-4.12287
2026,Clemson,McNeese St.,Clemson,0.7721667086121684,0.2278332913878316,3.4069999999999965,-5.1233,1.6000000000000014,0.0,-0.10000000000000142,-7.100000000000001,-6.899999999999999,-9.3,-1.862799999999993,2.47467
2026,Clemson,Nebraska,Nebraska,0.3973306162584244,0.6026693837415755,-0.6439999999999912,3.5083999999999946,-2.799999999999997,1.1000000000000014,-0.20000000000000107,-1.6999999999999993,1.8000000000000007,-2.0,-2.5475999999999885,-4.27897
2026,Clemson,Troy,Clemson,0.9176826012082673,0.08231739879173272,5.879000000000005,-12.014300000000006,0.7000000000000028,-1.2000000000000028,-2.8000000000000007,0.6000000000000014,-6.699999999999996,-5.900000000000002,-0.8108000000000004,9.32808
2026,Clemson,North Carolina,North Carolina,0.4635985988691719,0.5364014011308281,-4.849999999999994,-3.0023000000000053,-2.0,0.6999999999999957,0.1999999999999993,3.9000000000000004,-3.299999999999997,-2.400000000000002,-3.712299999999999,-1.74458
2026,Clemson,VCU,Clemson,0.6554221269344244,0.34457787306557564,-2.7210000000000036,-6.038300000000007,-1.5,0.0,-1.0,0.3000000000000007,-4.199999999999996,-4.199999999999999,-4.407699999999991,1.46567
2026,Clemson,Illinois,Illinois,0.09525431478209251,0.9047456852179074,-15.38199999999999,-1.2109999999999985,-2.5,1.2999999999999972,1.0,5.9,-10.600000000000001,-1.3000000000000007,-1.4449999999999932,-3.3831100000000003
2026,Clemson,Penn,Clemson,0.9088043762622152,0.09119562373778478,10.004999999999995,-8.389300000000006,2.3000000000000043,-2.8000000000000043,-1.200000000000001,-0.3000000000000007,-2.1999999999999993,-4.800000000000001,-4.750999999999991,9.18341
2026,Clemson,Saint Mary's,Clemson,0.518202914390172,0.48179708560982804,-2.8019999999999925,-0.5434000000000054,-0.29999999999999716,2.1999999999999957,-2.1999999999999993,2.3000000000000007,-9.5,1.8999999999999986,-1.0287999999999897,-0.8315399999999995
2026,Clemson,Texas A&M,Texas A&M,0.4618755486490685,0.5381244513509316,-3.2950000000000017,-4.425300000000007,-1.6000000000000014,-1.8999999999999986,-0.40000000000000036,-0.8000000000000007,-4.199999999999996,-6.800000000000001,-6.742599999999996,1.5822200000000002
2026,Clemson,Houston,Houston,0.10643506474302772,0.8935649352569723,-8.774999999999991,4.613399999999999,0.5,2.299999999999997,1.1999999999999993,-3.5,-7.799999999999997,-5.199999999999999,0.9481000000000037,-5.819719999999999
2026,Clemson,Idaho,Clemson,0.9060221468672772,0.09397785313272278,7.736000000000004,-9.170300000000012,0.7000000000000028,-1.3999999999999986,-0.8000000000000007,2.3000000000000007,-0.7999999999999972,1.5,-3.150899999999993,12.040780000000002
2026,Clemson,LIU,Clemson,0.9825875047264518,0.017412495273548156,12.920000000000002,-12.776300000000006,-0.6999999999999957,-0.8999999999999986,-4.800000000000001,-1.3999999999999986,-6.199999999999996,-6.900000000000002,-3.5555999999999983,8.95535
2026,Clemson,Villanova,Villanova,0.4585840955888817,0.5414159044111183,-3.033999999999992,-3.5393000000000114,-1.1000000000000014,-2.3999999999999986,-0.9000000000000004,-1.1999999999999993,-4.299999999999997,-6.0,-0.6730999999999909,-0.7651300000000001
2026,Clemson,Utah St.,Utah St.,0.48197865939728407,0.5180213406027159,-6.462999999999994,-5.087299999999999,-4.0,-0.7000000000000028,-1.200000000000001,-3.1000000000000014,-5.0,-6.5000000000000036,-3.2804,-0.8150300000000001
2026,Clemson,Wisconsin,Wisconsin,0.2846208045100555,0.7153791954899444,-10.620999999999995,-4.641300000000001,-1.8999999999999986,-2.3999999999999986,1.3999999999999986,3.0999999999999996,-1.2999999999999972,-2.5,-4.4206999999999965,-2.19947
2026,Clemson,High Point,Clemson,0.8825531146212675,0.11744688537873249,0.8710000000000093,-10.50330000000001,-2.1000000000000014,-1.2000000000000028,1.1999999999999993,-4.399999999999999,-4.0,-6.0,-5.615799999999993,4.61009
2026,Clemson,Hawaii,Clemson,0.9304092898355711,0.06959071016442886,9.692999999999998,-4.835300000000004,0.6000000000000014,2.5,-4.699999999999999,0.6000000000000014,-3.299999999999997,0.6999999999999993,-5.307699999999997,6.9146
2026,Clemson,Texas,Clemson,0.5693043793781264,0.4306956206218736,-7.465000000000003,-9.392300000000006,-1.6000000000000014,-2.3000000000000043,-1.1000000000000014,4.1,-7.600000000000001,-1.1999999999999993,-2.8253999999999877,3.387861
2026,Clemson,Gonzaga,Gonzaga,0.4020085024517624,0.5979914975482377,-3.747,2.9865999999999957,-3.6999999999999957,2.6999999999999957,0.5,-3.0,-6.699999999999996,-0.1999999999999993,-4.659099999999995,-4.1887099999999995
2026,Clemson,Kennesaw St.,Clemson,0.9293153315309578,0.0706846684690422,5.756,-12.5073,1.8999999999999986,0.3999999999999986,-2.5,1.3999999999999986,-7.399999999999999,-5.600000000000001,-6.993399999999994,11.1562
2026,Clemson,Miami FL,Clemson,0.5863460650438972,0.4136539349561028,-4.5249999999999915,-4.446300000000008,-3.0,-2.8000000000000043,-2.0,-0.8999999999999986,-8.899999999999999,-0.6000000000000014,-3.6563999999999908,-0.6716199999999999
2026,Clemson,Missouri,Clemson,0.5260639018172203,0.4739360981827797,-3.3829999999999956,-6.045300000000012,-2.6999999999999957,-2.5,-3.8000000000000007,0.8999999999999986,-7.399999999999999,-5.699999999999999,-2.1063999999999936,2.02443
2026,Clemson,Purdue,Purdue,0.13945891442139724,0.8605410855786028,-16.74900000000001,-3.2513000000000005,-5.0,-3.3999999999999986,0.6999999999999993,1.9000000000000004,-8.199999999999996,-0.6999999999999993,-0.16310000000000002,-6.0118
2026,Clemson,Queens,Clemson,0.9602498806918772,0.03975011930812278,1.8840000000000003,-20.109300000000005,-4.0,-5.100000000000001,-0.6000000000000014,2.5,-2.299999999999997,-7.300000000000001,-5.228899999999996,10.14437
2026,Clemson,Michigan,Michigan,0.13680738176416818,0.8631926182358318,-11.087999999999994,5.962599999999995,-5.5,4.199999999999996,-2.5,2.0,-7.299999999999997,-2.0,-6.942599999999999,-10.817799999999998
2026,Clemson,Howard,Clemson,0.9699626339383979,0.030037366061602122,13.082000000000008,-9.22930000000001,2.0,1.5,-5.600000000000001,-3.8000000000000007,-8.5,-6.300000000000001,-4.774599999999992,10.04786
2026,Clemson,Georgia,Georgia,0.47468304941090056,0.5253169505890994,-7.789999999999992,-7.76230000000001,-2.0,-1.2000000000000028,-0.10000000000000142,-0.8999999999999986,-7.100000000000001,-9.2,-7.752599999999987,0.5760300000000003
2026,Clemson,Saint Louis,Clemson,0.7501308620727503,0.24986913792724974,-2.944999999999993,-5.2483,-7.100000000000001,4.100000000000001,-3.1999999999999993,1.3999999999999986,-3.0,-1.3000000000000007,-6.740600000000001,1.3059900000000002
2026,Clemson,Texas Tech,Texas Tech,0.18478024660563339,0.8152197533943666,-9.741,-1.8090000000000117,-3.6000000000000014,-0.5,-1.700000000000001,2.8000000000000007,-5.199999999999996,-4.400000000000002,-2.1348999999999876,-1.8792599999999995
2026,Clemson,Hofstra,Clemson,0.8066425060116876,0.19335749398831237,3.3930000000000007,-7.891300000000001,1.1000000000000014,3.0,-1.9000000000000021,2.5,-6.799999999999997,-4.800000000000001,-0.4405000000000001,7.84605
2026,Clemson,Tennessee,Tennessee,0.2399914792855413,0.7600085207144587,-4.929000000000002,1.4863,1.0,1.1999999999999957,-2.900000000000002,1.1999999999999993,-17.0,-2.1999999999999993,-0.9514999999999958,-0.9388699999999996
2026,Clemson,Miami OH,Clemson,0.9140717958790842,0.08592820412091584,-0.11599999999999966,-10.589300000000009,-6.600000000000001,-1.8999999999999986,-0.3000000000000007,0.0,2.8000000000000007,-2.400000000000002,-5.668399999999991,0.72255
2026,Clemson,Virginia,Virginia,0.3178249722658936,0.6821750277341063,-5.694000000000003,1.1638999999999982,-2.0,3.6000000000000014,-1.8000000000000007,1.9000000000000004,-9.799999999999997,-3.5,-1.3042999999999978,-4.58577
2026,Clemson,Wright St.,Clemson,0.8950970072324845,0.10490299276751547,4.201000000000008,-12.01830000000001,-1.7999999999999972,-3.200000000000003,-2.1000000000000014,1.0,-5.100000000000001,-3.5,-2.7035999999999945,9.745650000000001
2026,Clemson,Kentucky,Kentucky,0.46107272952789796,0.538927270472102,-3.347999999999999,-2.9724000000000075,-0.5,0.10000000000000142,-0.8000000000000007,1.6999999999999993,-5.699999999999996,-4.400000000000002,-4.045999999999992,-0.1156299999999999
2026,Clemson,Santa Clara,Santa Clara,0.4059349262396058,0.5940650737603942,-8.442999999999998,-6.746300000000005,-2.0,-2.8999999999999986,-1.4000000000000004,-2.6000000000000014,-8.600000000000001,-6.599999999999998,-4.984099999999998,1.03573
2026,Clemson,Iowa St.,Iowa St.,0.1505371858005334,0.8494628141994666,-7.200000000000003,4.38069999999999,-3.8999999999999986,-0.6000000000000014,-0.9000000000000004,-4.899999999999999,-7.199999999999996,-2.400000000000002,-2.6883999999999872,-4.21506
2026,Clemson,Tennessee St.,Clemson,0.9824428989504482,0.01755710104955177,8.769999999999996,-14.8553,2.5,-2.3000000000000043,-2.3000000000000007,-2.5,-6.799999999999997,-4.199999999999999,-5.863299999999995,8.83287
2026,Iowa,Siena,Iowa,0.9767710650032594,0.023228934996740613,14.921999999999997,-8.705000000000013,6.0,4.100000000000001,-0.8000000000000007,3.8999999999999986,-1.7999999999999972,-1.0,-1.6032999999999973,9.72663
2026,Iowa,Ohio St.,Ohio St.,0.4362064796837656,0.5637935203162344,-3.0829999999999984,-1.3830000000000098,0.10000000000000142,2.4000000000000057,-0.20000000000000107,5.199999999999999,-0.6999999999999993,-2.0,-3.1344000000000065,-0.94232
2026,Iowa,TCU,Iowa,0.775862981072392,0.22413701892760796,7.2749999999999915,0.5615999999999985,5.700000000000003,1.7000000000000028,-0.3000000000000007,1.3000000000000007,-4.299999999999997,-1.1999999999999993,-4.552500000000002,-0.42555999999999994
2026,Iowa,St. John's,St. John's,0.44595718437715787,0.5540428156228421,2.323999999999998,6.110799999999998,5.600000000000001,5.300000000000004,0.5,1.6000000000000014,-5.799999999999997,-2.1999999999999993,-6.5767000000000095,-5.3136399999999995
2026,Iowa,Northern Iowa,Iowa,0.7851091751717145,0.21489082482828548,12.357,1.6352999999999867,2.3999999999999986,5.5,0.5999999999999996,2.8999999999999986,8.100000000000001,1.6999999999999993,0.8401999999999958,7.22588
2026,Iowa,Kansas,Kansas,0.48135183730706216,0.5186481626929378,4.3089999999999975,5.84259999999999,5.0,7.5,-0.3000000000000007,7.0,0.6000000000000014,-2.1000000000000014,-4.5826000000000064,-4.31911
2026,Iowa,Louisville,Louisville,0.4471745017374641,0.5528254982625359,-1.9070000000000107,2.0351,0.20000000000000284,3.9000000000000057,-1.1999999999999993,4.300000000000001,-2.799999999999997,1.1000000000000014,-6.685200000000002,-2.05029
2026,Iowa,South Florida,Iowa,0.7482147993562865,0.25178520064371346,5.35199999999999,-1.1780000000000115,5.700000000000003,4.300000000000004,0.0,2.1999999999999993,-8.100000000000001,-3.8000000000000007,-8.374400000000001,2.204198
2026,Iowa,Michigan St.,Iowa,0.5213828421977966,0.4786171578022034,-0.7920000000000016,4.018499999999989,3.0,4.100000000000001,-1.9000000000000021,6.199999999999999,-8.399999999999999,5.399999999999999,-2.953700000000005,-5.4964200000000005
2026,Iowa,North Dakota St.,Iowa,0.9518074361155028,0.04819256388449722,10.700999999999993,-5.822000000000003,3.200000000000003,1.2000000000000028,-0.40000000000000036,2.3000000000000007,-3.5,2.3000000000000007,-3.3297999999999988,5.30256
2026,Iowa,UCLA,UCLA,0.44983125574810295,0.550168744251897,-2.429000000000002,-1.5800000000000125,2.700000000000003,2.3000000000000043,1.799999999999999,2.8999999999999986,-1.0,-4.399999999999999,-1.6606000000000094,-1.6665800000000002
2026,Iowa,UCF,Iowa,0.8349867086531635,0.1650132913468365,2.1289999999999907,-5.486000000000004,3.8000000000000043,0.30000000000000426,-0.5,5.199999999999999,-4.299999999999997,-0.5,-6.089000000000006,-0.17207000000000017
2026,Iowa,Prairie View A&M,Iowa,0.9877490344888851,0.01225096551111493,20.673000000000002,-11.156000000000006,8.700000000000003,2.3000000000000043,-0.8000000000000007,1.8999999999999986,3.0,-6.799999999999997,-7.8419000000000025,14.50679
2026,Iowa,Vanderbilt,Vanderbilt,0.35803053067461754,0.6419694693253825,-5.347000000000008,0.8441999999999865,1.3000000000000043,3.9000000000000057,1.8999999999999986,3.1000000000000014,-1.0999999999999979,-3.6000000000000014,-5.95470000000001,-5.3518799999999995
2026,Iowa,McNeese St.,Iowa,0.8626036178103897,0.13739638218961026,8.97099999999999,-1.9230000000000018,5.600000000000001,3.8000000000000043,0.8999999999999986,-3.6000000000000014,-4.899999999999999,-7.0,-3.1090000000000018,1.24566
2026,Iowa,Nebraska,Iowa,0.5498089738006118,0.4501910261993882,4.920000000000002,6.708699999999993,1.2000000000000028,4.900000000000006,0.7999999999999989,1.8000000000000007,3.8000000000000007,0.3000000000000007,-3.7937999999999974,-5.50798
2026,Iowa,Troy,Iowa,0.9538129457343105,0.046187054265689476,11.442999999999998,-8.814000000000007,4.700000000000003,2.6000000000000014,-1.8000000000000007,4.100000000000001,-4.699999999999996,-3.6000000000000014,-2.0570000000000093,8.09907
2026,Iowa,North Carolina,Iowa,0.6155341047553067,0.3844658952446933,0.7139999999999986,0.1979999999999933,2.0,4.5,1.1999999999999993,7.4,-1.2999999999999972,-0.10000000000000142,-4.958500000000008,-2.97359
2026,Iowa,VCU,Iowa,0.7789328477530693,0.22106715224693074,2.8429999999999893,-2.838000000000008,2.5,3.8000000000000043,0.0,3.8000000000000007,-2.1999999999999957,-1.8999999999999986,-5.6539,0.23665999999999987
2026,Iowa,Penn,Iowa,0.9486133021989986,0.05138669780100136,15.568999999999988,-5.189000000000007,6.300000000000004,1.0,-0.20000000000000107,3.1999999999999993,-0.1999999999999993,-2.5,-5.997199999999999,7.9544
2026,Iowa,Saint Mary's,Iowa,0.665820711882309,0.33417928811769104,2.7620000000000005,2.656899999999993,3.700000000000003,6.0,-1.1999999999999993,5.800000000000001,-7.5,4.199999999999999,-2.2749999999999986,-2.0605499999999997
2026,Iowa,Texas A&M,Iowa,0.6138926334193637,0.38610736658063627,2.2689999999999912,-1.2250000000000085,2.3999999999999986,1.9000000000000057,0.5999999999999996,2.6999999999999993,-2.1999999999999957,-4.5,-7.988800000000005,0.35321
2026,Iowa,LIU,Iowa,0.9905242672020915,0.009475732797908476,18.483999999999995,-9.576000000000008,3.3000000000000043,2.9000000000000057,-3.8000000000000007,2.1000000000000014,-4.199999999999996,-4.600000000000001,-4.801800000000007,7.72634
2026,Iowa,Villanova,Iowa,0.6107473799396506,0.38925262006034944,2.530000000000001,-0.33900000000001285,2.8999999999999986,1.4000000000000057,0.09999999999999964,2.3000000000000007,-2.299999999999997,-3.6999999999999993,-1.9192999999999998,-1.9941400000000002
2026,Iowa,Utah St.,Iowa,0.6328312717033802,0.36716872829661984,-0.8990000000000009,-1.8870000000000005,0.0,3.1000000000000014,-0.20000000000000107,0.3999999999999986,-3.0,-4.200000000000003,-4.526600000000009,-2.0440400000000003
2026,Iowa,Wisconsin,Wisconsin,0.4242975377893609,0.575702462210639,-5.057000000000002,-1.4410000000000025,2.1000000000000014,1.4000000000000057,2.3999999999999986,6.6,0.7000000000000028,-0.1999999999999993,-5.666900000000005,-3.42848
2026,Iowa,Texas,Iowa,0.710026457373297,0.28997354262670305,-1.9010000000000105,-6.192000000000007,2.3999999999999986,1.5,-0.10000000000000142,7.6,-5.600000000000001,1.1000000000000014,-4.0715999999999966,2.158851
2026,Iowa,Kennesaw St.,Iowa,0.9605593347635769,0.03944066523642309,11.319999999999993,-9.307000000000002,5.899999999999999,4.200000000000003,-1.5,4.899999999999999,-5.399999999999999,-3.3000000000000007,-8.239600000000003,9.92719
2026,Iowa,Miami FL,Iowa,0.7241975556116885,0.2758024443883115,1.0390000000000015,-1.2460000000000093,1.0,1.0,-1.0,2.6000000000000014,-6.899999999999999,1.6999999999999993,-4.9026,-1.90063
2026,Iowa,Missouri,Iowa,0.6727939750311341,0.32720602496886586,2.1809999999999974,-2.845000000000013,1.3000000000000043,1.3000000000000043,-2.8000000000000007,4.399999999999999,-5.399999999999999,-3.3999999999999986,-3.3526000000000025,0.79542
2026,Iowa,Purdue,Purdue,0.2308900381262122,0.7691099618737878,-11.185000000000016,-0.05100000000000193,-1.0,0.4000000000000057,1.6999999999999993,5.4,-6.199999999999996,1.6000000000000014,-1.4093000000000089,-7.24081
2026,Iowa,Queens,Iowa,0.9781418241709512,0.02185817582904881,7.447999999999993,-16.909000000000006,0.0,-1.2999999999999972,0.3999999999999986,6.0,-0.29999999999999716,-5.0,-6.475100000000005,8.91536
2026,Iowa,Michigan,Michigan,0.22695860467759557,0.7730413953224045,-5.524000000000001,9.162899999999993,-1.5,8.0,-1.5,5.5,-5.299999999999997,0.3000000000000007,-8.188800000000008,-12.046809999999999
2026,Iowa,Saint Louis,Iowa,0.8475882577712716,0.15241174222872844,2.6189999999999998,-2.048000000000002,-3.1000000000000014,7.900000000000006,-2.1999999999999993,4.899999999999999,-1.0,1.0,-7.9868000000000094,0.07698000000000005
2026,Iowa,Texas Tech,Texas Tech,0.29571405096875963,0.7042859490312403,-4.177000000000007,1.3912999999999869,0.3999999999999986,3.3000000000000043,-0.7000000000000011,6.300000000000001,-3.1999999999999957,-2.1000000000000014,-3.3810999999999964,-3.1082699999999996
2026,Iowa,Tennessee,Tennessee,0.3690656480666032,0.6309343519333968,0.6349999999999909,4.6865999999999985,5.0,5.0,-1.9000000000000021,4.699999999999999,-15.0,0.10000000000000142,-2.1977000000000046,-2.16788
2026,Iowa,Miami OH,Iowa,0.9517035692979212,0.048296430702078785,5.447999999999993,-7.38900000000001,-2.6000000000000014,1.9000000000000057,0.6999999999999993,3.5,4.800000000000001,-0.10000000000000142,-6.9146,-0.5064600000000001
2026,Iowa,Virginia,Virginia,0.46324479814854597,0.5367552018514541,-0.13000000000000966,4.364199999999997,2.0,7.400000000000006,-0.8000000000000007,5.4,-7.799999999999997,-1.1999999999999993,-2.5505000000000067,-5.814780000000001
2026,Iowa,Wright St.,Iowa,0.9404977426378005,0.059502257362199495,9.765,-8.818000000000012,2.200000000000003,0.6000000000000014,-1.1000000000000014,4.5,-3.1000000000000014,-1.1999999999999993,-3.9498000000000033,8.51664
2026,Iowa,Kentucky,Iowa,0.6131266421476473,0.38687335785235266,2.215999999999994,0.2278999999999911,3.5,3.9000000000000057,0.1999999999999993,5.199999999999999,-3.6999999999999957,-2.1000000000000014,-5.292200000000001,-1.34464
2026,Iowa,Santa Clara,Iowa,0.5586544371168984,0.44134556288310156,-2.879000000000005,-3.5460000000000065,2.0,0.9000000000000057,-0.40000000000000036,0.8999999999999986,-6.600000000000001,-4.299999999999997,-6.230300000000007,-0.19328000000000012
2026,Iowa,Iowa St.,Iowa St.,0.24714543696688426,0.7528545630331157,-1.63600000000001,7.580999999999989,0.10000000000000142,3.200000000000003,0.09999999999999964,-1.3999999999999986,-5.199999999999996,-0.10000000000000142,-3.934599999999996,-5.44407
2026,Iowa,Tennessee St.,Iowa,0.9904449330012762,0.009555066998723771,14.333999999999989,-11.655000000000001,6.5,1.5,-1.3000000000000007,1.0,-4.799999999999997,-1.8999999999999986,-7.109500000000004,7.603859999999999
2026,Vanderbilt,Villanova,Vanderbilt,0.7377636581241185,0.2622363418758815,7.8770000000000095,-1.1831999999999994,1.5999999999999943,-2.5,-1.799999999999999,-0.8000000000000007,-1.1999999999999993,-0.09999999999999787,4.03540000000001,3.3577399999999997
2026,Vanderbilt,Wisconsin,Vanderbilt,0.5692437801583928,0.43075621984160717,0.29000000000000625,-2.285199999999989,0.7999999999999972,-2.5,0.5,3.4999999999999982,1.8000000000000007,3.400000000000002,0.2878000000000043,1.9234
2026,Vanderbilt,Virginia,Vanderbilt,0.6074571634655933,0.3925428365344067,5.216999999999999,3.5200000000000102,0.6999999999999957,3.5,-2.6999999999999993,2.299999999999999,-6.699999999999999,2.400000000000002,3.404200000000003,-0.4629000000000003
2026,Vanderbilt,Wright St.,Vanderbilt,0.9659182607975506,0.03408173920244939,15.112000000000009,-9.662199999999999,0.8999999999999986,-3.3000000000000043,-3.0,1.3999999999999986,-2.0000000000000036,2.400000000000002,2.0049000000000063,13.86852
2026,McNeese St.,Siena,McNeese St.,0.8700915394526761,0.12990846054732386,5.951000000000008,-6.782000000000011,0.3999999999999986,0.29999999999999716,-1.6999999999999993,7.5,3.1000000000000014,6.0,1.5057000000000045,8.48097
2026,McNeese St.,Ohio St.,Ohio St.,0.10971479830803565,0.8902852016919643,-12.053999999999988,0.539999999999992,-5.5,-1.3999999999999986,-1.0999999999999996,8.8,4.199999999999999,5.0,-0.025400000000004752,-2.18798
2026,McNeese St.,TCU,TCU,0.35540439893294024,0.6445956010670597,-1.695999999999998,2.4846000000000004,0.10000000000000142,-2.1000000000000014,-1.1999999999999993,4.900000000000002,0.6000000000000014,5.800000000000001,-1.4435000000000002,-1.67122
2026,McNeese St.,St. John's,St. John's,0.1136383261747198,0.8863616738252802,-6.646999999999991,8.0338,0.0,1.5,-0.3999999999999986,5.200000000000003,-0.8999999999999986,4.800000000000001,-3.4677000000000078,-6.5593
2026,McNeese St.,Northern Iowa,Northern Iowa,0.367863698625701,0.632136301374299,3.38600000000001,3.5582999999999885,-3.200000000000003,1.6999999999999957,-0.29999999999999893,6.5,13.0,8.7,3.9491999999999976,5.980219999999999
2026,McNeese St.,South Florida,South Florida,0.3212634671982764,0.6787365328017236,-3.6189999999999998,0.7449999999999903,0.10000000000000142,0.5,-0.8999999999999986,5.800000000000001,-3.200000000000003,3.1999999999999993,-5.2654,0.958538
2026,McNeese St.,Michigan St.,Michigan St.,0.14785789485731393,0.8521421051426861,-9.762999999999991,5.941499999999991,-2.6000000000000014,0.29999999999999716,-2.8000000000000007,9.8,-3.5,12.399999999999999,0.15529999999999688,-6.74208
2026,McNeese St.,North Dakota St.,McNeese St.,0.7587928631277109,0.24120713687228912,1.730000000000004,-3.899000000000001,-2.3999999999999986,-2.6000000000000014,-1.299999999999999,5.900000000000002,1.3999999999999986,9.3,-0.220799999999997,4.056900000000001
2026,McNeese St.,UCLA,UCLA,0.11522590670623799,0.884774093293762,-11.399999999999991,0.3429999999999893,-2.8999999999999986,-1.5,0.9000000000000004,6.5,3.8999999999999986,2.6000000000000014,1.4483999999999924,-2.91224
2026,McNeese St.,UCF,UCF,0.44628423539902823,0.5537157646009718,-6.841999999999999,-3.5630000000000024,-1.7999999999999972,-3.5,-1.3999999999999986,8.8,0.6000000000000014,6.5,-2.980000000000004,-1.4177300000000002
2026,McNeese St.,Prairie View A&M,McNeese St.,0.9277572857082813,0.07224271429171869,11.702000000000012,-9.233000000000004,3.1000000000000014,-1.5,-1.6999999999999993,5.5,7.899999999999999,0.20000000000000284,-4.732900000000001,13.26113
2026,McNeese St.,Vanderbilt,Vanderbilt,0.08158471709078373,0.9184152829092163,-14.317999999999998,2.7671999999999883,-4.299999999999997,0.10000000000000142,1.0,6.700000000000003,3.8000000000000007,3.3999999999999986,-2.845700000000008,-6.59754
2026,McNeese St.,Nebraska,Nebraska,0.1628482832082928,0.8371517167917072,-4.050999999999988,8.631699999999995,-4.399999999999999,1.1000000000000014,-0.09999999999999964,5.400000000000002,8.7,7.300000000000001,-0.6847999999999956,-6.753640000000001
2026,McNeese St.,Troy,McNeese St.,0.7668631604217462,0.23313683957825382,2.4720000000000084,-6.891000000000005,-0.8999999999999986,-1.2000000000000028,-2.6999999999999993,7.700000000000003,0.20000000000000284,3.3999999999999986,1.0519999999999925,6.85341
2026,McNeese St.,North Carolina,North Carolina,0.20319401411900534,0.7968059858809946,-8.25699999999999,2.120999999999995,-3.6000000000000014,0.6999999999999957,0.3000000000000007,11.000000000000002,3.6000000000000014,6.899999999999999,-1.8495000000000061,-4.219250000000001
2026,McNeese St.,VCU,VCU,0.35947882608624443,0.6405211739137555,-6.128,-0.9150000000000063,-3.1000000000000014,0.0,-0.8999999999999986,7.400000000000002,2.700000000000003,5.100000000000001,-2.5448999999999984,-1.0090000000000001
2026,McNeese St.,Penn,McNeese St.,0.7462169610269891,0.2537830389730109,6.597999999999999,-3.2660000000000053,0.7000000000000028,-2.8000000000000043,-1.0999999999999996,6.800000000000001,4.699999999999999,4.5,-2.8881999999999977,6.708740000000001
2026,McNeese St.,Saint Mary's,Saint Mary's,0.24090167785763306,0.7590983221423669,-6.208999999999989,4.579899999999995,-1.8999999999999986,2.1999999999999957,-2.099999999999998,9.400000000000002,-2.6000000000000014,11.2,0.8340000000000032,-3.3062099999999996
2026,McNeese St.,Texas A&M,Texas A&M,0.20207419851895733,0.7979258014810426,-6.701999999999998,0.6979999999999933,-3.200000000000003,-1.8999999999999986,-0.29999999999999893,6.300000000000001,2.700000000000003,2.5,-4.879800000000003,-0.89245
2026,McNeese St.,Villanova,Villanova,0.19994624706108136,0.8000537529389187,-6.440999999999988,1.583999999999989,-2.700000000000003,-2.3999999999999986,-0.7999999999999989,5.900000000000002,2.6000000000000014,3.3000000000000007,1.189700000000002,-3.2398000000000002
2026,McNeese St.,Utah St.,Utah St.,0.2153956702477622,0.7846043297522378,-9.86999999999999,0.036000000000001364,-5.600000000000001,-0.7000000000000028,-1.0999999999999996,4.0,1.8999999999999986,2.799999999999997,-1.4176000000000073,-3.2897000000000003
2026,McNeese St.,Wisconsin,Wisconsin,0.10505847803943487,0.8949415219605651,-14.027999999999992,0.4819999999999993,-3.5,-2.3999999999999986,1.5,10.200000000000001,5.600000000000001,6.800000000000001,-2.5579000000000036,-4.6741399999999995
2026,McNeese St.,Texas,Texas,0.28058277751967037,0.7194172224803297,-10.872,-4.2690000000000055,-3.200000000000003,-2.3000000000000043,-1.0,11.200000000000001,-0.7000000000000028,8.100000000000001,-0.9625999999999948,0.913191
2026,McNeese St.,Miami FL,Miami FL,0.2948994771244177,0.7051005228755822,-7.931999999999988,0.6769999999999925,-4.600000000000001,-2.8000000000000043,-1.8999999999999986,6.200000000000003,-2.0,8.7,-1.7935999999999979,-3.14629
2026,McNeese St.,Missouri,Missouri,0.2467101167063554,0.7532898832936445,-6.789999999999992,-0.9220000000000113,-4.299999999999997,-2.5,-3.6999999999999993,8.0,-0.5,3.6000000000000014,-0.2436000000000007,-0.45024
2026,McNeese St.,Purdue,Purdue,0.04563472220984532,0.9543652777901547,-20.156000000000006,1.8719999999999999,-6.600000000000001,-3.3999999999999986,0.8000000000000007,9.000000000000002,-1.2999999999999972,8.600000000000001,1.6996999999999929,-8.48647
2026,McNeese St.,Queens,McNeese St.,0.8769645897999743,0.12303541020002573,-1.5229999999999961,-14.986000000000004,-5.600000000000001,-5.100000000000001,-0.5,9.600000000000001,4.600000000000001,2.0,-3.366100000000003,7.669700000000001
2026,McNeese St.,Michigan,Michigan,0.04467446012360179,0.9553255398763982,-14.49499999999999,11.085899999999995,-7.100000000000001,4.199999999999996,-2.3999999999999986,9.100000000000001,-0.3999999999999986,7.300000000000001,-5.079800000000006,-13.29247
2026,McNeese St.,Saint Louis,Saint Louis,0.4697181196376873,0.5302818803623127,-6.35199999999999,-0.125,-8.700000000000003,4.100000000000001,-3.099999999999998,8.5,3.8999999999999986,8.0,-4.877800000000008,-1.16868
2026,McNeese St.,Texas Tech,Texas Tech,0.06268620351445837,0.9373137964855416,-13.147999999999996,3.3142999999999887,-5.200000000000003,-0.5,-1.5999999999999996,9.900000000000002,1.7000000000000028,4.899999999999999,-0.2720999999999947,-4.35393
2026,McNeese St.,Tennessee,Tennessee,0.0852305201079901,0.9147694798920099,-8.335999999999999,6.6096,-0.6000000000000014,1.1999999999999957,-2.8000000000000007,8.3,-10.100000000000001,7.100000000000001,0.9112999999999971,-3.41354
2026,McNeese St.,Miami OH,McNeese St.,0.7583786047297462,0.24162139527025384,-3.522999999999996,-5.466000000000008,-8.200000000000003,-1.8999999999999986,-0.1999999999999993,7.100000000000001,9.7,6.899999999999999,-3.8055999999999983,-1.7521200000000001
2026,McNeese St.,Virginia,Virginia,0.12085358083786539,0.8791464191621347,-9.100999999999999,6.287199999999999,-3.6000000000000014,3.6000000000000014,-1.6999999999999993,9.000000000000002,-2.8999999999999986,5.800000000000001,0.5584999999999951,-7.06044
2026,McNeese St.,Wright St.,McNeese St.,0.7157160135915102,0.28428398640848984,0.7940000000000111,-6.89500000000001,-3.3999999999999986,-3.200000000000003,-2.0,8.100000000000001,1.7999999999999972,5.800000000000001,-0.8408000000000015,7.27098
2026,McNeese St.,Santa Clara,Santa Clara,0.1677885100287323,0.8322114899712677,-11.849999999999994,-1.6230000000000047,-3.6000000000000014,-2.8999999999999986,-1.299999999999999,4.5,-1.7000000000000028,2.700000000000003,-3.121300000000005,-1.43894
2026,McNeese St.,Tennessee St.,McNeese St.,0.9428914569262398,0.05710854307376023,5.3629999999999995,-9.732,0.8999999999999986,-2.3000000000000043,-2.1999999999999993,4.600000000000001,0.10000000000000142,5.100000000000001,-4.000500000000002,6.3582
2026,Nebraska,Siena,Nebraska,0.9717760563040169,0.028223943695983134,10.001999999999995,-15.413700000000006,4.799999999999997,-0.8000000000000043,-1.5999999999999996,2.099999999999998,-5.599999999999998,-1.3000000000000007,2.1905,15.23461
2026,Nebraska,Ohio St.,Ohio St.,0.38782326756751906,0.6121767324324809,-8.003,-8.091700000000003,-1.1000000000000014,-2.5,-1.0,3.3999999999999986,-4.5,-2.3000000000000007,0.6593999999999909,4.56566
2026,Nebraska,TCU,Nebraska,0.7392009224413569,0.26079907755864307,2.3549999999999898,-6.147099999999995,4.5,-3.200000000000003,-1.0999999999999996,-0.5,-8.099999999999998,-1.5,-0.7587000000000046,5.082420000000001
2026,Nebraska,St. John's,St. John's,0.39725449899866827,0.6027455010013317,-2.5960000000000036,-0.5978999999999957,4.399999999999999,0.3999999999999986,-0.29999999999999893,-0.1999999999999993,-9.599999999999998,-2.5,-2.782900000000012,0.1943400000000004
2026,Nebraska,Northern Iowa,Nebraska,0.749471156384461,0.25052884361553895,7.436999999999998,-5.073400000000007,1.1999999999999957,0.5999999999999943,-0.1999999999999993,1.0999999999999979,4.300000000000001,1.3999999999999986,4.633999999999993,12.73386
2026,Nebraska,South Florida,Nebraska,0.7087281193932978,0.29127188060670217,0.43199999999998795,-7.886700000000005,4.5,-0.6000000000000014,-0.7999999999999989,0.3999999999999986,-11.900000000000002,-4.100000000000001,-4.580600000000004,7.712178000000001
2026,Nebraska,North Dakota St.,Nebraska,0.9417644450111787,0.05823555498882127,5.780999999999992,-12.530699999999996,2.0,-3.700000000000003,-1.1999999999999993,0.5,-7.300000000000001,2.0,0.46399999999999864,10.81054
2026,Nebraska,UCLA,UCLA,0.4010117109442955,0.5989882890557046,-7.349000000000004,-8.288700000000006,1.5,-2.6000000000000014,1.0,1.0999999999999979,-4.800000000000001,-4.699999999999999,2.133199999999988,3.8414
2026,Nebraska,UCF,Nebraska,0.8055720330431418,0.19442796695685816,-2.791000000000011,-12.194699999999997,2.6000000000000014,-4.600000000000001,-1.299999999999999,3.3999999999999986,-8.099999999999998,-0.8000000000000007,-2.2952000000000083,5.33591
2026,Nebraska,Prairie View A&M,Nebraska,0.9850785998194626,0.014921400180537447,15.753,-17.8647,7.5,-2.6000000000000014,-1.5999999999999996,0.09999999999999787,-0.8000000000000007,-7.099999999999998,-4.048100000000005,20.01477
2026,Nebraska,Vanderbilt,Vanderbilt,0.3134968750342309,0.6865031249657692,-10.26700000000001,-5.864500000000007,0.10000000000000142,-1.0,1.0999999999999996,1.3000000000000007,-4.899999999999999,-3.900000000000002,-2.1609000000000123,0.15610000000000035
2026,Nebraska,Troy,Nebraska,0.9441633711220943,0.05583662887790575,6.522999999999996,-15.5227,3.5,-2.3000000000000043,-2.5999999999999996,2.3000000000000007,-8.499999999999996,-3.900000000000002,1.7367999999999881,13.607050000000001
2026,Nebraska,North Carolina,Nebraska,0.5672736727344466,0.4327263272655534,-4.206000000000003,-6.5107,0.7999999999999972,-0.4000000000000057,0.40000000000000036,5.6,-5.099999999999998,-0.40000000000000213,-1.1647000000000105,2.53439
2026,Nebraska,VCU,Nebraska,0.7426063418744585,0.2573936581255415,-2.0770000000000124,-9.546700000000001,1.2999999999999972,-1.1000000000000014,-0.7999999999999989,2.0,-5.9999999999999964,-2.1999999999999993,-1.8601000000000028,5.74464
2026,Nebraska,Penn,Nebraska,0.9379480713350611,0.062051928664938916,10.648999999999987,-11.8977,5.100000000000001,-3.9000000000000057,-1.0,1.3999999999999986,-4.0,-2.8000000000000007,-2.203400000000002,13.46238
2026,Nebraska,Saint Mary's,Nebraska,0.6199754185299009,0.3800245814700991,-2.1580000000000013,-4.0518,2.5,1.0999999999999943,-1.9999999999999982,4.0,-11.3,3.8999999999999986,1.5187999999999988,3.4474300000000007
2026,Nebraska,Texas A&M,Nebraska,0.5655715771116832,0.43442842288831685,-2.6510000000000105,-7.933700000000002,1.1999999999999957,-3.0,-0.1999999999999993,0.8999999999999986,-5.9999999999999964,-4.800000000000001,-4.195000000000007,5.861190000000001
2026,Nebraska,Villanova,Nebraska,0.5623133408691592,0.4376866591308408,-2.3900000000000006,-7.047700000000006,1.6999999999999957,-3.5,-0.6999999999999993,0.5,-6.099999999999998,-4.0,1.8744999999999976,3.51384
2026,Nebraska,Utah St.,Nebraska,0.5852791909977106,0.41472080900228936,-5.819000000000003,-8.595699999999994,-1.2000000000000028,-1.8000000000000043,-1.0,-1.4000000000000021,-6.800000000000001,-4.5000000000000036,-0.7328000000000117,3.46394
2026,Nebraska,Wisconsin,Wisconsin,0.37635348089156606,0.6236465191084339,-9.977000000000004,-8.149699999999996,0.8999999999999986,-3.5,1.5999999999999996,4.799999999999999,-3.099999999999998,-0.5,-1.873100000000008,2.0795000000000003
2026,Nebraska,Texas,Nebraska,0.6672145442821595,0.33278545571784046,-6.821000000000012,-12.9007,1.1999999999999957,-3.4000000000000057,-0.9000000000000004,5.799999999999999,-9.400000000000002,0.8000000000000007,-0.27779999999999916,7.666831
2026,Nebraska,Purdue,Purdue,0.197310191335052,0.802689808664948,-16.105000000000018,-6.759699999999995,-2.200000000000003,-4.5,0.9000000000000004,3.5999999999999996,-9.999999999999996,1.3000000000000007,2.3844999999999885,-1.7328299999999999
2026,Nebraska,Queens,Nebraska,0.973433558232647,0.02656644176735301,2.5279999999999916,-23.6177,-1.2000000000000028,-6.200000000000003,-0.40000000000000036,4.199999999999999,-4.099999999999998,-5.300000000000001,-2.6813000000000073,14.42334
2026,Nebraska,Saint Louis,Nebraska,0.8199354738668153,0.1800645261331847,-2.301000000000002,-8.756699999999995,-4.300000000000004,3.0,-2.9999999999999982,3.099999999999998,-4.800000000000001,0.6999999999999993,-4.193000000000012,5.584960000000001
2026,Nebraska,Texas Tech,Texas Tech,0.25584255237813,0.74415744762187,-9.097000000000008,-5.317400000000006,-0.8000000000000043,-1.6000000000000014,-1.5,4.5,-6.9999999999999964,-2.400000000000002,0.41270000000000095,2.3997100000000007
2026,Nebraska,Tennessee,Tennessee,0.32385182061179285,0.6761481793882071,-4.285000000000011,-2.0220999999999947,3.799999999999997,0.09999999999999432,-2.700000000000001,2.8999999999999986,-18.8,-0.1999999999999993,1.5960999999999927,3.3401000000000005
2026,Nebraska,Virginia,Virginia,0.414065121641849,0.5859348783581511,-5.050000000000011,-2.3444999999999965,0.7999999999999972,2.5,-1.5999999999999996,3.5999999999999996,-11.599999999999998,-1.5,1.2432999999999907,-0.30679999999999996
2026,Nebraska,Wright St.,Nebraska,0.9282754948559191,0.07172450514408091,4.844999999999999,-15.526700000000005,1.0,-4.300000000000004,-1.9000000000000004,2.6999999999999993,-6.900000000000002,-1.5,-0.1560000000000059,14.02462
2026,Nebraska,Santa Clara,Nebraska,0.5089500542706118,0.4910499457293882,-7.799000000000007,-10.2547,0.7999999999999972,-4.0,-1.1999999999999993,-0.9000000000000021,-10.400000000000002,-4.599999999999998,-2.4365000000000094,5.3147
2026,Nebraska,Tennessee St.,Nebraska,0.9883552156388952,0.011644784361104832,9.413999999999987,-18.363699999999994,5.299999999999997,-3.4000000000000057,-2.0999999999999996,-0.8000000000000007,-8.599999999999998,-2.1999999999999993,-3.3157000000000068,13.11184
2026,Troy,UCLA,UCLA,0.038084451995595896,0.9619155480044042,-13.872,7.233999999999995,-2.0,-0.29999999999999716,3.5999999999999996,-1.2000000000000028,3.6999999999999957,-0.7999999999999972,0.39639999999999986,-9.76565
2026,Troy,UCF,UCF,0.19680593029820515,0.8031940697017949,-9.314000000000007,3.328000000000003,-0.8999999999999986,-2.299999999999997,1.3000000000000007,1.0999999999999979,0.3999999999999986,3.1000000000000014,-4.0319999999999965,-8.271139999999999
2026,Troy,Vanderbilt,Vanderbilt,0.026296000158633096,0.9737039998413669,-16.790000000000006,9.658199999999994,-3.3999999999999986,1.3000000000000043,3.6999999999999993,-1.0,3.599999999999998,0.0,-3.8977000000000004,-13.450949999999999
2026,Troy,VCU,VCU,0.14575265981793423,0.8542473401820658,-8.600000000000009,5.975999999999999,-2.200000000000003,1.2000000000000028,1.8000000000000007,-0.3000000000000007,2.5,1.7000000000000028,-3.596899999999991,-7.86241
2026,Troy,Villanova,Villanova,0.07061285651001668,0.9293871434899833,-8.912999999999997,8.474999999999994,-1.8000000000000043,-1.1999999999999957,1.9000000000000004,-1.8000000000000007,2.3999999999999986,-0.09999999999999787,0.13770000000000948,-10.09321
2026,Troy,Utah St.,Utah St.,0.0770311436034206,0.9229688563965794,-12.341999999999999,6.927000000000007,-4.700000000000003,0.5,1.5999999999999996,-3.700000000000003,1.6999999999999957,-0.6000000000000014,-2.4696,-10.14311
2026,Troy,Wisconsin,Wisconsin,0.034458810507645515,0.9655411894923545,-16.5,7.373000000000005,-2.6000000000000014,-1.1999999999999957,4.199999999999999,2.4999999999999982,5.399999999999999,3.400000000000002,-3.609899999999996,-11.52755
2026,Troy,Virginia,Virginia,0.04011533245773126,0.9598846675422688,-11.573000000000008,13.178200000000004,-2.700000000000003,4.800000000000004,1.0,1.299999999999999,-3.1000000000000014,2.400000000000002,-0.4934999999999974,-13.91385
2026,Troy,Wright St.,Wright St.,0.43355212502387225,0.5664478749761277,-1.6779999999999973,-0.0040000000000048885,-2.5,-2.0,0.6999999999999993,0.3999999999999986,1.5999999999999943,2.400000000000002,-1.892799999999994,0.41757000000000044
2026,North Carolina,Siena,North Carolina,0.9633222729494494,0.03667772705055061,14.207999999999998,-8.903000000000006,4.0,-0.3999999999999986,-2.0,-3.5000000000000018,-0.5,-0.8999999999999986,3.3552000000000106,12.70022
2026,North Carolina,Ohio St.,Ohio St.,0.3258077893230386,0.6741922106769613,-3.796999999999997,-1.581000000000003,-1.8999999999999986,-2.0999999999999943,-1.4000000000000004,-2.200000000000001,0.5999999999999979,-1.8999999999999986,1.8241000000000014,2.03127
2026,North Carolina,TCU,North Carolina,0.6837551454709967,0.3162448545290033,6.560999999999993,0.36360000000000525,3.700000000000003,-2.799999999999997,-1.5,-6.1,-3.0,-1.0999999999999979,0.4060000000000059,2.5480300000000002
2026,North Carolina,St. John's,St. John's,0.33455509157023394,0.665444908429766,1.6099999999999994,5.912800000000004,3.6000000000000014,0.8000000000000043,-0.6999999999999993,-5.799999999999999,-4.5,-2.099999999999998,-1.6182000000000016,-2.3400499999999997
2026,North Carolina,Northern Iowa,North Carolina,0.6953088318818101,0.30469116811818986,11.643,1.4372999999999934,0.3999999999999986,1.0,-0.5999999999999996,-4.500000000000002,9.399999999999999,1.8000000000000007,5.798700000000004,10.19947
2026,North Carolina,South Florida,North Carolina,0.6498724254135634,0.3501275745864366,4.637999999999991,-1.3760000000000048,3.700000000000003,-0.19999999999999574,-1.1999999999999993,-5.200000000000001,-6.800000000000004,-3.6999999999999993,-3.4158999999999935,5.1777880000000005
2026,North Carolina,North Dakota St.,North Carolina,0.9250150610728305,0.07498493892716951,9.986999999999995,-6.019999999999996,1.2000000000000028,-3.299999999999997,-1.5999999999999996,-5.1,-2.200000000000003,2.400000000000002,1.6287000000000091,8.276150000000001
2026,North Carolina,UCLA,UCLA,0.3380518862386221,0.6619481137613779,-3.1430000000000007,-1.7780000000000058,0.7000000000000028,-2.1999999999999957,0.5999999999999996,-4.500000000000002,0.29999999999999716,-4.299999999999997,3.2978999999999985,1.30701
2026,North Carolina,UCF,North Carolina,0.7596487051691114,0.24035129483088857,1.414999999999992,-5.6839999999999975,1.8000000000000043,-4.199999999999996,-1.6999999999999993,-2.200000000000001,-3.0,-0.3999999999999986,-1.1304999999999978,2.80152
2026,North Carolina,Prairie View A&M,North Carolina,0.9805294312806178,0.019470568719382242,19.959000000000003,-11.354,6.700000000000003,-2.1999999999999957,-2.0,-5.500000000000002,4.299999999999997,-6.699999999999996,-2.8833999999999946,17.48038
2026,North Carolina,Vanderbilt,Vanderbilt,0.25835084845483663,0.7416491515451633,-6.061000000000007,0.6461999999999932,-0.6999999999999957,-0.5999999999999943,0.6999999999999993,-4.299999999999999,0.1999999999999993,-3.5,-0.9962000000000018,-2.37829
2026,North Carolina,Troy,North Carolina,0.9280512409864703,0.0719487590135297,10.729,-9.012,2.700000000000003,-1.8999999999999986,-3.0,-3.299999999999999,-3.3999999999999986,-3.5,2.9014999999999986,11.072659999999999
2026,North Carolina,VCU,North Carolina,0.6875785627731936,0.3124214372268064,2.1289999999999907,-3.0360000000000014,0.5,-0.6999999999999957,-1.1999999999999993,-3.5999999999999996,-0.8999999999999986,-1.7999999999999972,-0.6953999999999922,3.2102500000000003
2026,North Carolina,Penn,North Carolina,0.9201940587007852,0.07980594129921481,14.85499999999999,-5.3870000000000005,4.300000000000004,-3.5,-1.4000000000000004,-4.200000000000001,1.0999999999999979,-2.3999999999999986,-1.0386999999999915,10.927990000000001
2026,North Carolina,Saint Mary's,North Carolina,0.554459972286023,0.44554002771397705,2.048000000000002,2.4589,1.7000000000000028,1.5,-2.3999999999999986,-1.5999999999999996,-6.200000000000003,4.300000000000001,2.6835000000000093,0.9130400000000005
2026,North Carolina,Texas A&M,Texas A&M,0.4982673315052755,0.5017326684947245,1.5549999999999926,-1.4230000000000018,0.3999999999999986,-2.5999999999999943,-0.5999999999999996,-4.700000000000001,-0.8999999999999986,-4.399999999999999,-3.030299999999997,3.3268000000000004
2026,North Carolina,Villanova,Villanova,0.49495507385866194,0.5050449261413381,1.8160000000000025,-0.5370000000000061,0.8999999999999986,-3.0999999999999943,-1.0999999999999996,-5.1,-1.0,-3.599999999999998,3.039200000000008,0.9794499999999999
2026,North Carolina,Utah St.,North Carolina,0.5184284168448932,0.48157158315510684,-1.6129999999999995,-2.0849999999999937,-2.0,-1.3999999999999986,-1.4000000000000004,-7.000000000000002,-1.7000000000000028,-4.100000000000001,0.43189999999999884,0.9295499999999999
2026,North Carolina,Wisconsin,Wisconsin,0.3152276680843701,0.6847723319156299,-5.771000000000001,-1.6389999999999958,0.10000000000000142,-3.0999999999999943,1.1999999999999993,-0.8000000000000007,2.0,-0.09999999999999787,-0.7083999999999975,-0.4548899999999998
2026,North Carolina,Texas,North Carolina,0.6046497487951846,0.3953502512048154,-2.615000000000009,-6.390000000000001,0.3999999999999986,-3.0,-1.3000000000000007,0.1999999999999993,-4.300000000000004,1.2000000000000028,0.8869000000000113,5.132441
2026,North Carolina,Purdue,Purdue,0.15790122357509564,0.8420987764249044,-11.899000000000015,-0.24899999999999523,-3.0,-4.099999999999994,0.5,-2.0,-4.899999999999999,1.7000000000000028,3.549199999999999,-4.26722
2026,North Carolina,Queens,North Carolina,0.9654585919213574,0.03454140807864259,6.733999999999995,-17.107,-2.0,-5.799999999999997,-0.8000000000000007,-1.4000000000000004,1.0,-4.899999999999999,-1.5165999999999968,11.888950000000001
2026,North Carolina,Saint Louis,North Carolina,0.7764633423777402,0.22353665762225983,1.9050000000000011,-2.245999999999995,-5.100000000000001,3.4000000000000057,-3.3999999999999986,-2.5000000000000018,0.29999999999999716,1.1000000000000014,-3.0283000000000015,3.0505700000000004
2026,North Carolina,Texas Tech,Texas Tech,0.2077688937535964,0.7922311062464036,-4.891000000000005,1.1932999999999936,-1.6000000000000014,-1.1999999999999957,-1.9000000000000004,-1.0999999999999996,-1.8999999999999986,-2.0,1.5774000000000115,-0.13467999999999947
2026,North Carolina,Tennessee,Tennessee,0.2675943033714515,0.7324056966285485,-0.07900000000000773,4.488600000000005,3.0,0.5,-3.1000000000000014,-2.700000000000001,-13.700000000000003,0.20000000000000284,2.7608000000000033,0.8057100000000004
2026,North Carolina,Virginia,Virginia,0.35025426212244376,0.6497457378775562,-0.8440000000000083,4.1662000000000035,0.0,2.9000000000000057,-2.0,-2.0,-6.5,-1.0999999999999979,2.4080000000000013,-2.84119
2026,North Carolina,Wright St.,North Carolina,0.9080253858173731,0.09197461418262687,9.051000000000002,-9.016000000000005,0.20000000000000284,-3.8999999999999986,-2.3000000000000007,-2.9000000000000004,-1.8000000000000043,-1.0999999999999979,1.0087000000000046,11.49023
2026,North Carolina,Santa Clara,Santa Clara,0.4415355751085487,0.5584644248914513,-3.5930000000000035,-3.7439999999999998,0.0,-3.5999999999999943,-1.5999999999999996,-6.500000000000002,-5.300000000000004,-4.199999999999996,-1.271799999999999,2.78031
2026,North Carolina,Tennessee St.,North Carolina,0.9847895820565962,0.015210417943403831,13.61999999999999,-11.852999999999994,4.5,-3.0,-2.5,-6.4,-3.5,-1.7999999999999972,-2.1509999999999962,10.577449999999999
2026,VCU,Vanderbilt,Vanderbilt,0.13665194051031807,0.863348059489682,-8.189999999999998,3.6821999999999946,-1.1999999999999957,0.10000000000000142,1.8999999999999986,-0.6999999999999993,1.0999999999999979,-1.7000000000000028,-0.3008000000000095,-5.58854
2026,VCU,Villanova,Villanova,0.3081028953538203,0.6918971046461797,-0.3129999999999882,2.4989999999999952,0.3999999999999986,-2.3999999999999986,0.09999999999999964,-1.5,-0.10000000000000142,-1.8000000000000007,3.7346000000000004,-2.2308000000000003
2026,VCU,Wisconsin,Wisconsin,0.1729855150875049,0.8270144849124951,-7.8999999999999915,1.3970000000000056,-0.3999999999999986,-2.3999999999999986,2.3999999999999986,2.799999999999999,2.8999999999999986,1.6999999999999993,-0.01300000000000523,-3.66514
2026,VCU,Virginia,Virginia,0.1967479915375634,0.8032520084624366,-2.972999999999999,7.202200000000005,-0.5,3.6000000000000014,-0.8000000000000007,1.5999999999999996,-5.600000000000001,0.6999999999999993,3.1033999999999935,-6.05144
2026,VCU,Wright St.,VCU,0.8177141357282022,0.18228586427179783,6.922000000000011,-5.980000000000004,-0.29999999999999716,-3.200000000000003,-1.1000000000000014,0.6999999999999993,-0.9000000000000057,0.6999999999999993,1.7040999999999968,8.27998
2026,Illinois,Siena,Illinois,0.9953833483162025,0.004616651683797546,24.739999999999995,-10.694300000000013,4.5,-1.0,-2.8000000000000007,-5.500000000000002,6.800000000000004,-2.0,1.0879000000000048,14.338750000000001
2026,Illinois,Ohio St.,Illinois,0.7986747868733519,0.20132521312664808,6.734999999999999,-3.37230000000001,-1.3999999999999986,-2.6999999999999957,-2.200000000000001,-4.200000000000001,7.900000000000002,-3.0,-0.4432000000000045,3.6698000000000004
2026,Illinois,TCU,Illinois,0.9466635110256424,0.05333648897435761,17.09299999999999,-1.4277000000000015,4.200000000000003,-3.3999999999999986,-2.3000000000000007,-8.1,4.300000000000004,-2.1999999999999993,-1.8613,4.18656
2026,Illinois,St. John's,Illinois,0.8049596385276944,0.19504036147230563,12.141999999999996,4.1214999999999975,4.100000000000001,0.20000000000000284,-1.5,-7.799999999999999,2.8000000000000043,-3.1999999999999993,-3.8855000000000075,-0.7015199999999995
2026,Illinois,Northern Iowa,Illinois,0.9493239802343786,0.050676019765621416,22.174999999999997,-0.3540000000000134,0.8999999999999986,0.3999999999999986,-1.4000000000000004,-6.500000000000002,16.700000000000003,0.6999999999999993,3.531399999999998,11.838000000000001
2026,Illinois,Kansas,Illinois,0.8263501060531102,0.1736498939468898,14.126999999999995,3.85329999999999,3.5,2.3999999999999986,-2.3000000000000007,-2.4000000000000004,9.200000000000003,-3.1000000000000014,-1.8914000000000044,0.29301000000000066
2026,Illinois,Louisville,Illinois,0.8057317827825563,0.1942682172174437,7.910999999999987,0.04579999999999984,-1.2999999999999972,-1.1999999999999957,-3.1999999999999993,-5.1,5.800000000000004,0.10000000000000142,-3.9939999999999998,2.5618300000000005
2026,Illinois,South Florida,Illinois,0.9384117893991442,0.06158821060085584,15.169999999999987,-3.1673000000000116,4.200000000000003,-0.7999999999999972,-2.0,-7.200000000000001,0.5,-4.800000000000001,-5.683199999999999,6.816318000000001
2026,Illinois,Michigan St.,Illinois,0.8481530770844229,0.1518469229155771,9.025999999999996,2.029199999999989,1.5,-1.0,-3.900000000000002,-3.200000000000001,0.20000000000000284,4.399999999999999,-0.26250000000000284,-0.8842999999999996
2026,Illinois,North Dakota St.,Illinois,0.9902216945239708,0.009778305476029203,20.51899999999999,-7.811300000000003,1.7000000000000028,-3.8999999999999986,-2.4000000000000004,-7.1,5.100000000000001,1.3000000000000007,-0.6385999999999967,9.91468
2026,Illinois,UCLA,Illinois,0.807407528815523,0.19259247118447698,7.388999999999996,-3.5693000000000126,1.2000000000000028,-2.799999999999997,-0.20000000000000107,-6.500000000000002,7.600000000000001,-5.399999999999999,1.0305999999999926,2.9455400000000003
2026,Illinois,UCF,Illinois,0.962887917344012,0.03711208265598798,11.946999999999989,-7.475300000000004,2.3000000000000043,-4.799999999999997,-2.5,-4.200000000000001,4.300000000000004,-1.5,-3.3978000000000037,4.44005
2026,Illinois,Prairie View A&M,Illinois,0.9975869036218612,0.0024130963781388015,30.491,-13.145300000000006,7.200000000000003,-2.799999999999997,-2.8000000000000007,-7.500000000000002,11.600000000000001,-7.799999999999997,-5.1507000000000005,19.11891
2026,Illinois,Iowa,Illinois,0.8367994520799602,0.1632005479200398,9.817999999999998,-1.9893,-1.5,-5.100000000000001,-2.0,-9.4,8.600000000000001,-1.0,2.691200000000002,4.612120000000001
2026,Illinois,Vanderbilt,Illinois,0.7409058702722369,0.25909412972776313,4.470999999999989,-1.1451000000000136,-0.19999999999999574,-1.1999999999999957,-0.10000000000000142,-6.299999999999999,7.5000000000000036,-4.600000000000001,-3.2635000000000076,-0.7397599999999995
2026,Illinois,McNeese St.,Illinois,0.9698714370914081,0.030128562908591894,18.788999999999987,-3.912300000000002,4.100000000000001,-1.2999999999999972,-1.1000000000000014,-13.000000000000002,3.700000000000003,-8.0,-0.4177999999999997,5.85778
2026,Illinois,Nebraska,Illinois,0.8622973531276661,0.1377026468723339,14.738,4.719399999999993,-0.29999999999999716,-0.19999999999999574,-1.200000000000001,-7.6,12.400000000000002,-0.6999999999999993,-1.1025999999999954,-0.8958599999999999
2026,Illinois,Troy,Illinois,0.9906443269962657,0.0093556730037343,21.260999999999996,-10.803300000000007,3.200000000000003,-2.5,-3.8000000000000007,-5.299999999999999,3.9000000000000057,-4.600000000000001,0.6341999999999928,12.71119
2026,Illinois,North Carolina,Illinois,0.8914114277666381,0.10858857223336194,10.531999999999996,-1.7913000000000068,0.5,-0.6000000000000014,-0.8000000000000007,-2.0,7.300000000000004,-1.1000000000000014,-2.267300000000006,1.6385300000000003
2026,Illinois,VCU,Illinois,0.9475521665762012,0.05244783342379877,12.660999999999987,-4.827300000000008,1.0,-1.2999999999999972,-2.0,-5.6,6.400000000000006,-2.8999999999999986,-2.962699999999998,4.8487800000000005
2026,Illinois,Penn,Illinois,0.9895456375342501,0.010454362465749933,25.386999999999986,-7.178300000000007,4.800000000000004,-4.100000000000001,-2.200000000000001,-6.200000000000001,8.400000000000002,-3.5,-3.3059999999999974,12.56652
2026,Illinois,Saint Mary's,Illinois,0.9108410305317312,0.08915896946826884,12.579999999999998,0.6675999999999931,2.200000000000003,0.8999999999999986,-3.1999999999999993,-3.5999999999999996,1.1000000000000014,3.1999999999999993,0.41620000000000346,2.551570000000001
2026,Illinois,Texas A&M,Illinois,0.8907387338173928,0.10926126618260723,12.086999999999989,-3.2143000000000086,0.8999999999999986,-3.1999999999999957,-1.4000000000000004,-6.700000000000001,6.400000000000006,-5.5,-5.297600000000003,4.965330000000001
2026,Illinois,LIU,Illinois,0.9981377482481931,0.001862251751806876,28.301999999999992,-11.565300000000008,1.8000000000000043,-2.1999999999999957,-5.800000000000001,-7.299999999999999,4.400000000000006,-5.600000000000001,-2.110600000000005,12.338460000000001
2026,Illinois,Villanova,Illinois,0.8894425396076295,0.11055746039237047,12.347999999999999,-2.328300000000013,1.3999999999999986,-3.6999999999999957,-1.9000000000000004,-7.1,6.300000000000004,-4.699999999999999,0.7719000000000023,2.61798
2026,Illinois,Utah St.,Illinois,0.8983466003937159,0.10165339960628406,8.918999999999997,-3.8763000000000005,-1.5,-2.0,-2.200000000000001,-9.000000000000002,5.600000000000001,-5.200000000000003,-1.835400000000007,2.56808
2026,Illinois,Wisconsin,Illinois,0.7907494153245059,0.20925058467549407,4.760999999999996,-3.4303000000000026,0.6000000000000014,-3.6999999999999957,0.3999999999999986,-2.8000000000000007,9.300000000000004,-1.1999999999999993,-2.9757000000000033,1.1836400000000005
2026,Illinois,Texas,Illinois,0.9262263612036972,0.07377363879630283,7.916999999999987,-8.181300000000007,0.8999999999999986,-3.6000000000000014,-2.1000000000000014,-1.8000000000000007,3.0,0.10000000000000142,-1.3803999999999945,6.770971
2026,Illinois,Kennesaw St.,Illinois,0.9920556876474973,0.007944312352502703,21.13799999999999,-11.296300000000002,4.399999999999999,-0.8999999999999986,-3.5,-4.500000000000002,3.200000000000003,-4.300000000000001,-5.548400000000001,14.53931
2026,Illinois,Miami FL,Illinois,0.9308605520060158,0.0691394479939842,10.857,-3.2353000000000094,-0.5,-4.100000000000001,-3.0,-6.799999999999999,1.7000000000000028,0.6999999999999993,-2.2113999999999976,2.7114900000000004
2026,Illinois,Missouri,Illinois,0.9133667474173515,0.08663325258264853,11.998999999999995,-4.834300000000013,-0.19999999999999574,-3.799999999999997,-4.800000000000001,-5.000000000000002,3.200000000000003,-4.399999999999999,-0.6614000000000004,5.407540000000001
2026,Illinois,Purdue,Illinois,0.6061869799015335,0.3938130200984665,-1.3670000000000186,-2.040300000000002,-2.5,-4.699999999999996,-0.3000000000000007,-4.0,2.4000000000000057,0.6000000000000014,1.2818999999999932,-2.6286899999999997
2026,Illinois,Queens,Illinois,0.9956606602047272,0.00433933979527279,17.26599999999999,-18.898300000000006,-1.5,-6.399999999999999,-1.6000000000000014,-3.4000000000000004,8.300000000000004,-6.0,-3.7839000000000027,13.52748
2026,Illinois,Michigan,Illinois,0.60085759040946,0.39914240959054004,4.293999999999997,7.173599999999993,-3.0,2.8999999999999986,-3.5,-3.9000000000000004,3.3000000000000043,-0.6999999999999993,-5.497600000000006,-7.434689999999999
2026,Illinois,Saint Louis,Illinois,0.9661183876463235,0.03388161235367648,12.436999999999998,-4.037300000000002,-4.600000000000001,2.8000000000000043,-4.199999999999999,-4.500000000000002,7.600000000000001,0.0,-5.295600000000007,4.689100000000001
2026,Illinois,Texas Tech,Illinois,0.6828311070751559,0.31716889292484407,5.640999999999991,-0.5980000000000132,-1.1000000000000014,-1.7999999999999972,-2.700000000000001,-3.0999999999999996,5.400000000000006,-3.1000000000000014,-0.6898999999999944,1.5038500000000008
2026,Illinois,Tennessee,Illinois,0.7499559475227052,0.2500440524772948,10.452999999999989,2.6972999999999985,3.5,-0.10000000000000142,-3.900000000000002,-4.700000000000001,-6.399999999999999,-0.8999999999999986,0.4934999999999974,2.4442400000000006
2026,Illinois,Miami OH,Illinois,0.9901997674078764,0.009800232592123592,15.265999999999991,-9.37830000000001,-4.100000000000001,-3.1999999999999957,-1.3000000000000007,-5.9,13.400000000000002,-1.1000000000000014,-4.223399999999998,4.10566
2026,Illinois,Virginia,Illinois,0.8156753998057482,0.1843246001942518,9.687999999999988,2.3748999999999967,0.5,2.3000000000000043,-2.8000000000000007,-4.0,0.8000000000000043,-2.1999999999999993,0.14069999999999538,-1.2026599999999998
2026,Illinois,Wright St.,Illinois,0.9878115075935217,0.012188492406478346,19.583,-10.807300000000012,0.7000000000000028,-4.5,-3.1000000000000014,-4.9,5.5,-2.1999999999999993,-1.2586000000000013,13.12876
2026,Illinois,Kentucky,Illinois,0.890423938254984,0.109576061745016,12.033999999999992,-1.761400000000009,2.0,-1.1999999999999957,-1.8000000000000007,-4.200000000000001,4.900000000000006,-3.1000000000000014,-2.600999999999999,3.2674800000000004
2026,Illinois,Santa Clara,Illinois,0.866493863287606,0.13350613671239397,6.938999999999993,-5.5353000000000065,0.5,-4.199999999999996,-2.4000000000000004,-8.500000000000002,2.0,-5.299999999999997,-3.539100000000005,4.41884
2026,Illinois,Iowa St.,Illinois,0.6273136678289432,0.37268633217105684,8.181999999999988,5.591699999999989,-1.3999999999999986,-1.8999999999999986,-1.9000000000000004,-10.799999999999999,3.4000000000000057,-1.1000000000000014,-1.243399999999994,-0.83195
2026,Illinois,Tennessee St.,Illinois,0.9981220359632608,0.0018779640367392325,24.151999999999987,-13.644300000000001,5.0,-3.6000000000000014,-3.3000000000000007,-8.4,3.8000000000000043,-2.8999999999999986,-4.418300000000002,12.21598
2026,Penn,Siena,Penn,0.6949219105306206,0.3050780894693794,-0.6469999999999914,-3.5160000000000053,-0.30000000000000426,3.1000000000000014,-0.5999999999999996,0.6999999999999993,-1.5999999999999979,1.5,4.393900000000002,1.7722299999999995
2026,Penn,TCU,TCU,0.15790443227132495,0.842095567728675,-8.293999999999997,5.750600000000006,-0.6000000000000014,0.7000000000000028,-0.09999999999999964,-1.8999999999999986,-4.099999999999998,1.3000000000000007,1.4446999999999974,-8.37996
2026,Penn,St. John's,St. John's,0.04178074967305221,0.9582192503269478,-13.24499999999999,11.299800000000005,-0.7000000000000028,4.300000000000004,0.7000000000000011,-1.5999999999999979,-5.599999999999998,0.3000000000000007,-0.5795000000000101,-13.26804
2026,Penn,South Florida,South Florida,0.1386547788908133,0.8613452211091868,-10.216999999999999,4.010999999999996,-0.6000000000000014,3.3000000000000043,0.20000000000000107,-1.0,-7.900000000000002,-1.3000000000000007,-2.377200000000002,-5.750202
2026,Penn,UCLA,UCLA,0.04241248220668263,0.9575875177933174,-17.99799999999999,3.6089999999999947,-3.6000000000000014,1.3000000000000043,2.0,-0.3000000000000007,-0.8000000000000007,-1.8999999999999986,4.33659999999999,-9.62098
2026,Penn,UCF,UCF,0.21513734335047566,0.7848626566495244,-13.439999999999998,-0.29699999999999704,-2.5,-0.6999999999999957,-0.29999999999999893,2.0,-4.099999999999998,2.0,-0.09180000000000632,-8.126470000000001
2026,Penn,Prairie View A&M,Penn,0.8136952301900154,0.18630476980998456,5.104000000000013,-5.966999999999999,2.3999999999999986,1.3000000000000043,-0.5999999999999996,-1.3000000000000007,3.1999999999999993,-4.299999999999997,-1.8447000000000031,6.55239
2026,Penn,Vanderbilt,Vanderbilt,0.029325197355063875,0.9706748026449361,-20.915999999999997,6.033199999999994,-5.0,2.9000000000000057,2.0999999999999996,-0.09999999999999787,-0.8999999999999986,-1.1000000000000014,0.04249999999998977,-13.306280000000001
2026,Penn,Troy,Penn,0.5280071867164574,0.4719928132835426,-4.125999999999991,-3.625,-1.6000000000000014,1.6000000000000014,-1.5999999999999996,0.9000000000000021,-4.4999999999999964,-1.1000000000000014,3.94019999999999,0.14466999999999963
2026,Penn,VCU,VCU,0.16027766480363312,0.8397223351963669,-12.725999999999999,2.350999999999999,-3.8000000000000043,2.8000000000000043,0.20000000000000107,0.6000000000000014,-1.9999999999999964,0.6000000000000014,0.3432999999999993,-7.71774
2026,Penn,Saint Mary's,Saint Mary's,0.09741531335655976,0.9025846866434403,-12.806999999999988,7.8459,-2.6000000000000014,5.0,-0.9999999999999982,2.6000000000000014,-7.300000000000001,6.699999999999999,3.722200000000001,-10.014949999999999
2026,Penn,Texas A&M,Texas A&M,0.07929845164533672,0.9207015483546632,-13.299999999999997,3.9639999999999986,-3.9000000000000057,0.9000000000000057,0.8000000000000007,-0.5,-1.9999999999999964,-2.0,-1.9916000000000054,-7.60119
2026,Penn,Villanova,Villanova,0.07833646554375126,0.9216635344562487,-13.038999999999987,4.849999999999994,-3.4000000000000057,0.4000000000000057,0.3000000000000007,-0.8999999999999986,-2.099999999999998,-1.1999999999999993,4.0779,-9.948540000000001
2026,Penn,Utah St.,Utah St.,0.08539227993309259,0.9146077200669074,-16.46799999999999,3.3020000000000067,-6.300000000000004,2.1000000000000014,0.0,-2.8000000000000007,-2.8000000000000007,-1.7000000000000028,1.4705999999999904,-9.99844
2026,Penn,Wisconsin,Wisconsin,0.0383912566352785,0.9616087433647215,-20.62599999999999,3.7480000000000047,-4.200000000000003,0.4000000000000057,2.5999999999999996,3.4000000000000004,0.9000000000000021,2.3000000000000007,0.33029999999999404,-11.38288
2026,Penn,Texas,Texas,0.11710768450649794,0.882892315493502,-17.47,-1.0030000000000001,-3.9000000000000057,0.5,0.09999999999999964,4.4,-5.400000000000002,3.6000000000000014,1.9256000000000029,-5.795549
2026,Penn,Purdue,Purdue,0.016001935036161118,0.9839980649638389,-26.754000000000005,5.138000000000005,-7.300000000000004,-0.5999999999999943,1.9000000000000004,2.200000000000001,-5.9999999999999964,4.100000000000001,4.5878999999999905,-15.19521
2026,Penn,Queens,Penn,0.7079519225014845,0.29204807749851547,-8.120999999999995,-11.719999999999999,-6.300000000000004,-2.299999999999997,0.5999999999999996,2.8000000000000007,-0.09999999999999787,-2.5,-0.4779000000000053,0.96096
2026,Penn,Saint Louis,Saint Louis,0.2315085535974097,0.7684914464025903,-12.949999999999989,3.1410000000000053,-9.400000000000006,6.900000000000006,-1.9999999999999982,1.6999999999999993,-0.8000000000000007,3.5,-1.98960000000001,-7.87742
2026,Penn,Texas Tech,Texas Tech,0.022239094732666394,0.9777609052673336,-19.745999999999995,6.580299999999994,-5.900000000000006,2.3000000000000043,-0.5,3.1000000000000014,-2.9999999999999964,0.3999999999999986,2.616100000000003,-11.06267
2026,Penn,Tennessee,Tennessee,0.03071376075031848,0.9692862392496815,-14.933999999999997,9.875600000000006,-1.3000000000000043,4.0,-1.700000000000001,1.5,-14.8,2.6000000000000014,3.7994999999999948,-10.12228
2026,Penn,Virginia,Virginia,0.044663441721243514,0.9553365582787565,-15.698999999999998,9.553200000000004,-4.300000000000004,6.400000000000006,-0.5999999999999996,2.200000000000001,-7.599999999999998,1.3000000000000007,3.4466999999999928,-13.76918
2026,Penn,Wright St.,Wright St.,0.46127101034645285,0.5387289896535472,-5.803999999999988,-3.629000000000005,-4.100000000000001,-0.3999999999999986,-0.9000000000000004,1.3000000000000007,-2.900000000000002,1.3000000000000007,2.047399999999996,0.5622400000000001
2026,Penn,Santa Clara,Santa Clara,0.0641687432934903,0.9358312567065097,-18.447999999999993,1.6430000000000007,-4.300000000000004,-0.09999999999999432,-0.1999999999999993,-2.3000000000000007,-6.400000000000002,-1.7999999999999972,-0.2331000000000074,-8.147680000000001
2026,Penn,Tennessee St.,Penn,0.8488308835336935,0.15116911646630649,-1.2349999999999994,-6.465999999999994,0.19999999999999574,0.5,-1.0999999999999996,-2.1999999999999993,-4.599999999999998,0.6000000000000014,-1.1123000000000047,-0.3505400000000005
2026,Saint Mary's,Siena,Saint Mary's,0.9547614019695682,0.04523859803043184,12.159999999999997,-11.361900000000006,2.299999999999997,-1.8999999999999986,0.3999999999999986,-1.9000000000000021,5.700000000000003,-5.199999999999999,0.6717000000000013,11.78718
2026,Saint Mary's,TCU,Saint Mary's,0.6346865688569735,0.3653134311430265,4.512999999999991,-2.0952999999999946,2.0,-4.299999999999997,0.8999999999999986,-4.5,3.200000000000003,-5.399999999999999,-2.2775000000000034,1.6349899999999997
2026,Saint Mary's,St. John's,St. John's,0.2877448993478943,0.7122551006521056,-0.4380000000000024,3.4539000000000044,1.8999999999999986,-0.6999999999999957,1.6999999999999993,-4.199999999999999,1.7000000000000028,-6.399999999999999,-4.301700000000011,-3.2530900000000003
2026,Saint Mary's,South Florida,Saint Mary's,0.5986326302297972,0.4013673697702028,2.589999999999989,-3.8349000000000046,2.0,-1.6999999999999957,1.1999999999999993,-3.6000000000000014,-0.6000000000000014,-8.0,-6.099400000000003,4.264748
2026,Saint Mary's,UCLA,UCLA,0.2909663613447311,0.7090336386552689,-5.1910000000000025,-4.236900000000006,-1.0,-3.6999999999999957,2.9999999999999982,-2.900000000000002,6.5,-8.599999999999998,0.6143999999999892,0.3939699999999995
2026,Saint Mary's,UCF,Saint Mary's,0.7174903906825869,0.2825096093174131,-0.6330000000000098,-8.142899999999997,0.10000000000000142,-5.699999999999996,0.6999999999999993,-0.6000000000000014,3.200000000000003,-4.699999999999999,-3.814000000000007,1.8884799999999995
2026,Saint Mary's,Vanderbilt,Vanderbilt,0.21869880307524087,0.7813011969247592,-8.109000000000009,-1.8127000000000066,-2.3999999999999986,-2.0999999999999943,3.099999999999998,-2.6999999999999993,6.400000000000002,-7.800000000000001,-3.679700000000011,-3.2913300000000003
2026,Saint Mary's,Troy,Saint Mary's,0.9120097956877763,0.08799020431222371,8.680999999999997,-11.4709,1.0,-3.3999999999999986,-0.6000000000000014,-1.6999999999999993,2.8000000000000043,-7.800000000000001,0.2179999999999893,10.15962
2026,Saint Mary's,VCU,Saint Mary's,0.6387898336204826,0.3612101663795174,0.08099999999998886,-5.494900000000001,-1.2000000000000028,-2.1999999999999957,1.1999999999999993,-2.0,5.300000000000004,-6.099999999999998,-3.3789000000000016,2.2972099999999998
2026,Saint Mary's,Texas A&M,Texas A&M,0.4438285608095176,0.5561714391904824,-0.4930000000000092,-3.8819000000000017,-1.3000000000000043,-4.099999999999994,1.799999999999999,-3.1000000000000014,5.300000000000004,-8.7,-5.713800000000006,2.41376
2026,Saint Mary's,Villanova,Villanova,0.44056042484258034,0.5594395751574197,-0.23199999999999932,-2.995900000000006,-0.8000000000000043,-4.599999999999994,1.299999999999999,-3.5,5.200000000000003,-7.899999999999999,0.3556999999999988,0.06640999999999941
2026,Saint Mary's,Utah St.,Utah St.,0.46382321487064515,0.5361767851293548,-3.6610000000000014,-4.543899999999994,-3.700000000000003,-2.8999999999999986,0.9999999999999982,-5.400000000000002,4.5,-8.400000000000002,-2.2516000000000105,0.01650999999999936
2026,Saint Mary's,Wisconsin,Wisconsin,0.2700243942980398,0.7299756057019602,-7.819000000000003,-4.097899999999996,-1.6000000000000014,-4.599999999999994,3.599999999999998,0.7999999999999989,8.200000000000003,-4.399999999999999,-3.391900000000007,-1.3679300000000003
2026,Saint Mary's,Texas,Saint Mary's,0.5513606393378614,0.4486393606621386,-4.663000000000011,-8.8489,-1.3000000000000043,-4.5,1.0999999999999979,1.799999999999999,1.8999999999999986,-3.099999999999998,-1.796599999999998,4.2194009999999995
2026,Saint Mary's,Texas Tech,Texas Tech,0.17405824080497342,0.8259417591950265,-6.939000000000007,-1.2656000000000063,-3.3000000000000043,-2.6999999999999957,0.4999999999999982,0.5,4.300000000000004,-6.300000000000001,-1.1060999999999979,-1.04772
2026,Saint Mary's,Tennessee,Tennessee,0.226957706407775,0.773042293592225,-2.1270000000000095,2.0297000000000054,1.2999999999999972,-1.0,-0.7000000000000028,-1.1000000000000014,-7.5,-4.099999999999998,0.07729999999999393,-0.10733000000000015
2026,Saint Mary's,Virginia,Virginia,0.3022451700417297,0.6977548299582703,-2.89200000000001,1.7073000000000036,-1.7000000000000028,1.4000000000000057,0.3999999999999986,-0.40000000000000036,-0.29999999999999716,-5.399999999999999,-0.27550000000000807,-3.7542300000000006
2026,Saint Mary's,Wright St.,Saint Mary's,0.8880576051909397,0.11194239480906032,7.003,-11.474900000000005,-1.5,-5.399999999999999,0.09999999999999787,-1.3000000000000007,4.399999999999999,-5.399999999999999,-1.6748000000000047,10.57719
2026,Saint Mary's,Santa Clara,Santa Clara,0.3884957085260897,0.6115042914739103,-5.641000000000005,-6.2029,-1.7000000000000028,-5.099999999999994,0.7999999999999989,-4.900000000000002,0.8999999999999986,-8.499999999999996,-3.9553000000000083,1.8672699999999995
2026,Saint Mary's,Tennessee St.,Saint Mary's,0.981141258306409,0.01885874169359103,11.571999999999989,-14.311899999999994,2.799999999999997,-4.5,-0.10000000000000142,-4.800000000000001,2.700000000000003,-6.099999999999998,-4.834500000000006,9.66441
2026,Texas A&M,UCLA,UCLA,0.33960452531629737,0.6603954746837026,-4.697999999999993,-0.355000000000004,0.30000000000000426,0.3999999999999986,1.1999999999999993,0.1999999999999993,1.1999999999999957,0.10000000000000142,6.328199999999995,-2.0197900000000004
2026,Texas A&M,UCF,Texas A&M,0.7609118522124387,0.23908814778756127,-0.14000000000000057,-4.260999999999996,1.4000000000000057,-1.6000000000000014,-1.0999999999999996,2.5,-2.1000000000000014,4.0,1.899799999999999,-0.5252800000000002
2026,Texas A&M,Vanderbilt,Vanderbilt,0.2596810327891991,0.7403189672108009,-7.616,2.069199999999995,-1.0999999999999943,2.0,1.299999999999999,0.40000000000000213,1.0999999999999979,0.8999999999999986,2.034099999999995,-5.70509
2026,Texas A&M,Troy,Texas A&M,0.9285126480369255,0.07148735196307454,9.174000000000007,-7.588999999999999,2.3000000000000043,0.6999999999999957,-2.4000000000000004,1.4000000000000021,-2.5,0.8999999999999986,5.9317999999999955,7.7458599999999995
2026,Texas A&M,VCU,Texas A&M,0.6890654375278327,0.31093456247216733,0.5739999999999981,-1.6129999999999995,0.10000000000000142,1.8999999999999986,-0.5999999999999996,1.1000000000000014,0.0,2.6000000000000014,2.3349000000000046,-0.11655000000000015
2026,Texas A&M,Villanova,Villanova,0.49668762653711507,0.5033123734628849,0.2610000000000099,0.8859999999999957,0.5,-0.5,-0.5,-0.3999999999999986,-0.10000000000000142,0.8000000000000007,6.069500000000005,-2.3473500000000005
2026,Texas A&M,Utah St.,Texas A&M,0.5201585106674393,0.47984148933256066,-3.167999999999992,-0.6619999999999919,-2.3999999999999986,1.1999999999999957,-0.8000000000000007,-2.3000000000000007,-0.8000000000000043,0.29999999999999716,3.4621999999999957,-2.3972500000000005
2026,Texas A&M,Wisconsin,Wisconsin,0.3167256360163696,0.6832743639836304,-7.325999999999993,-0.21599999999999397,-0.29999999999999716,-0.5,1.799999999999999,3.9000000000000004,2.8999999999999986,4.300000000000001,2.3218999999999994,-3.78169
2026,Texas A&M,Texas Tech,Texas Tech,0.20891200469583054,0.7910879953041694,-6.445999999999998,2.6162999999999954,-2.0,1.3999999999999986,-1.3000000000000007,3.6000000000000014,-1.0,2.3999999999999986,4.607700000000008,-3.46148
2026,Texas A&M,Virginia,Virginia,0.35183315730576586,0.6481668426942342,-2.399000000000001,5.589200000000005,-0.3999999999999986,5.5,-1.4000000000000004,2.700000000000001,-5.600000000000001,3.3000000000000007,5.438299999999998,-6.1679900000000005
2026,Texas A&M,Wright St.,Texas A&M,0.908602570810492,0.091397429189508,7.496000000000009,-7.5930000000000035,-0.19999999999999574,-1.3000000000000043,-1.700000000000001,1.8000000000000007,-0.9000000000000057,3.3000000000000007,4.0390000000000015,8.16343
2026,Houston,Siena,Houston,0.9947800746793694,0.005219925320630647,18.132999999999996,-16.51870000000001,1.5,-2.0,-3.0,3.8999999999999986,4.0,1.8999999999999986,-1.3051999999999921,16.77536
2026,Houston,Ohio St.,Houston,0.7780973045029096,0.2219026954970904,0.1280000000000001,-9.196700000000007,-4.399999999999999,-3.6999999999999957,-2.4000000000000004,5.199999999999999,5.099999999999998,0.8999999999999986,-2.8363000000000014,6.1064099999999994
2026,Houston,TCU,Houston,0.9400771116313068,0.059922888368693195,10.48599999999999,-7.252099999999999,1.2000000000000028,-4.399999999999999,-2.5,1.3000000000000007,1.5,1.6999999999999993,-4.254399999999997,6.62317
2026,Houston,St. John's,Houston,0.7848514874838497,0.2151485125161503,5.534999999999997,-1.7028999999999996,1.1000000000000014,-0.7999999999999972,-1.6999999999999993,1.6000000000000014,0.0,0.6999999999999993,-6.278600000000004,1.7350899999999996
2026,Houston,Northern Iowa,Houston,0.9430463505163045,0.05695364948369552,15.567999999999998,-6.1784000000000106,-2.1000000000000014,-0.6000000000000014,-1.5999999999999996,2.8999999999999986,13.899999999999999,4.599999999999998,1.138300000000001,14.27461
2026,Houston,Kansas,Houston,0.8079210286340588,0.1920789713659412,7.519999999999996,-1.971100000000007,0.5,1.3999999999999986,-2.5,7.0,6.399999999999999,0.7999999999999972,-4.284500000000001,2.7296199999999997
2026,Houston,Louisville,Houston,0.785682042931773,0.21431795706822698,1.3039999999999878,-5.778599999999997,-4.299999999999997,-2.1999999999999957,-3.3999999999999986,4.300000000000001,3.0,4.0,-6.387099999999997,4.9984399999999996
2026,Houston,South Florida,Houston,0.9308808037389857,0.06911919626101426,8.562999999999988,-8.991700000000009,1.2000000000000028,-1.7999999999999972,-2.1999999999999993,2.1999999999999993,-2.3000000000000043,-0.9000000000000021,-8.076299999999996,9.252927999999999
2026,Houston,Michigan St.,Houston,0.8315662614932593,0.1684337385067407,2.418999999999997,-3.7952000000000083,-1.5,-2.0,-4.100000000000001,6.199999999999999,-2.6000000000000014,8.299999999999997,-2.6555999999999997,1.5523099999999994
2026,Houston,North Dakota St.,Houston,0.9889514166969381,0.01104858330306191,13.911999999999992,-13.6357,-1.2999999999999972,-4.899999999999999,-2.5999999999999996,2.3000000000000007,2.299999999999997,5.199999999999999,-3.0316999999999936,12.351289999999999
2026,Houston,UCLA,Houston,0.7874851211551428,0.2125148788448572,0.7819999999999965,-9.39370000000001,-1.7999999999999972,-3.799999999999997,-0.40000000000000036,2.8999999999999986,4.799999999999997,-1.5,-1.3625000000000043,5.382149999999999
2026,Houston,UCF,Houston,0.9582166020867995,0.041783397913200515,5.339999999999989,-13.299700000000001,-0.6999999999999957,-5.799999999999997,-2.6999999999999993,5.199999999999999,1.5,2.3999999999999986,-5.790900000000001,6.876659999999999
2026,Houston,Prairie View A&M,Houston,0.9972707865685384,0.002729213431461597,23.884,-18.969700000000003,4.200000000000003,-3.799999999999997,-3.0,1.8999999999999986,8.799999999999997,-3.8999999999999986,-7.543799999999997,21.55552
2026,Houston,Iowa,Houston,0.8192367553809385,0.18076324461906146,3.2109999999999985,-7.813699999999997,-4.5,-6.100000000000001,-2.1999999999999993,0.0,5.799999999999997,2.8999999999999986,0.29810000000000514,7.048729999999999
2026,Houston,Vanderbilt,Houston,0.7165195769056778,0.2834804230943222,-2.13600000000001,-6.969500000000011,-3.1999999999999957,-2.1999999999999957,-0.3000000000000007,3.1000000000000014,4.699999999999999,-0.7000000000000028,-5.6566000000000045,1.6968499999999995
2026,Houston,McNeese St.,Houston,0.9660481461460616,0.033951853853938396,12.181999999999988,-9.736699999999999,1.1000000000000014,-2.299999999999997,-1.3000000000000007,-3.6000000000000014,0.8999999999999986,-4.100000000000001,-2.8108999999999966,8.29439
2026,Houston,Nebraska,Houston,0.8469768167206917,0.1530231832793083,8.131,-1.105000000000004,-3.299999999999997,-1.1999999999999957,-1.4000000000000004,1.8000000000000007,9.599999999999998,3.1999999999999993,-3.4956999999999923,1.5407499999999992
2026,Houston,Troy,Houston,0.9894283662613766,0.010571633738623354,14.653999999999996,-16.627700000000004,0.20000000000000284,-3.5,-4.0,4.100000000000001,1.1000000000000014,-0.7000000000000028,-1.7589000000000041,15.1478
2026,Houston,North Carolina,Houston,0.8788750685575586,0.12112493144244141,3.924999999999997,-7.615700000000004,-2.5,-1.6000000000000014,-1.0,7.4,4.5,2.799999999999997,-4.660400000000003,4.075139999999999
2026,Houston,VCU,Houston,0.9410686738281009,0.05893132617189911,6.053999999999988,-10.651700000000005,-2.0,-2.299999999999997,-2.1999999999999993,3.8000000000000007,3.6000000000000014,1.0,-5.355799999999995,7.28539
2026,Houston,Illinois,Illinois,0.4691841936023104,0.5308158063976895,-6.606999999999999,-5.824399999999997,-3.0,-1.0,-0.1999999999999993,9.4,-2.8000000000000043,3.8999999999999986,-2.393099999999997,2.436609999999999
2026,Houston,Penn,Houston,0.9881885822354605,0.011811417764539534,18.779999999999987,-13.002700000000004,1.8000000000000043,-5.100000000000001,-2.4000000000000004,3.1999999999999993,5.599999999999998,0.3999999999999986,-5.699099999999994,15.003129999999999
2026,Houston,Saint Mary's,Houston,0.9002968956535363,0.09970310434646368,5.972999999999999,-5.156800000000004,-0.7999999999999972,-0.10000000000000142,-3.3999999999999986,5.800000000000001,-1.7000000000000028,7.099999999999998,-1.9768999999999934,4.98818
2026,Houston,Texas A&M,Houston,0.8781353303421353,0.12186466965786469,5.47999999999999,-9.038700000000006,-2.1000000000000014,-4.199999999999996,-1.5999999999999996,2.6999999999999993,3.6000000000000014,-1.6000000000000014,-7.6907,7.40194
2026,Houston,Idaho,Houston,0.9877957118526592,0.012204288147340758,16.510999999999996,-13.78370000000001,0.20000000000000284,-3.6999999999999957,-2.0,5.800000000000001,7.0,6.699999999999999,-4.098999999999997,17.860500000000002
2026,Houston,LIU,Houston,0.9978936398021752,0.0021063601978248414,21.694999999999993,-17.389700000000005,-1.1999999999999957,-3.1999999999999957,-6.0,2.1000000000000014,1.6000000000000014,-1.7000000000000028,-4.503700000000002,14.77507
2026,Houston,Villanova,Houston,0.8767103138761747,0.12328968612382529,5.741,-8.15270000000001,-1.6000000000000014,-4.699999999999996,-2.0999999999999996,2.3000000000000007,3.5,-0.8000000000000007,-1.6211999999999946,5.054589999999999
2026,Houston,Utah St.,Houston,0.8865089585484177,0.11349104145158229,2.3119999999999976,-9.700699999999998,-4.5,-3.0,-2.4000000000000004,0.3999999999999986,2.799999999999997,-1.3000000000000043,-4.228500000000004,5.004689999999999
2026,Houston,Wisconsin,Houston,0.7695955664584049,0.23040443354159512,-1.8460000000000036,-9.2547,-2.3999999999999986,-4.699999999999996,0.1999999999999993,6.6,6.5,2.6999999999999993,-5.3688,3.6202499999999995
2026,Houston,Texas,Houston,0.9173366001777481,0.0826633998222519,1.309999999999988,-14.005700000000004,-2.1000000000000014,-4.600000000000001,-2.3000000000000007,7.6,0.19999999999999574,4.0,-3.7734999999999914,9.207581
2026,Houston,Kennesaw St.,Houston,0.991021499520493,0.00897850047950699,14.530999999999992,-17.1207,1.3999999999999986,-1.8999999999999986,-3.6999999999999993,4.899999999999999,0.3999999999999986,-0.40000000000000213,-7.941499999999998,16.97592
2026,Houston,Miami FL,Houston,0.9224824779765862,0.07751752202341378,4.25,-9.059700000000007,-3.5,-5.100000000000001,-3.1999999999999993,2.6000000000000014,-1.1000000000000014,4.599999999999998,-4.6044999999999945,5.1480999999999995
2026,Houston,Missouri,Houston,0.9030895289946048,0.09691047100539518,5.391999999999996,-10.65870000000001,-3.1999999999999957,-4.799999999999997,-5.0,4.399999999999999,0.3999999999999986,-0.5,-3.0544999999999973,7.844149999999999
2026,Houston,Purdue,Houston,0.5763707868888042,0.42362921311119583,-7.974000000000018,-7.864699999999999,-5.5,-5.699999999999996,-0.5,5.4,-0.3999999999999986,4.5,-1.1112000000000037,-0.1920800000000007
2026,Houston,Queens,Houston,0.9950934452342113,0.004906554765788718,10.658999999999992,-24.722700000000003,-4.5,-7.399999999999999,-1.8000000000000007,6.0,5.5,-2.1000000000000014,-6.177,15.964089999999999
2026,Houston,Michigan,Houston,0.5709235073185752,0.4290764926814248,-2.3130000000000024,1.3491999999999962,-6.0,1.8999999999999986,-3.6999999999999993,5.5,0.5,3.1999999999999993,-7.8907000000000025,-4.99808
2026,Houston,Howard,Houston,0.9963249229568266,0.0036750770431733804,21.857,-13.842700000000008,1.5,-0.7999999999999972,-6.800000000000001,-0.3000000000000007,-0.7000000000000028,-1.1000000000000014,-5.722699999999996,15.86758
2026,Houston,Saint Louis,Houston,0.9618375774785101,0.038162422521489936,5.829999999999998,-9.861699999999999,-7.600000000000001,1.8000000000000043,-4.399999999999999,4.899999999999999,4.799999999999997,3.8999999999999986,-7.688700000000004,7.12571
2026,Houston,Texas Tech,Houston,0.6555201576937913,0.34447984230620865,-0.9660000000000082,-6.42240000000001,-4.100000000000001,-2.799999999999997,-2.9000000000000004,6.300000000000001,2.6000000000000014,0.7999999999999972,-3.0829999999999913,3.94046
2026,Houston,Tennessee,Houston,0.726106569629897,0.27389343037010305,3.8459999999999894,-3.1270999999999987,0.5,-1.1000000000000014,-4.100000000000001,4.699999999999999,-9.200000000000003,3.0,-1.8995999999999995,4.88085
2026,Houston,Miami OH,Houston,0.9889266729320394,0.011073327067960603,8.658999999999992,-15.202700000000007,-7.100000000000001,-4.199999999999996,-1.5,3.5,10.599999999999998,2.799999999999997,-6.616499999999995,6.542269999999999
2026,Houston,Virginia,Houston,0.7963925746812759,0.2036074253187241,3.080999999999989,-3.4495000000000005,-2.5,1.3000000000000043,-3.0,5.4,-2.0,1.6999999999999993,-2.2524000000000015,1.2339499999999992
2026,Houston,Wright St.,Houston,0.9862324809696252,0.013767519030374764,12.975999999999999,-16.63170000000001,-2.299999999999997,-5.5,-3.3000000000000007,4.5,2.6999999999999957,1.6999999999999993,-3.651699999999998,15.56537
2026,Houston,Kentucky,Houston,0.8777892048418046,0.12221079515819544,5.4269999999999925,-7.585800000000006,-1.0,-2.1999999999999957,-2.0,5.199999999999999,2.1000000000000014,0.7999999999999972,-4.994099999999996,5.704089999999999
2026,Houston,Santa Clara,Houston,0.8515598489129085,0.14844015108709152,0.33199999999999363,-11.359700000000004,-2.5,-5.199999999999996,-2.5999999999999996,0.8999999999999986,-0.8000000000000043,-1.3999999999999986,-5.932200000000002,6.855449999999999
2026,Houston,Iowa St.,Houston,0.5980363551044231,0.4019636448955769,1.5749999999999886,-0.23270000000000834,-4.399999999999999,-2.8999999999999986,-2.0999999999999996,-1.3999999999999986,0.6000000000000014,2.799999999999997,-3.636499999999991,1.604659999999999
2026,Houston,Tennessee St.,Houston,0.9978758722961055,0.002124127703894474,17.544999999999987,-19.4687,2.0,-4.600000000000001,-3.5,1.0,1.0,1.0,-6.811399999999999,14.65259
2026,Idaho,Siena,Idaho,0.7018975130696088,0.2981024869303912,1.6219999999999999,-2.7349999999999994,1.2999999999999972,1.6999999999999957,-1.0,-1.9000000000000021,-3.0,-4.800000000000001,2.7938000000000045,-1.0851400000000009
2026,Idaho,Ohio St.,Ohio St.,0.04152388177083706,0.9584761182291629,-16.382999999999996,4.587000000000003,-4.600000000000001,0.0,-0.40000000000000036,-0.6000000000000014,-1.9000000000000021,-5.800000000000001,1.2626999999999953,-11.754090000000001
2026,Idaho,TCU,TCU,0.16235825325666706,0.8376417467433329,-6.025000000000006,6.531600000000012,1.0,-0.7000000000000028,-0.5,-4.5,-5.5,-5.0,-0.1554000000000002,-11.23733
2026,Idaho,St. John's,St. John's,0.04312695304125629,0.9568730469587438,-10.975999999999999,12.08080000000001,0.8999999999999986,2.8999999999999986,0.3000000000000007,-4.199999999999999,-7.0,-6.0,-2.1796000000000078,-16.125410000000002
2026,Idaho,Northern Iowa,Northern Iowa,0.16983305894809103,0.830166941051909,-0.9429999999999978,7.6053,-2.3000000000000043,3.0999999999999943,0.40000000000000036,-2.900000000000002,6.899999999999999,-2.1000000000000014,5.237299999999998,-3.585890000000001
2026,Idaho,Kansas,Kansas,0.04940056965694752,0.9505994303430525,-8.991,11.812600000000003,0.29999999999999716,5.099999999999994,-0.5,1.1999999999999993,-0.6000000000000014,-5.900000000000002,-0.18550000000000466,-15.130880000000001
2026,Idaho,Louisville,Louisville,0.0433306728268724,0.9566693271731276,-15.207000000000008,8.005100000000013,-4.5,1.5,-1.3999999999999986,-1.5,-4.0,-2.6999999999999993,-2.2881,-12.86206
2026,Idaho,South Florida,South Florida,0.14265762831570158,0.8573423716842984,-7.9480000000000075,4.792000000000002,1.0,1.8999999999999986,-0.1999999999999993,-3.6000000000000014,-9.300000000000004,-7.600000000000001,-3.9772999999999996,-8.607572000000001
2026,Idaho,Michigan St.,Michigan St.,0.057490841800083584,0.9425091581999164,-14.091999999999999,9.988500000000002,-1.7000000000000028,1.6999999999999957,-2.1000000000000014,0.3999999999999986,-9.600000000000001,1.5999999999999979,1.443399999999997,-16.30819
2026,Idaho,North Dakota St.,Idaho,0.5251423927841294,0.47485760721587056,-2.5990000000000038,0.14800000000001035,-1.5,-1.2000000000000028,-0.5999999999999996,-3.5,-4.700000000000003,-1.5,1.067300000000003,-5.50921
2026,Idaho,UCLA,UCLA,0.043778110464194636,0.9562218895358053,-15.729,4.390000000000001,-2.0,-0.10000000000000142,1.5999999999999996,-2.900000000000002,-2.200000000000003,-8.2,2.7364999999999924,-12.47835
2026,Idaho,UCF,UCF,0.22078222415084758,0.7792177758491524,-11.171000000000006,0.48400000000000887,-0.8999999999999986,-2.1000000000000014,-0.6999999999999993,-0.6000000000000014,-5.5,-4.300000000000001,-1.691900000000004,-10.98384
2026,Idaho,Prairie View A&M,Idaho,0.8186637444074669,0.18133625559253308,7.373000000000005,-5.185999999999993,4.0,-0.10000000000000142,-1.0,-3.900000000000002,1.7999999999999972,-10.599999999999998,-3.4448000000000008,3.6950199999999995
2026,Idaho,Iowa,Iowa,0.05302528371338823,0.9469747162866118,-13.299999999999997,5.970000000000013,-4.700000000000003,-2.4000000000000057,-0.1999999999999993,-5.800000000000001,-1.2000000000000028,-3.8000000000000007,4.397100000000002,-10.811770000000001
2026,Idaho,Vanderbilt,Vanderbilt,0.030282757769909237,0.9697172422300908,-18.647000000000006,6.8142,-3.3999999999999986,1.5,1.6999999999999993,-2.6999999999999993,-2.3000000000000007,-7.400000000000002,-1.5576000000000079,-16.16365
2026,Idaho,McNeese St.,McNeese St.,0.2601058804313861,0.739894119568614,-4.329000000000008,4.047000000000011,0.8999999999999986,1.3999999999999986,0.6999999999999993,-9.400000000000002,-6.100000000000001,-10.8,1.2881,-9.56611
2026,Idaho,Nebraska,Nebraska,0.06400765329472663,0.9359923467052733,-8.379999999999995,12.678700000000006,-3.5,2.5,0.5999999999999996,-4.0,2.599999999999998,-3.5,0.6033000000000044,-16.31975
2026,Idaho,Troy,Idaho,0.536252395103303,0.463747604896697,-1.8569999999999993,-2.843999999999994,0.0,0.19999999999999574,-2.0,-1.6999999999999993,-5.899999999999999,-7.400000000000002,2.3400999999999925,-2.7127000000000008
2026,Idaho,North Carolina,North Carolina,0.08227214678900686,0.9177278532109931,-12.585999999999999,6.168000000000006,-2.700000000000003,2.0999999999999943,1.0,1.5999999999999996,-2.5,-3.900000000000002,-0.5614000000000061,-13.78536
2026,Idaho,VCU,VCU,0.1647853257815175,0.8352146742184825,-10.457000000000008,3.132000000000005,-2.200000000000003,1.3999999999999986,-0.1999999999999993,-2.0,-3.3999999999999986,-5.699999999999999,-1.2567999999999984,-10.57511
2026,Idaho,Illinois,Illinois,0.01080258802773032,0.9891974119722697,-23.117999999999995,7.959300000000013,-3.200000000000003,2.6999999999999957,1.8000000000000007,3.5999999999999996,-9.800000000000004,-2.8000000000000007,1.7058999999999997,-15.42389
2026,Idaho,Penn,Idaho,0.5082788312904181,0.49172116870958194,2.2689999999999912,0.7810000000000059,1.6000000000000014,-1.4000000000000057,-0.40000000000000036,-2.6000000000000014,-1.4000000000000021,-6.300000000000001,-1.6000999999999976,-2.8573700000000004
2026,Idaho,Saint Mary's,Saint Mary's,0.10036633946181166,0.8996336605381884,-10.537999999999997,8.626900000000006,-1.0,3.5999999999999943,-1.3999999999999986,0.0,-8.700000000000003,0.3999999999999986,2.122100000000003,-12.87232
2026,Idaho,Texas A&M,Texas A&M,0.0817503676788223,0.9182496323211777,-11.031000000000006,4.7450000000000045,-2.3000000000000043,-0.5,0.40000000000000036,-3.1000000000000014,-3.3999999999999986,-8.3,-3.591700000000003,-10.45856
2026,Idaho,LIU,Idaho,0.85408378796853,0.14591621203146998,5.1839999999999975,-3.6059999999999945,-1.3999999999999986,0.5,-4.0,-3.6999999999999993,-5.399999999999999,-8.400000000000002,-0.4047000000000054,-3.0854300000000006
2026,Idaho,Villanova,Villanova,0.08076124598963433,0.9192387540103657,-10.769999999999996,5.631,-1.8000000000000043,-1.0,-0.09999999999999964,-3.5,-3.5,-7.5,2.477800000000002,-12.80591
2026,Idaho,Utah St.,Utah St.,0.08801460553621974,0.9119853944637802,-14.198999999999998,4.083000000000013,-4.700000000000003,0.6999999999999957,-0.40000000000000036,-5.400000000000002,-4.200000000000003,-8.000000000000004,-0.12950000000000728,-12.855810000000002
2026,Idaho,Wisconsin,Wisconsin,0.03963276538691427,0.9603672346130857,-18.357,4.529000000000011,-2.6000000000000014,-1.0,2.1999999999999993,0.7999999999999989,-0.5,-4.0,-1.2698000000000036,-14.24025
2026,Idaho,Texas,Texas,0.12057556438391004,0.87942443561609,-15.201000000000008,-0.2219999999999942,-2.3000000000000043,-0.9000000000000057,-0.3000000000000007,1.799999999999999,-6.800000000000004,-2.6999999999999993,0.32550000000000523,-8.652919
2026,Idaho,Kennesaw St.,Idaho,0.5769376942787173,0.42306230572128267,-1.980000000000004,-3.336999999999989,1.1999999999999957,1.7999999999999972,-1.6999999999999993,-0.9000000000000021,-6.600000000000001,-7.100000000000001,-3.842500000000001,-0.8845800000000006
2026,Idaho,Miami FL,Miami FL,0.12818260437927545,0.8718173956207246,-12.260999999999996,4.724000000000004,-3.700000000000003,-1.4000000000000057,-1.1999999999999993,-3.1999999999999993,-8.100000000000001,-2.1000000000000014,-0.5054999999999978,-12.7124
2026,Idaho,Missouri,Missouri,0.10324717390439987,0.8967528260956001,-11.119,3.125,-3.3999999999999986,-1.1000000000000014,-3.0,-1.4000000000000021,-6.600000000000001,-7.199999999999999,1.0444999999999993,-10.016350000000001
2026,Idaho,Purdue,Purdue,0.01653185822228956,0.9834681417777105,-24.485000000000014,5.919000000000011,-5.700000000000003,-2.0,1.5,-0.40000000000000036,-7.399999999999999,-2.1999999999999993,2.987799999999993,-18.05258
2026,Idaho,Queens,Idaho,0.7147518873544157,0.28524811264558425,-5.852000000000004,-10.938999999999993,-4.700000000000003,-3.700000000000003,0.1999999999999993,0.1999999999999993,-1.5,-8.8,-2.078000000000003,-1.8964100000000004
2026,Idaho,Michigan,Michigan,0.016173610760531625,0.9838263892394684,-18.823999999999998,15.132900000000006,-6.200000000000003,5.599999999999994,-1.6999999999999993,-0.3000000000000007,-6.5,-3.5,-3.791700000000006,-22.85858
2026,Idaho,Saint Louis,Saint Louis,0.23745303213090496,0.762546967869095,-10.680999999999997,3.9220000000000113,-7.800000000000004,5.5,-2.3999999999999986,-0.9000000000000021,-2.200000000000003,-2.8000000000000007,-3.5897000000000077,-10.73479
2026,Idaho,Texas Tech,Texas Tech,0.022970747121212866,0.9770292528787872,-17.477000000000004,7.3613,-4.300000000000004,0.8999999999999986,-0.9000000000000004,0.5,-4.399999999999999,-5.900000000000002,1.0160000000000053,-13.92004
2026,Idaho,Tennessee,Tennessee,0.031715180709323006,0.968284819290677,-12.665000000000006,10.656600000000012,0.29999999999999716,2.5999999999999943,-2.1000000000000014,-1.1000000000000014,-16.200000000000003,-3.6999999999999993,2.199399999999997,-12.97965
2026,Idaho,Miami OH,Idaho,0.5245782762915913,0.47542172370840874,-7.852000000000004,-1.418999999999997,-7.300000000000004,-0.5,0.5,-2.3000000000000007,3.599999999999998,-3.900000000000002,-2.5174999999999983,-11.31823
2026,Idaho,Virginia,Virginia,0.0460980589489418,0.9539019410510582,-13.430000000000007,10.33420000000001,-2.700000000000003,5.0,-1.0,-0.40000000000000036,-9.0,-5.0,1.8465999999999951,-16.62655
2026,Idaho,Wright St.,Wright St.,0.469510738455078,0.5304892615449219,-3.5349999999999966,-2.847999999999999,-2.5,-1.8000000000000043,-1.3000000000000007,-1.3000000000000007,-4.300000000000004,-5.0,0.4472999999999985,-2.2951300000000003
2026,Idaho,Kentucky,Kentucky,0.08150819364424168,0.9184918063557583,-11.084000000000003,6.197900000000004,-1.2000000000000028,1.5,0.0,-0.6000000000000014,-4.899999999999999,-5.900000000000002,-0.8950999999999993,-12.156410000000001
2026,Idaho,Santa Clara,Santa Clara,0.06618647684597162,0.9338135231540283,-16.179000000000002,2.4240000000000066,-2.700000000000003,-1.5,-0.5999999999999996,-4.900000000000002,-7.800000000000004,-8.099999999999998,-1.833200000000005,-11.00505
2026,Idaho,Iowa St.,Iowa St.,0.01804993041330885,0.9819500695866912,-14.936000000000007,13.551000000000002,-4.600000000000001,0.7999999999999972,-0.09999999999999964,-7.199999999999999,-6.399999999999999,-3.900000000000002,0.4625000000000057,-16.25584
2026,Idaho,Tennessee St.,Idaho,0.8530316177949377,0.14696838220506225,1.0339999999999918,-5.684999999999988,1.7999999999999972,-0.9000000000000057,-1.5,-4.800000000000001,-6.0,-5.699999999999999,-2.7124000000000024,-3.207910000000001
2026,Arizona,Duke,Duke,0.42905599812632894,0.5709440018736711,-1.2269999999999897,0.5849999999999937,-1.6999999999999957,-1.2000000000000028,-0.5999999999999996,-1.4000000000000021,0.0,2.099999999999998,4.223700000000008,-0.0045000000000001705
2026,Arizona,Siena,Arizona,0.9914271431188038,0.008572856881196245,19.726,-17.518200000000007,4.5,-3.6000000000000014,-0.9000000000000004,-0.40000000000000213,6.200000000000003,-2.1000000000000014,5.396200000000007,21.44314
2026,Arizona,Ohio St.,Arizona,0.6802929596195083,0.3197070403804917,1.7210000000000036,-10.196200000000005,-1.3999999999999986,-5.299999999999997,-0.3000000000000007,0.8999999999999986,7.300000000000001,-3.1000000000000014,3.865099999999998,10.77419
2026,Arizona,TCU,Arizona,0.904944200731821,0.09505579926817898,12.078999999999994,-8.251599999999996,4.200000000000003,-6.0,-0.40000000000000036,-3.0,3.700000000000003,-2.3000000000000007,2.4470000000000027,11.29095
2026,Arizona,St. John's,Arizona,0.6888335770289088,0.3111664229710912,7.128,-2.7023999999999972,4.100000000000001,-2.3999999999999986,0.40000000000000036,-2.6999999999999993,2.200000000000003,-3.3000000000000007,0.4227999999999952,6.40287
2026,Arizona,Northern Iowa,Arizona,0.9094866943893374,0.09051330561066262,17.161,-7.177900000000008,0.8999999999999986,-2.200000000000003,0.5,-1.4000000000000021,16.1,0.5999999999999979,7.839700000000001,18.94239
2026,Arizona,Kansas,Arizona,0.7185061291402955,0.28149387085970445,9.113,-2.9706000000000046,3.5,-0.20000000000000284,-0.40000000000000036,2.6999999999999993,8.600000000000001,-3.200000000000003,2.4168999999999983,7.3974
2026,Arizona,Cal Baptist,Arizona,0.9732529401262645,0.02674705987373549,19.436999999999998,-8.919200000000004,6.5,-1.3999999999999986,-3.0000000000000018,-0.40000000000000213,0.30000000000000426,-0.3000000000000007,4.095399999999998,15.96601
2026,Arizona,Louisville,Arizona,0.6898883402763079,0.31011165972369215,2.8969999999999914,-6.778099999999995,-1.2999999999999972,-3.799999999999997,-1.299999999999999,0.0,5.200000000000003,0.0,0.3143000000000029,9.66622
2026,Arizona,South Florida,Arizona,0.890981355514108,0.10901864448589205,10.155999999999992,-9.991200000000006,4.200000000000003,-3.3999999999999986,-0.09999999999999964,-2.1000000000000014,-0.10000000000000142,-4.900000000000002,-1.3748999999999967,13.920708
2026,Arizona,Michigan St.,Arizona,0.7497490613995597,0.25025093860044034,4.0120000000000005,-4.794700000000006,1.5,-3.6000000000000014,-2.0000000000000018,1.8999999999999986,-0.3999999999999986,4.299999999999997,4.0458,6.22009
2026,Arizona,North Dakota St.,Arizona,0.9819225802823577,0.018077419717642318,15.504999999999995,-14.635199999999998,1.7000000000000028,-6.5,-0.5,-2.0,4.5,1.1999999999999993,3.669700000000006,17.01907
2026,Arizona,UCLA,Arizona,0.6921815923318557,0.3078184076681443,2.375,-10.393200000000007,1.2000000000000028,-5.399999999999999,1.6999999999999993,-1.4000000000000021,7.0,-5.5,5.338899999999995,10.04993
2026,Arizona,UCF,Arizona,0.9329604840584029,0.06703951594159707,6.932999999999993,-14.299199999999999,2.3000000000000043,-7.399999999999999,-0.5999999999999996,0.8999999999999986,3.700000000000003,-1.6000000000000014,0.910499999999999,11.54444
2026,Arizona,Connecticut,Arizona,0.680723885262281,0.319276114737719,3.837999999999994,-3.5929,-0.19999999999999574,-0.7000000000000028,-1.700000000000001,-1.3000000000000007,2.3999999999999986,-1.8000000000000007,5.443799999999996,4.823259999999999
2026,Arizona,Furman,Arizona,0.9903641987350829,0.009635801264917143,20.01299999999999,-17.631200000000007,0.30000000000000426,-5.100000000000001,-2.700000000000001,3.0,7.100000000000001,-0.6000000000000014,4.185699999999997,22.39777
2026,Arizona,Florida,Florida,0.45942913933596474,0.5405708606640353,0.8379999999999939,-0.8819000000000017,1.6000000000000014,-1.2999999999999972,-1.4000000000000004,1.299999999999999,-5.100000000000001,2.099999999999998,-0.37189999999999657,5.13241
2026,Arizona,Prairie View A&M,Arizona,0.9955105017640168,0.004489498235983214,25.477000000000004,-19.9692,7.200000000000003,-5.399999999999999,-0.9000000000000004,-2.400000000000002,11.0,-7.899999999999999,-0.8423999999999978,26.223300000000002
2026,Arizona,Clemson,Arizona,0.8359215045045035,0.16407849549549647,10.367999999999995,-5.612899999999996,2.5,-3.8999999999999986,0.9000000000000004,-0.8000000000000007,10.0,1.1999999999999993,5.753299999999996,10.4875
2026,Arizona,Iowa,Arizona,0.7333509165887041,0.2666490834112959,4.804000000000002,-8.813199999999995,-1.5,-7.700000000000003,-0.09999999999999964,-4.300000000000001,8.0,-1.1000000000000014,6.999500000000005,11.71651
2026,Arizona,Vanderbilt,Arizona,0.6053406440882071,0.3946593559117929,-0.5430000000000064,-7.969000000000008,-0.19999999999999574,-3.799999999999997,1.799999999999999,-1.1999999999999993,6.900000000000002,-4.700000000000003,1.044799999999995,6.36463
2026,Arizona,McNeese St.,Arizona,0.9452553811350297,0.054744618864970285,13.774999999999991,-10.736199999999997,4.100000000000001,-3.8999999999999986,0.7999999999999989,-7.900000000000002,3.1000000000000014,-8.100000000000001,3.890500000000003,12.96217
2026,Arizona,Nebraska,Arizona,0.770580112598734,0.22941988740126595,9.724000000000004,-2.1045000000000016,-0.29999999999999716,-2.799999999999997,0.6999999999999993,-2.5,11.8,-0.8000000000000007,3.2057000000000073,6.20853
2026,Arizona,Troy,Arizona,0.9826976448110417,0.017302355188958285,16.247,-17.627200000000002,3.200000000000003,-5.100000000000001,-1.9000000000000004,-0.1999999999999993,3.3000000000000043,-4.700000000000003,4.9424999999999955,19.81558
2026,Arizona,North Carolina,Arizona,0.8149236666810408,0.18507633331895923,5.518000000000001,-8.615200000000002,0.5,-3.200000000000003,1.0999999999999996,3.0999999999999996,6.700000000000003,-1.2000000000000028,2.040999999999997,8.74292
2026,Arizona,VCU,Arizona,0.9064592711491295,0.0935407288508705,7.646999999999991,-11.651200000000003,1.0,-3.8999999999999986,-0.09999999999999964,-0.5,5.800000000000004,-3.0,1.3456000000000046,11.95317
2026,Arizona,Illinois,Illinois,0.3491190410819901,0.6508809589180099,-5.013999999999996,-6.823899999999995,0.0,-2.6000000000000014,1.9000000000000004,5.1,-0.6000000000000014,-0.10000000000000142,4.308300000000003,7.1043899999999995
2026,Arizona,Penn,Arizona,0.9806839280844342,0.019316071915565836,20.37299999999999,-14.002200000000002,4.800000000000004,-6.700000000000003,-0.3000000000000007,-1.1000000000000014,7.800000000000001,-3.6000000000000014,1.0023000000000053,19.67091
2026,Arizona,Saint Mary's,Arizona,0.8456696835673884,0.15433031643261164,7.5660000000000025,-6.156300000000002,2.200000000000003,-1.7000000000000028,-1.299999999999999,1.5,0.5,3.099999999999998,4.724500000000006,9.65596
2026,Arizona,Texas A&M,Arizona,0.8138760745467698,0.1861239254532302,7.072999999999993,-10.038200000000003,0.8999999999999986,-5.799999999999997,0.5,-1.6000000000000014,5.800000000000004,-5.600000000000001,-0.9893000000000001,12.06972
2026,Arizona,Houston,Houston,0.3776595507916923,0.6223404492083078,1.5930000000000035,-0.9994999999999976,3.0,-1.6000000000000014,2.0999999999999996,-4.300000000000001,2.200000000000003,-4.0,6.7014,4.6677800000000005
2026,Arizona,Idaho,Arizona,0.9800464788421206,0.019953521157879406,18.104,-14.783200000000008,3.200000000000003,-5.299999999999997,0.09999999999999964,1.5,9.200000000000003,2.6999999999999993,2.602400000000003,22.528280000000002
2026,Arizona,LIU,Arizona,0.996533685805665,0.003466314194334963,23.287999999999997,-18.389200000000002,1.8000000000000043,-4.799999999999997,-3.9000000000000004,-2.1999999999999993,3.8000000000000043,-5.700000000000003,2.1976999999999975,19.44285
2026,Arizona,Villanova,Arizona,0.8118606356348159,0.18813936436518408,7.334000000000003,-9.152200000000008,1.3999999999999986,-6.299999999999997,0.0,-2.0,5.700000000000003,-4.800000000000001,5.080200000000005,9.72237
2026,Arizona,Utah St.,Arizona,0.8257891559341833,0.17421084406581666,3.905000000000001,-10.700199999999995,-1.5,-4.600000000000001,-0.3000000000000007,-3.900000000000002,5.0,-5.300000000000004,2.4728999999999957,9.67247
2026,Arizona,Wisconsin,Arizona,0.6696350275590702,0.33036497244092977,-0.2530000000000001,-10.254199999999997,0.6000000000000014,-6.299999999999997,2.299999999999999,2.299999999999999,8.700000000000003,-1.3000000000000007,1.3325999999999993,8.28803
2026,Arizona,High Point,Arizona,0.9745441080124285,0.025455891987571477,11.239000000000004,-16.116200000000006,0.3999999999999986,-5.100000000000001,2.0999999999999996,-5.199999999999999,6.0,-4.800000000000001,0.13750000000000284,15.09759
2026,Arizona,Arkansas,Arizona,0.6652202600105512,0.33477973998944877,-1.007000000000005,-10.253200000000007,-1.3999999999999986,-6.399999999999999,2.799999999999999,1.0,5.899999999999999,-4.300000000000001,-0.9476999999999975,6.12572
2026,Arizona,Hawaii,Arizona,0.9855311585642487,0.014468841435751334,20.060999999999993,-10.4482,3.1000000000000014,-1.3999999999999986,-3.799999999999999,-0.1999999999999993,6.700000000000003,1.8999999999999986,0.4455999999999989,17.4021
2026,Arizona,BYU,Arizona,0.8615544510252213,0.13844554897477868,2.1809999999999974,-12.9302,0.3999999999999986,-6.200000000000003,-0.20000000000000107,0.1999999999999993,3.5,-2.400000000000002,0.24750000000000227,9.11693
2026,Arizona,Texas,Arizona,0.8707046354315504,0.1292953645684496,2.9029999999999916,-15.005200000000002,0.8999999999999986,-6.200000000000003,-0.20000000000000107,3.299999999999999,2.3999999999999986,0.0,2.927900000000008,13.875361
2026,Arizona,Gonzaga,Arizona,0.7740086759215896,0.22599132407841038,6.620999999999995,-2.6263000000000005,-1.1999999999999957,-1.2000000000000028,1.4000000000000004,-3.8000000000000007,3.3000000000000043,1.0,1.0942000000000007,6.29879
2026,Arizona,Kennesaw St.,Arizona,0.9852900102469649,0.014709989753035058,16.123999999999995,-18.120199999999997,4.399999999999999,-3.5,-1.5999999999999996,0.5999999999999979,2.6000000000000014,-4.400000000000002,-1.2400999999999982,21.6437
2026,Arizona,Miami FL,Arizona,0.8783684993942511,0.1216315006057489,5.8430000000000035,-10.059200000000004,-0.5,-6.700000000000003,-1.0999999999999996,-1.6999999999999993,1.1000000000000014,0.5999999999999979,2.096900000000005,9.81588
2026,Arizona,Missouri,Arizona,0.8497370211324687,0.15026297886753126,6.984999999999999,-11.658200000000008,-0.19999999999999574,-6.399999999999999,-2.9000000000000004,0.09999999999999787,2.6000000000000014,-4.5,3.6469000000000023,12.51193
2026,Arizona,Purdue,Purdue,0.45224561567796356,0.5477543843220365,-6.381000000000014,-8.864199999999997,-2.5,-7.299999999999997,1.5999999999999996,1.0999999999999996,1.8000000000000043,0.5,5.590199999999996,4.4757
2026,Arizona,Queens,Arizona,0.9919401711360368,0.00805982886396317,12.251999999999995,-25.7222,-1.5,-9.0,0.29999999999999893,1.6999999999999993,7.700000000000003,-6.100000000000001,0.5244,20.63187
2026,Arizona,Michigan,Michigan,0.4467343537440333,0.5532656462559666,-0.7199999999999989,0.34969999999999857,-3.0,0.29999999999999716,-1.5999999999999996,1.1999999999999993,2.700000000000003,-0.8000000000000007,-1.189300000000003,-0.33029999999999937
2026,Arizona,Howard,Arizona,0.9939582720902851,0.006041727909714911,23.450000000000003,-14.842200000000005,4.5,-2.3999999999999986,-4.700000000000001,-4.600000000000001,1.5,-5.100000000000001,0.9787000000000035,20.53536
2026,Arizona,Georgia,Arizona,0.8215428076027513,0.17845719239724867,2.578000000000003,-13.375200000000007,0.5,-5.100000000000001,0.7999999999999989,-1.6999999999999993,2.8999999999999986,-8.0,-1.999299999999991,11.06353
2026,Arizona,Saint Louis,Arizona,0.9386299920944342,0.06137000790556579,7.423000000000002,-10.861199999999997,-4.600000000000001,0.20000000000000284,-2.299999999999999,0.5999999999999979,7.0,-0.10000000000000142,-0.9873000000000047,11.79349
2026,Arizona,Texas Tech,Arizona,0.5359128806719367,0.46408711932806335,0.6269999999999953,-7.421900000000008,-1.1000000000000014,-4.399999999999999,-0.8000000000000007,2.0,4.800000000000004,-3.200000000000003,3.6184000000000083,8.60824
2026,Arizona,Hofstra,Arizona,0.9550635911853781,0.04493640881462191,13.760999999999996,-13.504199999999997,3.6000000000000014,-0.8999999999999986,-1.0000000000000018,1.6999999999999993,3.200000000000003,-3.6000000000000014,5.312799999999996,18.33355
2026,Arizona,Tennessee,Arizona,0.6166760863635873,0.3833239136364127,5.438999999999993,-4.126599999999996,3.5,-2.700000000000003,-2.0000000000000018,0.3999999999999986,-7.0,-1.0,4.8018,9.54863
2026,Arizona,Miami OH,Arizona,0.9818823835264027,0.01811761647359733,10.251999999999995,-16.202200000000005,-4.100000000000001,-5.799999999999997,0.5999999999999996,-0.8000000000000007,12.8,-1.2000000000000028,0.08490000000000464,11.210049999999999
2026,Arizona,Virginia,Arizona,0.7035800242377297,0.2964199757622703,4.673999999999992,-4.448999999999998,0.5,-0.29999999999999716,-0.9000000000000004,1.0999999999999996,0.20000000000000284,-2.3000000000000007,4.448999999999998,5.90173
2026,Arizona,Wright St.,Arizona,0.9775132549658768,0.02248674503412318,14.569000000000003,-17.631200000000007,0.7000000000000028,-7.100000000000001,-1.200000000000001,0.1999999999999993,4.899999999999999,-2.3000000000000007,3.0497000000000014,20.233150000000002
2026,Arizona,Kentucky,Arizona,0.8133862229128831,0.1866137770871169,7.019999999999996,-8.585300000000004,2.0,-3.799999999999997,0.09999999999999964,0.8999999999999986,4.300000000000004,-3.200000000000003,1.7073000000000036,10.37187
2026,Arizona,Santa Clara,Arizona,0.7768483845270913,0.22315161547290874,1.9249999999999972,-12.359200000000001,0.5,-6.799999999999997,-0.5,-3.400000000000002,1.3999999999999986,-5.399999999999999,0.7691999999999979,11.52323
2026,Arizona,Iowa St.,Iowa St.,0.4744711531664893,0.5255288468335106,3.167999999999992,-1.232200000000006,-1.3999999999999986,-4.5,0.0,-5.699999999999999,2.8000000000000043,-1.2000000000000028,3.0649000000000086,6.27244
2026,Arizona,Tennessee St.,Arizona,0.9965044870398414,0.0034955129601585977,19.13799999999999,-20.468199999999996,5.0,-6.200000000000003,-1.4000000000000004,-3.3000000000000007,3.200000000000003,-3.0,-0.10999999999999943,19.32037
2026,LIU,Siena,Siena,0.2868675253117274,0.7131324746882726,-3.5619999999999976,0.8709999999999951,2.6999999999999957,1.1999999999999957,3.0,1.7999999999999972,2.3999999999999986,3.6000000000000014,3.19850000000001,2.0002899999999997
2026,LIU,Ohio St.,Ohio St.,0.007347119864082431,0.9926528801359176,-21.566999999999993,8.192999999999998,-3.200000000000003,-0.5,3.5999999999999996,3.099999999999998,3.4999999999999964,2.6000000000000014,1.6674000000000007,-8.66866
2026,LIU,TCU,TCU,0.03205314428918344,0.9679468557108165,-11.209000000000003,10.137600000000006,2.3999999999999986,-1.2000000000000028,3.5,-0.8000000000000007,-0.10000000000000142,3.400000000000002,0.24930000000000518,-8.1519
2026,LIU,St. John's,St. John's,0.007641281734395107,0.9923587182656048,-16.159999999999997,15.686800000000005,2.299999999999997,2.3999999999999986,4.300000000000001,-0.5,-1.6000000000000014,2.400000000000002,-1.7749000000000024,-13.03998
2026,LIU,Northern Iowa,Northern Iowa,0.033770700438681425,0.9662292995613185,-6.126999999999995,11.211299999999994,-0.9000000000000057,2.5999999999999943,4.4,0.7999999999999972,12.299999999999997,6.300000000000001,5.642000000000003,-0.5004600000000003
2026,LIU,Louisville,Louisville,0.007678722187935719,0.9923212778120643,-20.391000000000005,11.611100000000008,-3.1000000000000014,1.0,2.6000000000000014,2.1999999999999993,1.3999999999999986,5.700000000000003,-1.8833999999999946,-9.77663
2026,LIU,South Florida,South Florida,0.02764203151692246,0.9723579684830775,-13.132000000000005,8.397999999999996,2.3999999999999986,1.3999999999999986,3.8000000000000007,0.09999999999999787,-3.9000000000000057,0.8000000000000007,-3.5725999999999942,-5.522142
2026,LIU,Michigan St.,Michigan St.,0.010313681698304223,0.9896863183016957,-19.275999999999996,13.594499999999996,-0.30000000000000426,1.1999999999999957,1.8999999999999986,4.099999999999998,-4.200000000000003,10.0,1.8481000000000023,-13.222760000000001
2026,LIU,North Dakota St.,North Dakota St.,0.15891245881572422,0.8410875411842758,-7.783000000000001,3.754000000000005,-0.10000000000000142,-1.7000000000000028,3.4000000000000004,0.1999999999999993,0.6999999999999957,6.900000000000002,1.4720000000000084,-2.42378
2026,LIU,UCLA,UCLA,0.007761000172971259,0.9922389998270288,-20.912999999999997,7.995999999999995,-0.6000000000000014,-0.6000000000000014,5.6,0.7999999999999972,3.1999999999999957,0.20000000000000284,3.1411999999999978,-9.39292
2026,LIU,UCF,UCF,0.04617196974205894,0.953828030257941,-16.355000000000004,4.090000000000003,0.5,-2.6000000000000014,3.3000000000000007,3.099999999999998,-0.10000000000000142,4.100000000000001,-1.2871999999999986,-7.89841
2026,LIU,Prairie View A&M,Prairie View A&M,0.435443263567741,0.564556736432259,2.189000000000007,-1.5799999999999983,5.399999999999999,-0.6000000000000014,3.0,-0.20000000000000284,7.199999999999996,-2.1999999999999957,-3.0400999999999954,6.78045
2026,LIU,Vanderbilt,Vanderbilt,0.005306919141063461,0.9946930808589365,-23.831000000000003,10.420199999999994,-2.0,1.0,5.699999999999999,1.0,3.099999999999998,1.0,-1.1529000000000025,-13.07822
2026,LIU,McNeese St.,McNeese St.,0.056656965545169795,0.9433430344548303,-9.513000000000005,7.653000000000006,2.299999999999997,0.8999999999999986,4.699999999999999,-5.700000000000003,-0.7000000000000028,-2.3999999999999986,1.6928000000000054,-6.4806799999999996
2026,LIU,Nebraska,Nebraska,0.011548301872438459,0.9884516981275615,-13.563999999999993,16.2847,-2.1000000000000014,2.0,4.6,-0.3000000000000007,7.9999999999999964,4.900000000000002,1.0080000000000098,-13.23432
2026,LIU,Troy,Troy,0.16496611065744105,0.835033889342559,-7.040999999999997,0.7620000000000005,1.3999999999999986,-0.30000000000000426,2.0,2.0,-0.5,1.0,2.744799999999998,0.3727299999999998
2026,LIU,North Carolina,North Carolina,0.015084843412964849,0.9849151565870351,-17.769999999999996,9.774000000000001,-1.3000000000000043,1.5999999999999943,5.0,5.299999999999999,2.8999999999999986,4.5,-0.15670000000000073,-10.69993
2026,LIU,VCU,VCU,0.032608131964193314,0.9673918680358067,-15.641000000000005,6.7379999999999995,-0.8000000000000043,0.8999999999999986,3.8000000000000007,1.6999999999999993,2.0,2.700000000000003,-0.852099999999993,-7.48968
2026,LIU,Penn,Penn,0.1500921640804398,0.8499078359195602,-2.9150000000000063,4.3870000000000005,3.0,-1.9000000000000057,3.5999999999999996,1.0999999999999979,3.9999999999999964,2.1000000000000014,-1.1953999999999922,0.22806000000000015
2026,LIU,Saint Mary's,Saint Mary's,0.01870361929775172,0.9812963807022482,-15.721999999999994,12.2329,0.3999999999999986,3.0999999999999943,2.6000000000000014,3.6999999999999993,-3.3000000000000043,8.8,2.5268000000000086,-9.78689
2026,LIU,Texas A&M,Texas A&M,0.014982217278213148,0.9850177827217869,-16.215000000000003,8.350999999999999,-0.9000000000000057,-1.0,4.4,0.5999999999999979,2.0,0.10000000000000142,-3.1869999999999976,-7.37313
2026,LIU,Villanova,Villanova,0.014787933071413933,0.9852120669285861,-15.953999999999994,9.236999999999995,-0.4000000000000057,-1.5,3.9000000000000004,0.1999999999999993,1.8999999999999986,0.9000000000000021,2.8825000000000074,-9.72048
2026,LIU,Utah St.,Utah St.,0.01622062726473496,0.9837793727352651,-19.382999999999996,7.689000000000007,-3.3000000000000043,0.19999999999999574,3.5999999999999996,-1.7000000000000028,1.1999999999999957,0.3999999999999986,0.2751999999999981,-9.77038
2026,LIU,Wisconsin,Wisconsin,0.007001141571400232,0.9929988584285998,-23.540999999999997,8.135000000000005,-1.2000000000000028,-1.5,6.199999999999999,4.499999999999998,4.899999999999999,4.400000000000002,-0.8650999999999982,-11.15482
2026,LIU,Texas,Texas,0.022888017789654234,0.9771119822103458,-20.385000000000005,3.3840000000000003,-0.9000000000000057,-1.4000000000000057,3.6999999999999993,5.499999999999998,-1.4000000000000057,5.700000000000003,0.7302000000000106,-5.567489
2026,LIU,Miami FL,Miami FL,0.02450373243003657,0.9754962675699634,-17.444999999999993,8.329999999999998,-2.3000000000000043,-1.9000000000000057,2.8000000000000007,0.5,-2.700000000000003,6.300000000000001,-0.10079999999999245,-9.62697
2026,LIU,Missouri,Missouri,0.019290734592528645,0.9807092654074714,-16.302999999999997,6.7309999999999945,-2.0,-1.6000000000000014,1.0,2.299999999999997,-1.2000000000000028,1.2000000000000028,1.4492000000000047,-6.93092
2026,LIU,Purdue,Purdue,0.0028636437963790217,0.997136356203621,-29.66900000000001,9.525000000000006,-4.300000000000004,-2.5,5.5,3.299999999999999,-2.0,6.200000000000003,3.3924999999999983,-14.96715
2026,LIU,Queens,Queens,0.2997642702849746,0.7002357297150255,-11.036000000000001,-7.332999999999998,-3.3000000000000043,-4.200000000000003,4.199999999999999,3.8999999999999986,3.8999999999999986,-0.3999999999999986,-1.6732999999999976,1.1890200000000002
2026,LIU,Michigan,Michigan,0.0028007447698874285,0.9971992552301125,-24.007999999999996,18.7389,-4.800000000000004,5.099999999999994,2.3000000000000007,3.3999999999999986,-1.1000000000000014,4.900000000000002,-3.3870000000000005,-19.77315
2026,LIU,Saint Louis,Saint Louis,0.050513005561091645,0.9494869944389084,-15.864999999999995,7.528000000000006,-6.400000000000006,5.0,1.6000000000000014,2.799999999999997,3.1999999999999957,5.600000000000001,-3.1850000000000023,-7.64936
2026,LIU,Texas Tech,Texas Tech,0.004000641917072723,0.9959993580829273,-22.661,10.967299999999994,-2.9000000000000057,0.3999999999999986,3.0999999999999996,4.199999999999999,1.0,2.5,1.4207000000000107,-10.83461
2026,LIU,Tennessee,Tennessee,0.005564724365335479,0.9944352756346645,-17.849000000000004,14.262600000000006,1.6999999999999957,2.0999999999999943,1.8999999999999986,2.599999999999998,-10.800000000000004,4.700000000000003,2.6041000000000025,-9.89422
2026,LIU,Miami OH,Miami OH,0.15861034693086024,0.8413896530691398,-13.036000000000001,2.1869999999999976,-5.900000000000006,-1.0,4.5,1.3999999999999986,8.999999999999996,4.5,-2.112799999999993,-8.232800000000001
2026,LIU,Virginia,Virginia,0.008188626439441526,0.9918113735605585,-18.614000000000004,13.940200000000004,-1.3000000000000043,4.5,3.0,3.299999999999999,-3.6000000000000014,3.400000000000002,2.2513000000000005,-13.54112
2026,LIU,Wright St.,Wright St.,0.13134651852559326,0.8686534814744067,-8.718999999999994,0.7579999999999956,-1.1000000000000014,-2.3000000000000043,2.6999999999999993,2.3999999999999986,1.0999999999999943,3.400000000000002,0.8520000000000039,0.7903000000000002
2026,LIU,Santa Clara,Santa Clara,0.011964232394795913,0.9880357676052041,-21.363,6.030000000000001,-1.3000000000000043,-2.0,3.4000000000000004,-1.2000000000000028,-2.4000000000000057,0.30000000000000426,-1.4284999999999997,-7.91962
2026,LIU,Tennessee St.,Tennessee St.,0.4978956129774864,0.5021043870225136,-4.150000000000006,-2.0789999999999935,3.1999999999999957,-1.4000000000000057,2.5,-1.1000000000000014,-0.6000000000000014,2.700000000000003,-2.307699999999997,-0.12248000000000037
2026,Villanova,Wisconsin,Wisconsin,0.31959994536899666,0.6804000546310034,-7.587000000000003,-1.1019999999999897,-0.7999999999999972,0.0,2.299999999999999,4.299999999999999,3.0,3.5,-3.7476000000000056,-1.4343399999999997
2026,Villanova,Virginia,Virginia,0.35486060243999284,0.6451393975600072,-2.660000000000011,4.70320000000001,-0.8999999999999986,6.0,-0.9000000000000004,3.0999999999999996,-5.5,2.5,-0.6312000000000069,-3.82064
2026,Villanova,Wright St.,Villanova,0.9096969363202639,0.09030306367973606,7.234999999999999,-8.479,-0.6999999999999957,-0.8000000000000043,-1.200000000000001,2.1999999999999993,-0.8000000000000043,2.5,-2.0305000000000035,10.51078
2026,Utah St.,Vanderbilt,Vanderbilt,0.24447407534518267,0.7555259246548174,-4.4480000000000075,2.731199999999987,1.3000000000000043,0.8000000000000043,2.0999999999999996,2.700000000000003,1.9000000000000021,0.6000000000000014,-1.4281000000000006,-3.3078399999999997
2026,Utah St.,VCU,Utah St.,0.671521795597207,0.32847820440279296,3.7419999999999902,-0.9510000000000076,2.5,0.7000000000000028,0.20000000000000107,3.400000000000002,0.8000000000000043,2.3000000000000043,-1.127299999999991,2.2807000000000004
2026,Utah St.,Villanova,Villanova,0.4765353830357023,0.5234646169642977,3.429000000000002,1.5479999999999876,2.8999999999999986,-1.6999999999999957,0.3000000000000007,1.9000000000000021,0.7000000000000028,0.5000000000000036,2.6073000000000093,0.049900000000000055
2026,Utah St.,Wisconsin,Wisconsin,0.29952970600266976,0.7004702939973302,-4.158000000000001,0.44599999999999795,2.1000000000000014,-1.6999999999999957,2.5999999999999996,6.200000000000001,3.700000000000003,4.0000000000000036,-1.1402999999999963,-1.3844399999999997
2026,Utah St.,Virginia,Virginia,0.3336619359793961,0.6663380640206039,0.7689999999999912,6.251199999999997,2.0,4.300000000000004,-0.5999999999999996,5.000000000000002,-4.799999999999997,3.0000000000000036,1.9761000000000024,-3.77074
2026,Utah St.,Wright St.,Utah St.,0.9016782652657426,0.09832173473425743,10.664000000000001,-6.931000000000012,2.200000000000003,-2.5,-0.9000000000000004,4.100000000000001,-0.10000000000000142,3.0000000000000036,0.5768000000000058,10.560680000000001
2026,Wisconsin,Wright St.,Wisconsin,0.955449180077802,0.044550819922198004,14.822000000000003,-7.3770000000000095,0.10000000000000142,-0.8000000000000043,-3.5,-2.0999999999999996,-3.8000000000000043,-1.0,1.717100000000002,11.94512
2026,High Point,Siena,High Point,0.7512933085576391,0.2487066914423609,8.486999999999995,-1.402000000000001,4.100000000000001,1.5,-3.0,4.799999999999997,0.20000000000000284,2.6999999999999993,5.258700000000005,6.345549999999999
2026,High Point,Ohio St.,Ohio St.,0.052654901902145536,0.9473450980978545,-9.518,5.920000000000002,-1.7999999999999972,-0.19999999999999574,-2.4000000000000004,6.099999999999998,1.3000000000000007,1.6999999999999993,3.7275999999999954,-4.3233999999999995
2026,High Point,TCU,TCU,0.19915032019215398,0.800849679807846,0.8399999999999892,7.86460000000001,3.8000000000000043,-0.8999999999999986,-2.5,2.1999999999999993,-2.299999999999997,2.5,2.3095,-3.80664
2026,High Point,St. John's,St. John's,0.05466318965889265,0.9453368103411074,-4.111000000000004,13.413800000000009,3.700000000000003,2.700000000000003,-1.6999999999999993,2.5,-3.799999999999997,1.5,0.28529999999999234,-8.69472
2026,High Point,Northern Iowa,Northern Iowa,0.20789858460122432,0.7921014153987757,5.921999999999997,8.938299999999998,0.5,2.8999999999999986,-1.5999999999999996,3.799999999999997,10.100000000000001,5.399999999999999,7.702199999999998,3.8447999999999998
2026,High Point,Kansas,Kansas,0.06250534462042918,0.9374946553795708,-2.1260000000000048,13.145600000000002,3.1000000000000014,4.899999999999999,-2.5,7.899999999999999,2.6000000000000014,1.5999999999999979,2.2793999999999954,-7.700189999999999
2026,High Point,Louisville,Louisville,0.05491827583255951,0.9450817241674405,-8.342000000000013,9.338100000000011,-1.6999999999999957,1.3000000000000043,-3.3999999999999986,5.199999999999999,-0.7999999999999972,4.800000000000001,0.17680000000000007,-5.431369999999999
2026,High Point,South Florida,South Florida,0.17592294276018725,0.8240770572398127,-1.0830000000000126,6.125,3.8000000000000043,1.7000000000000028,-2.1999999999999993,3.099999999999998,-6.100000000000001,-0.10000000000000142,-1.5123999999999995,-1.176882
2026,High Point,Michigan St.,Michigan St.,0.07257791206378003,0.9274220879362199,-7.227000000000004,11.3215,1.1000000000000014,1.5,-4.100000000000001,7.099999999999998,-6.399999999999999,9.099999999999998,3.908299999999997,-8.8775
2026,High Point,North Dakota St.,High Point,0.586575452786694,0.413424547213306,4.265999999999991,1.4810000000000088,1.3000000000000043,-1.3999999999999986,-2.5999999999999996,3.1999999999999993,-1.5,6.0,3.532200000000003,1.9214800000000003
2026,High Point,UCLA,UCLA,0.05547842948713739,0.9445215705128626,-8.864000000000004,5.722999999999999,0.8000000000000043,-0.29999999999999716,-0.40000000000000036,3.799999999999997,1.0,-0.6999999999999993,5.2013999999999925,-5.0476600000000005
2026,High Point,UCF,UCF,0.266599981789512,0.7334000182104881,-4.306000000000012,1.8170000000000073,1.9000000000000057,-2.299999999999997,-2.6999999999999993,6.099999999999998,-2.299999999999997,3.1999999999999993,0.7729999999999961,-3.55315
2026,High Point,Prairie View A&M,High Point,0.8527697855935404,0.14723021440645956,14.238,-3.8529999999999944,6.800000000000004,-0.29999999999999716,-3.0,2.799999999999997,5.0,-3.099999999999998,-0.9799000000000007,11.12571
2026,High Point,Iowa,Iowa,0.06702381172579182,0.9329761882742081,-6.435000000000002,7.3030000000000115,-1.8999999999999986,-2.6000000000000014,-2.1999999999999993,0.8999999999999986,2.0,3.6999999999999993,6.862000000000002,-3.38108
2026,High Point,Vanderbilt,Vanderbilt,0.038521554452361696,0.9614784455476383,-11.78200000000001,8.147199999999998,-0.5999999999999943,1.3000000000000043,-0.3000000000000007,4.0,0.9000000000000021,0.09999999999999787,0.9072999999999922,-8.73296
2026,High Point,McNeese St.,McNeese St.,0.3108290021210552,0.6891709978789449,2.535999999999987,5.38000000000001,3.700000000000003,1.2000000000000028,-1.3000000000000007,-2.700000000000003,-2.8999999999999986,-3.3000000000000007,3.753,-2.13542
2026,High Point,Nebraska,Nebraska,0.08065854735997183,0.9193414526400282,-1.5150000000000006,14.011700000000005,-0.6999999999999957,2.3000000000000043,-1.4000000000000004,2.6999999999999993,5.800000000000001,4.0,3.0682000000000045,-8.88906
2026,High Point,Troy,High Point,0.5973501921120952,0.40264980788790483,5.007999999999996,-1.5109999999999957,2.8000000000000043,0.0,-4.0,5.0,-2.6999999999999957,0.09999999999999787,4.804999999999993,4.71799
2026,High Point,North Carolina,North Carolina,0.10315073348397451,0.8968492665160255,-5.721000000000004,7.501000000000005,0.10000000000000142,1.8999999999999986,-1.0,8.299999999999999,0.7000000000000028,3.599999999999998,1.903499999999994,-6.3546700000000005
2026,High Point,VCU,VCU,0.20199476177385292,0.7980052382261471,-3.592000000000013,4.465000000000003,0.6000000000000014,1.2000000000000028,-2.1999999999999993,4.699999999999999,-0.19999999999999574,1.8000000000000007,1.2081000000000017,-3.14442
2026,High Point,Illinois,Illinois,0.013817079785512804,0.9861829202144872,-16.253,9.292300000000012,-0.3999999999999986,2.5,-0.1999999999999993,10.299999999999999,-6.600000000000001,4.699999999999999,4.1708,-7.9932
2026,High Point,Penn,High Point,0.5701076002886031,0.4298923997113969,9.133999999999986,2.1140000000000043,4.400000000000006,-1.6000000000000014,-2.4000000000000004,4.099999999999998,1.8000000000000007,1.1999999999999993,0.8648000000000025,4.573320000000001
2026,High Point,Saint Mary's,Saint Mary's,0.12521028471527978,0.8747897152847202,-3.673000000000002,9.959900000000005,1.8000000000000043,3.3999999999999986,-3.3999999999999986,6.699999999999999,-5.5,7.899999999999999,4.587000000000003,-5.44163
2026,High Point,Texas A&M,Texas A&M,0.10251133089616309,0.897488669103837,-4.166000000000011,6.078000000000003,0.5,-0.6999999999999957,-1.5999999999999996,3.599999999999998,-0.19999999999999574,-0.8000000000000007,-1.126800000000003,-3.02787
2026,High Point,Houston,Houston,0.01560375812509749,0.9843962418749025,-9.646,15.116700000000009,2.6000000000000014,3.5,0.0,0.8999999999999986,-3.799999999999997,0.8000000000000007,6.563899999999997,-10.42981
2026,High Point,Idaho,High Point,0.5619726469250533,0.43802735307494667,6.864999999999995,1.3329999999999984,2.8000000000000043,-0.19999999999999574,-2.0,6.699999999999999,3.200000000000003,7.5,2.4649,7.43069
2026,High Point,LIU,High Point,0.8824842478736281,0.11751575212637189,12.048999999999992,-2.272999999999996,1.4000000000000057,0.30000000000000426,-6.0,3.0,-2.1999999999999957,-0.9000000000000021,2.0601999999999947,4.34526
2026,High Point,Villanova,Villanova,0.10129872712705235,0.8987012728729477,-3.905000000000001,6.963999999999999,1.0,-1.1999999999999957,-2.0999999999999996,3.1999999999999993,-0.29999999999999716,0.0,4.942700000000002,-5.3752200000000006
2026,High Point,Utah St.,Utah St.,0.11017553140229064,0.8898244685977094,-7.334000000000003,5.416000000000011,-1.8999999999999986,0.5,-2.4000000000000004,1.2999999999999972,-1.0,-0.5000000000000036,2.335399999999993,-5.42512
2026,High Point,Wisconsin,Wisconsin,0.05028344195132177,0.9497165580486783,-11.492000000000004,5.862000000000009,0.20000000000000284,-1.1999999999999957,0.1999999999999993,7.499999999999998,2.700000000000003,3.5,1.1950999999999965,-6.809559999999999
2026,High Point,Texas,Texas,0.14959015148451282,0.8504098485154872,-8.336000000000013,1.1110000000000042,0.5,-1.1000000000000014,-2.3000000000000007,8.499999999999998,-3.6000000000000014,4.800000000000001,2.7904000000000053,-1.222229
2026,High Point,Kennesaw St.,High Point,0.6363106075421273,0.3636893924578727,4.884999999999991,-2.0039999999999907,4.0,1.6000000000000014,-3.6999999999999993,5.799999999999997,-3.3999999999999986,0.3999999999999986,-1.377600000000001,6.5461100000000005
2026,High Point,Miami FL,Miami FL,0.1586973774139779,0.8413026225860221,-5.396000000000001,6.057000000000002,-0.8999999999999986,-1.6000000000000014,-3.1999999999999993,3.5,-4.899999999999999,5.399999999999999,1.9594000000000023,-5.28171
2026,High Point,Missouri,Missouri,0.12870220306953783,0.8712977969304622,-4.254000000000005,4.457999999999998,-0.5999999999999943,-1.2999999999999972,-5.0,5.299999999999997,-3.3999999999999986,0.3000000000000007,3.5093999999999994,-2.58566
2026,High Point,Purdue,Purdue,0.021110998323849033,0.978889001676151,-17.62000000000002,7.2520000000000095,-2.8999999999999986,-2.1999999999999957,-0.5,6.299999999999999,-4.199999999999996,5.300000000000001,5.452699999999993,-10.62189
2026,High Point,Queens,High Point,0.7627377002759581,0.2372622997240419,1.012999999999991,-9.605999999999995,-1.8999999999999986,-3.8999999999999986,-1.8000000000000007,6.899999999999999,1.7000000000000028,-1.3000000000000007,0.38689999999999714,5.534280000000001
2026,High Point,Michigan,Michigan,0.020655604437358265,0.9793443955626417,-11.959000000000003,16.465900000000005,-3.3999999999999986,5.399999999999999,-3.6999999999999993,6.399999999999999,-3.299999999999997,4.0,-1.3268000000000058,-15.42789
2026,High Point,Howard,High Point,0.8112239286883757,0.18877607131162433,12.210999999999999,1.274000000000001,4.100000000000001,2.700000000000003,-6.800000000000001,0.5999999999999979,-4.5,-0.3000000000000007,0.8412000000000006,5.43777
2026,High Point,Saint Louis,Saint Louis,0.2854629830826331,0.7145370169173668,-3.8160000000000025,5.25500000000001,-5.0,5.300000000000004,-4.399999999999999,5.799999999999997,1.0,4.699999999999999,-1.1248000000000076,-3.3041
2026,High Point,Texas Tech,Texas Tech,0.029280288306520404,0.9707197116934796,-10.612000000000009,8.694299999999998,-1.5,0.7000000000000028,-2.9000000000000004,7.199999999999999,-1.1999999999999957,1.5999999999999979,3.4809000000000054,-6.48935
2026,High Point,Hofstra,Hofstra,0.3569807096415525,0.6430192903584475,2.5219999999999914,2.612000000000009,3.200000000000003,4.200000000000003,-3.1000000000000014,6.899999999999999,-2.799999999999997,1.1999999999999993,5.175299999999993,3.23596
2026,High Point,Tennessee,Tennessee,0.04032747893200021,0.9596725210679998,-5.800000000000011,11.98960000000001,3.1000000000000014,2.3999999999999986,-4.100000000000001,5.599999999999998,-13.0,3.8000000000000007,4.664299999999997,-5.548959999999999
2026,High Point,Miami OH,High Point,0.5860267858096228,0.41397321419037725,-0.987000000000009,-0.08599999999999852,-4.5,-0.6999999999999957,-1.5,4.399999999999999,6.800000000000001,3.599999999999998,-0.052599999999998204,-3.88754
2026,High Point,Virginia,Virginia,0.058380561539461306,0.9416194384605387,-6.565000000000012,11.667200000000008,0.10000000000000142,4.800000000000004,-3.0,6.299999999999999,-5.799999999999997,2.5,4.311499999999995,-9.19586
2026,High Point,Wright St.,High Point,0.5317231489705979,0.4682768510294021,3.3299999999999983,-1.5150000000000006,0.30000000000000426,-2.0,-3.3000000000000007,5.399999999999999,-1.1000000000000014,2.5,2.9121999999999986,5.13556
2026,High Point,Kentucky,Kentucky,0.10221450141411773,0.8977854985858823,-4.219000000000008,7.530900000000003,1.6000000000000014,1.3000000000000043,-2.0,6.099999999999998,-1.6999999999999957,1.5999999999999979,1.5698000000000008,-4.72572
2026,High Point,Santa Clara,Santa Clara,0.08335369267712942,0.9166463073228706,-9.314000000000007,3.757000000000005,0.10000000000000142,-1.6999999999999957,-2.5999999999999996,1.7999999999999972,-4.600000000000001,-0.5999999999999979,0.631699999999995,-3.57436
2026,High Point,Iowa St.,Iowa St.,0.023039708761039526,0.9769602912389604,-8.071000000000012,14.884,-1.7999999999999972,0.6000000000000014,-2.0999999999999996,-0.5,-3.1999999999999957,3.599999999999998,2.9274000000000058,-8.82515
2026,High Point,Tennessee St.,High Point,0.8816084797085536,0.1183915202914464,7.898999999999987,-4.35199999999999,4.600000000000001,-1.1000000000000014,-3.5,1.8999999999999986,-2.799999999999997,1.8000000000000007,-0.24750000000000227,4.22278
2026,Arkansas,Duke,Duke,0.27441252977028696,0.725587470229713,-0.21999999999998465,10.8382,-0.29999999999999716,5.199999999999996,-3.3999999999999986,-2.400000000000002,-5.899999999999999,6.399999999999999,5.1714000000000055,-6.1302200000000004
2026,Arkansas,Siena,Arkansas,0.9831083354962169,0.0168916645037831,20.733000000000004,-7.265000000000001,5.899999999999999,2.799999999999997,-3.6999999999999993,-1.4000000000000021,0.30000000000000426,2.1999999999999993,6.343900000000005,15.317419999999998
2026,Arkansas,Ohio St.,Arkansas,0.5171115822575976,0.48288841774240243,2.7280000000000086,0.05700000000000216,0.0,1.1000000000000014,-3.0999999999999996,-0.10000000000000142,1.4000000000000021,1.1999999999999993,4.812799999999996,4.64847
2026,Arkansas,TCU,Arkansas,0.8273217763559632,0.17267822364403684,13.085999999999999,2.0016000000000105,5.600000000000001,0.3999999999999986,-3.1999999999999993,-4.0,-2.1999999999999957,2.0,3.3947000000000003,5.165229999999999
2026,Arkansas,St. John's,Arkansas,0.5269803741059775,0.47301962589402247,8.135000000000005,7.5508000000000095,5.5,4.0,-2.3999999999999986,-3.6999999999999993,-3.6999999999999957,1.0,1.3704999999999927,0.2771499999999998
2026,Arkansas,Northern Iowa,Arkansas,0.8348969009998998,0.16510309900010023,18.168000000000006,3.0752999999999986,2.299999999999997,4.199999999999996,-2.299999999999999,-2.400000000000002,10.200000000000003,4.899999999999999,8.787399999999998,12.816669999999998
2026,Arkansas,Kansas,Arkansas,0.5622794267775432,0.43772057322245683,10.120000000000005,7.282600000000002,4.899999999999999,6.199999999999996,-3.1999999999999993,1.6999999999999993,2.700000000000003,1.0999999999999979,3.364599999999996,1.27168
2026,Arkansas,Cal Baptist,Arkansas,0.9482195827566142,0.05178041724338578,20.444000000000003,1.3340000000000032,7.899999999999999,5.0,-5.800000000000001,-1.4000000000000021,-5.599999999999994,4.0,5.0430999999999955,9.84029
2026,Arkansas,Louisville,Arkansas,0.528208004393488,0.47179199560651197,3.9039999999999964,3.475100000000012,0.10000000000000142,2.6000000000000014,-4.099999999999998,-1.0,-0.6999999999999957,4.300000000000001,1.2620000000000005,3.5404999999999998
2026,Arkansas,South Florida,Arkansas,0.8044211304263812,0.1955788695736188,11.162999999999997,0.26200000000000045,5.600000000000001,3.0,-2.8999999999999986,-3.1000000000000014,-6.0,-0.6000000000000014,-0.42719999999999914,7.794988
2026,Arkansas,Michigan St.,Arkansas,0.6012386955004355,0.3987613044995645,5.0190000000000055,5.458500000000001,2.8999999999999986,2.799999999999997,-4.800000000000001,0.8999999999999986,-6.299999999999997,8.599999999999998,4.993499999999997,0.09436999999999962
2026,Arkansas,North Dakota St.,Arkansas,0.964709167775615,0.035290832224385005,16.512,-4.381999999999991,3.1000000000000014,-0.10000000000000142,-3.299999999999999,-3.0,-1.3999999999999986,5.5,4.6174000000000035,10.89335
2026,Arkansas,UCLA,Arkansas,0.5308838666041513,0.4691161333958487,3.382000000000005,-0.14000000000000057,2.6000000000000014,1.0,-1.0999999999999996,-2.400000000000002,1.1000000000000014,-1.1999999999999993,6.286599999999993,3.9242099999999995
2026,Arkansas,UCF,Arkansas,0.8750574193930494,0.12494258060695063,7.939999999999998,-4.045999999999992,3.700000000000003,-1.0,-3.3999999999999986,-0.10000000000000142,-2.1999999999999957,2.6999999999999993,1.8581999999999965,5.4187199999999995
2026,Arkansas,Connecticut,Arkansas,0.5176064915996992,0.4823935084003008,4.844999999999999,6.6603000000000065,1.2000000000000028,5.699999999999996,-4.5,-2.3000000000000007,-3.5,2.5,6.3914999999999935,-1.3024600000000008
2026,Arkansas,Furman,Arkansas,0.981033678048964,0.01896632195103598,21.019999999999996,-7.378,1.7000000000000028,1.2999999999999972,-5.5,2.0,1.2000000000000028,3.6999999999999993,5.133399999999995,16.27205
2026,Arkansas,Florida,Florida,0.2995825740813249,0.7004174259186751,1.8449999999999989,9.371300000000005,3.0,5.100000000000001,-4.199999999999999,0.29999999999999893,-11.0,6.399999999999999,0.575800000000001,-0.9933100000000001
2026,Arkansas,Prairie View A&M,Arkansas,0.991118550228077,0.008881449771922956,26.48400000000001,-9.715999999999994,8.600000000000001,1.0,-3.6999999999999993,-3.400000000000002,5.100000000000001,-3.599999999999998,0.10529999999999973,20.09758
2026,Arkansas,Clemson,Arkansas,0.7194115112713181,0.2805884887286819,11.375,4.6403000000000105,3.8999999999999986,2.5,-1.8999999999999986,-1.8000000000000007,4.100000000000001,5.5,6.700999999999993,4.3617799999999995
2026,Arkansas,Iowa,Arkansas,0.5805533717311159,0.4194466282688841,5.811000000000007,1.440000000000012,-0.10000000000000142,-1.3000000000000043,-2.8999999999999986,-5.300000000000001,2.1000000000000014,3.1999999999999993,7.947200000000002,5.59079
2026,Arkansas,Vanderbilt,Vanderbilt,0.43563977764641404,0.564360222353586,0.46399999999999864,2.2841999999999985,1.2000000000000028,2.6000000000000014,-1.0,-2.1999999999999993,1.0000000000000036,-0.40000000000000213,1.9924999999999926,0.23890999999999973
2026,Arkansas,McNeese St.,Arkansas,0.896796914137601,0.10320308586239901,14.781999999999996,-0.4829999999999899,5.5,2.5,-2.0,-8.900000000000002,-2.799999999999997,-3.8000000000000007,4.8382000000000005,6.836449999999999
2026,Arkansas,Nebraska,Arkansas,0.6283031918086213,0.37169680819137874,10.731000000000009,8.148700000000005,1.1000000000000014,3.6000000000000014,-2.0999999999999996,-3.5,5.900000000000002,3.5,4.153400000000005,0.08280999999999938
2026,Arkansas,Troy,Arkansas,0.9661968460486036,0.033803153951396436,17.254000000000005,-7.373999999999995,4.600000000000001,1.2999999999999972,-4.699999999999999,-1.1999999999999993,-2.5999999999999943,-0.40000000000000213,5.890199999999993,13.68986
2026,Arkansas,North Carolina,Arkansas,0.6890497868527331,0.3109502131472669,6.525000000000006,1.6380000000000052,1.8999999999999986,3.1999999999999957,-1.6999999999999993,2.0999999999999996,0.8000000000000043,3.099999999999998,2.9886999999999944,2.6171999999999995
2026,Arkansas,VCU,Arkansas,0.829841416876704,0.17015858312329601,8.653999999999996,-1.3979999999999961,2.3999999999999986,2.5,-2.8999999999999986,-1.5,-0.09999999999999432,1.3000000000000007,2.293300000000002,5.82745
2026,Arkansas,Illinois,Illinois,0.21256061667110426,0.7874393833288957,-4.006999999999991,3.429300000000012,1.3999999999999986,3.799999999999997,-0.8999999999999986,4.1,-6.5,4.199999999999999,5.256,0.9786699999999993
2026,Arkansas,Penn,Arkansas,0.9623363048635735,0.037663695136426534,21.379999999999995,-3.7489999999999952,6.200000000000003,-0.30000000000000426,-3.0999999999999996,-2.1000000000000014,1.9000000000000021,0.6999999999999993,1.9500000000000028,13.54519
2026,Arkansas,Saint Mary's,Arkansas,0.7338780562967268,0.26612194370327324,8.573000000000008,4.096900000000005,3.6000000000000014,4.699999999999996,-4.099999999999998,0.5,-5.399999999999999,7.399999999999999,5.672200000000004,3.53024
2026,Arkansas,Texas A&M,Arkansas,0.6875628711917227,0.31243712880827734,8.079999999999998,0.2150000000000034,2.299999999999997,0.6000000000000014,-2.299999999999999,-2.6000000000000014,-0.09999999999999432,-1.3000000000000007,-0.041600000000002524,5.944
2026,Arkansas,Houston,Houston,0.23395008693721359,0.7660499130627865,2.6000000000000085,9.25370000000001,4.399999999999999,4.799999999999997,-0.6999999999999993,-5.300000000000001,-3.6999999999999957,0.3000000000000007,7.649099999999997,-1.4579399999999998
2026,Arkansas,Idaho,Arkansas,0.9611173728698325,0.038882627130167546,19.111000000000004,-4.530000000000001,4.600000000000001,1.1000000000000014,-2.6999999999999993,0.5,3.3000000000000043,7.0,3.5501000000000005,16.40256
2026,Arkansas,LIU,Arkansas,0.993135785084439,0.0068642149155609955,24.295,-8.135999999999996,3.200000000000003,1.6000000000000014,-6.699999999999999,-3.1999999999999993,-2.0999999999999943,-1.4000000000000021,3.145399999999995,13.317129999999999
2026,Arkansas,Villanova,Arkansas,0.6847095217827093,0.3152904782172907,8.341000000000008,1.100999999999999,2.799999999999997,0.10000000000000142,-2.799999999999999,-3.0,-0.19999999999999574,-0.5,6.0279000000000025,3.5966499999999995
2026,Arkansas,Utah St.,Arkansas,0.7046266185873516,0.29537338141264835,4.912000000000006,-0.4469999999999885,-0.10000000000000142,1.7999999999999972,-3.0999999999999996,-4.900000000000002,-0.8999999999999986,-1.0000000000000036,3.420599999999993,3.5467499999999994
2026,Arkansas,Wisconsin,Arkansas,0.5049721930142153,0.49502780698578475,0.7540000000000049,-0.000999999999990564,2.0,0.10000000000000142,-0.5,1.299999999999999,2.8000000000000043,3.0,2.280299999999997,2.1623099999999997
2026,Arkansas,High Point,Arkansas,0.9506579268105165,0.04934207318948347,12.24600000000001,-5.8629999999999995,1.7999999999999972,1.2999999999999972,-0.6999999999999993,-6.199999999999999,0.10000000000000142,-0.5,1.0852000000000004,8.97187
2026,Arkansas,Hawaii,Arkansas,0.9716546622292703,0.028345337770729673,21.067999999999998,-0.19499999999999318,4.5,5.0,-6.599999999999998,-1.1999999999999993,0.8000000000000043,6.199999999999999,1.3932999999999964,11.27638
2026,Arkansas,BYU,Arkansas,0.7579761742402107,0.2420238257597893,3.1880000000000024,-2.6769999999999925,1.7999999999999972,0.19999999999999574,-3.0,-0.8000000000000007,-2.3999999999999986,1.8999999999999986,1.1951999999999998,2.9912099999999997
2026,Arkansas,Texas,Arkansas,0.7721617310680325,0.22783826893196746,3.9099999999999966,-4.751999999999995,2.299999999999997,0.19999999999999574,-3.0,2.299999999999999,-3.5,4.300000000000001,3.8756000000000057,7.749641
2026,Arkansas,Gonzaga,Arkansas,0.6328449228914069,0.3671550771085931,7.628,7.626900000000006,0.20000000000000284,5.199999999999996,-1.3999999999999986,-4.800000000000001,-2.5999999999999943,5.300000000000001,2.0418999999999983,0.17307000000000006
2026,Arkansas,Kennesaw St.,Arkansas,0.9711889991668293,0.028811000833170675,17.131,-7.86699999999999,5.799999999999997,2.8999999999999986,-4.399999999999999,-0.40000000000000213,-3.299999999999997,-0.10000000000000142,-0.29240000000000066,15.51798
2026,Arkansas,Miami FL,Arkansas,0.7842190892243861,0.2157809107756139,6.8500000000000085,0.19400000000000261,0.8999999999999986,-0.30000000000000426,-3.8999999999999986,-2.6999999999999993,-4.799999999999997,4.899999999999999,3.0446000000000026,3.6901599999999997
2026,Arkansas,Missouri,Arkansas,0.7399857673742984,0.26001423262570156,7.992000000000004,-1.4050000000000011,1.2000000000000028,0.0,-5.699999999999999,-0.9000000000000021,-3.299999999999997,-0.1999999999999993,4.5946,6.38621
2026,Arkansas,Purdue,Purdue,0.29354118896708037,0.7064588110329196,-5.374000000000009,1.38900000000001,-1.1000000000000014,-0.8999999999999986,-1.1999999999999993,0.09999999999999964,-4.099999999999994,4.800000000000001,6.537899999999993,-1.6500200000000005
2026,Arkansas,Queens,Arkansas,0.9841112101545382,0.015888789845461826,13.259,-15.468999999999994,-0.10000000000000142,-2.6000000000000014,-2.5,0.6999999999999993,1.8000000000000043,-1.8000000000000007,1.4720999999999975,14.50615
2026,Arkansas,Michigan,Michigan,0.2889437498186398,0.7110562501813602,0.28700000000000614,10.602900000000005,-1.6000000000000014,6.699999999999996,-4.399999999999999,0.1999999999999993,-3.1999999999999957,3.5,-0.24160000000000537,-6.45602
2026,Arkansas,Howard,Arkansas,0.9880660208508673,0.011933979149132745,24.457000000000008,-4.588999999999999,5.899999999999999,4.0,-7.5,-5.600000000000001,-4.399999999999999,-0.8000000000000007,1.926400000000001,14.40964
2026,Arkansas,Georgia,Arkansas,0.698505211814492,0.301494788185508,3.585000000000008,-3.122,1.8999999999999986,1.2999999999999972,-2.0,-2.6999999999999993,-3.0,-3.6999999999999993,-1.0515999999999934,4.93781
2026,Arkansas,Saint Louis,Arkansas,0.885020273469974,0.11497972653002597,8.430000000000007,-0.6079999999999899,-3.200000000000003,6.600000000000001,-5.099999999999998,-0.40000000000000213,1.1000000000000014,4.199999999999999,-0.039600000000007185,5.66777
2026,Arkansas,Texas Tech,Texas Tech,0.36754901006764396,0.632450989932356,1.6340000000000003,2.831299999999999,0.29999999999999716,2.0,-3.5999999999999996,1.0,-1.0999999999999943,1.0999999999999979,4.566100000000006,2.48252
2026,Arkansas,Hofstra,Arkansas,0.9145018061850275,0.08549819381497248,14.768,-3.2509999999999906,5.0,5.5,-3.8000000000000007,0.6999999999999993,-2.6999999999999957,0.6999999999999993,6.260499999999993,12.20783
2026,Arkansas,Tennessee,Tennessee,0.44739988325083113,0.5526001167491689,6.445999999999998,6.1266000000000105,4.899999999999999,3.6999999999999957,-4.800000000000001,-0.6000000000000014,-12.899999999999999,3.3000000000000007,5.749499999999998,3.42291
2026,Arkansas,Miami OH,Arkansas,0.964632074110396,0.035367925889604024,11.259,-5.948999999999998,-2.700000000000003,0.6000000000000014,-2.1999999999999993,-1.8000000000000007,6.900000000000002,3.099999999999998,1.0326000000000022,5.08433
2026,Arkansas,Virginia,Arkansas,0.5443230891890063,0.4556769108109937,5.680999999999997,5.804200000000009,1.8999999999999986,6.100000000000001,-3.6999999999999993,0.09999999999999964,-5.699999999999996,2.0,5.396699999999996,-0.22399000000000058
2026,Arkansas,Wright St.,Arkansas,0.9562881666188713,0.04371183338112872,15.576000000000008,-7.378,2.1000000000000014,-0.7000000000000028,-4.0,-0.8000000000000007,-1.0,2.0,3.997399999999999,14.10743
2026,Arkansas,Kentucky,Arkansas,0.6868684838851433,0.3131315161148567,8.027000000000001,1.667900000000003,3.3999999999999986,2.6000000000000014,-2.6999999999999993,-0.10000000000000142,-1.5999999999999943,1.0999999999999979,2.655000000000001,4.24615
2026,Arkansas,Santa Clara,Arkansas,0.6366256857598199,0.3633743142401801,2.932000000000002,-2.1059999999999945,1.8999999999999986,-0.3999999999999986,-3.299999999999999,-4.400000000000002,-4.5,-1.0999999999999979,1.7168999999999954,5.39751
2026,Arkansas,Iowa St.,Iowa St.,0.3124157270040897,0.6875842729959103,4.174999999999997,9.021,0.0,1.8999999999999986,-2.799999999999999,-6.699999999999999,-3.0999999999999943,3.099999999999998,4.012600000000006,0.1467199999999993
2026,Arkansas,Tennessee St.,Arkansas,0.9930781626482603,0.006921837351739679,20.144999999999996,-10.21499999999999,6.399999999999999,0.19999999999999574,-4.199999999999999,-4.300000000000001,-2.6999999999999957,1.3000000000000007,0.8376999999999981,13.19465
2026,Hawaii,Siena,Hawaii,0.6293340994393039,0.37066590056069615,-0.33499999999999375,-7.070000000000007,1.3999999999999986,-2.200000000000003,2.8999999999999986,-0.20000000000000284,-0.5,-4.0,4.9506000000000085,4.04104
2026,Hawaii,Ohio St.,Ohio St.,0.030293366597203095,0.969706633402797,-18.33999999999999,0.25199999999999534,-4.5,-3.8999999999999986,3.4999999999999982,1.0999999999999979,0.5999999999999979,-5.0,3.4194999999999993,-6.62791
2026,Hawaii,TCU,TCU,0.12262817497348512,0.8773718250265149,-7.981999999999999,2.1966000000000037,1.1000000000000014,-4.600000000000001,3.3999999999999986,-2.8000000000000007,-3.0,-4.199999999999999,2.001400000000004,-6.11115
2026,Hawaii,St. John's,St. John's,0.031477111147911754,0.9685228888520883,-12.932999999999993,7.745800000000003,1.0,-1.0,4.199999999999999,-2.5,-4.5,-5.199999999999999,-0.022800000000003706,-10.99923
2026,Hawaii,Northern Iowa,Northern Iowa,0.12855456956407782,0.8714454304359222,-2.8999999999999915,3.2702999999999918,-2.200000000000003,-0.8000000000000043,4.299999999999999,-1.2000000000000028,9.399999999999999,-1.3000000000000007,7.394100000000002,1.5402899999999997
2026,Hawaii,Kansas,Kansas,0.03612001275750461,0.9638799872424954,-10.947999999999993,7.477599999999995,0.3999999999999986,1.1999999999999957,3.3999999999999986,2.8999999999999986,1.8999999999999986,-5.100000000000001,1.9712999999999994,-10.0047
2026,Hawaii,Louisville,Louisville,0.03162761923867772,0.9683723807613223,-17.164,3.670100000000005,-4.399999999999999,-2.3999999999999986,2.5,0.1999999999999993,-1.5,-1.8999999999999986,-0.13129999999999598,-7.73588
2026,Hawaii,South Florida,South Florida,0.1071318418122567,0.8928681581877433,-9.905000000000001,0.45699999999999363,1.1000000000000014,-2.0,3.6999999999999993,-1.9000000000000021,-6.800000000000004,-6.800000000000001,-1.8204999999999956,-3.481392
2026,Hawaii,Michigan St.,Michigan St.,0.0421317400639173,0.9578682599360827,-16.048999999999992,5.653499999999994,-1.6000000000000014,-2.200000000000003,1.7999999999999972,2.099999999999998,-7.100000000000001,2.3999999999999986,3.600200000000001,-11.18201
2026,Hawaii,North Dakota St.,North Dakota St.,0.4436567120128727,0.5563432879871273,-4.555999999999997,-4.186999999999998,-1.3999999999999986,-5.100000000000001,3.299999999999999,-1.8000000000000007,-2.200000000000003,-0.6999999999999993,3.224100000000007,-0.38302999999999976
2026,Hawaii,UCLA,UCLA,0.031958246751757756,0.9680417532482423,-17.685999999999993,0.05499999999999261,-1.8999999999999986,-4.0,5.499999999999998,-1.2000000000000028,0.29999999999999716,-7.399999999999999,4.893299999999996,-7.35217
2026,Hawaii,UCF,UCF,0.16965100661303179,0.8303489933869682,-13.128,-3.850999999999999,-0.7999999999999972,-6.0,3.1999999999999993,1.0999999999999979,-3.0,-3.5,0.4649000000000001,-5.85766
2026,Hawaii,Prairie View A&M,Hawaii,0.7650073952588218,0.23499260474117822,5.416000000000011,-9.521,4.100000000000001,-4.0,2.8999999999999986,-2.200000000000003,4.299999999999997,-9.799999999999997,-1.2879999999999967,8.821200000000001
2026,Hawaii,Iowa,Iowa,0.03881006380446313,0.9611899361955368,-15.25699999999999,1.6350000000000051,-4.600000000000001,-6.300000000000004,3.6999999999999993,-4.100000000000001,1.2999999999999972,-3.0,6.553900000000006,-5.6855899999999995
2026,Hawaii,Vanderbilt,Vanderbilt,0.022022652448519767,0.9779773475514802,-20.604,2.4791999999999916,-3.299999999999997,-2.3999999999999986,5.599999999999998,-1.0,0.1999999999999993,-6.600000000000001,0.5991999999999962,-11.037469999999999
2026,Hawaii,McNeese St.,McNeese St.,0.20223120302986955,0.7977687969701305,-6.286000000000001,-0.2879999999999967,1.0,-2.5,4.599999999999998,-7.700000000000003,-3.6000000000000014,-10.0,3.444900000000004,-4.43993
2026,Hawaii,Nebraska,Nebraska,0.04699434589674935,0.9530056541032507,-10.336999999999989,8.343699999999998,-3.3999999999999986,-1.3999999999999986,4.499999999999998,-2.3000000000000007,5.099999999999998,-2.6999999999999993,2.7601000000000084,-11.193570000000001
2026,Hawaii,Troy,Troy,0.45469351051264645,0.5453064894873536,-3.813999999999993,-7.179000000000002,0.10000000000000142,-3.700000000000003,1.8999999999999986,0.0,-3.3999999999999986,-6.600000000000001,4.496899999999997,2.41348
2026,Hawaii,North Carolina,North Carolina,0.060719048396268696,0.9392809516037313,-14.542999999999992,1.8329999999999984,-2.6000000000000014,-1.8000000000000043,4.899999999999999,3.299999999999999,0.0,-3.1000000000000014,1.595399999999998,-8.65918
2026,Hawaii,VCU,VCU,0.12454963811979229,0.8754503618802078,-12.414000000000001,-1.203000000000003,-2.1000000000000014,-2.5,3.6999999999999993,-0.3000000000000007,-0.8999999999999986,-4.899999999999999,0.9000000000000057,-5.44893
2026,Hawaii,Illinois,Illinois,0.007813197689415916,0.9921868023105841,-25.07499999999999,3.624300000000005,-3.1000000000000014,-1.2000000000000028,5.699999999999999,5.299999999999999,-7.300000000000004,-2.0,3.862700000000004,-10.29771
2026,Hawaii,Penn,Penn,0.4270565576651277,0.5729434423348723,0.3119999999999976,-3.554000000000002,1.7000000000000028,-5.300000000000004,3.4999999999999982,-0.9000000000000021,1.0999999999999979,-5.5,0.5567000000000064,2.26881
2026,Hawaii,Saint Mary's,Saint Mary's,0.07445763149444236,0.9255423685055576,-12.49499999999999,4.291899999999998,-0.8999999999999986,-0.30000000000000426,2.5,1.6999999999999993,-6.200000000000003,1.1999999999999993,4.278900000000007,-7.74614
2026,Hawaii,Texas A&M,Texas A&M,0.0603249762538055,0.9396750237461945,-12.988,0.4099999999999966,-2.200000000000003,-4.399999999999999,4.299999999999999,-1.4000000000000021,-0.8999999999999986,-7.5,-1.434899999999999,-5.33238
2026,Hawaii,Houston,Houston,0.008830469279641297,0.9911695307203587,-18.46799999999999,9.448700000000002,-0.10000000000000142,-0.20000000000000284,5.899999999999999,-4.100000000000001,-4.5,-5.899999999999999,6.255800000000001,-12.73432
2026,Hawaii,Idaho,Idaho,0.4189734497188478,0.5810265502811522,-1.9569999999999936,-4.335000000000008,0.10000000000000142,-3.8999999999999986,3.8999999999999986,1.6999999999999993,2.5,0.8000000000000007,2.156800000000004,5.126180000000001
2026,Hawaii,LIU,Hawaii,0.808455864466797,0.19154413553320304,3.227000000000004,-7.9410000000000025,-1.2999999999999972,-3.3999999999999986,-0.10000000000000142,-2.0,-2.8999999999999986,-7.600000000000001,1.7520999999999987,2.04075
2026,Hawaii,Villanova,Villanova,0.059578267054656665,0.9404217329453434,-12.72699999999999,1.2959999999999923,-1.7000000000000028,-4.899999999999999,3.799999999999999,-1.8000000000000007,-1.0,-6.699999999999999,4.634600000000006,-7.67973
2026,Hawaii,Utah St.,Utah St.,0.06506379154643764,0.9349362084535624,-16.15599999999999,-0.25199999999999534,-4.600000000000001,-3.200000000000003,3.4999999999999982,-3.700000000000003,-1.7000000000000028,-7.200000000000003,2.0272999999999968,-7.72963
2026,Hawaii,Wisconsin,Wisconsin,0.028898299062484784,0.9711017009375152,-20.313999999999993,0.19400000000000261,-2.5,-4.899999999999999,6.099999999999998,2.4999999999999982,2.0,-3.1999999999999993,0.8870000000000005,-9.11407
2026,Hawaii,High Point,High Point,0.3598164894193736,0.6401835105806264,-8.821999999999989,-5.668000000000006,-2.700000000000003,-3.700000000000003,5.899999999999999,-5.0,-0.7000000000000028,-6.699999999999999,-0.30809999999999604,-2.30451
2026,Hawaii,Texas,Texas,0.0899717510809913,0.9100282489190087,-17.158,-4.557000000000002,-2.200000000000003,-4.800000000000004,3.599999999999998,3.4999999999999982,-4.300000000000004,-1.8999999999999986,2.4823000000000093,-3.526739
2026,Hawaii,Kennesaw St.,Kennesaw St.,0.4958065768661664,0.5041934231338336,-3.9369999999999976,-7.671999999999997,1.2999999999999972,-2.1000000000000014,2.1999999999999993,0.7999999999999972,-4.100000000000001,-6.300000000000001,-1.685699999999997,4.2416
2026,Hawaii,Miami FL,Miami FL,0.09585847212248448,0.9041415278775156,-14.21799999999999,0.3889999999999958,-3.6000000000000014,-5.300000000000004,2.6999999999999993,-1.5,-5.600000000000001,-1.3000000000000007,1.6513000000000062,-7.58622
2026,Hawaii,Missouri,Missouri,0.07665817109850843,0.9233418289014915,-13.075999999999993,-1.210000000000008,-3.299999999999997,-5.0,0.8999999999999986,0.29999999999999716,-4.100000000000001,-6.399999999999999,3.2013000000000034,-4.8901699999999995
2026,Hawaii,Purdue,Purdue,0.011976207268378728,0.9880237927316212,-26.442000000000007,1.5840000000000032,-5.600000000000001,-5.899999999999999,5.399999999999999,1.299999999999999,-4.899999999999999,-1.3999999999999986,5.144599999999997,-12.926400000000001
2026,Hawaii,Queens,Hawaii,0.6437292397541989,0.35627076024580107,-7.8089999999999975,-15.274000000000001,-4.600000000000001,-7.600000000000001,4.099999999999998,1.8999999999999986,1.0,-8.0,0.07880000000000109,3.2297700000000003
2026,Hawaii,Michigan,Michigan,0.011715505325502836,0.9882844946744972,-20.78099999999999,10.797899999999998,-6.100000000000001,1.6999999999999957,2.1999999999999993,1.3999999999999986,-4.0,-2.6999999999999993,-1.6349000000000018,-17.7324
2026,Hawaii,Howard,Hawaii,0.7071996222340741,0.29280037776592593,3.38900000000001,-4.3940000000000055,1.3999999999999986,-1.0,-0.9000000000000021,-4.400000000000002,-5.200000000000003,-7.0,0.5331000000000046,3.13326
2026,Hawaii,Saint Louis,Saint Louis,0.18336954862933363,0.8166304513706664,-12.637999999999991,-0.4129999999999967,-7.700000000000003,1.6000000000000014,1.5,0.7999999999999972,0.29999999999999716,-2.0,-1.4329000000000036,-5.60861
2026,Hawaii,Texas Tech,Texas Tech,0.016670821621837004,0.983329178378163,-19.433999999999997,3.026299999999992,-4.200000000000003,-3.0,2.9999999999999982,2.1999999999999993,-1.8999999999999986,-5.100000000000001,3.1728000000000094,-8.793859999999999
2026,Hawaii,Hofstra,Hofstra,0.23782271240008898,0.762177287599911,-6.299999999999997,-3.0559999999999974,0.5,0.5,2.799999999999997,1.8999999999999986,-3.5,-5.5,4.867199999999997,0.9314499999999999
2026,Hawaii,Tennessee,Tennessee,0.02307365596158514,0.9769263440384148,-14.622,6.321600000000004,0.3999999999999986,-1.3000000000000043,1.7999999999999972,0.5999999999999979,-13.700000000000003,-2.8999999999999986,4.356200000000001,-7.85347
2026,Hawaii,Miami OH,Miami OH,0.44309844986904906,0.5569015501309509,-9.808999999999997,-5.754000000000005,-7.200000000000003,-4.399999999999999,4.399999999999999,-0.6000000000000014,6.099999999999998,-3.1000000000000014,-0.36069999999999425,-6.19205
2026,Hawaii,Virginia,Virginia,0.03367387923649058,0.9663261207635094,-15.387,5.999200000000002,-2.6000000000000014,1.1000000000000014,2.8999999999999986,1.299999999999999,-6.5,-4.199999999999999,4.003399999999999,-11.50037
2026,Hawaii,Wright St.,Wright St.,0.3895753776503246,0.6104246223496754,-5.49199999999999,-7.183000000000007,-2.3999999999999986,-5.700000000000003,2.599999999999998,0.3999999999999986,-1.8000000000000043,-4.199999999999999,2.6041000000000025,2.8310500000000003
2026,Hawaii,Kentucky,Kentucky,0.06014211490238237,0.9398578850976176,-13.040999999999997,1.8628999999999962,-1.1000000000000014,-2.3999999999999986,3.8999999999999986,1.0999999999999979,-2.3999999999999986,-5.100000000000001,1.2617000000000047,-7.0302299999999995
2026,Hawaii,Santa Clara,Santa Clara,0.04862412123689132,0.9513758787631087,-18.135999999999996,-1.9110000000000014,-2.6000000000000014,-5.399999999999999,3.299999999999999,-3.200000000000003,-5.300000000000004,-7.299999999999997,0.323599999999999,-5.87887
2026,Hawaii,Iowa St.,Iowa St.,0.01308151176219301,0.986918488237807,-16.893,9.215999999999994,-4.5,-3.1000000000000014,3.799999999999999,-5.5,-3.8999999999999986,-3.1000000000000014,2.6193000000000097,-11.129660000000001
2026,Hawaii,Tennessee St.,Hawaii,0.8071489719576943,0.1928510280423057,-0.9230000000000018,-10.019999999999996,1.8999999999999986,-4.800000000000004,2.3999999999999986,-3.1000000000000014,-3.5,-4.899999999999999,-0.5555999999999983,1.9182699999999997
2026,BYU,Duke,Duke,0.10774690262557396,0.892253097374426,-3.407999999999987,13.515199999999993,-2.0999999999999943,5.0,-0.3999999999999986,-1.6000000000000014,-3.5,4.5,3.9762000000000057,-9.12143
2026,BYU,Siena,BYU,0.9489370495880324,0.05106295041196762,17.545,-4.588000000000008,4.100000000000001,2.6000000000000014,-0.6999999999999993,-0.6000000000000014,2.700000000000003,0.3000000000000007,5.148700000000005,12.32621
2026,BYU,Ohio St.,Ohio St.,0.2548058875571451,0.7451941124428549,-0.45999999999999375,2.7339999999999947,-1.7999999999999972,0.9000000000000057,-0.09999999999999964,0.6999999999999993,3.8000000000000007,-0.6999999999999993,3.617599999999996,1.65726
2026,BYU,TCU,BYU,0.6047144735427548,0.39528552645724524,9.897999999999996,4.678600000000003,3.8000000000000043,0.20000000000000284,-0.1999999999999993,-3.1999999999999993,0.20000000000000284,0.10000000000000142,2.1995000000000005,2.17402
2026,BYU,St. John's,St. John's,0.26238882563395405,0.737611174366046,4.947000000000003,10.227800000000002,3.700000000000003,3.8000000000000043,0.6000000000000014,-2.8999999999999986,-1.2999999999999972,-0.8999999999999986,0.1752999999999929,-2.71406
2026,BYU,Northern Iowa,BYU,0.6175406082210236,0.38245939177897637,14.980000000000004,5.752299999999991,0.5,4.0,0.7000000000000011,-1.6000000000000014,12.600000000000001,3.0,7.592199999999998,9.82546
2026,BYU,Kansas,Kansas,0.2908627472952813,0.7091372527047187,6.932000000000002,9.959599999999995,3.1000000000000014,6.0,-0.1999999999999993,2.5,5.100000000000001,-0.8000000000000007,2.169399999999996,-1.7195299999999998
2026,BYU,Cal Baptist,BYU,0.8539543248919066,0.1460456751080934,17.256,4.010999999999996,6.100000000000001,4.800000000000004,-2.8000000000000007,-0.6000000000000014,-3.1999999999999957,2.1000000000000014,3.8478999999999957,6.84908
2026,BYU,Louisville,Louisville,0.2633432315090588,0.7366567684909412,0.715999999999994,6.152100000000004,-1.6999999999999957,2.4000000000000057,-1.0999999999999979,-0.1999999999999993,1.7000000000000028,2.400000000000002,0.06680000000000064,0.5492900000000001
2026,BYU,South Florida,BYU,0.5677172052792883,0.43228279472071174,7.974999999999994,2.938999999999993,3.8000000000000043,2.8000000000000043,0.10000000000000142,-2.3000000000000007,-3.6000000000000014,-2.5,-1.622399999999999,4.803778
2026,BYU,Michigan St.,Michigan St.,0.32497822668549087,0.6750217733145092,1.831000000000003,8.135499999999993,1.1000000000000014,2.6000000000000014,-1.8000000000000007,1.6999999999999993,-3.8999999999999986,6.699999999999999,3.7982999999999976,-2.89684
2026,BYU,North Dakota St.,BYU,0.8972086905276948,0.10279130947230519,13.323999999999998,-1.7049999999999983,1.3000000000000043,-0.29999999999999716,-0.29999999999999893,-2.1999999999999993,1.0,3.6000000000000014,3.4222000000000037,7.90214
2026,BYU,UCLA,UCLA,0.2654322026732577,0.7345677973267424,0.19400000000000261,2.536999999999992,0.8000000000000043,0.8000000000000043,1.9000000000000004,-1.6000000000000014,3.5,-3.099999999999998,5.091399999999993,0.9329999999999998
2026,BYU,UCF,BYU,0.6910044635951299,0.3089955364048701,4.751999999999995,-1.3689999999999998,1.9000000000000057,-1.1999999999999957,-0.3999999999999986,0.6999999999999993,0.20000000000000284,0.8000000000000007,0.6629999999999967,2.42751
2026,BYU,Connecticut,Connecticut,0.2551824173199516,0.7448175826800484,1.6569999999999965,9.337299999999999,-0.5999999999999943,5.5,-1.5,-1.5,-1.1000000000000014,0.6000000000000014,5.196299999999994,-4.2936700000000005
2026,BYU,Furman,BYU,0.9429091530167187,0.05709084698328126,17.831999999999994,-4.701000000000008,-0.09999999999999432,1.1000000000000014,-2.5,2.8000000000000007,3.6000000000000014,1.8000000000000007,3.938199999999995,13.28084
2026,BYU,Florida,Florida,0.12016144974728091,0.8798385502527191,-1.3430000000000035,12.048299999999998,1.2000000000000028,4.900000000000006,-1.1999999999999993,1.0999999999999996,-8.600000000000001,4.5,-0.6193999999999988,-3.98452
2026,BYU,Prairie View A&M,BYU,0.9727017143780252,0.027298285621974783,23.296000000000006,-7.0390000000000015,6.800000000000004,0.8000000000000043,-0.6999999999999993,-2.6000000000000014,7.5,-5.4999999999999964,-1.0899,17.10637
2026,BYU,Clemson,Clemson,0.4501483328909473,0.5498516671090528,8.186999999999998,7.317300000000003,2.1000000000000014,2.3000000000000043,1.1000000000000014,-1.0,6.5,3.6000000000000014,5.505799999999994,1.3705699999999998
2026,BYU,Iowa,Iowa,0.3064921680616619,0.6935078319383381,2.6230000000000047,4.117000000000004,-1.8999999999999986,-1.5,0.10000000000000142,-4.5,4.5,1.3000000000000007,6.7520000000000024,2.59958
2026,BYU,Vanderbilt,Vanderbilt,0.1977379209764867,0.8022620790235133,-2.7240000000000038,4.961199999999991,-0.5999999999999943,2.4000000000000057,2.0,-1.3999999999999986,3.400000000000002,-2.3000000000000007,0.7972999999999928,-2.7523
2026,BYU,McNeese St.,BYU,0.7350728833229133,0.2649271166770867,11.593999999999994,2.1940000000000026,3.700000000000003,2.3000000000000043,1.0,-8.100000000000001,-0.3999999999999986,-5.699999999999999,3.6430000000000007,3.84524
2026,BYU,Nebraska,Nebraska,0.3505388610334621,0.6494611389665379,7.543000000000006,10.825699999999998,-0.6999999999999957,3.4000000000000057,0.9000000000000004,-2.6999999999999993,8.3,1.6000000000000014,2.958200000000005,-2.9084000000000003
2026,BYU,Troy,BYU,0.9012505709076127,0.09874942909238726,14.066000000000003,-4.697000000000003,2.8000000000000043,1.1000000000000014,-1.6999999999999993,-0.3999999999999986,-0.19999999999999574,-2.3000000000000007,4.694999999999993,10.69865
2026,BYU,North Carolina,North Carolina,0.41436850357265115,0.5856314964273488,3.3370000000000033,4.314999999999998,0.10000000000000142,3.0,1.3000000000000007,2.9000000000000004,3.200000000000003,1.1999999999999993,1.7934999999999945,-0.3740100000000002
2026,BYU,VCU,BYU,0.6089469669439656,0.39105303305603445,5.465999999999994,1.2789999999999964,0.6000000000000014,2.3000000000000043,0.10000000000000142,-0.6999999999999993,2.3000000000000043,-0.5999999999999979,1.0981000000000023,2.83624
2026,BYU,Illinois,Illinois,0.07935266838719124,0.9206473316128088,-7.194999999999993,6.1063000000000045,-0.3999999999999986,3.6000000000000014,2.1000000000000014,4.9,-4.100000000000001,2.3000000000000007,4.0608,-2.0125400000000004
2026,BYU,Penn,BYU,0.8908109616841016,0.10918903831589843,18.191999999999993,-1.0720000000000027,4.400000000000006,-0.5,-0.09999999999999964,-1.3000000000000007,4.300000000000001,-1.1999999999999993,0.754800000000003,10.55398
2026,BYU,Saint Mary's,Saint Mary's,0.4682359506903494,0.5317640493096506,5.385000000000005,6.773899999999998,1.8000000000000043,4.5,-1.0999999999999979,1.3000000000000007,-3.0,5.5,4.477000000000004,0.5390300000000003
2026,BYU,Texas A&M,Texas A&M,0.4126876535571515,0.5873123464428485,4.891999999999996,2.891999999999996,0.5,0.4000000000000057,0.7000000000000011,-1.8000000000000007,2.3000000000000043,-3.1999999999999993,-1.2368000000000023,2.9527900000000002
2026,BYU,Houston,Houston,0.08885021583544997,0.9111497841645501,-0.5879999999999939,11.930700000000002,2.6000000000000014,4.600000000000001,2.3000000000000007,-4.5,-1.2999999999999972,-1.5999999999999979,6.453899999999997,-4.4491499999999995
2026,BYU,Idaho,BYU,0.887547707747596,0.11245229225240405,15.923000000000002,-1.8530000000000086,2.8000000000000043,0.9000000000000057,0.3000000000000007,1.3000000000000007,5.700000000000003,5.100000000000001,2.3549000000000007,13.41135
2026,BYU,LIU,BYU,0.9788125255036668,0.02118747449633318,21.107,-5.459000000000003,1.4000000000000057,1.4000000000000057,-3.6999999999999993,-2.3999999999999986,0.30000000000000426,-3.3000000000000007,1.9501999999999953,10.32592
2026,BYU,Villanova,Villanova,0.4094799976518318,0.5905200023481683,5.153000000000006,3.7779999999999916,1.0,-0.09999999999999432,0.20000000000000107,-2.1999999999999993,2.200000000000003,-2.3999999999999986,4.832700000000003,0.6054399999999998
2026,BYU,Utah St.,Utah St.,0.43237002570626576,0.5676299742937343,1.7240000000000038,2.230000000000004,-1.8999999999999986,1.6000000000000014,-0.09999999999999964,-4.100000000000001,1.5,-2.900000000000002,2.2253999999999934,0.5555399999999997
2026,BYU,Wisconsin,Wisconsin,0.24569120374442754,0.7543087962555725,-2.4339999999999975,2.676000000000002,0.20000000000000284,-0.09999999999999432,2.5,2.0999999999999996,5.200000000000003,1.1000000000000014,1.085099999999997,-0.8289
2026,BYU,High Point,BYU,0.8601770658947,0.1398229341053,9.058000000000007,-3.186000000000007,0.0,1.1000000000000014,2.3000000000000007,-5.399999999999999,2.5,-2.3999999999999986,-0.10999999999999943,5.98066
2026,BYU,Hawaii,BYU,0.9162859845121001,0.08371401548789992,17.879999999999995,2.4819999999999993,2.700000000000003,4.800000000000004,-3.599999999999998,-0.3999999999999986,3.200000000000003,4.300000000000001,0.1980999999999966,8.28517
2026,BYU,Texas,BYU,0.5197253112456744,0.48027468875432555,0.7219999999999942,-2.075000000000003,0.5,0.0,0.0,3.0999999999999996,-1.1000000000000014,2.400000000000002,2.680400000000006,4.758431
2026,BYU,Gonzaga,Gonzaga,0.35499034688497266,0.6450096531150273,4.439999999999998,10.303899999999999,-1.5999999999999943,5.0,1.6000000000000014,-4.0,-0.19999999999999574,3.400000000000002,0.8466999999999985,-2.8181399999999996
2026,BYU,Kennesaw St.,BYU,0.9149902946502303,0.0850097053497697,13.942999999999998,-5.189999999999998,4.0,2.700000000000003,-1.3999999999999986,0.3999999999999986,-0.8999999999999986,-2.0,-1.4876000000000005,12.526769999999999
2026,BYU,Miami FL,BYU,0.5371337664256721,0.4628662335743279,3.662000000000006,2.870999999999995,-0.8999999999999986,-0.5,-0.8999999999999986,-1.8999999999999986,-2.3999999999999986,3.0,1.8494000000000028,0.69895
2026,BYU,Missouri,Missouri,0.47608795626478695,0.523912043735213,4.804000000000002,1.2719999999999914,-0.5999999999999943,-0.19999999999999574,-2.6999999999999993,-0.10000000000000142,-0.8999999999999986,-2.099999999999998,3.3994,3.395
2026,BYU,Purdue,Purdue,0.11713318752843545,0.8828668124715645,-8.562000000000012,4.0660000000000025,-2.8999999999999986,-1.0999999999999943,1.8000000000000007,0.9000000000000004,-1.6999999999999957,2.900000000000002,5.342699999999994,-4.64123
2026,BYU,Queens,BYU,0.9518693826272022,0.04813061737279778,10.070999999999998,-12.792000000000002,-1.8999999999999986,-2.799999999999997,0.5,1.5,4.200000000000003,-3.6999999999999993,0.2768999999999977,11.51494
2026,BYU,Michigan,Michigan,0.11484948216403296,0.8851505178359671,-2.9009999999999962,13.279899999999998,-3.3999999999999986,6.5,-1.3999999999999986,1.0,-0.7999999999999972,1.6000000000000014,-1.4368000000000052,-9.44723
2026,BYU,Howard,BYU,0.9635521457248675,0.03644785427513253,21.269000000000005,-1.9120000000000061,4.100000000000001,3.8000000000000043,-4.5,-4.800000000000001,-2.0,-2.6999999999999993,0.7312000000000012,11.41843
2026,BYU,Georgia,Georgia,0.42520895507745543,0.5747910449225446,0.39700000000000557,-0.4450000000000074,0.10000000000000142,1.1000000000000014,1.0,-1.8999999999999986,-0.6000000000000014,-5.599999999999998,-2.2467999999999932,1.9466
2026,BYU,Saint Louis,BYU,0.7107930821193899,0.28920691788061015,5.242000000000004,2.0690000000000026,-5.0,6.400000000000006,-2.099999999999998,0.3999999999999986,3.5,2.3000000000000007,-1.234800000000007,2.6765600000000003
2026,BYU,Texas Tech,Texas Tech,0.1565187530494895,0.8434812469505105,-1.554000000000002,5.508299999999991,-1.5,1.8000000000000043,-0.5999999999999996,1.8000000000000007,1.3000000000000043,-0.8000000000000007,3.370900000000006,-0.5086899999999996
2026,BYU,Hofstra,BYU,0.7735153625747532,0.22648463742524683,11.579999999999998,-0.5739999999999981,3.200000000000003,5.300000000000004,-0.8000000000000007,1.5,-0.29999999999999716,-1.1999999999999993,5.0652999999999935,9.216619999999999
2026,BYU,Tennessee,Tennessee,0.20541337256973058,0.7945866274302694,3.2579999999999956,8.803600000000003,3.1000000000000014,3.5,-1.8000000000000007,0.1999999999999993,-10.5,1.4000000000000021,4.554299999999998,0.4317000000000002
2026,BYU,Miami OH,BYU,0.8969998840915541,0.10300011590844593,8.070999999999998,-3.2720000000000056,-4.5,0.4000000000000057,0.8000000000000007,-1.0,9.3,1.1999999999999993,-0.16259999999999764,2.09312
2026,BYU,Virginia,Virginia,0.2761066595822375,0.7238933404177625,2.492999999999995,8.481200000000001,0.10000000000000142,5.900000000000006,-0.6999999999999993,0.9000000000000004,-3.299999999999997,0.10000000000000142,4.201499999999996,-3.2152000000000003
2026,BYU,Wright St.,BYU,0.8747717219639032,0.12522827803609682,12.388000000000005,-4.701000000000008,0.30000000000000426,-0.8999999999999986,-1.0,0.0,1.3999999999999986,0.10000000000000142,2.802199999999999,11.11622
2026,BYU,Kentucky,Kentucky,0.41190488815479454,0.5880951118452055,4.838999999999999,4.3448999999999955,1.6000000000000014,2.4000000000000057,0.3000000000000007,0.6999999999999993,0.8000000000000043,-0.8000000000000007,1.4598000000000013,1.25494
2026,BYU,Santa Clara,Santa Clara,0.35873303231701265,0.6412669676829874,-0.2560000000000002,0.570999999999998,0.10000000000000142,-0.5999999999999943,-0.29999999999999893,-3.6000000000000014,-2.1000000000000014,-2.9999999999999964,0.5216999999999956,2.4063
2026,BYU,Iowa St.,Iowa St.,0.126699074162945,0.873300925837055,0.9869999999999948,11.697999999999993,-1.7999999999999972,1.7000000000000028,0.20000000000000107,-5.899999999999999,-0.6999999999999957,1.1999999999999993,2.8174000000000063,-2.8444900000000004
2026,BYU,Tennessee St.,BYU,0.9786372512015585,0.021362748798441467,16.956999999999994,-7.537999999999997,4.600000000000001,0.0,-1.1999999999999993,-3.5,-0.29999999999999716,-0.5999999999999979,-0.3575000000000017,10.20344
2026,Texas,UCLA,UCLA,0.2503277483723844,0.7496722516276155,-0.5279999999999916,4.611999999999995,0.30000000000000426,0.8000000000000043,1.9000000000000004,-4.700000000000001,4.600000000000001,-5.5,2.410999999999987,-3.825431
2026,Texas,UCF,Texas,0.6738999091875033,0.3261000908124967,4.030000000000001,0.7060000000000031,1.4000000000000057,-1.1999999999999957,-0.3999999999999986,-2.4000000000000004,1.3000000000000043,-1.6000000000000014,-2.017400000000009,-2.330921
2026,Texas,Vanderbilt,Vanderbilt,0.1855127698757274,0.8144872301242726,-3.445999999999998,7.036199999999994,-1.0999999999999943,2.4000000000000057,2.0,-4.499999999999998,4.5000000000000036,-4.700000000000003,-1.883100000000013,-7.510731
2026,Texas,Troy,Texas,0.8939989388883071,0.10600106111169294,13.344000000000008,-2.622,2.3000000000000043,1.1000000000000014,-1.6999999999999993,-3.4999999999999982,0.9000000000000057,-4.700000000000003,2.0145999999999873,5.940219
2026,Texas,VCU,Texas,0.5899952595689093,0.4100047404310907,4.744,3.353999999999999,0.10000000000000142,2.3000000000000043,0.10000000000000142,-3.799999999999999,3.4000000000000057,-3.0,-1.5823000000000036,-1.9221910000000002
2026,Texas,Texas A&M,Texas A&M,0.39369468524166923,0.6063053147583308,4.170000000000002,4.966999999999999,0.0,0.4000000000000057,0.7000000000000011,-4.9,3.4000000000000057,-5.600000000000001,-3.9172000000000082,-1.805641
2026,Texas,Villanova,Villanova,0.3905364902143867,0.6094635097856134,4.431000000000012,5.852999999999994,0.5,-0.09999999999999432,0.20000000000000107,-5.299999999999999,3.3000000000000043,-4.800000000000001,2.1522999999999968,-4.152991
2026,Texas,Utah St.,Utah St.,0.41310837591482924,0.5868916240851707,1.0020000000000095,4.305000000000007,-2.3999999999999986,1.6000000000000014,-0.09999999999999964,-7.200000000000001,2.6000000000000014,-5.300000000000004,-0.4550000000000125,-4.202891
2026,Texas,Wisconsin,Wisconsin,0.2313563036566038,0.7686436963433962,-3.1559999999999917,4.751000000000005,-0.29999999999999716,-0.09999999999999432,2.5,-1.0,6.300000000000004,-1.3000000000000007,-1.5953000000000088,-5.587331
2026,Texas,Texas Tech,Texas Tech,0.14637701303311468,0.8536229869668853,-2.2759999999999962,7.583299999999994,-2.0,1.8000000000000043,-0.5999999999999996,-1.299999999999999,2.4000000000000057,-3.200000000000003,0.6905000000000001,-5.2671209999999995
2026,Texas,Virginia,Virginia,0.26061027867360137,0.7393897213263987,1.7710000000000008,10.556200000000004,-0.3999999999999986,5.900000000000006,-0.6999999999999993,-2.1999999999999993,-2.1999999999999957,-2.3000000000000007,1.52109999999999,-7.973631
2026,Texas,Wright St.,Texas,0.8658650231525614,0.13413497684743858,11.666000000000011,-2.6260000000000048,-0.19999999999999574,-0.8999999999999986,-1.0,-3.0999999999999996,2.5,-2.3000000000000007,0.12179999999999325,6.357789
2026,Gonzaga,Siena,Gonzaga,0.9712363652192874,0.028763634780712644,13.105000000000004,-14.891900000000007,5.699999999999996,-2.3999999999999986,-2.3000000000000007,3.3999999999999986,2.8999999999999986,-3.1000000000000014,4.302000000000007,15.14435
2026,Gonzaga,Ohio St.,Ohio St.,0.38320466893473254,0.6167953310652674,-4.8999999999999915,-7.569900000000004,-0.20000000000000284,-4.099999999999994,-1.700000000000001,4.699999999999999,3.9999999999999964,-4.100000000000001,2.7708999999999975,4.4754
2026,Gonzaga,TCU,Gonzaga,0.735424792508862,0.26457520749113805,5.457999999999998,-5.625299999999996,5.399999999999999,-4.799999999999997,-1.8000000000000007,0.8000000000000007,0.3999999999999986,-3.3000000000000007,1.352800000000002,4.99216
2026,Gonzaga,St. John's,St. John's,0.3925956135505015,0.6074043864494985,0.507000000000005,-0.07609999999999673,5.299999999999997,-1.1999999999999957,-1.0,1.1000000000000014,-1.1000000000000014,-4.300000000000001,-0.6714000000000055,0.10407999999999973
2026,Gonzaga,Northern Iowa,Gonzaga,0.7457925915859794,0.25420740841402056,10.540000000000006,-4.551600000000008,2.0999999999999943,-1.0,-0.9000000000000004,2.3999999999999986,12.799999999999997,-0.40000000000000213,6.7455,12.6436
2026,Gonzaga,Kansas,Kansas,0.427019278231142,0.5729807217688581,2.4920000000000044,-0.34430000000000405,4.699999999999996,1.0,-1.8000000000000007,6.5,5.299999999999997,-4.200000000000003,1.3226999999999975,1.0986099999999999
2026,Gonzaga,Louisville,Louisville,0.39377079487820815,0.6062292051217919,-3.7240000000000038,-4.151799999999994,-0.10000000000000142,-2.5999999999999943,-2.6999999999999993,3.8000000000000007,1.8999999999999986,-1.0,-0.7798999999999978,3.3674299999999997
2026,Gonzaga,South Florida,Gonzaga,0.7046870393227068,0.2953129606772932,3.5349999999999966,-7.364900000000006,5.399999999999999,-2.1999999999999957,-1.5,1.6999999999999993,-3.4000000000000057,-5.900000000000002,-2.4690999999999974,7.621918
2026,Gonzaga,Michigan St.,Michigan St.,0.46659680826720473,0.5334031917327953,-2.6089999999999947,-2.1684000000000054,2.6999999999999957,-2.3999999999999986,-3.400000000000002,5.699999999999999,-3.700000000000003,3.299999999999997,2.951599999999999,-0.07870000000000044
2026,Gonzaga,North Dakota St.,Gonzaga,0.9406859069688978,0.059314093031102244,8.884,-12.008899999999997,2.8999999999999986,-5.299999999999997,-1.9000000000000004,1.8000000000000007,1.1999999999999957,0.1999999999999993,2.5755000000000052,10.720279999999999
2026,Gonzaga,UCLA,UCLA,0.3963377361314071,0.6036622638685929,-4.245999999999995,-7.766900000000007,2.3999999999999986,-4.199999999999996,0.29999999999999893,2.3999999999999986,3.6999999999999957,-6.5,4.244699999999995,3.7511399999999995
2026,Gonzaga,UCF,Gonzaga,0.802500137369662,0.19749986263033803,0.3119999999999976,-11.672899999999998,3.5,-6.199999999999996,-2.0,4.699999999999999,0.3999999999999986,-2.6000000000000014,-0.18370000000000175,5.2456499999999995
2026,Gonzaga,Prairie View A&M,Gonzaga,0.9847892951063246,0.015210704893675375,18.85600000000001,-17.3429,8.399999999999999,-4.199999999999996,-2.3000000000000007,1.3999999999999986,7.699999999999996,-8.899999999999999,-1.9365999999999985,19.924509999999998
2026,Gonzaga,Iowa,Iowa,0.4453700449823292,0.5546299550176708,-1.816999999999993,-6.186899999999994,-0.30000000000000426,-6.5,-1.5,-0.5,4.699999999999996,-2.1000000000000014,5.905300000000004,5.417719999999999
2026,Gonzaga,Vanderbilt,Vanderbilt,0.30931618683990175,0.6906838131600983,-7.1640000000000015,-5.342700000000008,1.0,-2.5999999999999943,0.3999999999999986,2.6000000000000014,3.599999999999998,-5.700000000000003,-0.04940000000000566,0.06583999999999968
2026,Gonzaga,McNeese St.,Gonzaga,0.8344762486964359,0.16552375130356412,7.153999999999996,-8.109899999999996,5.299999999999997,-2.6999999999999957,-0.6000000000000014,-4.100000000000001,-0.20000000000000284,-9.100000000000001,2.7963000000000022,6.66338
2026,Gonzaga,Nebraska,Nebraska,0.49512596861663966,0.5048740313833604,3.1030000000000086,0.5217999999999989,0.8999999999999986,-1.5999999999999943,-0.7000000000000011,1.3000000000000007,8.499999999999996,-1.8000000000000007,2.1115000000000066,-0.09026000000000067
2026,Gonzaga,Troy,Gonzaga,0.9431265787675748,0.056873421232425225,9.626000000000005,-15.000900000000001,4.399999999999999,-3.8999999999999986,-3.3000000000000007,3.6000000000000014,0.0,-5.700000000000003,3.8482999999999947,13.51679
2026,Gonzaga,North Carolina,Gonzaga,0.5624815907039413,0.4375184092960587,-1.1029999999999944,-5.988900000000001,1.6999999999999957,-2.0,-0.3000000000000007,6.9,3.3999999999999986,-2.200000000000003,0.9467999999999961,2.4441299999999995
2026,Gonzaga,VCU,Gonzaga,0.7388621004456825,0.26113789955431754,1.0259999999999962,-9.024900000000002,2.1999999999999957,-2.6999999999999957,-1.5,3.3000000000000007,2.5,-4.0,0.25140000000000384,5.65438
2026,Gonzaga,Illinois,Illinois,0.1354039016294628,0.8645960983705372,-11.634999999999991,-4.197599999999994,1.1999999999999957,-1.3999999999999986,0.5,8.9,-3.9000000000000057,-1.1000000000000014,3.214100000000002,0.8055999999999992
2026,Gonzaga,Penn,Gonzaga,0.9368035959787555,0.06319640402124449,13.751999999999995,-11.375900000000001,6.0,-5.5,-1.700000000000001,2.6999999999999993,4.4999999999999964,-4.600000000000001,-0.09189999999999543,13.372119999999999
2026,Gonzaga,Saint Mary's,Gonzaga,0.6153712469332079,0.3846287530667921,0.9450000000000074,-3.530000000000001,3.3999999999999986,-0.5,-2.6999999999999993,5.300000000000001,-2.8000000000000043,2.099999999999998,3.6303000000000054,3.35717
2026,Gonzaga,Texas A&M,Gonzaga,0.560775240291003,0.439224759708997,0.4519999999999982,-7.411900000000003,2.0999999999999943,-4.599999999999994,-0.9000000000000004,2.1999999999999993,2.5,-6.600000000000001,-2.083500000000001,5.77093
2026,Gonzaga,Houston,Houston,0.1505133256516697,0.8494866743483303,-5.027999999999992,1.626800000000003,4.199999999999996,-0.3999999999999986,0.6999999999999993,-0.5,-1.1000000000000014,-5.0,5.607199999999999,-1.6310099999999998
2026,Gonzaga,Idaho,Gonzaga,0.9348143071653234,0.06518569283467657,11.483000000000004,-12.156900000000007,4.399999999999999,-4.099999999999994,-1.3000000000000007,5.300000000000001,5.899999999999999,1.6999999999999993,1.5082000000000022,16.22949
2026,Gonzaga,LIU,Gonzaga,0.9882270113787812,0.011772988621218783,16.667,-15.762900000000002,3.0,-3.5999999999999943,-5.300000000000001,1.6000000000000014,0.5,-6.700000000000003,1.1034999999999968,13.14406
2026,Gonzaga,Villanova,Gonzaga,0.5575091755840985,0.4424908244159015,0.7130000000000081,-6.525900000000007,2.5999999999999943,-5.099999999999994,-1.4000000000000004,1.8000000000000007,2.3999999999999986,-5.800000000000001,3.986000000000004,3.4235799999999994
2026,Gonzaga,Utah St.,Gonzaga,0.5805390649762726,0.4194609350237274,-2.715999999999994,-8.073899999999995,-0.30000000000000426,-3.3999999999999986,-1.700000000000001,-0.10000000000000142,1.6999999999999957,-6.300000000000004,1.378699999999995,3.3736799999999993
2026,Gonzaga,Wisconsin,Wisconsin,0.3717885197000144,0.6282114802999856,-6.873999999999995,-7.627899999999997,1.7999999999999972,-5.099999999999994,0.8999999999999986,6.1,5.399999999999999,-2.3000000000000007,0.2383999999999986,1.9892399999999997
2026,Gonzaga,High Point,Gonzaga,0.9178838446705239,0.08211615532947614,4.618000000000009,-13.489900000000006,1.5999999999999943,-3.8999999999999986,0.6999999999999993,-1.3999999999999986,2.6999999999999957,-5.800000000000001,-0.9566999999999979,8.7988
2026,Gonzaga,Hawaii,Gonzaga,0.9521247227583088,0.04787527724169116,13.439999999999998,-7.821899999999999,4.299999999999997,-0.19999999999999574,-5.199999999999999,3.6000000000000014,3.3999999999999986,0.8999999999999986,-0.6486000000000018,11.10331
2026,Gonzaga,Texas,Gonzaga,0.662871479744827,0.33712852025517304,-3.7180000000000035,-12.378900000000002,2.0999999999999943,-5.0,-1.6000000000000014,7.1,-0.9000000000000057,-1.0,1.8337000000000074,7.5765709999999995
2026,Gonzaga,Kennesaw St.,Gonzaga,0.9513542807092172,0.04864571929078276,9.503,-15.493899999999996,5.599999999999994,-2.299999999999997,-3.0,4.399999999999999,-0.7000000000000028,-5.400000000000002,-2.334299999999999,15.344909999999999
2026,Gonzaga,Miami FL,Gonzaga,0.6783029490487505,0.32169705095124945,-0.7779999999999916,-7.432900000000004,0.6999999999999957,-5.5,-2.5,2.1000000000000014,-2.200000000000003,-0.40000000000000213,1.0027000000000044,3.5170899999999996
2026,Gonzaga,Missouri,Gonzaga,0.6228008458969122,0.3771991541030878,0.3640000000000043,-9.031900000000007,1.0,-5.199999999999996,-4.300000000000001,3.8999999999999986,-0.7000000000000028,-5.5,2.5527000000000015,6.213139999999999
2026,Gonzaga,Purdue,Purdue,0.19424053173023376,0.8057594682697662,-13.00200000000001,-6.237899999999996,-1.3000000000000043,-6.099999999999994,0.1999999999999993,4.9,-1.5,-0.5,4.495999999999995,-1.8230900000000005
2026,Gonzaga,Queens,Gonzaga,0.9729246784213524,0.02707532157864756,5.631,-23.0959,-0.30000000000000426,-7.799999999999997,-1.1000000000000014,5.5,4.399999999999999,-7.100000000000001,-0.5698000000000008,14.333079999999999
2026,Gonzaga,Michigan,Michigan,0.19077834620640427,0.8092216537935957,-7.340999999999994,2.975999999999999,-1.8000000000000043,1.5,-3.0,5.0,-0.6000000000000014,-1.8000000000000007,-2.2835000000000036,-6.62909
2026,Gonzaga,Howard,Gonzaga,0.9796061796799819,0.02039382032001813,16.829000000000008,-12.215900000000005,5.699999999999996,-1.1999999999999957,-6.100000000000001,-0.8000000000000007,-1.8000000000000043,-6.100000000000001,-0.11549999999999727,14.23657
2026,Gonzaga,Saint Louis,Gonzaga,0.8170389737674852,0.18296102623251476,0.8020000000000067,-8.234899999999996,-3.4000000000000057,1.4000000000000057,-3.6999999999999993,4.399999999999999,3.6999999999999957,-1.1000000000000014,-2.0815000000000055,5.4947
2026,Gonzaga,Texas Tech,Texas Tech,0.25214832575941826,0.7478516742405817,-5.994,-4.795600000000007,0.09999999999999432,-3.1999999999999957,-2.200000000000001,5.800000000000001,1.5,-4.200000000000003,2.5242000000000075,2.30945
2026,Gonzaga,Hofstra,Gonzaga,0.8612179749118637,0.1387820250881363,7.140000000000001,-10.877899999999997,4.799999999999997,0.30000000000000426,-2.400000000000002,5.5,-0.10000000000000142,-4.600000000000001,4.218599999999995,12.034759999999999
2026,Gonzaga,Tennessee,Tennessee,0.3195973293460294,0.6804026706539705,-1.1820000000000022,-1.5002999999999957,4.699999999999996,-1.5,-3.400000000000002,4.199999999999999,-10.300000000000004,-2.0,3.7075999999999993,3.24984
2026,Gonzaga,Miami OH,Gonzaga,0.9405595674278474,0.05944043257215259,3.6310000000000002,-13.575900000000004,-2.9000000000000057,-4.599999999999994,-0.8000000000000007,3.0,9.499999999999996,-2.200000000000003,-1.009299999999996,4.9112599999999995
2026,Gonzaga,Virginia,Virginia,0.40934297677919296,0.590657023220807,-1.9470000000000027,-1.8226999999999975,1.6999999999999957,0.9000000000000057,-2.3000000000000007,4.9,-3.1000000000000014,-3.3000000000000007,3.3547999999999973,-0.39706000000000063
2026,Gonzaga,Wright St.,Gonzaga,0.9269665112210012,0.07303348877899885,7.9480000000000075,-15.004900000000006,1.8999999999999986,-5.899999999999999,-2.6000000000000014,4.0,1.5999999999999943,-3.3000000000000007,1.9555000000000007,13.93436
2026,Gonzaga,Kentucky,Gonzaga,0.5599794027671007,0.4400205972328993,0.3990000000000009,-5.959000000000003,3.1999999999999957,-2.5999999999999943,-1.3000000000000007,4.699999999999999,1.0,-4.200000000000003,0.6131000000000029,4.073079999999999
2026,Gonzaga,Santa Clara,Gonzaga,0.5040767342422418,0.49592326575775825,-4.695999999999998,-9.7329,1.6999999999999957,-5.599999999999994,-1.9000000000000004,0.3999999999999986,-1.9000000000000057,-6.399999999999999,-0.32500000000000284,5.2244399999999995
2026,Gonzaga,Iowa St.,Iowa St.,0.2086155601681277,0.7913844398318723,-3.453000000000003,1.3940999999999946,-0.20000000000000284,-3.299999999999997,-1.4000000000000004,-1.8999999999999986,-0.5,-2.200000000000003,1.970700000000008,-0.02635000000000076
2026,Gonzaga,Tennessee St.,Gonzaga,0.9881286742469256,0.011871325753074369,12.516999999999996,-17.841899999999995,6.199999999999996,-5.0,-2.8000000000000007,0.5,-0.10000000000000142,-4.0,-1.2042000000000002,13.02158
2026,Kennesaw St.,Siena,Kennesaw St.,0.6332384736403,0.36676152635970005,3.602000000000004,0.6019999999999897,0.10000000000000142,-0.10000000000000142,0.6999999999999993,-1.0,3.6000000000000014,2.3000000000000007,6.636300000000006,-0.2005600000000003
2026,Kennesaw St.,Ohio St.,Ohio St.,0.030790018173053307,0.9692099818269467,-14.402999999999992,7.923999999999992,-5.799999999999997,-1.7999999999999972,1.299999999999999,0.3000000000000007,4.699999999999999,1.3000000000000007,5.105199999999996,-10.86951
2026,Kennesaw St.,TCU,TCU,0.12444436134799314,0.8755556386520069,-4.045000000000002,9.8686,-0.19999999999999574,-2.5,1.1999999999999993,-3.599999999999998,1.1000000000000014,2.1000000000000014,3.687100000000001,-10.35275
2026,Kennesaw St.,St. John's,St. John's,0.03199252961563097,0.9680074703843691,-8.995999999999995,15.4178,-0.29999999999999716,1.1000000000000014,2.0,-3.299999999999997,-0.3999999999999986,1.1000000000000014,1.6628999999999934,-15.240829999999999
2026,Kennesaw St.,Northern Iowa,Northern Iowa,0.1304454790258789,0.8695545209741211,1.0370000000000061,10.942299999999989,-3.5,1.2999999999999972,2.0999999999999996,-2.0,13.5,5.0,9.079799999999999,-2.7013100000000003
2026,Kennesaw St.,Louisville,Louisville,0.032145420388050266,0.9678545796119498,-13.227000000000004,11.342100000000002,-5.699999999999996,-0.29999999999999716,0.3000000000000007,-0.5999999999999979,2.6000000000000014,4.400000000000002,1.5544000000000011,-11.97748
2026,Kennesaw St.,South Florida,South Florida,0.10874696626207579,0.8912530337379242,-5.9680000000000035,8.12899999999999,-0.19999999999999574,0.10000000000000142,1.5,-2.6999999999999993,-2.700000000000003,-0.5,-0.13479999999999848,-7.722992
2026,Kennesaw St.,Michigan St.,Michigan St.,0.04281390936925863,0.9571860906307413,-12.111999999999995,13.325499999999991,-2.8999999999999986,-0.10000000000000142,-0.40000000000000213,1.3000000000000007,-3.0,8.7,5.285899999999998,-15.42361
2026,Kennesaw St.,North Dakota St.,North Dakota St.,0.4478008024686751,0.552199197531325,-0.6189999999999998,3.4849999999999994,-2.6999999999999957,-3.0,1.0999999999999996,-2.599999999999998,1.8999999999999986,5.600000000000001,4.909800000000004,-4.62463
2026,Kennesaw St.,UCLA,UCLA,0.03248127930708625,0.9675187206929138,-13.748999999999995,7.72699999999999,-3.1999999999999957,-1.8999999999999986,3.299999999999999,-2.0,4.399999999999999,-1.0999999999999979,6.5789999999999935,-11.59377
2026,Kennesaw St.,UCF,UCF,0.17202707521351934,0.8279729247864807,-9.191000000000003,3.820999999999998,-2.0999999999999943,-3.8999999999999986,1.0,0.3000000000000007,1.1000000000000014,2.8000000000000007,2.150599999999997,-10.099260000000001
2026,Kennesaw St.,Prairie View A&M,Kennesaw St.,0.7680094753849903,0.23199052461500969,9.353000000000009,-1.8490000000000038,2.8000000000000043,-1.8999999999999986,0.6999999999999993,-3.0,8.399999999999999,-3.4999999999999964,0.3977000000000004,4.5796
2026,Kennesaw St.,Vanderbilt,Vanderbilt,0.02238683829526076,0.9776131617047392,-16.667,10.151199999999989,-4.599999999999994,-0.29999999999999716,3.3999999999999986,-1.7999999999999972,4.300000000000001,-0.3000000000000007,2.2848999999999933,-15.27907
2026,Kennesaw St.,McNeese St.,McNeese St.,0.2049509499112326,0.7950490500887674,-2.3490000000000038,7.384,-0.29999999999999716,-0.3999999999999986,2.3999999999999986,-8.5,0.5,-3.6999999999999993,5.130600000000001,-8.68153
2026,Kennesaw St.,Nebraska,Nebraska,0.04775132237785338,0.9522486776221466,-6.3999999999999915,16.015699999999995,-4.699999999999996,0.7000000000000028,2.299999999999999,-3.099999999999998,9.2,3.6000000000000014,4.4458000000000055,-15.43517
2026,Kennesaw St.,Troy,Troy,0.45885566571650804,0.541144334283492,0.12300000000000466,0.492999999999995,-1.1999999999999957,-1.6000000000000014,-0.3000000000000007,-0.7999999999999972,0.7000000000000028,-0.3000000000000007,6.182599999999994,-1.8281200000000002
2026,Kennesaw St.,North Carolina,North Carolina,0.061682790953456655,0.9383172090465434,-10.605999999999995,9.504999999999995,-3.8999999999999986,0.29999999999999716,2.6999999999999993,2.5000000000000018,4.100000000000001,3.1999999999999993,3.281099999999995,-12.900780000000001
2026,Kennesaw St.,VCU,VCU,0.1263901828430588,0.8736098171569412,-8.477000000000004,6.468999999999994,-3.3999999999999986,-0.3999999999999986,1.5,-1.0999999999999979,3.200000000000003,1.4000000000000021,2.5857000000000028,-9.69053
2026,Kennesaw St.,Penn,Penn,0.4311657599810965,0.5688342400189035,4.248999999999995,4.117999999999995,0.4000000000000057,-3.200000000000003,1.299999999999999,-1.6999999999999993,5.199999999999999,0.8000000000000007,2.2424000000000035,-1.9727899999999998
2026,Kennesaw St.,Saint Mary's,Saint Mary's,0.07562187888678078,0.9243781211132193,-8.557999999999993,11.963899999999995,-2.1999999999999957,1.7999999999999972,0.3000000000000007,0.9000000000000021,-2.1000000000000014,7.5,5.964600000000004,-11.987739999999999
2026,Kennesaw St.,Texas A&M,Texas A&M,0.061282872123700226,0.9387171278762998,-9.051000000000002,8.081999999999994,-3.5,-2.299999999999997,2.0999999999999996,-2.1999999999999993,3.200000000000003,-1.1999999999999993,0.25079999999999814,-9.57398
2026,Kennesaw St.,LIU,Kennesaw St.,0.811039984193131,0.18896001580686905,7.1640000000000015,-0.26900000000000546,-2.5999999999999943,-1.2999999999999972,-2.3000000000000007,-2.799999999999997,1.2000000000000028,-1.3000000000000007,3.4377999999999957,-2.20085
2026,Kennesaw St.,Villanova,Villanova,0.06052506969711927,0.9394749303028808,-8.789999999999992,8.96799999999999,-3.0,-2.799999999999997,1.5999999999999996,-2.599999999999998,3.1000000000000014,-0.3999999999999986,6.320300000000003,-11.921330000000001
2026,Kennesaw St.,Utah St.,Utah St.,0.06609164222973815,0.9339083577702618,-12.218999999999994,7.420000000000002,-5.899999999999999,-1.1000000000000014,1.299999999999999,-4.5,2.3999999999999986,-0.9000000000000021,3.712999999999994,-11.97123
2026,Kennesaw St.,Wisconsin,Wisconsin,0.029372771676252424,0.9706272283237476,-16.376999999999995,7.866,-3.799999999999997,-2.799999999999997,3.8999999999999986,1.700000000000001,6.100000000000001,3.1000000000000014,2.5726999999999975,-13.35567
2026,Kennesaw St.,Texas,Texas,0.09135463900993807,0.908645360990062,-13.221000000000004,3.114999999999995,-3.5,-2.700000000000003,1.3999999999999986,2.700000000000001,-0.20000000000000284,4.400000000000002,4.168000000000006,-7.768339
2026,Kennesaw St.,Miami FL,Miami FL,0.097322164060058,0.902677835939942,-10.280999999999992,8.060999999999993,-4.899999999999999,-3.200000000000003,0.5,-2.299999999999997,-1.5,5.0,3.3370000000000033,-11.82782
2026,Kennesaw St.,Missouri,Missouri,0.07785393261199751,0.9221460673880025,-9.138999999999996,6.461999999999989,-4.599999999999994,-2.8999999999999986,-1.3000000000000007,-0.5,0.0,-0.09999999999999787,4.8870000000000005,-9.13177
2026,Kennesaw St.,Purdue,Purdue,0.012176324798128312,0.9878236752018716,-22.50500000000001,9.256,-6.899999999999999,-3.799999999999997,3.1999999999999993,0.5000000000000018,-0.7999999999999972,4.900000000000002,6.830299999999994,-17.168
2026,Kennesaw St.,Queens,Kennesaw St.,0.647566898268792,0.352433101731208,-3.872,-7.602000000000004,-5.899999999999999,-5.5,1.8999999999999986,1.1000000000000014,5.100000000000001,-1.6999999999999993,1.7644999999999982,-1.0118299999999998
2026,Kennesaw St.,Michigan,Michigan,0.01191131914963475,0.9880886808503653,-16.843999999999994,18.469899999999996,-7.399999999999999,3.799999999999997,0.0,0.6000000000000014,0.10000000000000142,3.6000000000000014,0.05079999999999529,-21.974
2026,Kennesaw St.,Saint Louis,Saint Louis,0.1858947392997537,0.8141052607002464,-8.700999999999993,7.259,-9.0,3.700000000000003,-0.6999999999999993,0.0,4.399999999999999,4.300000000000001,0.2527999999999935,-9.85021
2026,Kennesaw St.,Texas Tech,Texas Tech,0.016948038633498554,0.9830519613665014,-15.497,10.698299999999989,-5.5,-0.8999999999999986,0.7999999999999989,1.4000000000000021,2.200000000000003,1.1999999999999993,4.8585000000000065,-13.03546
2026,Kennesaw St.,Tennessee,Tennessee,0.023454805290249497,0.9765451947097505,-10.685000000000002,13.9936,-0.8999999999999986,0.7999999999999972,-0.40000000000000213,-0.1999999999999993,-9.600000000000001,3.400000000000002,6.041899999999998,-12.09507
2026,Kennesaw St.,Miami OH,Miami OH,0.44724151771659754,0.5527584822834024,-5.872,1.9179999999999922,-8.5,-2.299999999999997,2.1999999999999993,-1.3999999999999986,10.2,3.1999999999999993,1.3250000000000028,-10.43365
2026,Kennesaw St.,Virginia,Virginia,0.03422399736776109,0.965776002632239,-11.450000000000003,13.671199999999999,-3.8999999999999986,3.200000000000003,0.6999999999999993,0.5000000000000018,-2.3999999999999986,2.1000000000000014,5.689099999999996,-15.74197
2026,Kennesaw St.,Wright St.,Wright St.,0.39357167118290165,0.6064283288170984,-1.5549999999999926,0.4889999999999901,-3.6999999999999957,-3.6000000000000014,0.3999999999999986,-0.3999999999999986,2.299999999999997,2.1000000000000014,4.2898,-1.4105499999999997
2026,Kennesaw St.,Kentucky,Kentucky,0.06109729592394568,0.9389027040760544,-9.104,9.534899999999993,-2.3999999999999986,-0.29999999999999716,1.6999999999999993,0.3000000000000007,1.7000000000000028,1.1999999999999993,2.947400000000002,-11.27183
2026,Kennesaw St.,Santa Clara,Santa Clara,0.04940598887611214,0.9505940111238879,-14.198999999999998,5.760999999999996,-3.8999999999999986,-3.299999999999997,1.0999999999999996,-4.0,-1.2000000000000028,-0.9999999999999964,2.009299999999996,-10.120470000000001
2026,Kennesaw St.,Tennessee St.,Kennesaw St.,0.8097465737993645,0.19025342620063546,3.013999999999996,-2.347999999999999,0.6000000000000014,-2.700000000000003,0.1999999999999993,-3.8999999999999986,0.6000000000000014,1.4000000000000021,1.1300999999999988,-2.3233300000000003
2026,Miami FL,Siena,Miami FL,0.9412254747976314,0.05877452520236859,13.882999999999996,-7.459000000000003,5.0,3.1000000000000014,0.1999999999999993,1.2999999999999972,5.100000000000001,-2.6999999999999993,3.2993000000000023,11.62726
2026,Miami FL,Ohio St.,Ohio St.,0.22759315752304016,0.7724068424769599,-4.122,-0.13700000000000045,-0.8999999999999986,1.4000000000000057,0.7999999999999989,2.599999999999998,6.199999999999999,-3.6999999999999993,1.768199999999993,0.95831
2026,Miami FL,TCU,Miami FL,0.5686484493926999,0.4313515506073001,6.23599999999999,1.8076000000000079,4.700000000000003,0.7000000000000028,0.6999999999999993,-1.3000000000000007,2.6000000000000014,-2.8999999999999986,0.35009999999999764,1.47507
2026,Miami FL,St. John's,St. John's,0.23462122911317496,0.765378770886825,1.2849999999999966,7.356800000000007,4.600000000000001,4.300000000000004,1.5,-1.0,1.1000000000000014,-3.8999999999999986,-1.67410000000001,-3.41301
2026,Miami FL,Northern Iowa,Miami FL,0.5818356015398701,0.41816439846012987,11.317999999999998,2.881299999999996,1.3999999999999986,4.5,1.5999999999999996,0.29999999999999716,15.0,0.0,5.7427999999999955,9.12651
2026,Miami FL,South Florida,Miami FL,0.5308941842845858,0.4691058157154142,4.312999999999988,0.06799999999999784,4.700000000000003,3.3000000000000043,1.0,-0.40000000000000213,-1.2000000000000028,-5.5,-3.4718000000000018,4.104828
2026,Miami FL,Michigan St.,Michigan St.,0.2932200908016533,0.7067799091983467,-1.831000000000003,5.264499999999998,2.0,3.1000000000000014,-0.9000000000000021,3.599999999999998,-1.5,3.6999999999999993,1.9488999999999947,-3.59579
2026,Miami FL,North Dakota St.,Miami FL,0.882651117705375,0.11734888229462503,9.661999999999992,-4.575999999999993,2.200000000000003,0.20000000000000284,0.5999999999999996,-0.3000000000000007,3.3999999999999986,0.6000000000000014,1.5728000000000009,7.20319
2026,Miami FL,UCLA,UCLA,0.237446215277093,0.762553784722907,-3.4680000000000035,-0.3340000000000032,1.7000000000000028,1.3000000000000043,2.799999999999999,0.29999999999999716,5.899999999999999,-6.099999999999998,3.2419999999999902,0.23404999999999987
2026,Miami FL,UCF,Miami FL,0.6583636090375963,0.3416363909624037,1.0899999999999892,-4.239999999999995,2.8000000000000043,-0.6999999999999957,0.5,2.599999999999998,2.6000000000000014,-2.1999999999999993,-1.1864000000000061,1.7285599999999999
2026,Miami FL,Prairie View A&M,Miami FL,0.9684598138995822,0.031540186100417755,19.634,-9.909999999999997,7.700000000000003,1.3000000000000043,0.1999999999999993,-0.7000000000000028,9.899999999999999,-8.499999999999996,-2.939300000000003,16.407420000000002
2026,Miami FL,Vanderbilt,Vanderbilt,0.17518712171188847,0.8248128782881116,-6.38600000000001,2.090199999999996,0.30000000000000426,2.9000000000000057,2.8999999999999986,0.5,5.800000000000001,-5.300000000000001,-1.05210000000001,-3.45125
2026,Miami FL,Nebraska,Nebraska,0.31745757658454204,0.682542423415458,3.8810000000000002,7.9547000000000025,0.20000000000000284,3.9000000000000057,1.799999999999999,-0.8000000000000007,10.7,-1.3999999999999986,1.1088000000000022,-3.6073500000000003
2026,Miami FL,Troy,Miami FL,0.8871934488150761,0.11280655118492389,10.403999999999996,-7.567999999999998,3.700000000000003,1.6000000000000014,-0.8000000000000007,1.5,2.200000000000003,-5.300000000000001,2.8455999999999904,9.9997
2026,Miami FL,North Carolina,North Carolina,0.3787766113633011,0.6212233886366989,-0.32500000000000284,1.4440000000000026,1.0,3.5,2.1999999999999993,4.799999999999999,5.600000000000001,-1.8000000000000007,-0.055900000000008276,-1.0729600000000001
2026,Miami FL,VCU,Miami FL,0.5729944288405106,0.42700557115948945,1.8039999999999878,-1.5919999999999987,1.5,2.8000000000000043,1.0,1.1999999999999993,4.700000000000003,-3.599999999999998,-0.7513000000000005,2.13729
2026,Miami FL,Penn,Miami FL,0.8754730816915847,0.12452691830841534,14.529999999999987,-3.942999999999998,5.300000000000004,0.0,0.7999999999999989,0.5999999999999979,6.699999999999999,-4.199999999999999,-1.0945999999999998,9.85503
2026,Miami FL,Saint Mary's,Saint Mary's,0.43142572285767344,0.5685742771423266,1.722999999999999,3.9029000000000025,2.700000000000003,5.0,-0.1999999999999993,3.1999999999999993,-0.6000000000000014,2.5,2.627600000000001,-0.15991999999999962
2026,Miami FL,Texas A&M,Texas A&M,0.3771471588851861,0.622852841114814,1.2299999999999898,0.021000000000000796,1.3999999999999986,0.9000000000000057,1.5999999999999996,0.09999999999999787,4.700000000000003,-6.199999999999999,-3.086200000000005,2.2538400000000003
2026,Miami FL,Villanova,Villanova,0.37403981559628086,0.6259601844037191,1.4909999999999997,0.9069999999999965,1.8999999999999986,0.4000000000000057,1.0999999999999996,-0.3000000000000007,4.600000000000001,-5.399999999999999,2.9833,-0.0935100000000002
2026,Miami FL,Utah St.,Utah St.,0.396278188715582,0.603721811284418,-1.9380000000000024,-0.6409999999999911,-1.0,2.1000000000000014,0.7999999999999989,-2.200000000000003,3.8999999999999986,-5.900000000000002,0.37599999999999056,-0.14341000000000026
2026,Miami FL,Wisconsin,Wisconsin,0.21916561195689035,0.7808343880431097,-6.096000000000004,-0.19499999999999318,1.1000000000000014,0.4000000000000057,3.3999999999999986,3.9999999999999982,7.600000000000001,-1.8999999999999986,-0.7643000000000058,-1.52785
2026,Miami FL,Texas,Texas,0.48254038990135756,0.5174596100986424,-2.940000000000012,-4.945999999999998,1.3999999999999986,0.5,0.8999999999999986,4.999999999999998,1.2999999999999972,-0.5999999999999979,0.8310000000000031,4.059481
2026,Miami FL,Missouri,Missouri,0.4391702435681522,0.5608297564318478,1.141999999999996,-1.5990000000000038,0.30000000000000426,0.30000000000000426,-1.8000000000000007,1.7999999999999972,1.5,-5.099999999999998,1.5499999999999972,2.69605
2026,Miami FL,Purdue,Purdue,0.10259926213999071,0.8974007378600093,-12.224000000000018,1.1950000000000074,-2.0,-0.5999999999999943,2.6999999999999993,2.799999999999999,0.7000000000000028,-0.09999999999999787,3.4932999999999907,-5.34018
2026,Miami FL,Queens,Miami FL,0.9445747860560761,0.05542521394392386,6.408999999999992,-15.662999999999997,-1.0,-2.299999999999997,1.3999999999999986,3.3999999999999986,6.600000000000001,-6.699999999999999,-1.5725000000000051,10.81599
2026,Miami FL,Michigan,Michigan,0.10056664206540056,0.8994333579345994,-6.563000000000002,10.408900000000003,-2.5,7.0,-0.5,2.8999999999999986,1.6000000000000014,-1.3999999999999986,-3.286200000000008,-10.14618
2026,Miami FL,Saint Louis,Miami FL,0.6792723628287428,0.3207276371712572,1.5799999999999983,-0.8019999999999925,-4.100000000000001,6.900000000000006,-1.1999999999999993,2.299999999999997,5.899999999999999,-0.6999999999999993,-3.08420000000001,1.97761
2026,Miami FL,Texas Tech,Texas Tech,0.1378609616898967,0.8621390383101033,-5.216000000000008,2.637299999999996,-0.6000000000000014,2.3000000000000043,0.29999999999999893,3.6999999999999993,3.700000000000003,-3.8000000000000007,1.5215000000000032,-1.2076399999999996
2026,Miami FL,Tennessee,Tennessee,0.18218601595841502,0.817813984041585,-0.4040000000000106,5.932600000000008,4.0,4.0,-0.9000000000000021,2.099999999999998,-8.100000000000001,-1.5999999999999979,2.704899999999995,-0.26724999999999977
2026,Miami FL,Miami OH,Miami FL,0.8824166150689071,0.11758338493109288,4.408999999999992,-6.143000000000001,-3.6000000000000014,0.9000000000000057,1.6999999999999993,0.8999999999999986,11.7,-1.8000000000000007,-2.0120000000000005,1.39417
2026,Miami FL,Virginia,Virginia,0.24737421916300356,0.7526257808369965,-1.1690000000000111,5.610200000000006,1.0,6.400000000000006,0.1999999999999993,2.799999999999999,-0.8999999999999986,-2.8999999999999986,2.352099999999993,-3.9141500000000002
2026,Miami FL,Wright St.,Miami FL,0.85754110405559,0.14245889594440997,8.725999999999999,-7.572000000000003,1.2000000000000028,-0.3999999999999986,-0.10000000000000142,1.8999999999999986,3.799999999999997,-2.8999999999999986,0.9527999999999963,10.41727
2026,Miami FL,Santa Clara,Santa Clara,0.32526573221330246,0.6747342677866975,-3.9180000000000064,-2.299999999999997,1.0,-0.09999999999999432,0.5999999999999996,-1.7000000000000028,0.29999999999999716,-5.9999999999999964,-1.3277000000000072,1.70735
2026,Miami FL,Tennessee St.,Miami FL,0.9752942518261034,0.02470574817389659,13.294999999999987,-10.408999999999992,5.5,0.5,-0.3000000000000007,-1.6000000000000014,2.1000000000000014,-3.599999999999998,-2.2069000000000045,9.50449
2026,Missouri,Siena,Missouri,0.9533809126468273,0.04661908735317266,12.741,-5.859999999999999,4.699999999999996,2.799999999999997,2.0,-0.5,3.6000000000000014,2.3999999999999986,1.7493000000000052,8.93121
2026,Missouri,Ohio St.,Ohio St.,0.27340371143705744,0.7265962885629426,-5.263999999999996,1.4620000000000033,-1.2000000000000028,1.1000000000000014,2.5999999999999996,0.8000000000000007,4.699999999999999,1.3999999999999986,0.21819999999999595,-1.73774
2026,Missouri,TCU,Missouri,0.627351001701181,0.37264899829881903,5.093999999999994,3.4066000000000116,4.399999999999999,0.3999999999999986,2.5,-3.099999999999998,1.1000000000000014,2.1999999999999993,-1.1998999999999995,-1.22098
2026,Missouri,St. John's,St. John's,0.28133116634863486,0.7186688336513651,0.14300000000000068,8.95580000000001,4.299999999999997,4.0,3.3000000000000007,-2.799999999999997,-0.3999999999999986,1.1999999999999993,-3.224100000000007,-6.1090599999999995
2026,Missouri,Northern Iowa,Missouri,0.6398800443113345,0.3601199556886655,10.176000000000002,4.4803,1.0999999999999943,4.199999999999996,3.4000000000000004,-1.5,13.5,5.099999999999998,4.192799999999998,6.43046
2026,Missouri,South Florida,Missouri,0.591039583167421,0.408960416832579,3.1709999999999923,1.6670000000000016,4.399999999999999,3.0,2.8000000000000007,-2.1999999999999993,-2.700000000000003,-0.40000000000000213,-5.021799999999999,1.4087779999999999
2026,Missouri,North Dakota St.,Missouri,0.9057069978391301,0.09429300216086989,8.519999999999996,-2.9769999999999897,1.8999999999999986,-0.10000000000000142,2.4000000000000004,-2.099999999999998,1.8999999999999986,5.699999999999999,0.022800000000003706,4.50714
2026,Missouri,UCLA,UCLA,0.2845095056169081,0.715490494383092,-4.609999999999999,1.2650000000000006,1.3999999999999986,1.0,4.6,-1.5,4.399999999999999,-1.0,1.691999999999993,-2.462
2026,Missouri,UCF,Missouri,0.7110605931585738,0.28893940684142616,-0.05200000000000671,-2.640999999999991,2.5,-1.0,2.3000000000000007,0.8000000000000007,1.1000000000000014,2.8999999999999986,-2.7364000000000033,-0.9674900000000002
2026,Missouri,Prairie View A&M,Missouri,0.9751316060714794,0.024868393928520582,18.492000000000004,-8.310999999999993,7.399999999999999,1.0,2.0,-2.5,8.399999999999999,-3.3999999999999986,-4.4893,13.71137
2026,Missouri,Vanderbilt,Vanderbilt,0.21336305672498398,0.786636943275016,-7.528000000000006,3.6891999999999996,0.0,2.6000000000000014,4.699999999999999,-1.2999999999999972,4.300000000000001,-0.20000000000000284,-2.602100000000007,-6.1472999999999995
2026,Missouri,Nebraska,Nebraska,0.37263006426774004,0.62736993573226,2.7390000000000043,9.553700000000006,-0.10000000000000142,3.6000000000000014,3.5999999999999996,-2.599999999999998,9.2,3.6999999999999993,-0.44119999999999493,-6.3034
2026,Missouri,Troy,Missouri,0.9094484401271199,0.0905515598728801,9.262,-5.968999999999994,3.3999999999999986,1.2999999999999972,1.0,-0.29999999999999716,0.7000000000000028,-0.20000000000000284,1.2955999999999932,7.303649999999999
2026,Missouri,North Carolina,North Carolina,0.4377708597618344,0.5622291402381656,-1.4669999999999987,3.0430000000000064,0.6999999999999957,3.1999999999999957,4.0,3.0000000000000018,4.100000000000001,3.299999999999997,-1.6059000000000054,-3.76901
2026,Missouri,VCU,Missouri,0.6314888210900981,0.3685111789099019,0.6619999999999919,0.007000000000005002,1.1999999999999957,2.5,2.8000000000000007,-0.5999999999999979,3.200000000000003,1.5,-2.3012999999999977,-0.5587600000000001
2026,Missouri,Penn,Missouri,0.8997791199030181,0.10022088009698193,13.387999999999991,-2.343999999999994,5.0,-0.30000000000000426,2.5999999999999996,-1.1999999999999993,5.199999999999999,0.8999999999999986,-2.644599999999997,7.15898
2026,Missouri,Saint Mary's,Saint Mary's,0.49212406597273217,0.5078759340272678,0.5810000000000031,5.501900000000006,2.3999999999999986,4.699999999999996,1.6000000000000014,1.4000000000000021,-2.1000000000000014,7.599999999999998,1.0776000000000039,-2.8559699999999997
2026,Missouri,Texas A&M,Texas A&M,0.43606576545564485,0.5639342345443552,0.08799999999999386,1.6200000000000045,1.0999999999999943,0.6000000000000014,3.4000000000000004,-1.6999999999999993,3.200000000000003,-1.1000000000000014,-4.636200000000002,-0.44221
2026,Missouri,Villanova,Villanova,0.4328103081286147,0.5671896918713852,0.34900000000000375,2.5060000000000002,1.5999999999999943,0.10000000000000142,2.9000000000000004,-2.099999999999998,3.1000000000000014,-0.3000000000000007,1.4333000000000027,-2.7895600000000003
2026,Missouri,Utah St.,Utah St.,0.45599743074281734,0.5440025692571826,-3.0799999999999983,0.9580000000000126,-1.3000000000000043,1.7999999999999972,2.5999999999999996,-4.0,2.3999999999999986,-0.8000000000000043,-1.1740000000000066,-2.8394600000000003
2026,Missouri,Wisconsin,Wisconsin,0.2638593209306817,0.7361406790693183,-7.2379999999999995,1.4040000000000106,0.7999999999999972,0.10000000000000142,5.199999999999999,2.200000000000001,6.100000000000001,3.1999999999999993,-2.314300000000003,-4.2239
2026,Missouri,Texas,Missouri,0.5435551798576963,0.4564448201423037,-4.082000000000008,-3.346999999999994,1.0999999999999943,0.19999999999999574,2.6999999999999993,3.200000000000001,-0.20000000000000284,4.5,-0.7189999999999941,1.3634309999999998
2026,Missouri,Purdue,Purdue,0.12740044483533358,0.8725995551646664,-13.366000000000014,2.794000000000011,-2.3000000000000043,-0.8999999999999986,4.5,1.0000000000000018,-0.7999999999999972,5.0,1.9432999999999936,-8.03623
2026,Missouri,Queens,Missouri,0.9560698669947113,0.043930133005288696,5.266999999999996,-14.063999999999993,-1.3000000000000043,-2.6000000000000014,3.1999999999999993,1.6000000000000014,5.100000000000001,-1.6000000000000014,-3.1225000000000023,8.11994
2026,Missouri,Saint Louis,Missouri,0.730066530540775,0.26993346945922503,0.4380000000000024,0.7970000000000113,-4.400000000000006,6.600000000000001,0.6000000000000014,0.5,4.399999999999999,4.399999999999999,-4.634200000000007,-0.71844
2026,Missouri,Texas Tech,Texas Tech,0.16957523487441203,0.8304247651255879,-6.358000000000004,4.2363,-0.9000000000000057,2.0,2.0999999999999996,1.9000000000000021,2.200000000000003,1.2999999999999972,-0.028499999999993975,-3.9036899999999997
2026,Missouri,Tennessee,Tennessee,0.22147758110786614,0.7785224188921338,-1.5460000000000065,7.531600000000012,3.6999999999999957,3.6999999999999957,0.8999999999999986,0.3000000000000007,-9.600000000000001,3.5,1.1548999999999978,-2.9633
2026,Missouri,Virginia,Virginia,0.2956423872072436,0.7043576127927564,-2.311000000000007,7.20920000000001,0.6999999999999957,6.100000000000001,2.0,1.0000000000000018,-2.3999999999999986,2.1999999999999993,0.8020999999999958,-6.610200000000001
2026,Missouri,Wright St.,Missouri,0.8848870167027775,0.11511298329722253,7.584000000000003,-5.972999999999999,0.8999999999999986,-0.7000000000000028,1.6999999999999993,0.10000000000000142,2.299999999999997,2.1999999999999993,-0.5972000000000008,7.721220000000001
2026,Missouri,Santa Clara,Santa Clara,0.38103766559810337,0.6189623344018966,-5.060000000000002,-0.7009999999999934,0.6999999999999957,-0.3999999999999986,2.4000000000000004,-3.5,-1.2000000000000028,-0.8999999999999986,-2.8777000000000044,-0.9887000000000001
2026,Missouri,Tennessee St.,Missouri,0.980549370165018,0.019450629834982025,12.152999999999992,-8.809999999999988,5.199999999999996,0.19999999999999574,1.5,-3.3999999999999986,0.6000000000000014,1.5,-3.7569000000000017,6.808439999999999
2026,Purdue,Siena,Purdue,0.9929113465479008,0.007088653452099192,26.107000000000014,-8.65400000000001,7.0,3.6999999999999957,-2.5,-1.5000000000000018,4.399999999999999,-2.6000000000000014,-0.1939999999999884,16.96744
2026,Purdue,TCU,Purdue,0.9201958307946938,0.0798041692053062,18.460000000000008,0.6126000000000005,6.700000000000003,1.2999999999999972,-2.0,-4.1,1.8999999999999986,-2.8000000000000007,-3.143199999999993,6.815250000000001
2026,Purdue,St. John's,Purdue,0.7283512132411717,0.2716487867588283,13.509000000000015,6.1617999999999995,6.600000000000001,4.899999999999999,-1.1999999999999993,-3.799999999999999,0.3999999999999986,-3.8000000000000007,-5.167400000000001,1.9271700000000003
2026,Purdue,South Florida,Purdue,0.9082461627192399,0.09175383728076014,16.537000000000006,-1.1270000000000095,6.700000000000003,3.8999999999999986,-1.6999999999999993,-3.200000000000001,-1.9000000000000057,-5.400000000000002,-6.9650999999999925,9.445008
2026,Purdue,UCLA,Purdue,0.7314398086689651,0.2685601913310349,8.756000000000014,-1.5290000000000106,3.700000000000003,1.8999999999999986,0.09999999999999964,-2.5000000000000018,5.199999999999996,-6.0,-0.2513000000000005,5.57423
2026,Purdue,UCF,Purdue,0.9439951198246839,0.05600488017531613,13.314000000000007,-5.435000000000002,4.800000000000004,-0.10000000000000142,-2.1999999999999993,-0.20000000000000107,1.8999999999999986,-2.1000000000000014,-4.679699999999997,7.06874
2026,Purdue,Vanderbilt,Purdue,0.6500752281153351,0.34992477188466486,5.838000000000008,0.8951999999999884,2.3000000000000043,3.5,0.1999999999999993,-2.299999999999999,5.099999999999998,-5.200000000000003,-4.545400000000001,1.8889300000000002
2026,Purdue,Troy,Purdue,0.9856713282238144,0.014328671776185575,22.628000000000014,-8.763000000000005,5.700000000000003,2.1999999999999957,-3.5,-1.299999999999999,1.5,-5.200000000000003,-0.6477000000000004,15.33988
2026,Purdue,VCU,Purdue,0.9214888994787892,0.0785111005212108,14.028000000000006,-2.787000000000006,3.5,3.3999999999999986,-1.6999999999999993,-1.5999999999999996,4.0,-3.5,-4.244599999999991,7.47747
2026,Purdue,Saint Mary's,Purdue,0.8690556995585423,0.13094430044145766,13.947000000000017,2.707899999999995,4.700000000000003,5.599999999999994,-2.8999999999999986,0.40000000000000036,-1.3000000000000043,2.599999999999998,-0.8656999999999897,5.1802600000000005
2026,Purdue,Texas A&M,Purdue,0.8411750254160826,0.15882497458391742,13.454000000000008,-1.1740000000000066,3.3999999999999986,1.5,-1.0999999999999996,-2.700000000000001,4.0,-6.100000000000001,-6.579499999999996,7.59402
2026,Purdue,Villanova,Purdue,0.8393968602991914,0.16060313970080864,13.715000000000018,-0.2880000000000109,3.8999999999999986,1.0,-1.5999999999999996,-3.0999999999999996,3.8999999999999986,-5.300000000000001,-0.5099999999999909,5.24667
2026,Purdue,Utah St.,Purdue,0.8516592763135443,0.14834072368645568,10.286000000000016,-1.8359999999999985,1.0,2.6999999999999957,-1.9000000000000004,-5.000000000000002,3.1999999999999957,-5.800000000000004,-3.1173,5.19677
2026,Purdue,Wisconsin,Purdue,0.710566373827327,0.289433626172673,6.128000000000014,-1.3900000000000006,3.1000000000000014,1.0,0.6999999999999993,1.1999999999999993,6.899999999999999,-1.8000000000000007,-4.2575999999999965,3.81233
2026,Purdue,Texas,Purdue,0.8907869698220673,0.10921303017793271,9.284000000000006,-6.141000000000005,3.3999999999999986,1.0999999999999943,-1.8000000000000007,2.1999999999999993,0.5999999999999943,-0.5,-2.6622999999999877,9.399661
2026,Purdue,Queens,Purdue,0.9933361519375553,0.006663848062444688,18.63300000000001,-16.858000000000004,1.0,-1.7000000000000028,-1.3000000000000007,0.5999999999999996,5.899999999999999,-6.600000000000001,-5.065799999999996,16.15617
2026,Purdue,Saint Louis,Purdue,0.9487826628597419,0.05121733714025811,13.804000000000016,-1.9969999999999999,-2.1000000000000014,7.5,-3.8999999999999986,-0.5000000000000018,5.199999999999996,-0.6000000000000014,-6.577500000000001,7.3177900000000005
2026,Purdue,Texas Tech,Purdue,0.5830972189013809,0.4169027810986191,7.00800000000001,1.4422999999999888,1.3999999999999986,2.8999999999999986,-2.4000000000000004,0.9000000000000004,3.0,-3.700000000000003,-1.9717999999999876,4.1325400000000005
2026,Purdue,Tennessee,Purdue,0.6608456744007368,0.3391543255992632,11.820000000000007,4.7376000000000005,6.0,4.599999999999994,-3.6000000000000014,-0.7000000000000011,-8.800000000000004,-1.5,-0.7883999999999958,5.07293
2026,Purdue,Virginia,Purdue,0.7419265258946061,0.25807347410539394,11.055000000000007,4.415199999999999,3.0,7.0,-2.5,0.0,-1.6000000000000014,-2.8000000000000007,-1.1411999999999978,1.42603
2026,Purdue,Wright St.,Purdue,0.9813610577055526,0.018638942294447403,20.950000000000017,-8.76700000000001,3.200000000000003,0.19999999999999574,-2.8000000000000007,-0.9000000000000004,3.0999999999999943,-2.8000000000000007,-2.5404999999999944,15.75745
2026,Purdue,Santa Clara,Purdue,0.8082990234648636,0.1917009765351364,8.306000000000012,-3.4950000000000045,3.0,0.5,-2.0999999999999996,-4.500000000000002,-0.4000000000000057,-5.899999999999999,-4.820999999999998,7.04753
2026,Purdue,Tennessee St.,Purdue,0.9971122193673079,0.0028877806326921274,25.519000000000005,-11.604,7.5,1.0999999999999943,-3.0,-4.4,1.3999999999999986,-3.5,-5.700199999999995,14.84467
2026,Queens,Siena,Siena,0.4844485071749224,0.5155514928250776,7.474000000000004,8.203999999999994,6.0,5.399999999999999,-1.1999999999999993,-2.1000000000000014,-1.5,4.0,4.8718000000000075,0.8112699999999995
2026,Queens,TCU,TCU,0.07180009899656116,0.9281999010034389,-0.17300000000000182,17.470600000000005,5.700000000000003,3.0,-0.6999999999999993,-4.699999999999999,-4.0,3.8000000000000007,1.9226000000000028,-9.34092
2026,Queens,St. John's,St. John's,0.017669311808635835,0.9823306881913642,-5.123999999999995,23.019800000000004,5.600000000000001,6.600000000000001,0.10000000000000142,-4.399999999999999,-5.5,2.8000000000000007,-0.1016000000000048,-14.229
2026,Queens,South Florida,South Florida,0.06227095796996002,0.9377290420300399,-2.0960000000000036,15.730999999999995,5.700000000000003,5.600000000000001,-0.3999999999999986,-3.8000000000000007,-7.800000000000004,1.1999999999999993,-1.8992999999999967,-6.711162
2026,Queens,UCLA,UCLA,0.017943301823201557,0.9820566981767984,-9.876999999999995,15.328999999999994,2.700000000000003,3.6000000000000014,1.4000000000000004,-3.1000000000000014,-0.7000000000000028,0.6000000000000014,4.814499999999995,-10.58194
2026,Queens,UCF,UCF,0.10158923052702898,0.898410769472971,-5.319000000000003,11.423000000000002,3.8000000000000043,1.6000000000000014,-0.8999999999999986,-0.8000000000000007,-4.0,4.5,0.386099999999999,-9.087430000000001
2026,Queens,Vanderbilt,Vanderbilt,0.012309450662114921,0.987690549337885,-12.795000000000002,17.753199999999993,1.3000000000000043,5.200000000000003,1.5,-2.8999999999999986,-0.8000000000000007,1.3999999999999986,0.5203999999999951,-14.267240000000001
2026,Queens,Troy,Troy,0.31576317380681324,0.6842368261931868,3.9950000000000045,8.094999999999999,4.700000000000003,3.8999999999999986,-2.1999999999999993,-1.8999999999999986,-4.399999999999999,1.3999999999999986,4.4180999999999955,-0.8162900000000004
2026,Queens,VCU,VCU,0.0729913933327042,0.9270086066672958,-4.605000000000004,14.070999999999998,2.5,5.100000000000001,-0.3999999999999986,-2.1999999999999993,-1.8999999999999986,3.1000000000000014,0.8212000000000046,-8.678700000000001
2026,Queens,Saint Mary's,Saint Mary's,0.04262570921718721,0.9573742907828128,-4.685999999999993,19.5659,3.700000000000003,7.299999999999997,-1.5999999999999979,-0.1999999999999993,-7.200000000000003,9.2,4.200100000000006,-10.975909999999999
2026,Queens,Texas A&M,Texas A&M,0.03431102509118901,0.965688974908811,-5.179000000000002,15.683999999999997,2.3999999999999986,3.200000000000003,0.20000000000000107,-3.3000000000000007,-1.8999999999999986,0.5,-1.5137,-8.56215
2026,Queens,Villanova,Villanova,0.03387471141259033,0.9661252885874096,-4.917999999999992,16.569999999999993,2.8999999999999986,2.700000000000003,-0.29999999999999893,-3.6999999999999993,-2.0,1.3000000000000007,4.555800000000005,-10.909500000000001
2026,Queens,Utah St.,Utah St.,0.03708697354480012,0.9629130264551999,-8.346999999999994,15.022000000000006,0.0,4.399999999999999,-0.5999999999999996,-5.600000000000001,-2.700000000000003,0.7999999999999972,1.9484999999999957,-10.9594
2026,Queens,Wisconsin,Wisconsin,0.016202800787897615,0.9837971992121024,-12.504999999999995,15.468000000000004,2.1000000000000014,2.700000000000003,2.0,0.5999999999999996,1.0,4.800000000000001,0.8081999999999994,-12.34384
2026,Queens,Texas,Texas,0.05187904679418355,0.9481209532058165,-9.349000000000004,10.716999999999999,2.3999999999999986,2.799999999999997,-0.5,1.5999999999999996,-5.300000000000004,6.100000000000001,2.403500000000008,-6.756509
2026,Queens,Saint Louis,Saint Louis,0.11053672907626304,0.889463270923737,-4.8289999999999935,14.861000000000004,-3.1000000000000014,9.200000000000003,-2.599999999999998,-1.1000000000000014,-0.7000000000000028,6.0,-1.5117000000000047,-8.83838
2026,Queens,Texas Tech,Texas Tech,0.00929563577592062,0.9907043642240794,-11.625,18.300299999999993,0.3999999999999986,4.600000000000001,-1.0999999999999996,0.3000000000000007,-2.8999999999999986,2.8999999999999986,3.0940000000000083,-12.02363
2026,Queens,Tennessee,Tennessee,0.01290301966994923,0.9870969803300508,-6.813000000000002,21.595600000000005,5.0,6.299999999999997,-2.3000000000000007,-1.3000000000000007,-14.700000000000003,5.100000000000001,4.2774,-11.08324
2026,Queens,Virginia,Virginia,0.018921267965648025,0.9810787320343519,-7.578000000000003,21.273200000000003,2.0,8.700000000000003,-1.1999999999999993,-0.5999999999999996,-7.5,3.8000000000000007,3.924599999999998,-14.73014
2026,Queens,Wright St.,Wright St.,0.2610179128505829,0.738982087149417,2.3170000000000073,8.090999999999994,2.200000000000003,1.8999999999999986,-1.5,-1.5,-2.8000000000000043,3.8000000000000007,2.5253000000000014,-0.39871999999999996
2026,Queens,Santa Clara,Santa Clara,0.027508221468783987,0.972491778531216,-10.326999999999998,13.363,2.0,2.200000000000003,-0.7999999999999989,-5.100000000000001,-6.300000000000004,0.7000000000000028,0.2447999999999979,-9.108640000000001
2026,Queens,Tennessee St.,Queens,0.6984658556784851,0.30153414432151493,6.885999999999996,5.254000000000005,6.5,2.799999999999997,-1.6999999999999993,-5.0,-4.5,3.1000000000000014,-0.6343999999999994,-1.3115000000000006
2026,Michigan,Siena,Michigan,0.9930664012768629,0.0069335987231371465,20.445999999999998,-17.867900000000006,7.5,-3.8999999999999986,0.6999999999999993,-1.6000000000000014,3.5,-1.3000000000000007,6.58550000000001,21.77344
2026,Michigan,Ohio St.,Michigan,0.7249186518490617,0.2750813481509383,2.4410000000000025,-10.545900000000003,1.6000000000000014,-5.599999999999994,1.299999999999999,-0.3000000000000007,4.599999999999998,-2.3000000000000007,5.054400000000001,11.104489999999998
2026,Michigan,TCU,Michigan,0.9218161959574848,0.07818380404251524,12.798999999999992,-8.601299999999995,7.200000000000003,-6.299999999999997,1.1999999999999993,-4.199999999999999,1.0,-1.5,3.6363000000000056,11.62125
2026,Michigan,St. John's,Michigan,0.7327354901820342,0.2672645098179658,7.847999999999999,-3.052099999999996,7.100000000000001,-2.6999999999999957,2.0,-3.8999999999999986,-0.5,-2.5,1.612099999999998,6.733169999999999
2026,Michigan,Northern Iowa,Michigan,0.9256186876446161,0.07438131235538392,17.881,-7.527600000000007,3.8999999999999986,-2.5,2.0999999999999996,-2.6000000000000014,13.399999999999999,1.3999999999999986,9.029000000000003,19.272689999999997
2026,Michigan,South Florida,Michigan,0.910085449245213,0.08991455075478705,10.87599999999999,-10.340900000000005,7.200000000000003,-3.6999999999999957,1.5,-3.3000000000000007,-2.8000000000000043,-4.100000000000001,-0.18559999999999377,14.251007999999999
2026,Michigan,Michigan St.,Michigan,0.7877052822105972,0.2122947177894028,4.731999999999999,-5.1444000000000045,4.5,-3.8999999999999986,-0.40000000000000213,0.6999999999999993,-3.1000000000000014,5.099999999999998,5.235100000000003,6.550389999999999
2026,Michigan,North Dakota St.,Michigan,0.9853524017368926,0.014647598263107353,16.224999999999994,-14.984899999999996,4.700000000000003,-6.799999999999997,1.0999999999999996,-3.1999999999999993,1.7999999999999972,2.0,4.859000000000009,17.34937
2026,Michigan,UCLA,Michigan,0.7357923195982815,0.2642076804017185,3.094999999999999,-10.742900000000006,4.200000000000003,-5.699999999999996,3.299999999999999,-2.6000000000000014,4.299999999999997,-4.699999999999999,6.528199999999998,10.38023
2026,Michigan,UCF,Michigan,0.9451610557214558,0.05483894427854419,7.652999999999992,-14.648899999999998,5.300000000000004,-7.699999999999996,1.0,-0.3000000000000007,1.0,-0.8000000000000007,2.099800000000002,11.87474
2026,Michigan,Prairie View A&M,Michigan,0.9963718181950753,0.003628181804924746,26.197000000000003,-20.3189,10.200000000000003,-5.699999999999996,0.6999999999999993,-3.6000000000000014,8.299999999999997,-7.099999999999998,0.3469000000000051,26.5536
2026,Michigan,Vanderbilt,Michigan,0.65512464945285,0.34487535054715,0.1769999999999925,-8.318700000000007,2.8000000000000043,-4.099999999999994,3.3999999999999986,-2.3999999999999986,4.199999999999999,-3.900000000000002,2.234099999999998,6.694929999999999
2026,Michigan,Nebraska,Michigan,0.8061935482389141,0.1938064517610859,10.444000000000003,-2.4542,2.700000000000003,-3.0999999999999943,2.299999999999999,-3.6999999999999993,9.099999999999998,0.0,4.39500000000001,6.538829999999999
2026,Michigan,Troy,Michigan,0.9859825128475004,0.01401748715249962,16.967,-17.9769,6.200000000000003,-5.399999999999999,-0.3000000000000007,-1.3999999999999986,0.6000000000000014,-3.900000000000002,6.131799999999998,20.14588
2026,Michigan,North Carolina,Michigan,0.8450378104865953,0.15496218951340468,6.2379999999999995,-8.9649,3.5,-3.5,2.6999999999999993,1.9000000000000004,4.0,-0.40000000000000213,3.2302999999999997,9.07322
2026,Michigan,VCU,Michigan,0.9230852043446425,0.07691479565535753,8.36699999999999,-12.000900000000001,4.0,-4.199999999999996,1.5,-1.6999999999999993,3.1000000000000014,-2.1999999999999993,2.5349000000000075,12.28347
2026,Michigan,Penn,Michigan,0.984345011719085,0.01565498828091505,21.09299999999999,-14.3519,7.800000000000004,-7.0,1.299999999999999,-2.3000000000000007,5.099999999999998,-2.8000000000000007,2.191600000000008,20.00121
2026,Michigan,Saint Mary's,Michigan,0.8715695046909069,0.12843049530909312,8.286000000000001,-6.506,5.200000000000003,-2.0,0.3000000000000007,0.3000000000000007,-2.200000000000003,3.8999999999999986,5.913800000000009,9.98626
2026,Michigan,Texas A&M,Michigan,0.8441280707870097,0.1558719292129903,7.792999999999992,-10.387900000000002,3.8999999999999986,-6.099999999999994,2.0999999999999996,-2.8000000000000007,3.1000000000000014,-4.800000000000001,0.20000000000000284,12.40002
2026,Michigan,Villanova,Michigan,0.8423767720079173,0.15762322799208273,8.054000000000002,-9.501900000000006,4.399999999999999,-6.599999999999994,1.5999999999999996,-3.1999999999999993,3.0,-4.0,6.269500000000008,10.052669999999999
2026,Michigan,Utah St.,Michigan,0.854451116778233,0.14554888322176696,4.625,-11.049899999999994,1.5,-4.899999999999999,1.299999999999999,-5.100000000000001,2.299999999999997,-4.5000000000000036,3.6621999999999986,10.002769999999998
2026,Michigan,Wisconsin,Michigan,0.7151254220428093,0.28487457795719073,0.46699999999999875,-10.603899999999996,3.6000000000000014,-6.599999999999994,3.8999999999999986,1.0999999999999996,6.0,-0.5,2.5219000000000023,8.61833
2026,Michigan,Texas,Michigan,0.8929349846655811,0.10706501533441892,3.6229999999999905,-15.3549,3.8999999999999986,-6.5,1.3999999999999986,2.0999999999999996,-0.30000000000000426,0.8000000000000007,4.117200000000011,14.205661
2026,Michigan,Missouri,Michigan,0.8750551082720067,0.12494489172799328,7.704999999999998,-12.007900000000006,2.8000000000000043,-6.699999999999996,-1.3000000000000007,-1.1000000000000014,-0.10000000000000142,-3.6999999999999993,4.836200000000005,12.842229999999999
2026,Michigan,Purdue,Michigan,0.5055679136320337,0.4944320863679663,-5.661000000000016,-9.213899999999995,0.5,-7.599999999999994,3.1999999999999993,-0.09999999999999964,-0.8999999999999986,1.3000000000000007,6.779499999999999,4.805999999999999
2026,Michigan,Queens,Michigan,0.9934819756200122,0.00651802437998783,12.971999999999994,-26.0719,1.5,-9.299999999999997,1.8999999999999986,0.5,5.0,-5.300000000000001,1.7137000000000029,20.96217
2026,Michigan,Saint Louis,Michigan,0.9498542239512445,0.050145776048755475,8.143,-11.210899999999995,-1.6000000000000014,-0.09999999999999432,-0.6999999999999993,-0.6000000000000014,4.299999999999997,0.6999999999999993,0.20199999999999818,12.12379
2026,Michigan,Texas Tech,Michigan,0.5885013419889603,0.4114986580110397,1.3469999999999942,-7.7716000000000065,1.8999999999999986,-4.699999999999996,0.7999999999999989,0.8000000000000007,2.1000000000000014,-2.400000000000002,4.807700000000011,8.93854
2026,Michigan,Tennessee,Michigan,0.6658195726948068,0.33418042730519315,6.158999999999992,-4.476299999999995,6.5,-3.0,-0.40000000000000213,-0.8000000000000007,-9.700000000000003,-0.1999999999999993,5.991100000000003,9.87893
2026,Michigan,Virginia,Michigan,0.7461680604141931,0.25383193958580685,5.393999999999991,-4.798699999999997,3.5,-0.5999999999999943,0.6999999999999993,-0.09999999999999964,-2.5,-1.5,5.638300000000001,6.232029999999999
2026,Michigan,Wright St.,Michigan,0.9817641192846567,0.018235880715343322,15.289000000000001,-17.980900000000005,3.700000000000003,-7.399999999999999,0.3999999999999986,-1.0,2.1999999999999957,-1.5,4.239000000000004,20.56345
2026,Michigan,Santa Clara,Michigan,0.8117265201449555,0.1882734798550445,2.644999999999996,-12.7089,3.5,-7.099999999999994,1.0999999999999996,-4.600000000000001,-1.3000000000000043,-4.599999999999998,1.9585000000000008,11.85353
2026,Michigan,Tennessee St.,Michigan,0.99717564705009,0.002824352949910014,19.85799999999999,-20.817899999999995,8.0,-6.5,0.1999999999999993,-4.5,0.5,-2.1999999999999993,1.0793000000000035,19.650669999999998
2026,Howard,Siena,Siena,0.4127858233655859,0.5872141766344141,-3.7240000000000038,-2.676000000000002,0.0,-1.2000000000000028,3.8000000000000007,4.199999999999999,4.700000000000003,3.0,4.417500000000004,0.9077799999999998
2026,Howard,Ohio St.,Ohio St.,0.012768961799983148,0.9872310382000169,-21.729,4.646000000000001,-5.899999999999999,-2.8999999999999986,4.4,5.5,5.800000000000001,2.0,2.8863999999999947,-9.76117
2026,Howard,TCU,TCU,0.054702205698530425,0.9452977943014695,-11.37100000000001,6.590600000000009,-0.29999999999999716,-3.6000000000000014,4.300000000000001,1.6000000000000014,2.200000000000003,2.8000000000000007,1.4682999999999993,-9.24441
2026,Howard,St. John's,St. John's,0.013277298273105378,0.9867227017268946,-16.322000000000003,12.139800000000008,-0.3999999999999986,0.0,5.100000000000001,1.9000000000000021,0.7000000000000028,1.8000000000000007,-0.5559000000000083,-14.13249
2026,Howard,Northern Iowa,Northern Iowa,0.05756123155982752,0.9424387684401725,-6.2890000000000015,7.664299999999997,-3.6000000000000014,0.19999999999999574,5.200000000000001,3.1999999999999993,14.600000000000001,5.699999999999999,6.860999999999997,-1.5929700000000002
2026,Howard,Kansas,Kansas,0.01527805818174234,0.9847219418182577,-14.337000000000003,11.8716,-1.0,2.1999999999999957,4.300000000000001,7.300000000000001,7.100000000000001,1.8999999999999986,1.4381999999999948,-13.13796
2026,Howard,Louisville,Louisville,0.013341982582499877,0.9866580174175001,-20.55300000000001,8.06410000000001,-5.799999999999997,-1.3999999999999986,3.400000000000002,4.600000000000001,3.700000000000003,5.100000000000001,-0.6644000000000005,-10.86914
2026,Howard,South Florida,South Florida,0.04732655667927532,0.9526734433207247,-13.294000000000011,4.850999999999999,-0.29999999999999716,-1.0,4.600000000000001,2.5,-1.6000000000000014,0.1999999999999993,-2.3536,-6.6146519999999995
2026,Howard,Michigan St.,Michigan St.,0.017885267983430996,0.982114732016569,-19.438000000000002,10.0475,-3.0,-1.2000000000000028,2.6999999999999993,6.5,-1.8999999999999986,9.399999999999999,3.0670999999999964,-14.31527
2026,Howard,North Dakota St.,North Dakota St.,0.2482147633739607,0.7517852366260394,-7.945000000000007,0.20700000000000784,-2.799999999999997,-4.100000000000001,4.200000000000001,2.6000000000000014,3.0,6.300000000000001,2.6910000000000025,-3.5162899999999997
2026,Howard,UCLA,UCLA,0.01348411817683067,0.9865158818231693,-21.075000000000003,4.448999999999998,-3.299999999999997,-3.0,6.4,3.1999999999999993,5.5,-0.3999999999999986,4.360199999999992,-10.485430000000001
2026,Howard,UCF,UCF,0.07799365942311298,0.922006340576887,-16.51700000000001,0.5430000000000064,-2.1999999999999957,-5.0,4.100000000000001,5.5,2.200000000000003,3.5,-0.06820000000000448,-8.99092
2026,Howard,Prairie View A&M,Howard,0.5740781239102726,0.4259218760897274,2.027000000000001,-5.126999999999995,2.700000000000003,-3.0,3.8000000000000007,2.1999999999999993,9.5,-2.799999999999997,-1.8211000000000013,5.68794
2026,Howard,Iowa,Iowa,0.01644237556143339,0.9835576244385666,-18.646,6.029000000000011,-6.0,-5.300000000000004,4.600000000000001,0.3000000000000007,6.5,4.0,6.020800000000001,-8.81885
2026,Howard,Vanderbilt,Vanderbilt,0.00923719551380656,0.9907628044861935,-23.99300000000001,6.873199999999997,-4.699999999999996,-1.3999999999999986,6.5,3.400000000000002,5.400000000000002,0.3999999999999986,0.06609999999999161,-14.170729999999999
2026,Howard,McNeese St.,McNeese St.,0.09498529346403878,0.9050147065359613,-9.675000000000011,4.106000000000009,-0.3999999999999986,-1.5,5.5,-3.3000000000000007,1.6000000000000014,-3.0,2.9117999999999995,-7.57319
2026,Howard,Nebraska,Nebraska,0.020007936622681157,0.9799920633773188,-13.725999999999999,12.737700000000004,-4.799999999999997,-0.3999999999999986,5.4,2.1000000000000014,10.3,4.300000000000001,2.227000000000004,-14.326830000000001
2026,Howard,Troy,Troy,0.25663233204813984,0.7433676679518602,-7.203000000000003,-2.7849999999999966,-1.2999999999999972,-2.700000000000003,2.8000000000000007,4.400000000000002,1.8000000000000043,0.3999999999999986,3.963799999999992,-0.7197800000000001
2026,Howard,North Carolina,North Carolina,0.02606682952069355,0.9739331704793065,-17.932000000000002,6.227000000000004,-4.0,-0.8000000000000043,5.800000000000001,7.700000000000001,5.200000000000003,3.8999999999999986,1.0622999999999934,-11.79244
2026,Howard,VCU,VCU,0.05562681605251538,0.9443731839474846,-15.803000000000011,3.1910000000000025,-3.5,-1.5,4.600000000000001,4.100000000000001,4.300000000000004,2.1000000000000014,0.3669000000000011,-8.58219
2026,Howard,Illinois,Illinois,0.003249760296982621,0.9967502397030173,-28.464,8.01830000000001,-4.5,-0.20000000000000284,6.600000000000001,9.700000000000001,-2.1000000000000014,5.0,3.3295999999999992,-13.43097
2026,Howard,Penn,Penn,0.23582758816337826,0.7641724118366218,-3.0770000000000124,0.8400000000000034,0.30000000000000426,-4.300000000000004,4.4,3.5,6.300000000000001,1.5,0.02360000000000184,-0.8644499999999997
2026,Howard,Saint Mary's,Saint Mary's,0.032233905490717855,0.9677660945092822,-15.884,8.685900000000004,-2.299999999999997,0.6999999999999957,3.400000000000002,6.100000000000001,-1.0,8.2,3.7458000000000027,-10.8794
2026,Howard,Texas A&M,Texas A&M,0.025891454126612985,0.974108545873387,-16.37700000000001,4.804000000000002,-3.6000000000000014,-3.3999999999999986,5.200000000000001,3.0,4.300000000000004,-0.5,-1.9680000000000035,-8.46564
2026,Howard,Idaho,Idaho,0.2299115327338573,0.7700884672661427,-5.346000000000004,0.0589999999999975,-1.2999999999999972,-2.8999999999999986,4.800000000000001,6.100000000000001,7.700000000000003,7.800000000000001,1.6236999999999995,1.9929200000000007
2026,Howard,LIU,Howard,0.6360326953101548,0.3639673046898452,-0.16200000000000614,-3.546999999999997,-2.6999999999999957,-2.3999999999999986,0.8000000000000007,2.400000000000002,2.3000000000000043,-0.6000000000000014,1.218999999999994,-1.0925099999999999
2026,Howard,Villanova,Villanova,0.02555937352320682,0.9744406264767932,-16.116,5.689999999999998,-3.1000000000000014,-3.8999999999999986,4.700000000000001,2.6000000000000014,4.200000000000003,0.3000000000000007,4.1015000000000015,-10.81299
2026,Howard,Utah St.,Utah St.,0.028005968698219603,0.9719940313017804,-19.545,4.14200000000001,-6.0,-2.200000000000003,4.4,0.6999999999999993,3.5,-0.20000000000000284,1.4941999999999922,-10.86289
2026,Howard,Wisconsin,Wisconsin,0.012170797588668415,0.9878292024113315,-23.703000000000003,4.588000000000008,-3.8999999999999986,-3.8999999999999986,7.0,6.9,7.200000000000003,3.8000000000000007,0.3538999999999959,-12.24733
2026,Howard,Texas,Texas,0.03932401440532208,0.9606759855946779,-20.54700000000001,-0.1629999999999967,-3.6000000000000014,-3.8000000000000043,4.5,7.9,0.8999999999999986,5.100000000000001,1.9492000000000047,-6.659999
2026,Howard,Kennesaw St.,Kennesaw St.,0.28933910714595473,0.7106608928540452,-7.326000000000008,-3.2779999999999916,-0.10000000000000142,-1.1000000000000014,3.1000000000000014,5.199999999999999,1.1000000000000014,0.6999999999999993,-2.2188000000000017,1.10834
2026,Howard,Miami FL,Miami FL,0.04205005005766965,0.9579499499423303,-17.607,4.783000000000001,-5.0,-4.300000000000004,3.6000000000000014,2.900000000000002,-0.3999999999999986,5.699999999999999,1.1182000000000016,-10.71948
2026,Howard,Missouri,Missouri,0.03323135964735028,0.9667686403526498,-16.465000000000003,3.1839999999999975,-4.699999999999996,-4.0,1.8000000000000007,4.699999999999999,1.1000000000000014,0.6000000000000014,2.668199999999999,-8.02343
2026,Howard,Purdue,Purdue,0.00499352719300156,0.9950064728069984,-29.831000000000017,5.978000000000009,-7.0,-4.899999999999999,6.300000000000001,5.700000000000001,0.30000000000000426,5.600000000000001,4.611499999999992,-16.05966
2026,Howard,Queens,Queens,0.42794640797598715,0.5720535920240128,-11.198000000000008,-10.879999999999995,-6.0,-6.600000000000001,5.0,6.300000000000001,6.200000000000003,-1.0,-0.4543000000000035,0.09651000000000032
2026,Howard,Michigan,Michigan,0.004884075098181322,0.9951159249018187,-24.17,15.191900000000004,-7.5,2.6999999999999957,3.1000000000000014,5.800000000000001,1.2000000000000028,4.300000000000001,-2.1680000000000064,-20.86566
2026,Howard,Saint Louis,Saint Louis,0.08505973026349817,0.9149402697365019,-16.027,3.9810000000000088,-9.100000000000001,2.6000000000000014,2.400000000000002,5.199999999999999,5.5,5.0,-1.9660000000000082,-8.74187
2026,Howard,Texas Tech,Texas Tech,0.006970275430384839,0.9930297245696151,-22.823000000000008,7.4202999999999975,-5.600000000000001,-2.0,3.9000000000000004,6.600000000000001,3.3000000000000043,1.8999999999999986,2.639700000000005,-11.927119999999999
2026,Howard,Tennessee,Tennessee,0.00968407109316214,0.9903159289068378,-18.01100000000001,10.71560000000001,-1.0,-0.30000000000000426,2.6999999999999993,5.0,-8.5,4.100000000000001,3.8230999999999966,-10.98673
2026,Howard,Miami OH,Miami OH,0.24779289425431716,0.7522071057456828,-13.198000000000008,-1.3599999999999994,-8.600000000000001,-3.3999999999999986,5.300000000000001,3.8000000000000007,11.3,3.8999999999999986,-0.8937999999999988,-9.32531
2026,Howard,Virginia,Virginia,0.014222564647198625,0.9857774353528014,-18.77600000000001,10.393200000000007,-4.0,2.1000000000000014,3.8000000000000007,5.700000000000001,-1.2999999999999972,2.8000000000000007,3.4702999999999946,-14.63363
2026,Howard,Wright St.,Wright St.,0.20900733437787522,0.7909926656221248,-8.881,-2.7890000000000015,-3.799999999999997,-4.700000000000003,3.5,4.800000000000001,3.3999999999999986,2.8000000000000007,2.070999999999998,-0.30220999999999965
2026,Howard,Kentucky,Kentucky,0.025810103174631963,0.974189896825368,-16.430000000000007,6.256900000000002,-2.5,-1.3999999999999986,4.800000000000001,5.5,2.8000000000000043,1.8999999999999986,0.7286000000000001,-10.16349
2026,Howard,Santa Clara,Santa Clara,0.020722166846394906,0.9792778331536051,-21.525000000000006,2.483000000000004,-4.0,-4.399999999999999,4.200000000000001,1.1999999999999993,-0.10000000000000142,-0.29999999999999716,-0.20950000000000557,-9.012129999999999
2026,Howard,Iowa St.,Iowa St.,0.005457948265930384,0.9945420517340696,-20.28200000000001,13.61,-5.899999999999999,-2.1000000000000014,4.700000000000001,-1.0999999999999979,1.3000000000000043,3.8999999999999986,2.086200000000005,-14.262920000000001
2026,Howard,Tennessee St.,Howard,0.6340818402749255,0.36591815972507447,-4.312000000000012,-5.625999999999991,0.5,-3.8000000000000043,3.3000000000000007,1.3000000000000007,1.7000000000000028,2.1000000000000014,-1.0887000000000029,-1.2149900000000002
2026,Georgia,Siena,Georgia,0.9617168100936304,0.038283189906369586,17.147999999999996,-4.143000000000001,4.0,1.5,-1.6999999999999993,1.2999999999999972,3.3000000000000043,5.899999999999999,7.395499999999998,10.37961
2026,Georgia,Ohio St.,Ohio St.,0.31610783624941585,0.6838921637505841,-0.8569999999999993,3.179000000000002,-1.8999999999999986,-0.19999999999999574,-1.0999999999999996,2.599999999999998,4.400000000000002,4.899999999999999,5.864399999999989,-0.28934000000000015
2026,Georgia,TCU,Georgia,0.6740529917941601,0.3259470082058399,9.50099999999999,5.12360000000001,3.700000000000003,-0.8999999999999986,-1.1999999999999993,-1.3000000000000007,0.8000000000000043,5.699999999999999,4.446299999999994,0.22741999999999996
2026,Georgia,St. John's,St. John's,0.3247201455618737,0.6752798544381263,4.549999999999997,10.67280000000001,3.6000000000000014,2.700000000000003,-0.3999999999999986,-1.0,-0.6999999999999957,4.699999999999999,2.422099999999986,-4.66066
2026,Georgia,Northern Iowa,Georgia,0.6857982545360807,0.3142017454639193,14.582999999999998,6.1972999999999985,0.3999999999999986,2.8999999999999986,-0.29999999999999893,0.29999999999999716,13.200000000000003,8.599999999999998,9.838999999999992,7.8788599999999995
2026,Georgia,Kansas,Kansas,0.3566872318754971,0.6433127681245029,6.534999999999997,10.404600000000002,3.0,4.899999999999999,-1.1999999999999993,4.399999999999999,5.700000000000003,4.799999999999997,4.416199999999989,-3.66613
2026,Georgia,Louisville,Louisville,0.3258011309844384,0.6741988690155616,0.3189999999999884,6.597100000000012,-1.7999999999999972,1.3000000000000043,-2.099999999999998,1.6999999999999993,2.3000000000000043,8.0,2.313599999999994,-1.39731
2026,Georgia,South Florida,Georgia,0.6396785633427758,0.36032143665722416,7.577999999999989,3.3840000000000003,3.700000000000003,1.7000000000000028,-0.8999999999999986,-0.40000000000000213,-3.0,3.099999999999998,0.6243999999999943,2.8571779999999998
2026,Georgia,Michigan St.,Michigan St.,0.3942311908204891,0.6057688091795109,1.4339999999999975,8.5805,1.0,1.5,-2.8000000000000007,3.599999999999998,-3.299999999999997,12.299999999999997,6.045099999999991,-4.84344
2026,Georgia,North Dakota St.,Georgia,0.9218688069126156,0.07813119308738437,12.926999999999992,-1.259999999999991,1.2000000000000028,-1.3999999999999986,-1.299999999999999,-0.3000000000000007,1.6000000000000014,9.2,5.668999999999997,5.95554
2026,Georgia,UCLA,UCLA,0.32816483839270066,0.6718351616072993,-0.20300000000000296,2.9819999999999993,0.7000000000000028,-0.29999999999999716,0.9000000000000004,0.29999999999999716,4.100000000000001,2.5,7.338199999999986,-1.0136000000000003
2026,Georgia,UCF,Georgia,0.7514284604510151,0.24857153954898492,4.35499999999999,-0.9239999999999924,1.8000000000000043,-2.299999999999997,-1.3999999999999986,2.599999999999998,0.8000000000000043,6.399999999999999,2.90979999999999,0.4809099999999997
2026,Georgia,Prairie View A&M,Georgia,0.979661260405225,0.020338739594774946,22.899,-6.593999999999994,6.700000000000003,-0.29999999999999716,-1.6999999999999993,-0.7000000000000028,8.100000000000001,0.10000000000000142,1.1568999999999932,15.15977
2026,Georgia,Iowa,Iowa,0.3739883197180508,0.6260116802819492,2.225999999999999,4.562000000000012,-2.0,-2.6000000000000014,-0.8999999999999986,-2.6000000000000014,5.100000000000001,6.899999999999999,8.998799999999996,0.6529799999999999
2026,Georgia,Vanderbilt,Vanderbilt,0.2499147613822699,0.7500852386177301,-3.1210000000000093,5.406199999999998,-0.6999999999999957,1.3000000000000043,1.0,0.5,4.0000000000000036,3.299999999999997,3.044099999999986,-4.6989
2026,Georgia,McNeese St.,Georgia,0.7895044181981737,0.21049558180182626,11.196999999999989,2.63900000000001,3.6000000000000014,1.2000000000000028,0.0,-6.200000000000003,0.20000000000000284,-0.10000000000000142,5.889799999999994,1.8986399999999999
2026,Georgia,Nebraska,Nebraska,0.42183487601330744,0.5781651239866925,7.146000000000001,11.270700000000005,-0.7999999999999972,2.3000000000000043,-0.09999999999999964,-0.8000000000000007,8.900000000000002,7.199999999999999,5.204999999999998,-4.855
2026,Georgia,Troy,Georgia,0.9250220543274376,0.07497794567256244,13.668999999999997,-4.251999999999995,2.700000000000003,0.0,-2.6999999999999993,1.5,0.4000000000000057,3.299999999999997,6.941799999999986,8.75205
2026,Georgia,North Carolina,North Carolina,0.48887453777930756,0.5111254622206924,2.9399999999999977,4.760000000000005,0.0,1.8999999999999986,0.3000000000000007,4.799999999999999,3.8000000000000043,6.799999999999997,4.040299999999988,-2.3206100000000003
2026,Georgia,VCU,Georgia,0.6779384583559571,0.3220615416440429,5.068999999999988,1.7240000000000038,0.5,1.2000000000000028,-0.8999999999999986,1.1999999999999993,2.9000000000000057,5.0,3.3448999999999955,0.8896399999999998
2026,Georgia,Illinois,Illinois,0.10435467092075863,0.8956453290792413,-7.591999999999999,6.551300000000012,-0.5,2.5,1.1000000000000014,6.799999999999999,-3.5,7.899999999999999,6.307599999999994,-3.9591400000000005
2026,Georgia,Penn,Georgia,0.9168637028160529,0.0831362971839471,17.794999999999987,-0.6269999999999953,4.300000000000004,-1.6000000000000014,-1.0999999999999996,0.5999999999999979,4.900000000000002,4.399999999999999,3.0015999999999963,8.60738
2026,Georgia,Saint Mary's,Georgia,0.543439789412161,0.456560210587839,4.9879999999999995,7.218900000000005,1.7000000000000028,3.3999999999999986,-2.099999999999998,3.1999999999999993,-2.3999999999999986,11.099999999999998,6.723799999999997,-1.4075699999999998
2026,Georgia,Texas A&M,Texas A&M,0.4871428606594029,0.5128571393405972,4.49499999999999,3.3370000000000033,0.3999999999999986,-0.6999999999999957,-0.29999999999999893,0.09999999999999787,2.9000000000000057,2.3999999999999986,1.009999999999991,1.00619
2026,Georgia,Houston,Houston,0.11646609669450673,0.8835339033054933,-0.9849999999999994,12.375700000000009,2.5,3.5,1.3000000000000007,-2.6000000000000014,-0.6999999999999957,4.0,8.70069999999999,-6.39575
2026,Georgia,Idaho,Georgia,0.9143041653047014,0.08569583469529862,15.525999999999996,-1.4080000000000013,2.700000000000003,-0.19999999999999574,-0.6999999999999993,3.1999999999999993,6.300000000000004,10.7,4.601699999999994,11.46475
2026,Georgia,LIU,Georgia,0.9842393970370658,0.015760602962934245,20.709999999999994,-5.013999999999996,1.3000000000000043,0.30000000000000426,-4.699999999999999,-0.5,0.9000000000000057,2.299999999999997,4.1969999999999885,8.37932
2026,Georgia,Villanova,Villanova,0.48383324121339366,0.5161667587866063,4.756,4.222999999999999,0.8999999999999986,-1.1999999999999957,-0.7999999999999989,-0.3000000000000007,2.8000000000000043,3.1999999999999993,7.079499999999996,-1.3411600000000004
2026,Georgia,Utah St.,Georgia,0.5073089486829407,0.49269105131705926,1.3269999999999982,2.6750000000000114,-2.0,0.5,-1.0999999999999996,-2.200000000000003,2.1000000000000014,2.6999999999999957,4.472199999999987,-1.3910600000000004
2026,Georgia,Wisconsin,Wisconsin,0.30569987948393373,0.6943001205160663,-2.831000000000003,3.1210000000000093,0.10000000000000142,-1.1999999999999957,1.5,3.9999999999999982,5.800000000000004,6.699999999999999,3.3318999999999903,-2.7755
2026,Georgia,High Point,Georgia,0.892658357460837,0.107341642539163,8.661000000000001,-2.7409999999999997,-0.10000000000000142,0.0,1.3000000000000007,-3.5,3.1000000000000014,3.1999999999999993,2.136799999999994,4.03406
2026,Georgia,Hawaii,Georgia,0.9366923062832162,0.0633076937167838,17.48299999999999,2.9270000000000067,2.6000000000000014,3.700000000000003,-4.599999999999998,1.5,3.8000000000000043,9.899999999999999,2.44489999999999,6.33857
2026,Georgia,Texas,Georgia,0.5939618771189555,0.40603812288104446,0.32499999999998863,-1.6299999999999955,0.3999999999999986,-1.1000000000000014,-1.0,4.999999999999998,-0.5,8.0,4.927199999999999,2.8118309999999997
2026,Georgia,Gonzaga,Gonzaga,0.4265970473842188,0.5734029526157812,4.042999999999992,10.748900000000006,-1.6999999999999957,3.8999999999999986,0.6000000000000014,-2.1000000000000014,0.4000000000000057,9.0,3.0934999999999917,-4.76474
2026,Georgia,Kennesaw St.,Georgia,0.9356902894579464,0.06430971054205359,13.545999999999992,-4.74499999999999,3.8999999999999986,1.6000000000000014,-2.3999999999999986,2.299999999999997,-0.29999999999999716,3.599999999999998,0.7591999999999928,10.580169999999999
2026,Georgia,Miami FL,Georgia,0.6106950893314791,0.3893049106685209,3.2650000000000006,3.3160000000000025,-1.0,-1.6000000000000014,-1.8999999999999986,0.0,-1.7999999999999972,8.599999999999998,4.096199999999996,-1.2476500000000001
2026,Georgia,Missouri,Georgia,0.5512455930427274,0.44875440695727264,4.4069999999999965,1.7169999999999987,-0.6999999999999957,-1.2999999999999972,-3.6999999999999993,1.7999999999999972,-0.29999999999999716,3.5,5.646199999999993,1.4484
2026,Georgia,Purdue,Purdue,0.15207261758416643,0.8479273824158335,-8.959000000000017,4.51100000000001,-3.0,-2.1999999999999957,0.8000000000000007,2.799999999999999,-1.0999999999999943,8.5,7.589499999999987,-6.58783
2026,Georgia,Queens,Georgia,0.9639431402350458,0.03605685976495421,9.673999999999992,-12.346999999999994,-2.0,-3.8999999999999986,-0.5,3.3999999999999986,4.800000000000004,1.8999999999999986,2.523699999999991,9.56834
2026,Georgia,Michigan,Michigan,0.14922284750516324,0.8507771524948368,-3.298000000000002,13.724900000000005,-3.5,5.399999999999999,-2.3999999999999986,2.8999999999999986,-0.19999999999999574,7.199999999999999,0.8099999999999881,-11.39383
2026,Georgia,Howard,Georgia,0.9727790449202107,0.027220955079789277,20.872,-1.4669999999999987,4.0,2.700000000000003,-5.5,-2.900000000000002,-1.3999999999999986,2.8999999999999986,2.9779999999999944,9.47183
2026,Georgia,Saint Louis,Georgia,0.7686430302506855,0.23135696974931452,4.844999999999999,2.51400000000001,-5.100000000000001,5.300000000000004,-3.099999999999998,2.299999999999997,4.100000000000001,7.899999999999999,1.0119999999999862,0.7299599999999999
2026,Georgia,Texas Tech,Texas Tech,0.20053788380708248,0.7994621161929175,-1.9510000000000076,5.953299999999999,-1.6000000000000014,0.7000000000000028,-1.5999999999999996,3.6999999999999993,1.9000000000000057,4.799999999999997,5.617699999999999,-2.4552899999999998
2026,Georgia,Hofstra,Georgia,0.8219615795833708,0.1780384204166292,11.182999999999993,-0.12899999999999068,3.1000000000000014,4.200000000000003,-1.8000000000000007,3.3999999999999986,0.30000000000000426,4.399999999999999,7.312099999999987,7.27002
2026,Georgia,Tennessee,Tennessee,0.258961774941778,0.7410382250582219,2.86099999999999,9.24860000000001,3.0,2.3999999999999986,-2.8000000000000007,2.099999999999998,-9.899999999999999,7.0,6.801099999999991,-1.5149
2026,Georgia,Miami OH,Georgia,0.9217057227321315,0.07829427726786853,7.673999999999992,-2.826999999999998,-4.600000000000001,-0.6999999999999957,-0.1999999999999993,0.8999999999999986,9.900000000000002,6.799999999999997,2.0841999999999956,0.14651999999999976
2026,Georgia,Virginia,Virginia,0.34019374275898784,0.6598062572410122,2.0959999999999894,8.926200000000009,0.0,4.800000000000004,-1.6999999999999993,2.799999999999999,-2.6999999999999957,5.699999999999999,6.448299999999989,-5.1618
2026,Georgia,Wright St.,Georgia,0.904240067881674,0.09575993211832601,11.991,-4.256,0.20000000000000284,-2.0,-2.0,1.8999999999999986,2.0,5.699999999999999,5.048999999999992,9.16962
2026,Georgia,Kentucky,Kentucky,0.4863358148177284,0.5136641851822716,4.441999999999993,4.789900000000003,1.5,1.3000000000000043,-0.6999999999999993,2.599999999999998,1.4000000000000057,4.799999999999997,3.7065999999999946,-0.6916600000000002
2026,Georgia,Santa Clara,Santa Clara,0.4305907002687712,0.5694092997312288,-0.6530000000000058,1.0160000000000053,0.0,-1.6999999999999957,-1.299999999999999,-1.7000000000000028,-1.5,2.6000000000000014,2.768499999999989,0.4596999999999998
2026,Georgia,Iowa St.,Iowa St.,0.16396197544304075,0.8360380245569592,0.5899999999999892,12.143,-1.8999999999999986,0.6000000000000014,-0.7999999999999989,-4.0,-0.09999999999999432,6.799999999999997,5.0642,-4.7910900000000005
2026,Georgia,Tennessee St.,Georgia,0.984108287878929,0.01589171212107099,16.559999999999988,-7.092999999999989,4.5,-1.1000000000000014,-2.1999999999999993,-1.6000000000000014,0.30000000000000426,5.0,1.8892999999999915,8.25684
2026,Saint Louis,Siena,Saint Louis,0.8831954312229081,0.11680456877709189,12.302999999999997,-6.657000000000011,9.100000000000001,-3.8000000000000043,1.3999999999999986,-1.0,-0.7999999999999972,-2.0,6.383500000000012,9.64965
2026,Saint Louis,TCU,TCU,0.3836484390940994,0.6163515609059006,4.655999999999992,2.6096000000000004,8.800000000000004,-6.200000000000003,1.8999999999999986,-3.599999999999998,-3.299999999999997,-2.1999999999999993,3.4343000000000075,-0.50254
2026,Saint Louis,St. John's,St. John's,0.12643786001893434,0.8735621399810657,-0.2950000000000017,8.1588,8.700000000000003,-2.6000000000000014,2.6999999999999993,-3.299999999999997,-4.799999999999997,-3.1999999999999993,1.4101,-5.39062
2026,Saint Louis,South Florida,South Florida,0.3482601939285326,0.6517398060714674,2.73299999999999,0.8699999999999903,8.800000000000004,-3.6000000000000014,2.1999999999999993,-2.6999999999999993,-7.100000000000001,-4.800000000000001,-0.38759999999999195,2.127218
2026,Saint Louis,UCLA,UCLA,0.12817839718567256,0.8718216028143274,-5.048000000000002,0.4679999999999893,5.800000000000004,-5.600000000000001,3.9999999999999982,-2.0,0.0,-5.399999999999999,6.3262,-1.7435600000000002
2026,Saint Louis,UCF,UCF,0.47641264564436636,0.5235873543556336,-0.4900000000000091,-3.4380000000000024,6.900000000000006,-7.600000000000001,1.6999999999999993,0.3000000000000007,-3.299999999999997,-1.5,1.8978000000000037,-0.24905000000000022
2026,Saint Louis,Vanderbilt,Vanderbilt,0.09114517841061581,0.9088548215893841,-7.966000000000008,2.8921999999999883,4.400000000000006,-4.0,4.099999999999998,-1.7999999999999972,-0.09999999999999787,-4.600000000000001,2.0321,-5.42886
2026,Saint Louis,Troy,Saint Louis,0.7878407404858112,0.2121592595141888,8.823999999999998,-6.766000000000005,7.800000000000004,-5.300000000000004,0.3999999999999986,-0.7999999999999972,-3.6999999999999957,-4.600000000000001,5.9298,8.02209
2026,Saint Louis,VCU,VCU,0.387851834599191,0.612148165400809,0.22399999999998954,-0.7900000000000063,5.600000000000001,-4.100000000000001,2.1999999999999993,-1.0999999999999979,-1.1999999999999957,-2.8999999999999986,2.3329000000000093,0.15967999999999982
2026,Saint Louis,Saint Mary's,Saint Mary's,0.26376972191988257,0.7362302780801174,0.14300000000000068,4.704899999999995,6.800000000000004,-1.9000000000000057,1.0,0.9000000000000021,-6.5,3.1999999999999993,5.711800000000011,-2.13753
2026,Saint Louis,Texas A&M,Texas A&M,0.22233601478472817,0.7776639852152718,-0.3500000000000085,0.8229999999999933,5.5,-6.0,2.799999999999999,-2.1999999999999993,-1.1999999999999957,-5.5,-0.001999999999995339,0.27623
2026,Saint Louis,Villanova,Villanova,0.22005353839323244,0.7799464616067675,-0.08899999999999864,1.708999999999989,6.0,-6.5,2.299999999999999,-2.599999999999998,-1.2999999999999972,-4.699999999999999,6.06750000000001,-2.0711200000000005
2026,Saint Louis,Utah St.,Utah St.,0.23659715446194263,0.7634028455380574,-3.5180000000000007,0.16100000000000136,3.1000000000000014,-4.800000000000004,1.9999999999999982,-4.5,-2.0,-5.200000000000003,3.4602000000000004,-2.1210200000000006
2026,Saint Louis,Wisconsin,Wisconsin,0.11701921335730223,0.8829807866426977,-7.676000000000002,0.6069999999999993,5.200000000000003,-6.5,4.599999999999998,1.700000000000001,1.7000000000000028,-1.1999999999999993,2.319900000000004,-3.5054600000000002
2026,Saint Louis,Texas,Texas,0.30570067449040067,0.6942993255095993,-4.52000000000001,-4.1440000000000055,5.5,-6.400000000000006,2.099999999999998,2.700000000000001,-4.600000000000001,0.10000000000000142,3.915200000000013,2.081871
2026,Saint Louis,Texas Tech,Texas Tech,0.07020133198689223,0.9297986680131077,-6.7960000000000065,3.4392999999999887,3.5,-4.600000000000001,1.4999999999999982,1.4000000000000021,-2.1999999999999957,-3.1000000000000014,4.605700000000013,-3.18525
2026,Saint Louis,Tennessee,Tennessee,0.09517393956992845,0.9048260604300715,-1.9840000000000089,6.7346,8.100000000000001,-2.9000000000000057,0.29999999999999716,-0.1999999999999993,-14.0,-0.8999999999999986,5.789100000000005,-2.24486
2026,Saint Louis,Virginia,Virginia,0.13434262197382021,0.8656573780261798,-2.7490000000000094,6.412199999999999,5.100000000000001,-0.5,1.3999999999999986,0.5000000000000018,-6.799999999999997,-2.1999999999999993,5.436300000000003,-5.8917600000000006
2026,Saint Louis,Wright St.,Saint Louis,0.7397338530901246,0.2602661469098754,7.146000000000001,-6.77000000000001,5.300000000000004,-7.300000000000004,1.0999999999999979,-0.3999999999999986,-2.1000000000000014,-2.1999999999999993,4.037000000000006,8.43966
2026,Saint Louis,Santa Clara,Santa Clara,0.1854113577805548,0.8145886422194453,-5.498000000000005,-1.4980000000000047,5.100000000000001,-7.0,1.799999999999999,-4.0,-5.600000000000001,-5.299999999999997,1.7565000000000026,-0.27026000000000017
2026,Saint Louis,Tennessee St.,Saint Louis,0.9490817433967474,0.050918256603252554,11.71499999999999,-9.607,9.600000000000001,-6.400000000000006,0.8999999999999986,-3.8999999999999986,-3.799999999999997,-2.8999999999999986,0.8773000000000053,7.526879999999999
2026,Texas Tech,UCLA,Texas Tech,0.6607053324377018,0.3392946675622982,1.7480000000000047,-2.9712999999999994,2.3000000000000043,-1.0,2.5,-3.400000000000002,2.1999999999999957,-2.299999999999997,1.720499999999987,1.4416899999999995
2026,Texas Tech,UCF,Texas Tech,0.9233798994723846,0.07662010052761536,6.305999999999997,-6.877299999999991,3.4000000000000057,-3.0,0.20000000000000107,-1.1000000000000014,-1.1000000000000014,1.6000000000000014,-2.7079000000000093,2.9361999999999995
2026,Texas Tech,Vanderbilt,Texas Tech,0.5704945105953662,0.42950548940463384,-1.1700000000000017,-0.5471000000000004,0.9000000000000057,0.6000000000000014,2.5999999999999996,-3.1999999999999993,2.099999999999998,-1.5,-2.573600000000013,-2.2436100000000003
2026,Texas Tech,Troy,Texas Tech,0.9800731577176056,0.019926842282394386,15.620000000000005,-10.205299999999994,4.300000000000004,-0.7000000000000028,-1.0999999999999996,-2.1999999999999993,-1.5,-1.5,1.3240999999999872,11.207339999999999
2026,Texas Tech,VCU,Texas Tech,0.8935236430370802,0.1064763569629198,7.019999999999996,-4.229299999999995,2.1000000000000014,0.5,0.7000000000000011,-2.5,1.0,0.20000000000000284,-2.2728000000000037,3.3449299999999997
2026,Texas Tech,Villanova,Texas Tech,0.788889802963381,0.21111019703661904,6.707000000000008,-1.7302999999999997,2.5,-1.8999999999999986,0.8000000000000007,-4.0,0.8999999999999986,-1.5999999999999979,1.4617999999999967,1.1141299999999994
2026,Texas Tech,Utah St.,Texas Tech,0.804108590227487,0.19589140977251296,3.278000000000006,-3.2782999999999873,-0.3999999999999986,-0.20000000000000284,0.5,-5.900000000000002,0.19999999999999574,-2.1000000000000014,-1.1455000000000126,1.0642299999999993
2026,Texas Tech,Wisconsin,Texas Tech,0.6370621219056056,0.3629378780943944,-0.8799999999999955,-2.8322999999999894,1.7000000000000028,-1.8999999999999986,3.0999999999999996,0.29999999999999893,3.8999999999999986,1.9000000000000021,-2.285800000000009,-0.3202100000000003
2026,Texas Tech,Virginia,Texas Tech,0.6727182153122225,0.32728178468777747,4.046999999999997,2.97290000000001,1.6000000000000014,4.100000000000001,-0.09999999999999964,-0.9000000000000004,-4.600000000000001,0.9000000000000021,0.8305999999999898,-2.7065100000000006
2026,Texas Tech,Wright St.,Texas Tech,0.9741230874703213,0.02587691252967872,13.942000000000007,-10.209299999999999,1.8000000000000043,-2.700000000000003,-0.40000000000000036,-1.8000000000000007,0.09999999999999432,0.9000000000000021,-0.5687000000000069,11.62491
2026,Akron,Duke,Duke,0.03591006284313358,0.9640899371568664,-10.962999999999994,14.5702,1.7000000000000028,4.399999999999999,-0.1999999999999993,0.29999999999999716,-4.600000000000001,5.099999999999998,4.517800000000008,-13.871785000000001
2026,Akron,Siena,Akron,0.851457831193762,0.14854216880623805,9.989999999999995,-3.5330000000000013,7.899999999999999,2.0,-0.5,1.2999999999999972,1.6000000000000014,0.8999999999999986,5.690300000000008,7.575855
2026,Akron,Ohio St.,Ohio St.,0.09540598877984599,0.904594011220154,-8.015,3.7890000000000015,2.0,0.30000000000000426,0.09999999999999964,2.599999999999998,2.6999999999999993,-0.10000000000000142,4.1591999999999985,-3.093095
2026,Akron,TCU,TCU,0.3205916545384099,0.6794083454615901,2.3429999999999893,5.73360000000001,7.600000000000001,-0.3999999999999986,0.0,-1.3000000000000007,-0.8999999999999986,0.6999999999999993,2.741100000000003,-2.576335
2026,Akron,St. John's,St. John's,0.09887464620238223,0.9011253537976178,-2.608000000000004,11.282800000000009,7.5,3.200000000000003,0.8000000000000007,-1.0,-2.3999999999999986,-0.3000000000000007,0.7168999999999954,-7.464415
2026,Akron,Northern Iowa,Northern Iowa,0.33245998470828575,0.6675400152917143,7.424999999999997,6.807299999999998,4.299999999999997,3.3999999999999986,0.9000000000000004,0.29999999999999716,11.5,3.599999999999998,8.1338,5.075105
2026,Akron,Kansas,Kansas,0.11230600266366905,0.8876939973363309,-0.6230000000000047,11.014600000000002,6.899999999999999,5.399999999999999,0.0,4.399999999999999,4.0,-0.20000000000000284,2.7109999999999985,-6.469885
2026,Akron,Cal Baptist,Akron,0.6433091854175562,0.3566908145824438,9.700999999999993,5.0660000000000025,9.899999999999999,4.200000000000003,-2.6000000000000014,1.2999999999999972,-4.299999999999997,2.6999999999999993,4.389499999999998,2.098725
2026,Akron,Louisville,Louisville,0.09931437080055262,0.9006856291994474,-6.839000000000013,7.207100000000011,2.1000000000000014,1.8000000000000043,-0.8999999999999986,1.6999999999999993,0.6000000000000014,3.0,0.6084000000000032,-4.201065
2026,Akron,South Florida,South Florida,0.28829920352554095,0.711700796474459,0.4199999999999875,3.9939999999999998,7.600000000000001,2.200000000000003,0.3000000000000007,-0.40000000000000213,-4.700000000000003,-1.9000000000000021,-1.0807999999999964,0.053423
2026,Akron,Michigan St.,Michigan St.,0.12929698977488918,0.8707030102251108,-5.724000000000004,9.1905,4.899999999999999,2.0,-1.6000000000000014,3.599999999999998,-5.0,7.299999999999997,4.3399,-7.647195
2026,Akron,North Dakota St.,Akron,0.729164059284667,0.270835940715333,5.768999999999991,-0.6499999999999915,5.100000000000001,-0.8999999999999986,-0.09999999999999964,-0.3000000000000007,-0.10000000000000142,4.199999999999999,3.963800000000006,3.1517850000000003
2026,Akron,UCLA,UCLA,0.10027930612228005,0.8997206938777199,-7.361000000000004,3.5919999999999987,4.600000000000001,0.20000000000000284,2.0999999999999996,0.29999999999999716,2.3999999999999986,-2.5,5.632999999999996,-3.817355
2026,Akron,UCF,UCF,0.40820694880792036,0.5917930511920797,-2.8030000000000115,-0.31399999999999295,5.700000000000003,-1.7999999999999972,-0.1999999999999993,2.599999999999998,-0.8999999999999986,1.3999999999999986,1.2045999999999992,-2.322845
2026,Akron,Connecticut,Connecticut,0.09557718220427261,0.9044228177957274,-5.89800000000001,10.392300000000006,3.200000000000003,4.899999999999999,-1.3000000000000007,0.3999999999999986,-2.200000000000003,1.1999999999999993,5.737899999999996,-9.044025000000001
2026,Akron,Furman,Akron,0.8359124776236951,0.16408752237630486,10.276999999999987,-3.646000000000001,3.700000000000003,0.5,-2.3000000000000007,4.699999999999999,2.5,2.3999999999999986,4.479799999999997,8.530484999999999
2026,Akron,Florida,Florida,0.04042258433375708,0.9595774156662429,-8.89800000000001,13.103300000000004,5.0,4.300000000000004,-1.0,2.9999999999999982,-9.700000000000003,5.099999999999998,-0.07779999999999632,-8.734875
2026,Akron,Prairie View A&M,Akron,0.9166021809726113,0.08339781902738874,15.741,-5.983999999999995,10.600000000000001,0.20000000000000284,-0.5,-0.7000000000000028,6.399999999999999,-4.899999999999999,-0.5482999999999976,12.356015
2026,Akron,Clemson,Clemson,0.2016081483594649,0.798391851640535,0.6319999999999908,8.37230000000001,5.899999999999999,1.7000000000000028,1.3000000000000007,0.8999999999999986,5.399999999999999,4.199999999999999,6.047399999999996,-3.379785
2026,Akron,Iowa,Iowa,0.11996385330503803,0.880036146694962,-4.932000000000002,5.172000000000011,1.8999999999999986,-2.1000000000000014,0.3000000000000007,-2.6000000000000014,3.3999999999999986,1.8999999999999986,7.293600000000005,-2.150775
2026,Akron,Vanderbilt,Vanderbilt,0.07065343516585859,0.9293465648341415,-10.27900000000001,6.016199999999998,3.200000000000003,1.8000000000000043,2.1999999999999993,0.5,2.3000000000000007,-1.7000000000000028,1.3388999999999953,-7.502655
2026,Akron,McNeese St.,McNeese St.,0.4611566076790238,0.5388433923209762,4.038999999999987,3.2490000000000094,7.5,1.7000000000000028,1.1999999999999993,-6.200000000000003,-1.5,-5.100000000000001,4.184600000000003,-0.905115
2026,Akron,Nebraska,Nebraska,0.1427207723098917,0.8572792276901083,-0.012000000000000455,11.880700000000004,3.1000000000000014,2.8000000000000043,1.0999999999999996,-0.8000000000000007,7.199999999999999,2.1999999999999993,3.4998000000000076,-7.658755
2026,Akron,Troy,Akron,0.7378832352844548,0.26211676471554524,6.510999999999996,-3.641999999999996,6.600000000000001,0.5,-1.5,1.5,-1.2999999999999972,-1.7000000000000028,5.236599999999996,5.948295
2026,Akron,North Carolina,North Carolina,0.17914701559255244,0.8208529844074476,-4.2180000000000035,5.3700000000000045,3.8999999999999986,2.3999999999999986,1.5,4.799999999999999,2.1000000000000014,1.7999999999999972,2.335099999999997,-5.124365
2026,Akron,VCU,VCU,0.32446787515546743,0.6755321248445325,-2.089000000000013,2.334000000000003,4.399999999999999,1.7000000000000028,0.3000000000000007,1.1999999999999993,1.2000000000000028,0.0,1.6397000000000048,-1.914115
2026,Akron,Illinois,Illinois,0.0258973221306148,0.9741026778693852,-14.75,7.161300000000011,3.3999999999999986,3.0,2.3000000000000007,6.799999999999999,-5.200000000000003,2.8999999999999986,4.602400000000003,-6.762895
2026,Akron,Penn,Akron,0.7156223321315096,0.2843776678684904,10.636999999999986,-0.016999999999995907,8.200000000000003,-1.1000000000000014,0.09999999999999964,0.5999999999999979,3.1999999999999993,-0.6000000000000014,1.2964000000000055,5.803625
2026,Akron,Saint Mary's,Saint Mary's,0.21358836753416352,0.7864116324658365,-2.1700000000000017,7.828900000000004,5.600000000000001,3.8999999999999986,-0.8999999999999986,3.1999999999999993,-4.100000000000001,6.099999999999998,5.018600000000006,-4.2113249999999995
2026,Akron,Texas A&M,Texas A&M,0.17813009802776222,0.8218699019722377,-2.663000000000011,3.9470000000000027,4.299999999999997,-0.19999999999999574,0.9000000000000004,0.09999999999999787,1.2000000000000028,-2.6000000000000014,-0.6951999999999998,-1.7975649999999999
2026,Akron,Houston,Houston,0.029199837589206162,0.9708001624107938,-8.143,12.985700000000008,6.399999999999999,4.0,2.5,-2.6000000000000014,-2.3999999999999986,-1.0,6.9955,-9.199505
2026,Akron,Idaho,Akron,0.708834664640787,0.29116533535921296,8.367999999999995,-0.7980000000000018,6.600000000000001,0.30000000000000426,0.5,3.1999999999999993,4.600000000000001,5.699999999999999,2.896500000000003,8.660995
2026,Akron,Arizona,Arizona,0.0472246414127296,0.9527753585872704,-9.736000000000004,13.985200000000006,3.3999999999999986,5.600000000000001,0.40000000000000036,1.6999999999999993,-4.600000000000001,3.0,0.29410000000000025,-13.867285
2026,Akron,LIU,Akron,0.934424444178685,0.06557555582131502,13.551999999999992,-4.403999999999996,5.200000000000003,0.8000000000000043,-3.5,-0.5,-0.7999999999999972,-2.700000000000003,2.491799999999998,5.575565
2026,Akron,Villanova,Villanova,0.17619861226541653,0.8238013877345834,-2.402000000000001,4.832999999999998,4.799999999999997,-0.6999999999999957,0.40000000000000036,-0.3000000000000007,1.1000000000000014,-1.8000000000000007,5.374300000000005,-4.144915
2026,Akron,Utah St.,Utah St.,0.19024944456033607,0.8097505554396639,-5.831000000000003,3.285000000000011,1.8999999999999986,1.0,0.09999999999999964,-2.200000000000003,0.3999999999999986,-2.3000000000000043,2.766999999999996,-4.194815
2026,Akron,Wisconsin,Wisconsin,0.09129466489251145,0.9087053351074885,-9.989000000000004,3.7310000000000088,4.0,-0.6999999999999957,2.6999999999999993,3.9999999999999982,4.100000000000001,1.6999999999999993,1.6266999999999996,-5.579255
2026,Akron,High Point,Akron,0.6548798612567708,0.3451201387432292,1.5030000000000001,-2.1310000000000002,3.799999999999997,0.5,2.5,-3.5,1.3999999999999986,-1.8000000000000007,0.4316000000000031,1.230305
2026,Akron,Arkansas,Arkansas,0.08965799726968299,0.9103420027303171,-10.74300000000001,3.7319999999999993,2.0,-0.7999999999999972,3.1999999999999993,2.6999999999999993,1.2999999999999972,-1.3000000000000007,-0.6535999999999973,-7.741565
2026,Akron,Hawaii,Akron,0.7714858041934739,0.2285141958065261,10.324999999999989,3.537000000000006,6.5,4.200000000000003,-3.3999999999999986,1.5,2.1000000000000014,4.899999999999999,0.7396999999999991,3.534815
2026,Akron,BYU,BYU,0.23573574195852562,0.7642642580414744,-7.555000000000007,1.0550000000000068,3.799999999999997,-0.6000000000000014,0.1999999999999993,1.8999999999999986,-1.1000000000000014,0.5999999999999979,0.5416000000000025,-4.750355
2026,Akron,Texas,Texas,0.25025364720503174,0.7497463527949683,-6.833000000000013,-1.019999999999996,4.299999999999997,-0.6000000000000014,0.1999999999999993,4.999999999999998,-2.200000000000003,3.0,3.2220000000000084,0.008076
2026,Akron,Gonzaga,Gonzaga,0.14512288562139808,0.8548771143786019,-3.115000000000009,11.358900000000006,2.200000000000003,4.399999999999999,1.8000000000000007,-2.1000000000000014,-1.2999999999999972,4.0,1.388300000000001,-7.5684949999999995
2026,Akron,Kennesaw St.,Akron,0.7685151505634163,0.23148484943658365,6.387999999999991,-4.134999999999991,7.799999999999997,2.1000000000000014,-1.1999999999999993,2.299999999999997,-2.0,-1.4000000000000021,-0.945999999999998,7.776415
2026,Akron,Miami FL,Miami FL,0.2635898155059509,0.7364101844940492,-3.8930000000000007,3.926000000000002,2.8999999999999986,-1.1000000000000014,-0.6999999999999993,0.0,-3.5,3.599999999999998,2.3910000000000053,-4.051405
2026,Akron,Missouri,Missouri,0.21892818027638067,0.7810718197236193,-2.7510000000000048,2.326999999999998,3.200000000000003,-0.7999999999999972,-2.5,1.7999999999999972,-2.0,-1.5,3.9410000000000025,-1.3553549999999999
2026,Akron,Purdue,Purdue,0.039314076848837455,0.9606859231511625,-16.11700000000002,5.121000000000009,0.8999999999999986,-1.6999999999999957,2.0,2.799999999999999,-2.799999999999997,3.5,5.884299999999996,-9.391585000000001
2026,Akron,Queens,Akron,0.8591571517474031,0.14084284825259685,2.515999999999991,-11.736999999999995,1.8999999999999986,-3.3999999999999986,0.6999999999999993,3.3999999999999986,3.1000000000000014,-3.1000000000000014,0.8185000000000002,6.764585
2026,Akron,Michigan,Michigan,0.0384814532218887,0.9615185467781113,-10.456000000000003,14.334900000000005,0.3999999999999986,5.899999999999999,-1.1999999999999993,2.8999999999999986,-1.8999999999999986,2.1999999999999993,-0.8952000000000027,-14.197585
2026,Akron,Howard,Akron,0.8907613727420406,0.10923862725795941,13.713999999999999,-0.8569999999999993,7.899999999999999,3.200000000000003,-4.300000000000001,-2.900000000000002,-3.1000000000000014,-2.1000000000000014,1.2728000000000037,6.668075
2026,Akron,Georgia,Georgia,0.1857859565610142,0.8142140434389857,-7.158000000000001,0.6099999999999994,3.8999999999999986,0.5,1.1999999999999993,0.0,-1.7000000000000028,-5.0,-1.7051999999999907,-2.8037549999999998
2026,Akron,Saint Louis,Saint Louis,0.43119843892552506,0.568801561074475,-2.3130000000000024,3.1240000000000094,-1.2000000000000028,5.800000000000004,-1.8999999999999986,2.299999999999997,2.3999999999999986,2.8999999999999986,-0.6932000000000045,-2.073795
2026,Akron,Texas Tech,Texas Tech,0.05413781173276958,0.9458621882672305,-9.109000000000009,6.563299999999998,2.299999999999997,1.2000000000000028,-0.40000000000000036,3.6999999999999993,0.20000000000000284,-0.20000000000000284,3.9125000000000085,-5.2590449999999995
2026,Akron,Alabama,Alabama,0.07722000600223942,0.9227799939977606,-12.318000000000012,2.5760000000000076,3.1000000000000014,1.3999999999999986,2.5,5.799999999999999,1.6999999999999993,-2.8999999999999986,-2.738500000000002,-6.750525
2026,Akron,Hofstra,Akron,0.513013619651544,0.486986380348456,4.0249999999999915,0.48100000000000875,7.0,4.700000000000003,-0.6000000000000014,3.3999999999999986,-1.3999999999999986,-0.6000000000000014,5.606899999999996,4.466265
2026,Akron,Tennessee,Tennessee,0.07385002800059774,0.9261499719994023,-4.297000000000011,9.85860000000001,6.899999999999999,2.8999999999999986,-1.6000000000000014,2.099999999999998,-11.600000000000001,2.0,5.0959,-4.318655
2026,Akron,Miami OH,Akron,0.7287171078281963,0.2712828921718037,0.5159999999999911,-2.2169999999999987,-0.7000000000000028,-0.19999999999999574,1.0,0.8999999999999986,8.2,1.7999999999999972,0.3790000000000049,-2.657235
2026,Akron,Virginia,Virginia,0.10526383262171256,0.8947361673782874,-5.062000000000012,9.536200000000008,3.8999999999999986,5.300000000000004,-0.5,2.799999999999999,-4.399999999999999,0.6999999999999993,4.743099999999998,-7.965555
2026,Akron,Wright St.,Akron,0.68300636640866,0.31699363359134003,4.832999999999998,-3.646000000000001,4.100000000000001,-1.5,-0.8000000000000007,1.8999999999999986,0.29999999999999716,0.6999999999999993,3.3438000000000017,6.365865
2026,Akron,Kentucky,Kentucky,0.1776576516334923,0.8223423483665078,-2.716000000000008,5.399900000000002,5.399999999999999,1.8000000000000043,0.5,2.599999999999998,-0.29999999999999716,-0.20000000000000284,2.001400000000004,-3.495415
2026,Akron,Santa Clara,Santa Clara,0.1471577362429962,0.8528422637570038,-7.811000000000007,1.6260000000000048,3.8999999999999986,-1.1999999999999957,-0.09999999999999964,-1.7000000000000028,-3.200000000000003,-2.3999999999999986,1.0632999999999981,-2.344055
2026,Akron,Iowa St.,Iowa St.,0.04283305945143315,0.9571669405485669,-6.568000000000012,12.753,2.0,1.1000000000000014,0.40000000000000036,-4.0,-1.7999999999999972,1.7999999999999972,3.359000000000009,-7.594845
2026,Akron,Tennessee St.,Akron,0.9339067624805288,0.06609323751947116,9.401999999999987,-6.48299999999999,8.399999999999999,-0.6000000000000014,-1.0,-1.6000000000000014,-1.3999999999999986,0.0,0.18410000000000082,5.453085
2026,Alabama,Duke,Duke,0.3080109601282681,0.6919890398717319,1.3550000000000182,11.994199999999992,-1.3999999999999986,3.0,-2.6999999999999993,-5.500000000000002,-6.300000000000001,7.9999999999999964,7.25630000000001,-7.12126
2026,Alabama,Siena,Alabama,0.9856112218484867,0.014388778151513293,22.308000000000007,-6.109000000000009,4.799999999999997,0.6000000000000014,-3.0,-4.500000000000002,-0.09999999999999787,3.799999999999997,8.42880000000001,14.32638
2026,Alabama,Ohio St.,Alabama,0.5575901287118368,0.4424098712881632,4.3030000000000115,1.2129999999999939,-1.1000000000000014,-1.0999999999999943,-2.4000000000000004,-3.200000000000001,1.0,2.799999999999997,6.8977,3.6574299999999997
2026,Alabama,TCU,Alabama,0.8493712471843163,0.15062875281568366,14.661000000000001,3.157600000000002,4.5,-1.7999999999999972,-2.5,-7.1,-2.599999999999998,3.599999999999998,5.479600000000005,4.174189999999999
2026,Alabama,St. John's,Alabama,0.5673238432076697,0.4326761567923303,9.710000000000008,8.706800000000001,4.399999999999999,1.8000000000000043,-1.6999999999999993,-6.799999999999999,-4.099999999999998,2.599999999999998,3.4553999999999974,-0.7138900000000001
2026,Alabama,Northern Iowa,Alabama,0.8561472835033217,0.1438527164966783,19.74300000000001,4.23129999999999,1.1999999999999957,2.0,-1.5999999999999996,-5.500000000000002,9.8,6.4999999999999964,10.872300000000003,11.82563
2026,Alabama,Kansas,Alabama,0.6018866809962187,0.39811331900378133,11.695000000000007,8.438599999999994,3.799999999999997,4.0,-2.5,-1.4000000000000004,2.3000000000000007,2.6999999999999957,5.4495000000000005,0.28064
2026,Alabama,Cal Baptist,Alabama,0.9556588727003149,0.04434112729968509,22.019000000000005,2.489999999999995,6.799999999999997,2.8000000000000043,-5.100000000000001,-4.500000000000002,-5.9999999999999964,5.599999999999998,7.128,8.84925
2026,Alabama,Louisville,Alabama,0.5685324964264509,0.4314675035735491,5.478999999999999,4.6311000000000035,-1.0,0.4000000000000057,-3.3999999999999986,-4.1,-1.0999999999999979,5.899999999999999,3.346900000000005,2.54946
2026,Alabama,South Florida,Alabama,0.8287896585682246,0.17121034143177538,12.738,1.4179999999999922,4.5,0.8000000000000043,-2.1999999999999993,-6.200000000000001,-6.400000000000002,0.9999999999999964,1.6577000000000055,6.803948
2026,Alabama,Michigan St.,Alabama,0.6395803795430475,0.3604196204569525,6.594000000000008,6.6144999999999925,1.7999999999999972,0.6000000000000014,-4.100000000000001,-2.200000000000001,-6.699999999999999,10.199999999999996,7.078400000000002,-0.8966700000000003
2026,Alabama,North Dakota St.,Alabama,0.969854715674526,0.03014528432547403,18.087000000000003,-3.225999999999999,2.0,-2.299999999999997,-2.5999999999999996,-6.1,-1.8000000000000007,7.099999999999998,6.702300000000008,9.90231
2026,Alabama,UCLA,Alabama,0.5711653310520203,0.4288346689479797,4.957000000000008,1.0159999999999911,1.5,-1.1999999999999957,-0.40000000000000036,-5.500000000000002,0.6999999999999993,0.3999999999999986,8.371499999999997,2.9331699999999996
2026,Alabama,UCF,Alabama,0.8918085901848977,0.10819140981510234,9.515,-2.8900000000000006,2.6000000000000014,-3.1999999999999957,-2.6999999999999993,-3.200000000000001,-2.599999999999998,4.299999999999997,3.943100000000001,4.42768
2026,Alabama,Connecticut,Alabama,0.5580790057531594,0.4419209942468406,6.420000000000002,7.816299999999998,0.10000000000000142,3.5,-3.8000000000000007,-5.4,-3.900000000000002,4.099999999999998,8.476399999999998,-2.2935000000000008
2026,Alabama,Furman,Alabama,0.9838389189374595,0.01616108106254055,22.595,-6.222000000000008,0.6000000000000014,-0.8999999999999986,-4.800000000000001,-1.0999999999999996,0.8000000000000007,5.299999999999997,7.218299999999999,15.281009999999998
2026,Alabama,Florida,Florida,0.3348406095143942,0.6651593904856058,3.4200000000000017,10.527299999999997,1.8999999999999986,2.9000000000000057,-3.5,-2.8000000000000007,-11.400000000000002,7.9999999999999964,2.6607000000000056,-1.98435
2026,Alabama,Prairie View A&M,Alabama,0.9924436627883335,0.007556337211666486,28.05900000000001,-8.560000000000002,7.5,-1.1999999999999957,-3.0,-6.500000000000002,4.699999999999999,-2.0,2.1902000000000044,19.10654
2026,Alabama,Clemson,Alabama,0.7510946014881372,0.24890539851186277,12.950000000000003,5.796300000000002,2.799999999999997,0.30000000000000426,-1.1999999999999993,-4.9,3.6999999999999993,7.099999999999998,8.785899999999998,3.3707399999999996
2026,Alabama,Iowa,Alabama,0.6196256887401768,0.38037431125982324,7.38600000000001,2.5960000000000036,-1.2000000000000028,-3.5,-2.1999999999999993,-8.4,1.6999999999999993,4.799999999999997,10.032100000000007,4.59975
2026,Alabama,Vanderbilt,Vanderbilt,0.4760277154283302,0.5239722845716698,2.0390000000000015,3.44019999999999,0.10000000000000142,0.4000000000000057,-0.3000000000000007,-5.299999999999999,0.6000000000000014,1.1999999999999957,4.077399999999997,-0.7521300000000002
2026,Alabama,McNeese St.,Alabama,0.910930123446563,0.08906987655343701,16.357,0.6730000000000018,4.399999999999999,0.30000000000000426,-1.3000000000000007,-12.000000000000002,-3.1999999999999993,-2.200000000000003,6.923100000000005,5.845409999999999
2026,Alabama,Nebraska,Alabama,0.6654904086277984,0.3345095913722016,12.306000000000012,9.304699999999997,0.0,1.4000000000000057,-1.4000000000000004,-6.6,5.5,5.099999999999998,6.2383000000000095,-0.9082300000000005
2026,Alabama,Troy,Alabama,0.9711319751790622,0.028868024820937754,18.829000000000008,-6.2180000000000035,3.5,-0.8999999999999986,-4.0,-4.299999999999999,-2.9999999999999964,1.1999999999999957,7.975099999999998,12.69882
2026,Alabama,North Carolina,Alabama,0.7228404202126273,0.2771595797873727,8.100000000000009,2.793999999999997,0.7999999999999972,1.0,-1.0,-1.0,0.40000000000000213,4.699999999999996,5.073599999999999,1.6261599999999996
2026,Alabama,VCU,Alabama,0.8516268526182654,0.14837314738173457,10.229,-0.24200000000000443,1.2999999999999972,0.30000000000000426,-2.1999999999999993,-4.6,-0.49999999999999645,2.8999999999999986,4.378200000000007,4.83641
2026,Alabama,Illinois,Illinois,0.2411024450334914,0.7588975549665086,-2.431999999999988,4.585300000000004,0.29999999999999716,1.6000000000000014,-0.1999999999999993,1.0,-6.900000000000002,5.799999999999997,7.340900000000005,-0.012370000000000658
2026,Alabama,Penn,Alabama,0.9678162838660451,0.032183716133954876,22.955,-2.5930000000000035,5.100000000000001,-2.5,-2.4000000000000004,-5.200000000000001,1.5,2.299999999999997,4.0349000000000075,12.55415
2026,Alabama,Saint Mary's,Alabama,0.7644624509336633,0.23553754906633673,10.14800000000001,5.252899999999997,2.5,2.5,-3.3999999999999986,-2.5999999999999996,-5.800000000000001,8.999999999999996,7.757100000000008,2.5392
2026,Alabama,Texas A&M,Alabama,0.7214497663331565,0.2785502336668435,9.655000000000001,1.3709999999999951,1.1999999999999957,-1.5999999999999943,-1.5999999999999996,-5.700000000000001,-0.49999999999999645,0.29999999999999716,2.043300000000002,4.95296
2026,Alabama,Houston,Houston,0.2643996438211301,0.7356003561788699,4.175000000000011,10.4097,3.299999999999997,2.6000000000000014,0.0,-8.4,-4.099999999999998,1.8999999999999986,9.734000000000002,-2.4489799999999997
2026,Alabama,Idaho,Alabama,0.9667685792942116,0.03323142070578844,20.686000000000007,-3.3740000000000094,3.5,-1.0999999999999943,-2.0,-2.5999999999999996,2.900000000000002,8.599999999999998,5.635000000000005,15.41152
2026,Alabama,Arizona,Arizona,0.37198020233608076,0.6280197976639192,2.582000000000008,11.409199999999998,0.29999999999999716,4.200000000000003,-2.0999999999999996,-4.1,-6.300000000000001,5.899999999999999,3.032600000000002,-7.11676
2026,Alabama,LIU,Alabama,0.9941616990545489,0.005838300945451125,25.870000000000005,-6.980000000000004,2.1000000000000014,-0.5999999999999943,-6.0,-6.299999999999999,-2.4999999999999964,0.19999999999999574,5.2303,12.32609
2026,Alabama,Villanova,Alabama,0.718779312664676,0.281220687335324,9.916000000000011,2.256999999999991,1.6999999999999957,-2.0999999999999943,-2.0999999999999996,-6.1,-0.5999999999999979,1.0999999999999979,8.112800000000007,2.6056099999999995
2026,Alabama,Utah St.,Alabama,0.7373697108906506,0.2626302891093494,6.487000000000009,0.7090000000000032,-1.2000000000000028,-0.3999999999999986,-2.4000000000000004,-8.000000000000002,-1.3000000000000007,0.5999999999999943,5.505499999999998,2.5557099999999995
2026,Alabama,Wisconsin,Alabama,0.545574095109685,0.454425904890315,2.3290000000000077,1.1550000000000011,0.8999999999999986,-2.0999999999999943,0.1999999999999993,-1.8000000000000007,2.400000000000002,4.599999999999998,4.3652000000000015,1.1712699999999998
2026,Alabama,High Point,Alabama,0.9577625044974961,0.042237495502503886,13.821000000000012,-4.707000000000008,0.6999999999999957,-0.8999999999999986,0.0,-9.299999999999999,-0.3000000000000007,1.0999999999999979,3.170100000000005,7.980829999999999
2026,Alabama,Arkansas,Alabama,0.5406387375669428,0.4593612624330572,1.5750000000000028,1.1559999999999917,-1.1000000000000014,-2.1999999999999957,0.6999999999999993,-3.0999999999999996,-0.40000000000000213,1.5999999999999979,2.0849000000000046,-0.9910399999999999
2026,Alabama,Hawaii,Alabama,0.9758129184258874,0.024187081574112645,22.643,0.9609999999999985,3.3999999999999986,2.8000000000000043,-5.899999999999999,-4.299999999999999,0.40000000000000213,7.799999999999997,3.478200000000001,10.28534
2026,Alabama,BYU,Alabama,0.7865964044129538,0.21340359558704625,4.763000000000005,-1.5210000000000008,0.6999999999999957,-2.0,-2.3000000000000007,-3.9000000000000004,-2.8000000000000007,3.4999999999999964,3.2801000000000045,2.00017
2026,Alabama,Texas,Alabama,0.7995480906652365,0.20045190933476353,5.484999999999999,-3.5960000000000036,1.1999999999999957,-2.0,-2.3000000000000007,-0.8000000000000007,-3.900000000000002,5.899999999999999,5.96050000000001,6.758601
2026,Alabama,Gonzaga,Alabama,0.6698165402269645,0.33018345977303554,9.203000000000003,8.782899999999998,-0.8999999999999986,3.0,-0.6999999999999993,-7.9,-2.9999999999999964,6.899999999999999,4.126800000000003,-0.8179699999999999
2026,Alabama,Kennesaw St.,Alabama,0.975413839512028,0.02458616048797202,18.706000000000003,-6.7109999999999985,4.699999999999996,0.7000000000000028,-3.6999999999999993,-3.5000000000000018,-3.6999999999999993,1.4999999999999964,1.792500000000004,14.52694
2026,Alabama,Miami FL,Alabama,0.8105118027084947,0.18948819729150534,8.425000000000011,1.3499999999999943,-0.20000000000000284,-2.5,-3.1999999999999993,-5.799999999999999,-5.199999999999999,6.4999999999999964,5.129500000000007,2.6991199999999997
2026,Alabama,Missouri,Alabama,0.7700881307729829,0.22991186922701712,9.567000000000007,-0.24900000000000944,0.10000000000000142,-2.1999999999999957,-5.0,-4.000000000000002,-3.6999999999999993,1.3999999999999986,6.679500000000004,5.39517
2026,Alabama,Purdue,Purdue,0.3284216007320891,0.671578399267911,-3.7990000000000066,2.5450000000000017,-2.200000000000003,-3.0999999999999943,-0.5,-3.0,-4.4999999999999964,6.399999999999999,8.622799999999998,-2.6410600000000004
2026,Alabama,Queens,Alabama,0.9864675431519977,0.013532456848002306,14.834000000000003,-14.313000000000002,-1.2000000000000028,-4.799999999999997,-1.8000000000000007,-2.4000000000000004,1.4000000000000021,-0.20000000000000284,3.557000000000002,13.51511
2026,Alabama,Michigan,Michigan,0.3235280455267292,0.6764719544732708,1.862000000000009,11.758899999999997,-2.700000000000003,4.5,-3.6999999999999993,-2.9000000000000004,-3.599999999999998,5.099999999999998,1.8432999999999993,-7.44706
2026,Alabama,Howard,Alabama,0.9898419030464759,0.010158096953524098,26.03200000000001,-3.433000000000007,4.799999999999997,1.8000000000000043,-6.800000000000001,-8.700000000000001,-4.800000000000001,0.7999999999999972,4.011300000000006,13.4186
2026,Alabama,Georgia,Alabama,0.7316684700692622,0.26833152993073783,5.160000000000011,-1.9660000000000082,0.7999999999999972,-0.8999999999999986,-1.3000000000000007,-5.799999999999999,-3.400000000000002,-2.1000000000000014,1.0333000000000112,3.94677
2026,Alabama,Saint Louis,Alabama,0.9005874629588597,0.09941253704114028,10.00500000000001,0.5480000000000018,-4.300000000000004,4.400000000000006,-4.399999999999999,-3.5000000000000018,0.6999999999999993,5.799999999999997,2.0452999999999975,4.67673
2026,Alabama,Texas Tech,Texas Tech,0.4061674805619083,0.5938325194380917,3.209000000000003,3.9872999999999905,-0.8000000000000043,-0.19999999999999574,-2.9000000000000004,-2.0999999999999996,-1.4999999999999964,2.6999999999999957,6.6510000000000105,1.4914800000000001
2026,Alabama,Hofstra,Alabama,0.9264093701411587,0.07359062985884135,16.343000000000004,-2.094999999999999,3.8999999999999986,3.3000000000000043,-3.1000000000000014,-2.4000000000000004,-3.099999999999998,2.299999999999997,8.345399999999998,11.21679
2026,Alabama,Tennessee,Tennessee,0.48793546409703814,0.5120645359029619,8.021,7.282600000000002,3.799999999999997,1.5,-4.100000000000001,-3.700000000000001,-13.3,4.899999999999999,7.834400000000002,2.43187
2026,Alabama,Miami OH,Alabama,0.9697885105640764,0.030211489435923555,12.834000000000003,-4.793000000000006,-3.8000000000000043,-1.5999999999999943,-1.5,-4.9,6.5,4.699999999999996,3.117500000000007,4.09329
2026,Alabama,Virginia,Alabama,0.5843540610135127,0.4156459389864873,7.256,6.9602,0.7999999999999972,3.9000000000000057,-3.0,-3.0,-6.099999999999998,3.599999999999998,7.4816,-1.2150300000000005
2026,Alabama,Wright St.,Alabama,0.9626139485479511,0.037386051452048874,17.15100000000001,-6.222000000000008,1.0,-2.8999999999999986,-3.3000000000000007,-3.9000000000000004,-1.4000000000000021,3.599999999999998,6.082300000000004,13.116389999999999
2026,Alabama,Kentucky,Alabama,0.7208001096409028,0.2791998903590972,9.602000000000004,2.8238999999999947,2.299999999999997,0.4000000000000057,-2.0,-3.200000000000001,-1.9999999999999964,2.6999999999999957,4.739900000000006,3.2551099999999997
2026,Alabama,Santa Clara,Alabama,0.6734130611674618,0.3265869388325382,4.507000000000005,-0.9500000000000028,0.7999999999999972,-2.5999999999999943,-2.5999999999999996,-7.500000000000002,-4.900000000000002,0.5,3.8018,4.40647
2026,Alabama,Iowa St.,Iowa St.,0.34843276235681075,0.6515672376431892,5.75,10.176999999999992,-1.1000000000000014,-0.29999999999999716,-2.0999999999999996,-9.799999999999999,-3.4999999999999964,4.699999999999996,6.097500000000011,-0.8443200000000006
2026,Alabama,Tennessee St.,Alabama,0.9941126377170783,0.005887362282921749,21.72,-9.058999999999997,5.299999999999997,-2.0,-3.5,-7.4,-3.099999999999998,2.8999999999999986,2.9226000000000028,12.20361
2026,Hofstra,Siena,Hofstra,0.8447514230212098,0.15524857697879024,5.965000000000003,-4.01400000000001,0.8999999999999986,-2.700000000000003,0.10000000000000142,-2.1000000000000014,3.0,1.5,0.08340000000001169,3.10959
2026,Hofstra,Ohio St.,Ohio St.,0.09100615988852875,0.9089938401114712,-12.039999999999992,3.3079999999999927,-5.0,-4.399999999999999,0.7000000000000011,-0.8000000000000007,4.099999999999998,0.5,-1.4476999999999975,-7.55936
2026,Hofstra,TCU,TCU,0.30935843793733897,0.690641562062661,-1.6820000000000022,5.252600000000001,0.6000000000000014,-5.100000000000001,0.6000000000000014,-4.699999999999999,0.5,1.3000000000000007,-2.865799999999993,-7.0426
2026,Hofstra,St. John's,St. John's,0.0943315346698309,0.9056684653301691,-6.632999999999996,10.8018,0.5,-1.5,1.4000000000000021,-4.399999999999999,-1.0,0.3000000000000007,-4.890000000000001,-11.930679999999999
2026,Hofstra,Northern Iowa,Northern Iowa,0.3210073968050265,0.6789926031949736,3.4000000000000057,6.326299999999989,-2.700000000000003,-1.3000000000000043,1.5000000000000018,-3.1000000000000014,12.899999999999999,4.199999999999999,2.526900000000005,0.6088399999999998
2026,Hofstra,Kansas,Kansas,0.10721917489165718,0.8927808251083428,-4.647999999999996,10.533599999999993,-0.10000000000000142,0.6999999999999957,0.6000000000000014,1.0,5.399999999999999,0.3999999999999986,-2.8958999999999975,-10.93615
2026,Hofstra,Louisville,Louisville,0.09475317922158233,0.9052468207784177,-10.864000000000004,6.726100000000002,-4.899999999999999,-2.8999999999999986,-0.29999999999999716,-1.6999999999999993,2.0,3.6000000000000014,-4.998499999999993,-8.66733
2026,Hofstra,South Florida,South Florida,0.2777349391943178,0.7222650608056822,-3.605000000000004,3.512999999999991,0.6000000000000014,-2.5,0.9000000000000021,-3.8000000000000007,-3.3000000000000043,-1.3000000000000007,-6.687699999999992,-4.4128419999999995
2026,Hofstra,Michigan St.,Michigan St.,0.12354767720416493,0.8764523227958351,-9.748999999999995,8.709499999999991,-2.1000000000000014,-2.700000000000003,-1.0,0.1999999999999993,-3.6000000000000014,7.899999999999999,-1.266999999999996,-12.11346
2026,Hofstra,North Dakota St.,Hofstra,0.718760031465803,0.28123996853419697,1.7439999999999998,-1.1310000000000002,-1.8999999999999986,-5.600000000000001,0.5000000000000018,-3.6999999999999993,1.2999999999999972,4.800000000000001,-1.6430999999999898,-1.3144799999999996
2026,Hofstra,UCLA,UCLA,0.09567850581377732,0.9043214941862227,-11.385999999999996,3.11099999999999,-2.3999999999999986,-4.5,2.700000000000001,-3.1000000000000014,3.799999999999997,-1.8999999999999986,0.026099999999999568,-8.283619999999999
2026,Hofstra,UCF,UCF,0.39569173900085924,0.6043082609991408,-6.828000000000003,-0.7950000000000017,-1.2999999999999972,-6.5,0.40000000000000213,-0.8000000000000007,0.5,2.0,-4.402299999999997,-6.78911
2026,Hofstra,Prairie View A&M,Hofstra,0.9125347947229014,0.08746520527709856,11.716000000000008,-6.465000000000003,3.6000000000000014,-4.5,0.10000000000000142,-4.100000000000001,7.799999999999997,-4.299999999999997,-6.155199999999994,7.88975
2026,Hofstra,Iowa,Iowa,0.11457493713026062,0.8854250628697393,-8.956999999999994,4.6910000000000025,-5.100000000000001,-6.800000000000004,0.9000000000000021,-6.0,4.799999999999997,2.5,1.686700000000009,-6.617039999999999
2026,Hofstra,Vanderbilt,Vanderbilt,0.06731017842058443,0.9326898215794156,-14.304000000000002,5.535199999999989,-3.799999999999997,-2.8999999999999986,2.8000000000000007,-2.8999999999999986,3.6999999999999993,-1.1000000000000014,-4.268000000000001,-11.96892
2026,Hofstra,McNeese St.,McNeese St.,0.44824762989842376,0.5517523701015763,0.013999999999995794,2.7680000000000007,0.5,-3.0,1.8000000000000007,-9.600000000000001,-0.10000000000000142,-4.5,-1.4222999999999928,-5.37138
2026,Hofstra,Nebraska,Nebraska,0.13646811284791044,0.8635318871520896,-4.036999999999992,11.399699999999996,-3.8999999999999986,-1.8999999999999986,1.700000000000001,-4.199999999999999,8.599999999999998,2.8000000000000007,-2.1070999999999884,-12.12502
2026,Hofstra,Troy,Hofstra,0.7276890637585952,0.2723109362414048,2.486000000000004,-4.123000000000005,-0.3999999999999986,-4.200000000000003,-0.8999999999999986,-1.8999999999999986,0.10000000000000142,-1.1000000000000014,-0.3703000000000003,1.48203
2026,Hofstra,North Carolina,North Carolina,0.17161797822412533,0.8283820217758746,-8.242999999999995,4.888999999999996,-3.1000000000000014,-2.3000000000000043,2.1000000000000014,1.4000000000000004,3.5,2.3999999999999986,-3.271799999999999,-9.59063
2026,Hofstra,VCU,VCU,0.31316144297718324,0.6868385570228168,-6.114000000000004,1.8529999999999944,-2.6000000000000014,-3.0,0.9000000000000021,-2.1999999999999993,2.6000000000000014,0.6000000000000014,-3.967199999999991,-6.38038
2026,Hofstra,Illinois,Illinois,0.024615789141856217,0.9753842108581438,-18.77499999999999,6.680300000000003,-3.6000000000000014,-1.7000000000000028,2.900000000000002,3.4000000000000004,-3.8000000000000043,3.5,-1.004499999999993,-11.22916
2026,Hofstra,Penn,Hofstra,0.7049086290782302,0.29509137092176985,6.611999999999995,-0.49800000000000466,1.2000000000000028,-5.800000000000004,0.7000000000000011,-2.8000000000000007,4.599999999999998,0.0,-4.3104999999999905,1.3373600000000003
2026,Hofstra,Saint Mary's,Saint Mary's,0.20497330332107655,0.7950266966789235,-6.194999999999993,7.347899999999996,-1.3999999999999986,-0.8000000000000043,-0.29999999999999716,-0.1999999999999993,-2.700000000000003,6.699999999999999,-0.5882999999999896,-8.677589999999999
2026,Hofstra,Texas A&M,Texas A&M,0.17063491460375094,0.8293650853962491,-6.688000000000002,3.465999999999994,-2.700000000000003,-4.899999999999999,1.5000000000000018,-3.3000000000000007,2.6000000000000014,-2.0,-6.302099999999996,-6.26383
2026,Hofstra,Houston,Houston,0.027759536337925984,0.9722404636620741,-12.167999999999992,12.5047,-0.6000000000000014,-0.7000000000000028,3.1000000000000014,-6.0,-1.0,-0.3999999999999986,1.3886000000000038,-13.665769999999998
2026,Hofstra,Idaho,Hofstra,0.697973167658158,0.302026832341842,4.3430000000000035,-1.2790000000000106,-0.3999999999999986,-4.399999999999999,1.1000000000000014,-0.1999999999999993,6.0,6.300000000000001,-2.710399999999993,4.194730000000001
2026,Hofstra,LIU,Hofstra,0.9311609860742351,0.06883901392576486,9.527000000000001,-4.885000000000005,-1.7999999999999972,-3.8999999999999986,-2.8999999999999986,-3.8999999999999986,0.6000000000000014,-2.1000000000000014,-3.115099999999998,1.1093000000000002
2026,Hofstra,Villanova,Villanova,0.1687680112643564,0.8312319887356436,-6.4269999999999925,4.35199999999999,-2.200000000000003,-5.399999999999999,1.0000000000000018,-3.6999999999999993,2.5,-1.1999999999999993,-0.23259999999999081,-8.611180000000001
2026,Hofstra,Utah St.,Utah St.,0.1823574625808956,0.8176425374191044,-9.855999999999995,2.804000000000002,-5.100000000000001,-3.700000000000003,0.7000000000000011,-5.600000000000001,1.7999999999999972,-1.7000000000000028,-2.8399,-8.66108
2026,Hofstra,Wisconsin,Wisconsin,0.08706618859206265,0.9129338114079374,-14.013999999999996,3.25,-3.0,-5.399999999999999,3.3000000000000007,0.5999999999999996,5.5,2.3000000000000007,-3.9801999999999964,-10.04552
2026,Hofstra,Texas,Texas,0.2406121772015124,0.7593878227984876,-10.858000000000004,-1.5010000000000048,-2.700000000000003,-5.300000000000004,0.8000000000000007,1.5999999999999996,-0.8000000000000043,3.6000000000000014,-2.3848999999999876,-4.458189
2026,Hofstra,Kennesaw St.,Hofstra,0.759123406602871,0.24087659339712897,2.3629999999999995,-4.616,0.7999999999999972,-2.6000000000000014,-0.5999999999999979,-1.1000000000000014,-0.6000000000000014,-0.8000000000000007,-6.552899999999994,3.31015
2026,Hofstra,Miami FL,Miami FL,0.2536083430537934,0.7463916569462066,-7.917999999999992,3.444999999999993,-4.100000000000001,-5.800000000000004,-0.09999999999999787,-3.3999999999999986,-2.1000000000000014,4.199999999999999,-3.2158999999999907,-8.517669999999999
2026,Hofstra,Missouri,Missouri,0.2101552921754297,0.7898447078245703,-6.775999999999996,1.8459999999999894,-3.799999999999997,-5.5,-1.8999999999999986,-1.6000000000000014,-0.6000000000000014,-0.8999999999999986,-1.6658999999999935,-5.821619999999999
2026,Hofstra,Purdue,Purdue,0.037394100799210336,0.9626058992007896,-20.14200000000001,4.640000000000001,-6.100000000000001,-6.399999999999999,2.6000000000000014,-0.5999999999999996,-1.3999999999999986,4.100000000000001,0.2774000000000001,-13.85785
2026,Hofstra,Queens,Hofstra,0.8527382337933483,0.14726176620665166,-1.5090000000000003,-12.218000000000004,-5.100000000000001,-8.100000000000001,1.3000000000000007,0.0,4.5,-2.5,-4.788399999999996,2.2983200000000004
2026,Hofstra,Michigan,Michigan,0.03660059071095085,0.9633994092890491,-14.480999999999995,13.853899999999996,-6.600000000000001,1.1999999999999957,-0.5999999999999979,-0.5,-0.5,2.8000000000000007,-6.502099999999999,-18.66385
2026,Hofstra,Howard,Hofstra,0.8855910134378749,0.11440898656212506,9.689000000000007,-1.338000000000008,0.8999999999999986,-1.5,-3.6999999999999993,-6.300000000000001,-1.7000000000000028,-1.5,-4.334099999999992,2.20181
2026,Hofstra,Saint Louis,Saint Louis,0.4184767888981091,0.5815232111018909,-6.337999999999994,2.6430000000000007,-8.200000000000003,1.1000000000000014,-1.2999999999999972,-1.1000000000000014,3.799999999999997,3.5,-6.3001000000000005,-6.5400599999999995
2026,Hofstra,Texas Tech,Texas Tech,0.051532724570221976,0.948467275429778,-13.134,6.082299999999989,-4.700000000000003,-3.5,0.20000000000000107,0.3000000000000007,1.6000000000000014,0.3999999999999986,-1.6943999999999875,-9.72531
2026,Hofstra,Tennessee,Tennessee,0.0703669642538528,0.9296330357461472,-8.322000000000003,9.377600000000001,-0.10000000000000142,-1.8000000000000043,-1.0,-1.3000000000000007,-10.200000000000003,2.6000000000000014,-0.5109999999999957,-8.78492
2026,Hofstra,Miami OH,Hofstra,0.7183025436411417,0.28169745635885834,-3.5090000000000003,-2.6980000000000075,-7.700000000000003,-4.899999999999999,1.6000000000000014,-2.5,9.599999999999998,2.3999999999999986,-5.227899999999991,-7.1235
2026,Hofstra,Virginia,Virginia,0.10045987765476817,0.8995401223452318,-9.087000000000003,9.0552,-3.1000000000000014,0.6000000000000014,0.10000000000000142,-0.5999999999999996,-3.0,1.3000000000000007,-0.8637999999999977,-12.43182
2026,Hofstra,Wright St.,Hofstra,0.6716277241144025,0.3283722758855975,0.8080000000000069,-4.1270000000000095,-2.8999999999999986,-6.200000000000003,-0.1999999999999993,-1.5,1.6999999999999957,1.3000000000000007,-2.2630999999999943,1.8996000000000004
2026,Hofstra,Kentucky,Kentucky,0.1701782311265795,0.8298217688734205,-6.741,4.918899999999994,-1.6000000000000014,-2.8999999999999986,1.1000000000000014,-0.8000000000000007,1.1000000000000014,0.3999999999999986,-3.605499999999992,-7.961679999999999
2026,Hofstra,Santa Clara,Santa Clara,0.1407426043870057,0.8592573956129943,-11.835999999999999,1.144999999999996,-3.1000000000000014,-5.899999999999999,0.5000000000000018,-5.100000000000001,-1.8000000000000043,-1.7999999999999972,-4.543599999999998,-6.81032
2026,Hofstra,Iowa St.,Iowa St.,0.04074851680048232,0.9592514831995177,-10.593000000000004,12.271999999999991,-5.0,-3.6000000000000014,1.0000000000000018,-7.399999999999999,-0.3999999999999986,2.3999999999999986,-2.247899999999987,-12.06111
2026,Hofstra,Tennessee St.,Hofstra,0.9306194541319395,0.06938054586806053,5.376999999999995,-6.963999999999999,1.3999999999999986,-5.300000000000004,-0.3999999999999986,-5.0,0.0,0.6000000000000014,-5.422799999999995,0.9868199999999998
2026,Tennessee,UCLA,Tennessee,0.5829450083515867,0.4170549916484133,-3.063999999999993,-6.266600000000011,-2.299999999999997,-2.6999999999999957,3.700000000000001,-1.8000000000000007,14.0,-4.5,0.5370999999999952,0.5012999999999996
2026,Tennessee,UCF,Tennessee,0.8963784206623779,0.10362157933762206,1.4939999999999998,-10.172600000000003,-1.1999999999999957,-4.699999999999996,1.4000000000000021,0.5,10.700000000000003,-0.6000000000000014,-3.891300000000001,1.9958099999999996
2026,Tennessee,Vanderbilt,Vanderbilt,0.48807845980271986,0.5119215401972801,-5.981999999999999,-3.842400000000012,-3.6999999999999957,-1.0999999999999943,3.8000000000000007,-1.5999999999999979,13.900000000000002,-3.700000000000003,-3.757000000000005,-3.184
2026,Tennessee,Troy,Tennessee,0.9724548002319856,0.027545199768014395,10.808000000000007,-13.500600000000006,-0.29999999999999716,-2.3999999999999986,0.10000000000000142,-0.5999999999999979,10.300000000000004,-3.700000000000003,0.14069999999999538,10.26695
2026,Tennessee,VCU,Tennessee,0.8576229353027525,0.14237706469724754,2.2079999999999984,-7.524600000000007,-2.5,-1.1999999999999957,1.9000000000000021,-0.8999999999999986,12.800000000000004,-2.0,-3.4561999999999955,2.40454
2026,Tennessee,Texas A&M,Tennessee,0.7310451790994432,0.2689548209005568,1.6340000000000003,-5.911600000000007,-2.6000000000000014,-3.0999999999999943,2.5000000000000018,-2.0,12.800000000000004,-4.600000000000001,-5.7911,2.52109
2026,Tennessee,Villanova,Tennessee,0.7284320891846775,0.2715679108153225,1.8950000000000102,-5.025600000000011,-2.1000000000000014,-3.5999999999999943,2.0000000000000018,-2.3999999999999986,12.700000000000003,-3.8000000000000007,0.27840000000000487,0.17373999999999956
2026,Tennessee,Utah St.,Tennessee,0.7466093315743417,0.25339066842565827,-1.5339999999999918,-6.573599999999999,-5.0,-1.8999999999999986,1.700000000000001,-4.300000000000001,12.0,-4.300000000000004,-2.3289000000000044,0.1238399999999995
2026,Tennessee,Wisconsin,Tennessee,0.5575121433350122,0.4424878566649878,-5.691999999999993,-6.127600000000001,-2.8999999999999986,-3.5999999999999943,4.300000000000001,1.9000000000000004,15.700000000000003,-0.3000000000000007,-3.4692000000000007,-1.2606000000000002
2026,Tennessee,Texas,Tennessee,0.807172256612678,0.192827743387322,-2.5360000000000014,-10.878600000000006,-2.6000000000000014,-3.5,1.8000000000000007,2.9000000000000004,9.399999999999999,1.0,-1.873899999999992,4.326731
2026,Tennessee,Texas Tech,Texas Tech,0.4178600718221689,0.5821399281778311,-4.811999999999998,-3.2953000000000117,-4.600000000000001,-1.6999999999999957,1.200000000000001,1.6000000000000014,11.800000000000004,-2.200000000000003,-1.1833999999999918,-0.9403899999999998
2026,Tennessee,Virginia,Tennessee,0.5960276902383712,0.4039723097616288,-0.7650000000000006,-0.3224000000000018,-3.0,2.4000000000000057,1.1000000000000014,0.7000000000000011,7.200000000000003,-1.3000000000000007,-0.352800000000002,-3.6469000000000005
2026,Tennessee,Wright St.,Tennessee,0.9643127531415522,0.03568724685844782,9.13000000000001,-13.50460000000001,-2.799999999999997,-4.399999999999999,0.8000000000000007,-0.1999999999999993,11.899999999999999,-1.3000000000000007,-1.7520999999999987,10.68452
2026,Tennessee,Tennessee St.,Tennessee,0.994388500282963,0.005611499717037005,13.698999999999998,-16.3416,1.5,-3.5,0.6000000000000014,-3.6999999999999993,10.200000000000003,-2.0,-4.9117999999999995,9.77174
2026,Miami OH,Siena,Miami OH,0.6809101534277812,0.31908984657221884,9.474000000000004,-1.3160000000000025,8.600000000000001,2.1999999999999957,-1.5,0.3999999999999986,-6.599999999999998,-0.8999999999999986,5.311300000000003,10.23309
2026,Miami OH,Ohio St.,Ohio St.,0.0377798155231862,0.9622201844768138,-8.530999999999992,6.006,2.700000000000003,0.5,-0.9000000000000004,1.6999999999999993,-5.5,-1.8999999999999986,3.7801999999999936,-0.4358599999999999
2026,Miami OH,TCU,TCU,0.14941742820249618,0.8505825717975039,1.8269999999999982,7.9506000000000085,8.300000000000004,-0.20000000000000284,-1.0,-2.1999999999999993,-9.099999999999998,-1.0999999999999979,2.362099999999998,0.0809000000000002
2026,Miami OH,St. John's,St. John's,0.03924426159540238,0.9607557384045976,-3.1239999999999952,13.499800000000008,8.200000000000003,3.3999999999999986,-0.1999999999999993,-1.8999999999999986,-10.599999999999998,-2.099999999999998,0.33789999999999054,-4.80718
2026,Miami OH,Northern Iowa,Northern Iowa,0.1564076984675318,0.8435923015324682,6.909000000000006,9.024299999999997,5.0,3.5999999999999943,-0.09999999999999964,-0.6000000000000014,3.3000000000000007,1.8000000000000007,7.754799999999996,7.73234
2026,Miami OH,South Florida,South Florida,0.13104139832532108,0.8689586016746789,-0.09600000000000364,6.2109999999999985,8.300000000000004,2.3999999999999986,-0.6999999999999993,-1.3000000000000007,-12.900000000000002,-3.6999999999999993,-1.4598000000000013,2.710658
2026,Miami OH,Michigan St.,Michigan St.,0.05238577587583962,0.9476142241241604,-6.239999999999995,11.407499999999999,5.600000000000001,2.1999999999999957,-2.6000000000000014,2.6999999999999993,-13.2,5.5,3.960899999999995,-4.98996
2026,Miami OH,North Dakota St.,Miami OH,0.5005655143460013,0.4994344856539987,5.253,1.5670000000000073,5.800000000000004,-0.7000000000000028,-1.0999999999999996,-1.1999999999999993,-8.3,2.400000000000002,3.5848000000000013,5.80902
2026,Miami OH,UCLA,UCLA,0.03983923650996657,0.9601607634900334,-7.876999999999995,5.8089999999999975,5.300000000000004,0.3999999999999986,1.0999999999999996,-0.6000000000000014,-5.800000000000001,-4.299999999999997,5.253999999999991,-1.16012
2026,Miami OH,UCF,UCF,0.20432057473909543,0.7956794252609045,-3.3190000000000026,1.9030000000000058,6.400000000000006,-1.6000000000000014,-1.1999999999999993,1.6999999999999993,-9.099999999999998,-0.3999999999999986,0.8255999999999943,0.33438999999999997
2026,Miami OH,Prairie View A&M,Miami OH,0.8035967982332666,0.19640320176673343,15.225000000000009,-3.766999999999996,11.300000000000004,0.3999999999999986,-1.5,-1.6000000000000014,-1.8000000000000007,-6.699999999999996,-0.9273000000000025,15.01325
2026,Miami OH,Vanderbilt,Vanderbilt,0.02752315986981825,0.9724768401301818,-10.795000000000002,8.233199999999997,3.9000000000000057,2.0,1.1999999999999993,-0.3999999999999986,-5.899999999999999,-3.5,0.9598999999999904,-4.84542
2026,Miami OH,Nebraska,Nebraska,0.05835973975753785,0.9416402602424622,-0.5279999999999916,14.097700000000003,3.8000000000000043,3.0,0.09999999999999964,-1.6999999999999993,-1.0,0.40000000000000213,3.1208000000000027,-5.00152
2026,Miami OH,Troy,Miami OH,0.5117158751929858,0.4882841248070142,5.9950000000000045,-1.4249999999999972,7.300000000000004,0.6999999999999957,-2.5,0.6000000000000014,-9.499999999999996,-3.5,4.857599999999991,8.60553
2026,Miami OH,North Carolina,North Carolina,0.07514199119038648,0.9248580088096136,-4.733999999999995,7.587000000000003,4.600000000000001,2.5999999999999943,0.5,3.9000000000000004,-6.099999999999998,0.0,1.9560999999999922,-2.46713
2026,Miami OH,VCU,VCU,0.15168608142979279,0.8483139185702072,-2.605000000000004,4.551000000000002,5.100000000000001,1.8999999999999986,-0.6999999999999993,0.3000000000000007,-6.9999999999999964,-1.7999999999999972,1.2607,0.74312
2026,Miami OH,Penn,Penn,0.4836872777869294,0.5163127222130706,10.120999999999995,2.200000000000003,8.900000000000006,-0.9000000000000057,-0.9000000000000004,-0.3000000000000007,-5.0,-2.3999999999999986,0.9174000000000007,8.46086
2026,Miami OH,Saint Mary's,Saint Mary's,0.09182494518577215,0.9081750548142279,-2.685999999999993,10.045900000000003,6.300000000000004,4.099999999999994,-1.8999999999999986,2.3000000000000007,-12.3,4.300000000000001,4.6396000000000015,-1.5540899999999995
2026,Miami OH,Texas A&M,Texas A&M,0.07466175342761325,0.9253382465723867,-3.179000000000002,6.1640000000000015,5.0,0.0,-0.09999999999999964,-0.8000000000000007,-6.9999999999999964,-4.399999999999999,-1.0742000000000047,0.8596700000000002
2026,Miami OH,Villanova,Villanova,0.07375151035389138,0.9262484896461086,-2.917999999999992,7.049999999999997,5.5,-0.5,-0.5999999999999996,-1.1999999999999993,-7.099999999999998,-3.599999999999998,4.9953,-1.4876800000000001
2026,Miami OH,Utah St.,Utah St.,0.0804303934112322,0.9195696065887677,-6.346999999999994,5.5020000000000095,2.6000000000000014,1.1999999999999957,-0.9000000000000004,-3.1000000000000014,-7.800000000000001,-4.100000000000001,2.387999999999991,-1.5375800000000002
2026,Miami OH,Wisconsin,Wisconsin,0.03605280073810084,0.9639471992618992,-10.504999999999995,5.9480000000000075,4.700000000000003,-0.5,1.6999999999999993,3.0999999999999996,-4.099999999999998,-0.09999999999999787,1.2476999999999947,-2.92202
2026,Miami OH,Texas,Texas,0.11052561521827356,0.8894743847817265,-7.349000000000004,1.1970000000000027,5.0,-0.4000000000000057,-0.8000000000000007,4.1,-10.400000000000002,1.2000000000000028,2.8430000000000035,2.665311
2026,Miami OH,Missouri,Missouri,0.09448636345928649,0.9055136365407135,-3.266999999999996,4.543999999999997,3.9000000000000057,-0.6000000000000014,-3.5,0.8999999999999986,-10.2,-3.299999999999997,3.5619999999999976,1.3018800000000001
2026,Miami OH,Purdue,Purdue,0.015005957101761655,0.9849940428982383,-16.63300000000001,7.338000000000008,1.6000000000000014,-1.5,1.0,1.9000000000000004,-10.999999999999996,1.7000000000000028,5.505299999999991,-6.73435
2026,Miami OH,Queens,Miami OH,0.6942753315449653,0.30572466845503465,2.0,-9.519999999999996,2.6000000000000014,-3.200000000000003,-0.3000000000000007,2.5,-5.099999999999998,-4.899999999999999,0.43949999999999534,9.42182
2026,Miami OH,Michigan,Michigan,0.01468028252556315,0.9853197174744368,-10.971999999999994,16.551900000000003,1.1000000000000014,6.099999999999994,-2.1999999999999993,2.0,-10.099999999999998,0.40000000000000213,-1.2742000000000075,-11.54035
2026,Miami OH,Saint Louis,Saint Louis,0.22009949386842131,0.7799005061315787,-2.8289999999999935,5.341000000000008,-0.5,6.0,-2.8999999999999986,1.3999999999999986,-5.800000000000001,1.1000000000000014,-1.0722000000000094,0.5834400000000002
2026,Miami OH,Texas Tech,Texas Tech,0.02086314009992936,0.9791368599000706,-9.625,8.780299999999997,3.0,1.3999999999999986,-1.4000000000000004,2.8000000000000007,-7.9999999999999964,-2.0,3.5335000000000036,-2.6018099999999995
2026,Miami OH,Tennessee,Tennessee,0.028828930064350944,0.9711710699356491,-4.813000000000002,12.075600000000009,7.600000000000001,3.0999999999999943,-2.6000000000000014,1.1999999999999993,-19.8,0.20000000000000284,4.716899999999995,-1.6614199999999997
2026,Miami OH,Virginia,Virginia,0.0419596102728276,0.9580403897271724,-5.578000000000003,11.753200000000007,4.600000000000001,5.5,-1.5,1.9000000000000004,-12.599999999999998,-1.0999999999999979,4.364099999999993,-5.30832
2026,Miami OH,Wright St.,Wright St.,0.4450970334749493,0.5549029665250507,4.317000000000007,-1.429000000000002,4.800000000000004,-1.3000000000000043,-1.8000000000000007,1.0,-7.900000000000002,-1.0999999999999979,2.9647999999999968,9.0231
2026,Miami OH,Santa Clara,Santa Clara,0.060358705898360634,0.9396412941016393,-8.326999999999998,3.8430000000000035,4.600000000000001,-1.0,-1.0999999999999996,-2.6000000000000014,-11.400000000000002,-4.199999999999996,0.6842999999999932,0.31318
2026,Miami OH,Tennessee St.,Miami OH,0.8402630677143328,0.1597369322856672,8.885999999999996,-4.265999999999991,9.100000000000001,-0.4000000000000057,-2.0,-2.5,-9.599999999999998,-1.7999999999999972,-0.19490000000000407,8.11032
2026,Virginia,Wisconsin,Wisconsin,0.46061438415167755,0.5393856158483225,-4.9269999999999925,-5.805199999999999,0.10000000000000142,-6.0,3.1999999999999993,1.1999999999999993,8.5,1.0,-3.1163999999999987,2.3863000000000003
2026,Virginia,Wright St.,Virginia,0.9482248567091944,0.05177514329080557,9.89500000000001,-13.182200000000009,0.20000000000000284,-6.800000000000004,-0.3000000000000007,-0.9000000000000004,4.699999999999996,0.0,-1.3992999999999967,14.331420000000001
2026,Kentucky,Siena,Kentucky,0.9636796064134305,0.036320393586569466,12.706000000000003,-8.932900000000004,2.5,0.19999999999999574,-1.0,-1.3000000000000007,1.8999999999999986,1.1000000000000014,3.688900000000004,11.07127
2026,Kentucky,Ohio St.,Ohio St.,0.3280436978702445,0.6719563021297554,-5.298999999999992,-1.6109000000000009,-3.3999999999999986,-1.5,-0.40000000000000036,0.0,2.9999999999999964,0.10000000000000142,2.1577999999999946,0.40232
2026,Kentucky,TCU,Kentucky,0.6859482200878153,0.3140517799121847,5.0589999999999975,0.33370000000000744,2.200000000000003,-2.200000000000003,-0.5,-3.8999999999999986,-0.6000000000000014,0.9000000000000021,0.7396999999999991,0.9190800000000001
2026,Kentucky,St. John's,St. John's,0.3368210394960248,0.6631789605039752,0.10800000000000409,5.8829000000000065,2.1000000000000014,1.3999999999999986,0.3000000000000007,-3.599999999999998,-2.1000000000000014,-0.09999999999999787,-1.2845000000000084,-3.969
2026,Kentucky,Northern Iowa,Kentucky,0.6974572364004836,0.3025427635995164,10.141000000000005,1.4073999999999955,-1.1000000000000014,1.5999999999999943,0.40000000000000036,-2.3000000000000007,11.799999999999997,3.8000000000000007,6.132399999999997,8.57052
2026,Kentucky,Louisville,Louisville,0.33792214987266883,0.6620778501273312,-4.123000000000005,1.8072000000000088,-3.299999999999997,0.0,-1.3999999999999986,-0.8999999999999986,0.8999999999999986,3.200000000000003,-1.3930000000000007,-0.7056499999999999
2026,Kentucky,South Florida,Kentucky,0.652180942141532,0.347819057858468,3.1359999999999957,-1.4059000000000026,2.200000000000003,0.3999999999999986,-0.1999999999999993,-3.0,-4.400000000000006,-1.6999999999999993,-3.0822000000000003,3.548838
2026,Kentucky,Michigan St.,Michigan St.,0.4073598251548104,0.5926401748451896,-3.0079999999999956,3.7905999999999977,-0.5,0.19999999999999574,-2.1000000000000014,1.0,-4.700000000000003,7.5,2.3384999999999962,-4.1517800000000005
2026,Kentucky,North Dakota St.,Kentucky,0.9257168246209415,0.07428317537905849,8.485,-6.049899999999994,-0.29999999999999716,-2.700000000000003,-0.5999999999999996,-2.8999999999999986,0.19999999999999574,4.400000000000002,1.9624000000000024,6.6472
2026,Kentucky,UCLA,UCLA,0.34032940535336215,0.6596705946466379,-4.644999999999996,-1.8079000000000036,-0.7999999999999972,-1.6000000000000014,1.5999999999999996,-2.3000000000000007,2.6999999999999957,-2.299999999999997,3.6315999999999917,-0.3219400000000001
2026,Kentucky,UCF,Kentucky,0.7614990575489875,0.2385009424510125,-0.0870000000000033,-5.713899999999995,0.30000000000000426,-3.6000000000000014,-0.6999999999999993,0.0,-0.6000000000000014,1.6000000000000014,-0.7968000000000046,1.17257
2026,Kentucky,Prairie View A&M,Kentucky,0.9807224784212685,0.019277521578731527,18.457000000000008,-11.383899999999997,5.200000000000003,-1.6000000000000014,-1.0,-3.3000000000000007,6.699999999999996,-4.699999999999996,-2.5497000000000014,15.85143
2026,Kentucky,Vanderbilt,Vanderbilt,0.26030255963363635,0.7396974403663636,-7.563000000000002,0.6162999999999954,-2.1999999999999957,0.0,1.6999999999999993,-2.099999999999998,2.599999999999998,-1.5,-0.6625000000000085,-4.0072399999999995
2026,Kentucky,McNeese St.,Kentucky,0.7984461796735459,0.20155382032645408,6.7549999999999955,-2.150899999999993,2.1000000000000014,-0.10000000000000142,0.6999999999999993,-8.8,-1.2000000000000028,-4.899999999999999,2.1831999999999994,2.5903
2026,Kentucky,Nebraska,Nebraska,0.4352223146701051,0.5647776853298949,2.7040000000000077,6.480800000000002,-2.299999999999997,1.0,0.5999999999999996,-3.3999999999999986,7.4999999999999964,2.400000000000002,1.4984000000000037,-4.16334
2026,Kentucky,Troy,Kentucky,0.9287267791401705,0.07127322085982946,9.227000000000004,-9.041899999999998,1.2000000000000028,-1.3000000000000043,-2.0,-1.0999999999999979,-1.0,-1.5,3.235199999999992,9.44371
2026,Kentucky,North Carolina,Kentucky,0.5025402676513534,0.4974597323486466,-1.5019999999999953,-0.029899999999997817,-1.5,0.5999999999999943,1.0,2.200000000000001,2.3999999999999986,2.0,0.3336999999999932,-1.6289500000000001
2026,Kentucky,VCU,Kentucky,0.689757153475908,0.31024284652409195,0.6269999999999953,-3.065899999999999,-1.0,-0.10000000000000142,-0.1999999999999993,-1.3999999999999986,1.5,0.20000000000000284,-0.361699999999999,1.5813
2026,Kentucky,Penn,Kentucky,0.9209370843274062,0.07906291567259383,13.352999999999994,-5.416899999999998,2.8000000000000043,-2.9000000000000057,-0.40000000000000036,-2.0,3.4999999999999964,-0.3999999999999986,-0.7049999999999983,9.29904
2026,Kentucky,Saint Mary's,Kentucky,0.556968715067027,0.44303128493297295,0.5460000000000065,2.429000000000002,0.20000000000000284,2.0999999999999943,-1.3999999999999986,0.6000000000000014,-3.8000000000000043,6.300000000000001,3.0172000000000025,-0.7159099999999996
2026,Kentucky,Texas A&M,Kentucky,0.5008076133752818,0.4991923866247182,0.05299999999999727,-1.4528999999999996,-1.1000000000000014,-2.0,0.40000000000000036,-2.5,1.5,-2.3999999999999986,-2.6966000000000037,1.69785
2026,Kentucky,LIU,Kentucky,0.9850653823679466,0.014934617632053393,16.268,-9.803899999999999,-0.19999999999999574,-1.0,-4.0,-3.099999999999998,-0.5,-2.5,0.49039999999999395,9.07098
2026,Kentucky,Villanova,Villanova,0.49749521311000366,0.5025047868899963,0.31400000000000716,-0.566900000000004,-0.6000000000000014,-2.5,-0.09999999999999964,-2.8999999999999986,1.3999999999999986,-1.5999999999999979,3.3729000000000013,-0.6495000000000002
2026,Kentucky,Utah St.,Kentucky,0.5209647587939097,0.4790352412060903,-3.114999999999995,-2.1148999999999916,-3.5,-0.8000000000000043,-0.40000000000000036,-4.800000000000001,0.6999999999999957,-2.1000000000000014,0.7655999999999921,-0.6994000000000002
2026,Kentucky,Wisconsin,Wisconsin,0.3174251542543102,0.6825748457456897,-7.272999999999996,-1.6688999999999936,-1.3999999999999986,-2.5,2.1999999999999993,1.4000000000000004,4.399999999999999,1.9000000000000021,-0.37470000000000425,-2.08384
2026,Kentucky,Texas,Kentucky,0.607076156642068,0.39292384335793196,-4.117000000000004,-6.419899999999998,-1.1000000000000014,-2.4000000000000057,-0.3000000000000007,2.4000000000000004,-1.9000000000000057,3.200000000000003,1.2206000000000046,3.503491
2026,Kentucky,Miami FL,Kentucky,0.6236113967867577,0.3763886032132423,-1.1769999999999925,-1.4739000000000004,-2.5,-2.9000000000000057,-1.1999999999999993,-2.599999999999998,-3.200000000000003,3.8000000000000007,0.3896000000000015,-0.55599
2026,Kentucky,Missouri,Kentucky,0.5647284791214596,0.4352715208785404,-0.03499999999999659,-3.072900000000004,-2.1999999999999957,-2.6000000000000014,-3.0,-0.8000000000000007,-1.7000000000000028,-1.2999999999999972,1.9395999999999987,2.14006
2026,Kentucky,Purdue,Purdue,0.15925703808486336,0.8407429619151366,-13.40100000000001,-0.27889999999999304,-4.5,-3.5,1.5,0.20000000000000107,-2.5,3.700000000000003,3.8828999999999922,-5.89617
2026,Kentucky,Queens,Kentucky,0.9657958512567079,0.03420414874329214,5.231999999999999,-17.136899999999997,-3.5,-5.200000000000003,0.1999999999999993,0.8000000000000007,3.3999999999999986,-2.8999999999999986,-1.1829000000000036,10.26
2026,Kentucky,Michigan,Michigan,0.15629745199509879,0.8437025480049012,-7.739999999999995,8.935000000000002,-5.0,4.099999999999994,-1.6999999999999993,0.3000000000000007,-1.6000000000000014,2.400000000000002,-2.8966000000000065,-10.702169999999999
2026,Kentucky,Saint Louis,Kentucky,0.7782220388211374,0.22177796117886261,0.4030000000000058,-2.275899999999993,-6.600000000000001,4.0,-2.3999999999999986,-0.3000000000000007,2.6999999999999957,3.1000000000000014,-2.6946000000000083,1.42162
2026,Kentucky,Texas Tech,Texas Tech,0.2094463970849619,0.7905536029150381,-6.393000000000001,1.1633999999999958,-3.1000000000000014,-0.6000000000000014,-0.9000000000000004,1.1000000000000014,0.5,0.0,1.9111000000000047,-1.7636299999999996
2026,Kentucky,Tennessee,Tennessee,0.26959046104108025,0.7304095389589198,-1.581000000000003,4.458700000000007,1.5,1.0999999999999943,-2.1000000000000014,-0.5,-11.300000000000004,2.200000000000003,3.0944999999999965,-0.8232399999999997
2026,Kentucky,Miami OH,Kentucky,0.9255611238867525,0.07443887611324751,3.2319999999999993,-7.616900000000001,-6.100000000000001,-2.0,0.5,-1.6999999999999993,8.499999999999996,2.0,-1.622399999999999,0.8381799999999999
2026,Kentucky,Virginia,Virginia,0.3525702039847903,0.6474297960152098,-2.3460000000000036,4.136300000000006,-1.5,3.5,-1.0,0.20000000000000107,-4.100000000000001,0.9000000000000021,2.7416999999999945,-4.470140000000001
2026,Kentucky,Wright St.,Kentucky,0.9088704867529557,0.09112951324704432,7.549000000000007,-9.045900000000003,-1.2999999999999972,-3.3000000000000043,-1.3000000000000007,-0.6999999999999993,0.5999999999999943,0.9000000000000021,1.3423999999999978,9.86128
2026,Kentucky,Santa Clara,Santa Clara,0.44404260064293233,0.5559573993570677,-5.094999999999999,-3.7738999999999976,-1.5,-3.0,-0.5999999999999996,-4.300000000000001,-2.9000000000000057,-2.1999999999999957,-0.9381000000000057,1.15136
2026,Kentucky,Tennessee St.,Kentucky,0.9849410392789095,0.015058960721090475,12.117999999999995,-11.882899999999992,3.0,-2.4000000000000057,-1.5,-4.199999999999999,-1.1000000000000014,0.20000000000000284,-1.817300000000003,8.9485
2026,Santa Clara,Siena,Santa Clara,0.9707772821422148,0.029222717857785185,17.801000000000002,-5.159000000000006,4.0,3.1999999999999957,-0.40000000000000036,3.0,4.800000000000004,3.299999999999997,4.6270000000000095,9.91991
2026,Santa Clara,TCU,Santa Clara,0.7322396395390813,0.26776036046091867,10.153999999999996,4.107600000000005,3.700000000000003,0.7999999999999972,0.09999999999999964,0.40000000000000213,2.3000000000000043,3.099999999999998,1.6778000000000048,-0.23227999999999982
2026,Santa Clara,St. John's,St. John's,0.38871379004500134,0.6112862099549987,5.203000000000003,9.656800000000004,3.6000000000000014,4.399999999999999,0.9000000000000004,0.7000000000000028,0.8000000000000043,2.099999999999998,-0.3464000000000027,-5.12036
2026,Santa Clara,South Florida,Santa Clara,0.7012821483889881,0.29871785161101194,8.230999999999995,2.367999999999995,3.700000000000003,3.3999999999999986,0.40000000000000036,1.3000000000000007,-1.5,0.49999999999999645,-2.1440999999999946,2.397478
2026,Santa Clara,UCLA,UCLA,0.39244281805564357,0.6075571819443564,0.45000000000000284,1.965999999999994,0.7000000000000028,1.3999999999999986,2.1999999999999993,2.0,5.600000000000001,-0.10000000000000142,4.569699999999997,-1.4733
2026,Santa Clara,UCF,Santa Clara,0.7999027787514762,0.2000972212485238,5.007999999999996,-1.9399999999999977,1.8000000000000043,-0.6000000000000014,-0.09999999999999964,4.300000000000001,2.3000000000000043,3.799999999999997,0.1413000000000011,0.02120999999999995
2026,Santa Clara,Vanderbilt,Vanderbilt,0.3058431772041774,0.6941568227958226,-2.4680000000000035,4.390199999999993,-0.6999999999999957,3.0,2.299999999999999,2.200000000000003,5.5000000000000036,0.6999999999999957,0.2755999999999972,-5.1586
2026,Santa Clara,Troy,Santa Clara,0.9422455271513018,0.05775447284869817,14.322000000000003,-5.268000000000001,2.700000000000003,1.6999999999999957,-1.4000000000000004,3.200000000000003,1.9000000000000057,0.6999999999999957,4.173299999999998,8.292349999999999
2026,Santa Clara,VCU,Santa Clara,0.7357034569107541,0.2642965430892459,5.721999999999994,0.7079999999999984,0.5,2.8999999999999986,0.40000000000000036,2.900000000000002,4.400000000000006,2.3999999999999986,0.5764000000000067,0.42994
2026,Santa Clara,Texas A&M,Santa Clara,0.5567547533017798,0.4432452466982202,5.147999999999996,2.320999999999998,0.3999999999999986,1.0,1.0,1.8000000000000007,4.400000000000006,-0.20000000000000284,-1.758499999999998,0.5464900000000001
2026,Santa Clara,Villanova,Santa Clara,0.5534825972414,0.44651740275859997,5.409000000000006,3.2069999999999936,0.8999999999999986,0.5,0.5,1.4000000000000021,4.300000000000004,0.5999999999999979,4.311000000000007,-1.8008600000000001
2026,Santa Clara,Utah St.,Santa Clara,0.5765628842501673,0.42343711574983267,1.980000000000004,1.659000000000006,-2.0,2.1999999999999957,0.1999999999999993,-0.5,3.6000000000000014,0.09999999999999432,1.7036999999999978,-1.8507600000000002
2026,Santa Clara,Wisconsin,Wisconsin,0.3679877882110953,0.6320122117889047,-2.1779999999999973,2.105000000000004,0.10000000000000142,0.5,2.799999999999999,5.700000000000001,7.300000000000004,4.099999999999998,0.5634000000000015,-3.2352
2026,Santa Clara,Texas,Santa Clara,0.6592176171372711,0.3407823828627289,0.9779999999999944,-2.646000000000001,0.3999999999999986,0.5999999999999943,0.29999999999999893,6.700000000000001,1.0,5.399999999999999,2.1587000000000103,2.352131
2026,Santa Clara,Texas Tech,Texas Tech,0.24908571220302883,0.7509142877969712,-1.2980000000000018,4.937299999999993,-1.6000000000000014,2.3999999999999986,-0.3000000000000007,5.400000000000002,3.4000000000000057,2.1999999999999957,2.8492000000000104,-2.9149899999999995
2026,Santa Clara,Tennessee,Tennessee,0.3160617075278651,0.6839382924721349,3.513999999999996,8.232600000000005,3.0,4.099999999999994,-1.5000000000000018,3.8000000000000007,-8.399999999999999,4.399999999999999,4.032600000000002,-1.9745999999999997
2026,Santa Clara,Virginia,Virginia,0.4054060843514041,0.594593915648596,2.7489999999999952,7.910200000000003,0.0,6.5,-0.40000000000000036,4.500000000000002,-1.1999999999999957,3.099999999999998,3.6798,-5.6215
2026,Santa Clara,Wright St.,Santa Clara,0.925854797816416,0.074145202183584,12.644000000000005,-5.272000000000006,0.20000000000000284,-0.30000000000000426,-0.7000000000000011,3.6000000000000014,3.5,3.099999999999998,2.2805000000000035,8.70992
2026,Santa Clara,Tennessee St.,Santa Clara,0.9879358525580787,0.012064147441921302,17.212999999999994,-8.108999999999995,4.5,0.5999999999999943,-0.9000000000000004,0.10000000000000142,1.8000000000000043,2.3999999999999986,-0.8791999999999973,7.79714
2026,Iowa St.,Siena,Iowa St.,0.9922535860780108,0.007746413921989159,16.558000000000007,-16.286,5.899999999999999,0.8999999999999986,-0.9000000000000004,5.299999999999997,3.3999999999999986,-0.8999999999999986,2.331299999999999,15.1707
2026,Iowa St.,Ohio St.,Iowa St.,0.7021009887294519,0.2978990112705481,-1.4469999999999885,-8.963999999999999,0.0,-0.7999999999999972,-0.3000000000000007,6.599999999999998,4.4999999999999964,-1.8999999999999986,0.8001999999999896,4.50175
2026,Iowa St.,TCU,Iowa St.,0.9133793826952904,0.0866206173047096,8.911000000000001,-7.01939999999999,5.600000000000001,-1.5,-0.40000000000000036,2.6999999999999993,0.8999999999999986,-1.0999999999999979,-0.6179000000000059,5.018510000000001
2026,Iowa St.,St. John's,Iowa St.,0.7103071109878114,0.2896928890121886,3.960000000000008,-1.4701999999999913,5.5,2.1000000000000014,0.40000000000000036,3.0,-0.6000000000000014,-2.099999999999998,-2.6421000000000134,0.1304300000000005
2026,Iowa St.,Northern Iowa,Iowa St.,0.9175555027998624,0.08244449720013758,13.99300000000001,-5.945700000000002,2.299999999999997,2.299999999999997,0.5,4.299999999999997,13.299999999999997,1.8000000000000007,4.774799999999992,12.66995
2026,Iowa St.,Kansas,Iowa St.,0.7387087072567273,0.2612912927432727,5.945000000000007,-1.7383999999999986,4.899999999999999,4.299999999999997,-0.40000000000000036,8.399999999999999,5.799999999999997,-2.0,-0.6480000000000103,1.1249600000000006
2026,Iowa St.,Louisville,Iowa St.,0.711319590072572,0.28868040992742805,-0.2710000000000008,-5.545899999999989,0.10000000000000142,0.7000000000000028,-1.299999999999999,5.699999999999999,2.3999999999999986,1.2000000000000028,-2.7506000000000057,3.3937800000000005
2026,Iowa St.,South Florida,Iowa St.,0.9005193809301004,0.09948061906989958,6.9879999999999995,-8.759,5.600000000000001,1.1000000000000014,-0.09999999999999964,3.599999999999998,-2.9000000000000057,-3.6999999999999993,-4.439800000000005,7.648268000000001
2026,Iowa St.,Michigan St.,Iowa St.,0.7684320266281784,0.23156797337182156,0.8440000000000083,-3.5625,2.8999999999999986,0.8999999999999986,-2.0000000000000018,7.599999999999998,-3.200000000000003,5.5,0.9808999999999912,-0.052349999999999675
2026,Iowa St.,North Dakota St.,Iowa St.,0.9836501745259141,0.01634982547408592,12.337000000000003,-13.402999999999992,3.1000000000000014,-2.0,-0.5,3.6999999999999993,1.6999999999999957,2.400000000000002,0.6047999999999973,10.74663
2026,Iowa St.,UCLA,Iowa St.,0.7135201703607624,0.28647982963923757,-0.7929999999999922,-9.161000000000001,2.6000000000000014,-0.8999999999999986,1.6999999999999993,4.299999999999997,4.199999999999996,-4.299999999999997,2.2739999999999867,3.7774900000000002
2026,Iowa St.,UCF,Iowa St.,0.9390768950288203,0.0609231049711797,3.7650000000000006,-13.066999999999993,3.700000000000003,-2.8999999999999986,-0.5999999999999996,6.599999999999998,0.8999999999999986,-0.3999999999999986,-2.1544000000000096,5.272
2026,Iowa St.,Prairie View A&M,Iowa St.,0.9959449097043955,0.004055090295604469,22.30900000000001,-18.736999999999995,8.600000000000001,-0.8999999999999986,-0.9000000000000004,3.299999999999997,8.199999999999996,-6.699999999999996,-3.9073000000000064,19.95086
2026,Iowa St.,Vanderbilt,Iowa St.,0.6294767226764111,0.3705232773235889,-3.7109999999999985,-6.736800000000002,1.2000000000000028,0.7000000000000028,1.799999999999999,4.5,4.099999999999998,-3.5,-2.0201000000000136,0.09219000000000044
2026,Iowa St.,McNeese St.,Iowa St.,0.9503098005660909,0.049690199433909066,10.607,-9.50399999999999,5.5,0.6000000000000014,0.7999999999999989,-2.200000000000003,0.29999999999999716,-6.899999999999999,0.8255999999999943,6.689730000000001
2026,Iowa St.,Nebraska,Iowa St.,0.7881473353147571,0.2118526646852429,6.556000000000012,-0.8722999999999956,1.1000000000000014,1.7000000000000028,0.6999999999999993,3.1999999999999993,8.999999999999996,0.40000000000000213,0.1407999999999987,-0.06390999999999991
2026,Iowa St.,Troy,Iowa St.,0.9843523492756896,0.015647650724310402,13.079000000000008,-16.394999999999996,4.600000000000001,-0.6000000000000014,-1.9000000000000004,5.5,0.5,-3.5,1.8775999999999868,13.543140000000001
2026,Iowa St.,North Carolina,Iowa St.,0.829845170383602,0.17015482961639805,2.3500000000000085,-7.382999999999996,1.8999999999999986,1.2999999999999972,1.0999999999999996,8.799999999999999,3.8999999999999986,0.0,-1.0239000000000118,2.4704800000000002
2026,Iowa St.,VCU,Iowa St.,0.9147726689742367,0.0852273310257633,4.478999999999999,-10.418999999999997,2.3999999999999986,0.6000000000000014,-0.09999999999999964,5.199999999999999,3.0,-1.7999999999999972,-1.719300000000004,5.6807300000000005
2026,Iowa St.,Penn,Iowa St.,0.9825277895567667,0.017472210443233327,17.205,-12.769999999999996,6.200000000000003,-2.200000000000003,-0.3000000000000007,4.599999999999998,4.9999999999999964,-2.3999999999999986,-2.0626000000000033,13.39847
2026,Iowa St.,Saint Mary's,Iowa St.,0.8585426234546222,0.14145737654537782,4.39800000000001,-4.924099999999996,3.6000000000000014,2.799999999999997,-1.299999999999999,7.199999999999999,-2.3000000000000043,4.300000000000001,1.6595999999999975,3.3835200000000007
2026,Iowa St.,Texas A&M,Iowa St.,0.8288643019090228,0.17113569809097717,3.905000000000001,-8.805999999999997,2.299999999999997,-1.2999999999999972,0.5,4.099999999999998,3.0,-4.399999999999999,-4.054200000000009,5.797280000000001
2026,Iowa St.,LIU,Iowa St.,0.9968694008660829,0.0031305991339171113,20.120000000000005,-17.156999999999996,3.200000000000003,-0.29999999999999716,-3.9000000000000004,3.5,1.0,-4.5,-0.8672000000000111,13.17041
2026,Iowa St.,Villanova,Iowa St.,0.826976659116831,0.17302334088316895,4.166000000000011,-7.920000000000002,2.799999999999997,-1.7999999999999972,0.0,3.6999999999999993,2.8999999999999986,-3.599999999999998,2.0152999999999963,3.44993
2026,Iowa St.,Utah St.,Iowa St.,0.8400066329151699,0.15999336708483014,0.737000000000009,-9.46799999999999,-0.10000000000000142,-0.10000000000000142,-0.3000000000000007,1.7999999999999972,2.1999999999999957,-4.100000000000001,-0.592000000000013,3.40003
2026,Iowa St.,Wisconsin,Iowa St.,0.6918407425684343,0.3081592574315657,-3.4209999999999923,-9.021999999999991,2.0,-1.7999999999999972,2.299999999999999,7.999999999999998,5.899999999999999,-0.09999999999999787,-1.7323000000000093,2.0155900000000004
2026,Iowa St.,Texas,Iowa St.,0.8817812862763181,0.11821871372368187,-0.26500000000000057,-13.772999999999996,2.299999999999997,-1.7000000000000028,-0.20000000000000107,8.999999999999998,-0.4000000000000057,1.2000000000000028,-0.13700000000000045,7.602921
2026,Iowa St.,Kennesaw St.,Iowa St.,0.9867001501364842,0.013299849863515845,12.956000000000003,-16.88799999999999,5.799999999999997,1.0,-1.5999999999999996,6.299999999999997,-0.20000000000000284,-3.1999999999999993,-4.305000000000007,15.37126
2026,Iowa St.,Miami FL,Iowa St.,0.8888723881543379,0.11112761184566211,2.6750000000000114,-8.826999999999998,0.8999999999999986,-2.200000000000003,-1.0999999999999996,4.0,-1.7000000000000028,1.8000000000000007,-0.9680000000000035,3.5434400000000004
2026,Iowa St.,Missouri,Iowa St.,0.8623259295132465,0.1376740704867535,3.8170000000000073,-10.426000000000002,1.2000000000000028,-1.8999999999999986,-2.9000000000000004,5.799999999999997,-0.20000000000000284,-3.299999999999997,0.5819999999999936,6.23949
2026,Iowa St.,Purdue,Purdue,0.47766554951396645,0.5223344504860336,-9.549000000000007,-7.631999999999991,-1.1000000000000014,-2.799999999999997,1.5999999999999996,6.799999999999999,-1.0,1.7000000000000028,2.525299999999987,-1.7967399999999998
2026,Iowa St.,Queens,Iowa St.,0.9927175203085978,0.007282479691402166,9.084000000000003,-24.489999999999995,-0.10000000000000142,-4.5,0.29999999999999893,7.399999999999999,4.899999999999999,-4.899999999999999,-2.5405000000000086,14.35943
2026,Iowa St.,Michigan,Michigan,0.4721115083195171,0.5278884916804829,-3.887999999999991,1.5819000000000045,-1.6000000000000014,4.799999999999997,-1.5999999999999996,6.899999999999999,-0.10000000000000142,0.40000000000000213,-4.2542000000000115,-6.602739999999999
2026,Iowa St.,Saint Louis,Iowa St.,0.9442600443514652,0.055739955648534845,4.25500000000001,-9.62899999999999,-3.200000000000003,4.700000000000003,-2.299999999999999,6.299999999999997,4.199999999999996,1.1000000000000014,-4.052200000000013,5.521050000000001
2026,Iowa St.,Texas Tech,Iowa St.,0.5612172281529008,0.43878277184709924,-2.540999999999997,-6.189700000000002,0.29999999999999716,0.10000000000000142,-0.8000000000000007,7.699999999999999,2.0,-2.0,0.5534999999999997,2.3358000000000008
2026,Iowa St.,Tennessee,Iowa St.,0.6405305921718933,0.35946940782810666,2.271000000000001,-2.8943999999999903,4.899999999999999,1.7999999999999972,-2.0000000000000018,6.099999999999998,-9.800000000000004,0.20000000000000284,1.7368999999999915,3.2761900000000006
2026,Iowa St.,Miami OH,Iowa St.,0.9836137551239541,0.016386244876045897,7.084000000000003,-14.969999999999999,-2.700000000000003,-1.2999999999999972,0.5999999999999996,4.899999999999999,9.999999999999996,0.0,-2.980000000000004,4.93761
2026,Iowa St.,Virginia,Iowa St.,0.7244430033499223,0.2755569966500777,1.5060000000000002,-3.216799999999992,1.8999999999999986,4.200000000000003,-0.9000000000000004,6.799999999999999,-2.6000000000000014,-1.0999999999999979,1.3840999999999894,-0.3707099999999999
2026,Iowa St.,Wright St.,Iowa St.,0.9796535011136226,0.020346498886377407,11.40100000000001,-16.399,2.1000000000000014,-2.6000000000000014,-1.200000000000001,5.899999999999999,2.0999999999999943,-1.0999999999999979,-0.015200000000007208,13.96071
2026,Iowa St.,Kentucky,Iowa St.,0.8284055803285527,0.17159441967144728,3.852000000000004,-7.353099999999998,3.3999999999999986,0.7000000000000028,0.09999999999999964,6.599999999999998,1.5,-2.0,-1.357600000000005,4.09943
2026,Iowa St.,Santa Clara,Iowa St.,0.7940639036482671,0.20593609635173293,-1.242999999999995,-11.126999999999995,1.8999999999999986,-2.299999999999997,-0.5,2.299999999999997,-1.4000000000000057,-4.199999999999996,-2.2957000000000107,5.25079
2026,Iowa St.,Tennessee St.,Iowa St.,0.9968430210633037,0.0031569789366963086,15.969999999999999,-19.23599999999999,6.399999999999999,-1.7000000000000028,-1.4000000000000004,2.3999999999999986,0.3999999999999986,-1.7999999999999972,-3.174900000000008,13.047930000000001
2026,Tennessee St.,UCLA,UCLA,0.007826091452103478,0.9921739085478966,-16.76299999999999,10.074999999999989,-3.799999999999997,0.8000000000000043,3.0999999999999996,1.8999999999999986,3.799999999999997,-2.5,5.448899999999995,-9.27044
2026,Tennessee St.,UCF,UCF,0.04654410114758375,0.9534558988524162,-12.204999999999998,6.168999999999997,-2.6999999999999957,-1.1999999999999957,0.8000000000000007,4.199999999999999,0.5,1.3999999999999986,1.0204999999999984,-7.77593
2026,Tennessee St.,Vanderbilt,Vanderbilt,0.005351539123641504,0.9946484608763585,-19.680999999999997,12.499199999999988,-5.199999999999996,2.4000000000000057,3.1999999999999993,2.1000000000000014,3.6999999999999993,-1.7000000000000028,1.1547999999999945,-12.955739999999999
2026,Tennessee St.,Troy,Troy,0.16612892653956085,0.8338710734604391,-2.890999999999991,2.840999999999994,-1.7999999999999972,1.1000000000000014,-0.5,3.1000000000000014,0.10000000000000142,-1.7000000000000028,5.052499999999995,0.49521000000000015
2026,Tennessee St.,VCU,VCU,0.03287471098626645,0.9671252890137335,-11.491,8.816999999999993,-4.0,2.3000000000000043,1.3000000000000007,2.8000000000000007,2.6000000000000014,0.0,1.455600000000004,-7.3671999999999995
2026,Tennessee St.,Texas A&M,Texas A&M,0.015106950596064662,0.9848930494039353,-12.064999999999998,10.429999999999993,-4.100000000000001,0.4000000000000057,1.9000000000000004,1.6999999999999993,2.6000000000000014,-2.6000000000000014,-0.8793000000000006,-7.250649999999999
2026,Tennessee St.,Villanova,Villanova,0.01491107337626783,0.9850889266237322,-11.803999999999988,11.315999999999988,-3.6000000000000014,-0.09999999999999432,1.4000000000000004,1.3000000000000007,2.5,-1.8000000000000007,5.190200000000004,-9.597999999999999
2026,Tennessee St.,Utah St.,Utah St.,0.016355499676549267,0.9836445003234507,-15.23299999999999,9.768,-6.5,1.6000000000000014,1.0999999999999996,-0.6000000000000014,1.7999999999999972,-2.3000000000000043,2.582899999999995,-9.6479
2026,Tennessee St.,Wisconsin,Wisconsin,0.007059905282960892,0.9929400947170391,-19.39099999999999,10.213999999999999,-4.399999999999999,-0.09999999999999432,3.6999999999999993,5.6,5.5,1.6999999999999993,1.4425999999999988,-11.03234
2026,Tennessee St.,Texas,Texas,0.02307702823924238,0.9769229717607576,-16.235,5.462999999999994,-4.100000000000001,0.0,1.1999999999999993,6.6,-0.8000000000000043,3.0,3.0379000000000076,-5.445009
2026,Tennessee St.,Texas Tech,Texas Tech,0.004034323412359655,0.9959656765876403,-18.510999999999996,13.046299999999988,-6.100000000000001,1.8000000000000043,0.5999999999999996,5.300000000000001,1.6000000000000014,-0.20000000000000284,3.7284000000000077,-10.712129999999998
2026,Tennessee St.,Virginia,Virginia,0.008257274361175963,0.991742725638824,-14.463999999999999,16.019199999999998,-4.5,5.900000000000006,0.5,4.4,-3.0,0.6999999999999993,4.5589999999999975,-13.41864
2026,Tennessee St.,Wright St.,Wright St.,0.13230990493775374,0.8676900950622463,-4.568999999999988,2.836999999999989,-4.299999999999997,-0.8999999999999986,0.1999999999999993,3.5,1.6999999999999957,0.6999999999999993,3.159700000000001,0.9127800000000006
