Season,Round,TeamA,TeamB,Prob_TeamA_Win,PredictedWinner,DecisionType,Simulation
2026,1,Duke,Siena,0.9935438698062663,Duke,Deterministic-A,1
2026,1,Ohio St.,TCU,0.8173194099086936,Ohio St.,Deterministic-A,1
2026,1,St. John's,Northern Iowa,0.8194627325708945,St. John's,Deterministic-A,1
2026,1,Kansas,Cal Baptist,0.9344506724910557,Kansas,Deterministic-A,1
2026,1,Louisville,South Florida,0.7860380912034134,Louisville,Deterministic-A,1
2026,1,Michigan St.,North Dakota St.,0.9477264024763377,Michigan St.,Deterministic-A,1
2026,1,UCLA,UCF,0.8608948556036264,UCLA,Deterministic-A,1
2026,1,Connecticut,Furman,0.9796773412447337,Connecticut,Deterministic-A,1
2026,1,Florida,Prairie View A&M,0.9961818193152869,Florida,Deterministic-A,1
2026,1,Clemson,Iowa,0.3505781305379848,Iowa,Deterministic-B,1
2026,1,Vanderbilt,McNeese St.,0.9184152829092163,Vanderbilt,Deterministic-A,1
2026,1,Nebraska,Troy,0.9441633711220943,Nebraska,Deterministic-A,1
2026,1,North Carolina,VCU,0.6875785627731936,North Carolina,Deterministic-A,1
2026,1,Illinois,Penn,0.9895456375342501,Illinois,Deterministic-A,1
2026,1,Saint Mary's,Texas A&M,0.4438285608095177,Texas A&M,Sampled,1
2026,1,Houston,Idaho,0.987795711852659,Houston,Deterministic-A,1
2026,1,Arizona,LIU,0.9965336858056648,Arizona,Deterministic-A,1
2026,1,Villanova,Utah St.,0.5234646169642977,Villanova,Sampled,1
2026,1,Wisconsin,High Point,0.9497165580486782,Wisconsin,Deterministic-A,1
2026,1,Arkansas,Hawaii,0.9716546622292703,Arkansas,Deterministic-A,1
2026,1,BYU,Texas,0.5197253112456744,Texas,Sampled,1
2026,1,Gonzaga,Kennesaw St.,0.9513542807092172,Gonzaga,Deterministic-A,1
2026,1,Miami FL,Missouri,0.4391702435681522,Missouri,Sampled,1
2026,1,Purdue,Queens,0.9933361519375553,Purdue,Deterministic-A,1
2026,1,Michigan,Howard,0.9951159249018185,Michigan,Deterministic-A,1
2026,1,Georgia,Saint Louis,0.7686430302506854,Georgia,Deterministic-A,1
2026,1,Texas Tech,Akron,0.9458621882672305,Texas Tech,Deterministic-A,1
2026,1,Alabama,Hofstra,0.9264093701411587,Alabama,Deterministic-A,1
2026,1,Tennessee,SMU,0.7515098630756083,Tennessee,Deterministic-A,1
2026,1,Virginia,Wright St.,0.9482248567091944,Virginia,Deterministic-A,1
2026,1,Kentucky,Santa Clara,0.4440426006429322,Kentucky,Sampled,1
2026,1,Iowa St.,Tennessee St.,0.9968430210633037,Iowa St.,Deterministic-A,1
2026,2,Duke,Ohio St.,0.7390086079975868,Duke,Deterministic-A,1
2026,2,St. John's,Kansas,0.5355379132546708,Kansas,Sampled,1
2026,2,Louisville,Michigan St.,0.5738745576876145,Michigan St.,Sampled,1
2026,2,UCLA,Connecticut,0.4866936834089793,Connecticut,Sampled,1
2026,2,Florida,Iowa,0.7639271236235,Florida,Deterministic-A,1
2026,2,Vanderbilt,Nebraska,0.6865031249657692,Vanderbilt,Deterministic-A,1
2026,2,North Carolina,Illinois,0.1085885722333618,Illinois,Deterministic-B,1
2026,2,Texas A&M,Houston,0.12186466965786469,Houston,Deterministic-B,1
2026,2,Arizona,Villanova,0.8118606356348161,Arizona,Deterministic-A,1
2026,2,Wisconsin,Arkansas,0.4950278069857847,Wisconsin,Sampled,1
2026,2,Texas,Gonzaga,0.3371285202551729,Gonzaga,Deterministic-B,1
2026,2,Missouri,Purdue,0.12740044483533358,Purdue,Deterministic-B,1
2026,2,Michigan,Georgia,0.8507771524948368,Michigan,Deterministic-A,1
2026,2,Texas Tech,Alabama,0.5938325194380916,Texas Tech,Sampled,1
2026,2,Tennessee,Virginia,0.5960276902383712,Tennessee,Sampled,1
2026,2,Kentucky,Iowa St.,0.1715944196714473,Iowa St.,Deterministic-B,1
2026,3,Duke,Kansas,0.7725501680853833,Duke,Deterministic-A,1
2026,3,Michigan St.,Connecticut,0.4157672305224931,Connecticut,Sampled,1
2026,3,Florida,Vanderbilt,0.6434590659410105,Florida,Deterministic-A,1
2026,3,Illinois,Houston,0.5308158063976895,Houston,Sampled,1
2026,3,Arizona,Wisconsin,0.6696350275590703,Arizona,Deterministic-A,1
2026,3,Gonzaga,Purdue,0.1942405317302338,Purdue,Deterministic-B,1
2026,3,Michigan,Texas Tech,0.5885013419889603,Texas Tech,Sampled,1
2026,3,Tennessee,Iowa St.,0.3594694078281067,Iowa St.,Deterministic-B,1
2026,4,Duke,Connecticut,0.7393907100072757,Duke,Deterministic-A,1
2026,4,Florida,Houston,0.41657408763462916,Houston,Sampled,1
2026,4,Arizona,Purdue,0.45224561567796356,Arizona,Sampled,1
2026,4,Texas Tech,Iowa St.,0.43878277184709924,Iowa St.,Sampled,1
2026,5,Duke,Houston,0.44675503197660105,Duke,Sampled,1
2026,5,Arizona,Iowa St.,0.4744711531664893,Iowa St.,Sampled,1
2026,6,Duke,Iowa St.,0.545746564850346,Iowa St.,Sampled,1
2026,1,Duke,Siena,0.9935438698062663,Duke,Deterministic-A,2
2026,1,Ohio St.,TCU,0.8173194099086936,Ohio St.,Deterministic-A,2
2026,1,St. John's,Northern Iowa,0.8194627325708945,St. John's,Deterministic-A,2
2026,1,Kansas,Cal Baptist,0.9344506724910557,Kansas,Deterministic-A,2
2026,1,Louisville,South Florida,0.7860380912034134,Louisville,Deterministic-A,2
2026,1,Michigan St.,North Dakota St.,0.9477264024763377,Michigan St.,Deterministic-A,2
2026,1,UCLA,UCF,0.8608948556036264,UCLA,Deterministic-A,2
2026,1,Connecticut,Furman,0.9796773412447337,Connecticut,Deterministic-A,2
2026,1,Florida,Prairie View A&M,0.9961818193152869,Florida,Deterministic-A,2
2026,1,Clemson,Iowa,0.3505781305379848,Iowa,Deterministic-B,2
2026,1,Vanderbilt,McNeese St.,0.9184152829092163,Vanderbilt,Deterministic-A,2
2026,1,Nebraska,Troy,0.9441633711220943,Nebraska,Deterministic-A,2
2026,1,North Carolina,VCU,0.6875785627731936,North Carolina,Deterministic-A,2
2026,1,Illinois,Penn,0.9895456375342501,Illinois,Deterministic-A,2
2026,1,Saint Mary's,Texas A&M,0.4438285608095177,Texas A&M,Sampled,2
2026,1,Houston,Idaho,0.987795711852659,Houston,Deterministic-A,2
2026,1,Arizona,LIU,0.9965336858056648,Arizona,Deterministic-A,2
2026,1,Villanova,Utah St.,0.5234646169642977,Villanova,Sampled,2
2026,1,Wisconsin,High Point,0.9497165580486782,Wisconsin,Deterministic-A,2
2026,1,Arkansas,Hawaii,0.9716546622292703,Arkansas,Deterministic-A,2
2026,1,BYU,Texas,0.5197253112456744,Texas,Sampled,2
2026,1,Gonzaga,Kennesaw St.,0.9513542807092172,Gonzaga,Deterministic-A,2
2026,1,Miami FL,Missouri,0.4391702435681522,Missouri,Sampled,2
2026,1,Purdue,Queens,0.9933361519375553,Purdue,Deterministic-A,2
2026,1,Michigan,Howard,0.9951159249018185,Michigan,Deterministic-A,2
2026,1,Georgia,Saint Louis,0.7686430302506854,Georgia,Deterministic-A,2
2026,1,Texas Tech,Akron,0.9458621882672305,Texas Tech,Deterministic-A,2
2026,1,Alabama,Hofstra,0.9264093701411587,Alabama,Deterministic-A,2
2026,1,Tennessee,SMU,0.7515098630756083,Tennessee,Deterministic-A,2
2026,1,Virginia,Wright St.,0.9482248567091944,Virginia,Deterministic-A,2
2026,1,Kentucky,Santa Clara,0.4440426006429322,Santa Clara,Sampled,2
2026,1,Iowa St.,Tennessee St.,0.9968430210633037,Iowa St.,Deterministic-A,2
2026,2,Duke,Ohio St.,0.7390086079975868,Duke,Deterministic-A,2
2026,2,St. John's,Kansas,0.5355379132546708,St. John's,Sampled,2
2026,2,Louisville,Michigan St.,0.5738745576876145,Louisville,Sampled,2
2026,2,UCLA,Connecticut,0.4866936834089793,UCLA,Sampled,2
2026,2,Florida,Iowa,0.7639271236235,Florida,Deterministic-A,2
2026,2,Vanderbilt,Nebraska,0.6865031249657692,Vanderbilt,Deterministic-A,2
2026,2,North Carolina,Illinois,0.1085885722333618,Illinois,Deterministic-B,2
2026,2,Texas A&M,Houston,0.12186466965786469,Houston,Deterministic-B,2
2026,2,Arizona,Villanova,0.8118606356348161,Arizona,Deterministic-A,2
2026,2,Wisconsin,Arkansas,0.4950278069857847,Wisconsin,Sampled,2
2026,2,Texas,Gonzaga,0.3371285202551729,Gonzaga,Deterministic-B,2
2026,2,Missouri,Purdue,0.12740044483533358,Purdue,Deterministic-B,2
2026,2,Michigan,Georgia,0.8507771524948368,Michigan,Deterministic-A,2
2026,2,Texas Tech,Alabama,0.5938325194380916,Alabama,Sampled,2
2026,2,Tennessee,Virginia,0.5960276902383712,Virginia,Sampled,2
2026,2,Santa Clara,Iowa St.,0.2059360963517331,Iowa St.,Deterministic-B,2
2026,3,Duke,St. John's,0.7465650367093921,Duke,Deterministic-A,2
2026,3,Louisville,UCLA,0.5026852193649918,UCLA,Sampled,2
2026,3,Florida,Vanderbilt,0.6434590659410105,Florida,Deterministic-A,2
2026,3,Illinois,Houston,0.5308158063976895,Illinois,Sampled,2
2026,3,Arizona,Wisconsin,0.6696350275590703,Arizona,Deterministic-A,2
2026,3,Gonzaga,Purdue,0.1942405317302338,Purdue,Deterministic-B,2
2026,3,Michigan,Alabama,0.6764719544732708,Michigan,Deterministic-A,2
2026,3,Virginia,Iowa St.,0.2755569966500777,Iowa St.,Deterministic-B,2
2026,4,Duke,UCLA,0.7495177625156639,Duke,Deterministic-A,2
2026,4,Florida,Illinois,0.3869211107003162,Illinois,Deterministic-B,2
2026,4,Arizona,Purdue,0.45224561567796356,Arizona,Sampled,2
2026,4,Michigan,Iowa St.,0.5278884916804828,Michigan,Sampled,2
2026,5,Duke,Illinois,0.4164873314575824,Duke,Sampled,2
2026,5,Arizona,Michigan,0.4467343537440333,Arizona,Sampled,2
2026,6,Duke,Arizona,0.5709440018736711,Duke,Sampled,2
2026,1,Duke,Siena,0.9935438698062663,Duke,Deterministic-A,3
2026,1,Ohio St.,TCU,0.8173194099086936,Ohio St.,Deterministic-A,3
2026,1,St. John's,Northern Iowa,0.8194627325708945,St. John's,Deterministic-A,3
2026,1,Kansas,Cal Baptist,0.9344506724910557,Kansas,Deterministic-A,3
2026,1,Louisville,South Florida,0.7860380912034134,Louisville,Deterministic-A,3
2026,1,Michigan St.,North Dakota St.,0.9477264024763377,Michigan St.,Deterministic-A,3
2026,1,UCLA,UCF,0.8608948556036264,UCLA,Deterministic-A,3
2026,1,Connecticut,Furman,0.9796773412447337,Connecticut,Deterministic-A,3
2026,1,Florida,Prairie View A&M,0.9961818193152869,Florida,Deterministic-A,3
2026,1,Clemson,Iowa,0.3505781305379848,Iowa,Deterministic-B,3
2026,1,Vanderbilt,McNeese St.,0.9184152829092163,Vanderbilt,Deterministic-A,3
2026,1,Nebraska,Troy,0.9441633711220943,Nebraska,Deterministic-A,3
2026,1,North Carolina,VCU,0.6875785627731936,North Carolina,Deterministic-A,3
2026,1,Illinois,Penn,0.9895456375342501,Illinois,Deterministic-A,3
2026,1,Saint Mary's,Texas A&M,0.4438285608095177,Saint Mary's,Sampled,3
2026,1,Houston,Idaho,0.987795711852659,Houston,Deterministic-A,3
2026,1,Arizona,LIU,0.9965336858056648,Arizona,Deterministic-A,3
2026,1,Villanova,Utah St.,0.5234646169642977,Utah St.,Sampled,3
2026,1,Wisconsin,High Point,0.9497165580486782,Wisconsin,Deterministic-A,3
2026,1,Arkansas,Hawaii,0.9716546622292703,Arkansas,Deterministic-A,3
2026,1,BYU,Texas,0.5197253112456744,BYU,Sampled,3
2026,1,Gonzaga,Kennesaw St.,0.9513542807092172,Gonzaga,Deterministic-A,3
2026,1,Miami FL,Missouri,0.4391702435681522,Missouri,Sampled,3
2026,1,Purdue,Queens,0.9933361519375553,Purdue,Deterministic-A,3
2026,1,Michigan,Howard,0.9951159249018185,Michigan,Deterministic-A,3
2026,1,Georgia,Saint Louis,0.7686430302506854,Georgia,Deterministic-A,3
2026,1,Texas Tech,Akron,0.9458621882672305,Texas Tech,Deterministic-A,3
2026,1,Alabama,Hofstra,0.9264093701411587,Alabama,Deterministic-A,3
2026,1,Tennessee,SMU,0.7515098630756083,Tennessee,Deterministic-A,3
2026,1,Virginia,Wright St.,0.9482248567091944,Virginia,Deterministic-A,3
2026,1,Kentucky,Santa Clara,0.4440426006429322,Santa Clara,Sampled,3
2026,1,Iowa St.,Tennessee St.,0.9968430210633037,Iowa St.,Deterministic-A,3
2026,2,Duke,Ohio St.,0.7390086079975868,Duke,Deterministic-A,3
2026,2,St. John's,Kansas,0.5355379132546708,St. John's,Sampled,3
2026,2,Louisville,Michigan St.,0.5738745576876145,Michigan St.,Sampled,3
2026,2,UCLA,Connecticut,0.4866936834089793,Connecticut,Sampled,3
2026,2,Florida,Iowa,0.7639271236235,Florida,Deterministic-A,3
2026,2,Vanderbilt,Nebraska,0.6865031249657692,Vanderbilt,Deterministic-A,3
2026,2,North Carolina,Illinois,0.1085885722333618,Illinois,Deterministic-B,3
2026,2,Saint Mary's,Houston,0.09970310434646365,Houston,Deterministic-B,3
2026,2,Arizona,Utah St.,0.8257891559341833,Arizona,Deterministic-A,3
2026,2,Wisconsin,Arkansas,0.4950278069857847,Wisconsin,Sampled,3
2026,2,BYU,Gonzaga,0.35499034688497266,Gonzaga,Deterministic-B,3
2026,2,Missouri,Purdue,0.12740044483533358,Purdue,Deterministic-B,3
2026,2,Michigan,Georgia,0.8507771524948368,Michigan,Deterministic-A,3
2026,2,Texas Tech,Alabama,0.5938325194380916,Texas Tech,Sampled,3
2026,2,Tennessee,Virginia,0.5960276902383712,Virginia,Sampled,3
2026,2,Santa Clara,Iowa St.,0.2059360963517331,Iowa St.,Deterministic-B,3
2026,3,Duke,St. John's,0.7465650367093921,Duke,Deterministic-A,3
2026,3,Michigan St.,Connecticut,0.4157672305224931,Michigan St.,Sampled,3
2026,3,Florida,Vanderbilt,0.6434590659410105,Florida,Deterministic-A,3
2026,3,Illinois,Houston,0.5308158063976895,Illinois,Sampled,3
2026,3,Arizona,Wisconsin,0.6696350275590703,Arizona,Deterministic-A,3
2026,3,Gonzaga,Purdue,0.1942405317302338,Purdue,Deterministic-B,3
2026,3,Michigan,Texas Tech,0.5885013419889603,Michigan,Sampled,3
2026,3,Virginia,Iowa St.,0.2755569966500777,Iowa St.,Deterministic-B,3
2026,4,Duke,Michigan St.,0.7994688685835264,Duke,Deterministic-A,3
2026,4,Florida,Illinois,0.3869211107003162,Illinois,Deterministic-B,3
2026,4,Arizona,Purdue,0.45224561567796356,Purdue,Sampled,3
2026,4,Michigan,Iowa St.,0.5278884916804828,Iowa St.,Sampled,3
2026,5,Duke,Illinois,0.4164873314575824,Illinois,Sampled,3
2026,5,Purdue,Iowa St.,0.5223344504860334,Iowa St.,Sampled,3
2026,6,Illinois,Iowa St.,0.6273136678289432,Illinois,Deterministic-A,3
2026,1,Duke,Siena,0.9935438698062663,Duke,Deterministic-A,4
2026,1,Ohio St.,TCU,0.8173194099086936,Ohio St.,Deterministic-A,4
2026,1,St. John's,Northern Iowa,0.8194627325708945,St. John's,Deterministic-A,4
2026,1,Kansas,Cal Baptist,0.9344506724910557,Kansas,Deterministic-A,4
2026,1,Louisville,South Florida,0.7860380912034134,Louisville,Deterministic-A,4
2026,1,Michigan St.,North Dakota St.,0.9477264024763377,Michigan St.,Deterministic-A,4
2026,1,UCLA,UCF,0.8608948556036264,UCLA,Deterministic-A,4
2026,1,Connecticut,Furman,0.9796773412447337,Connecticut,Deterministic-A,4
2026,1,Florida,Prairie View A&M,0.9961818193152869,Florida,Deterministic-A,4
2026,1,Clemson,Iowa,0.3505781305379848,Iowa,Deterministic-B,4
2026,1,Vanderbilt,McNeese St.,0.9184152829092163,Vanderbilt,Deterministic-A,4
2026,1,Nebraska,Troy,0.9441633711220943,Nebraska,Deterministic-A,4
2026,1,North Carolina,VCU,0.6875785627731936,North Carolina,Deterministic-A,4
2026,1,Illinois,Penn,0.9895456375342501,Illinois,Deterministic-A,4
2026,1,Saint Mary's,Texas A&M,0.4438285608095177,Texas A&M,Sampled,4
2026,1,Houston,Idaho,0.987795711852659,Houston,Deterministic-A,4
2026,1,Arizona,LIU,0.9965336858056648,Arizona,Deterministic-A,4
2026,1,Villanova,Utah St.,0.5234646169642977,Utah St.,Sampled,4
2026,1,Wisconsin,High Point,0.9497165580486782,Wisconsin,Deterministic-A,4
2026,1,Arkansas,Hawaii,0.9716546622292703,Arkansas,Deterministic-A,4
2026,1,BYU,Texas,0.5197253112456744,BYU,Sampled,4
2026,1,Gonzaga,Kennesaw St.,0.9513542807092172,Gonzaga,Deterministic-A,4
2026,1,Miami FL,Missouri,0.4391702435681522,Miami FL,Sampled,4
2026,1,Purdue,Queens,0.9933361519375553,Purdue,Deterministic-A,4
2026,1,Michigan,Howard,0.9951159249018185,Michigan,Deterministic-A,4
2026,1,Georgia,Saint Louis,0.7686430302506854,Georgia,Deterministic-A,4
2026,1,Texas Tech,Akron,0.9458621882672305,Texas Tech,Deterministic-A,4
2026,1,Alabama,Hofstra,0.9264093701411587,Alabama,Deterministic-A,4
2026,1,Tennessee,SMU,0.7515098630756083,Tennessee,Deterministic-A,4
2026,1,Virginia,Wright St.,0.9482248567091944,Virginia,Deterministic-A,4
2026,1,Kentucky,Santa Clara,0.4440426006429322,Santa Clara,Sampled,4
2026,1,Iowa St.,Tennessee St.,0.9968430210633037,Iowa St.,Deterministic-A,4
2026,2,Duke,Ohio St.,0.7390086079975868,Duke,Deterministic-A,4
2026,2,St. John's,Kansas,0.5355379132546708,St. John's,Sampled,4
2026,2,Louisville,Michigan St.,0.5738745576876145,Louisville,Sampled,4
2026,2,UCLA,Connecticut,0.4866936834089793,Connecticut,Sampled,4
2026,2,Florida,Iowa,0.7639271236235,Florida,Deterministic-A,4
2026,2,Vanderbilt,Nebraska,0.6865031249657692,Vanderbilt,Deterministic-A,4
2026,2,North Carolina,Illinois,0.1085885722333618,Illinois,Deterministic-B,4
2026,2,Texas A&M,Houston,0.12186466965786469,Houston,Deterministic-B,4
2026,2,Arizona,Utah St.,0.8257891559341833,Arizona,Deterministic-A,4
2026,2,Wisconsin,Arkansas,0.4950278069857847,Arkansas,Sampled,4
2026,2,BYU,Gonzaga,0.35499034688497266,Gonzaga,Deterministic-B,4
2026,2,Miami FL,Purdue,0.10259926213999071,Purdue,Deterministic-B,4
2026,2,Michigan,Georgia,0.8507771524948368,Michigan,Deterministic-A,4
2026,2,Texas Tech,Alabama,0.5938325194380916,Texas Tech,Sampled,4
2026,2,Tennessee,Virginia,0.5960276902383712,Tennessee,Sampled,4
2026,2,Santa Clara,Iowa St.,0.2059360963517331,Iowa St.,Deterministic-B,4
2026,3,Duke,St. John's,0.7465650367093921,Duke,Deterministic-A,4
2026,3,Louisville,Connecticut,0.489377384573671,Louisville,Sampled,4
2026,3,Florida,Vanderbilt,0.6434590659410105,Florida,Deterministic-A,4
2026,3,Illinois,Houston,0.5308158063976895,Illinois,Sampled,4
2026,3,Arizona,Arkansas,0.665220260010551,Arizona,Deterministic-A,4
2026,3,Gonzaga,Purdue,0.1942405317302338,Purdue,Deterministic-B,4
2026,3,Michigan,Texas Tech,0.5885013419889603,Michigan,Sampled,4
2026,3,Tennessee,Iowa St.,0.3594694078281067,Iowa St.,Deterministic-B,4
2026,4,Duke,Louisville,0.7474958418351636,Duke,Deterministic-A,4
2026,4,Florida,Illinois,0.3869211107003162,Illinois,Deterministic-B,4
2026,4,Arizona,Purdue,0.45224561567796356,Arizona,Sampled,4
2026,4,Michigan,Iowa St.,0.5278884916804828,Michigan,Sampled,4
2026,5,Duke,Illinois,0.4164873314575824,Illinois,Sampled,4
2026,5,Arizona,Michigan,0.4467343537440333,Arizona,Sampled,4
2026,6,Illinois,Arizona,0.6508809589180099,Illinois,Deterministic-A,4
2026,1,Duke,Siena,0.9935438698062663,Duke,Deterministic-A,5
2026,1,Ohio St.,TCU,0.8173194099086936,Ohio St.,Deterministic-A,5
2026,1,St. John's,Northern Iowa,0.8194627325708945,St. John's,Deterministic-A,5
2026,1,Kansas,Cal Baptist,0.9344506724910557,Kansas,Deterministic-A,5
2026,1,Louisville,South Florida,0.7860380912034134,Louisville,Deterministic-A,5
2026,1,Michigan St.,North Dakota St.,0.9477264024763377,Michigan St.,Deterministic-A,5
2026,1,UCLA,UCF,0.8608948556036264,UCLA,Deterministic-A,5
2026,1,Connecticut,Furman,0.9796773412447337,Connecticut,Deterministic-A,5
2026,1,Florida,Prairie View A&M,0.9961818193152869,Florida,Deterministic-A,5
2026,1,Clemson,Iowa,0.3505781305379848,Iowa,Deterministic-B,5
2026,1,Vanderbilt,McNeese St.,0.9184152829092163,Vanderbilt,Deterministic-A,5
2026,1,Nebraska,Troy,0.9441633711220943,Nebraska,Deterministic-A,5
2026,1,North Carolina,VCU,0.6875785627731936,North Carolina,Deterministic-A,5
2026,1,Illinois,Penn,0.9895456375342501,Illinois,Deterministic-A,5
2026,1,Saint Mary's,Texas A&M,0.4438285608095177,Saint Mary's,Sampled,5
2026,1,Houston,Idaho,0.987795711852659,Houston,Deterministic-A,5
2026,1,Arizona,LIU,0.9965336858056648,Arizona,Deterministic-A,5
2026,1,Villanova,Utah St.,0.5234646169642977,Villanova,Sampled,5
2026,1,Wisconsin,High Point,0.9497165580486782,Wisconsin,Deterministic-A,5
2026,1,Arkansas,Hawaii,0.9716546622292703,Arkansas,Deterministic-A,5
2026,1,BYU,Texas,0.5197253112456744,BYU,Sampled,5
2026,1,Gonzaga,Kennesaw St.,0.9513542807092172,Gonzaga,Deterministic-A,5
2026,1,Miami FL,Missouri,0.4391702435681522,Missouri,Sampled,5
2026,1,Purdue,Queens,0.9933361519375553,Purdue,Deterministic-A,5
2026,1,Michigan,Howard,0.9951159249018185,Michigan,Deterministic-A,5
2026,1,Georgia,Saint Louis,0.7686430302506854,Georgia,Deterministic-A,5
2026,1,Texas Tech,Akron,0.9458621882672305,Texas Tech,Deterministic-A,5
2026,1,Alabama,Hofstra,0.9264093701411587,Alabama,Deterministic-A,5
2026,1,Tennessee,SMU,0.7515098630756083,Tennessee,Deterministic-A,5
2026,1,Virginia,Wright St.,0.9482248567091944,Virginia,Deterministic-A,5
2026,1,Kentucky,Santa Clara,0.4440426006429322,Santa Clara,Sampled,5
2026,1,Iowa St.,Tennessee St.,0.9968430210633037,Iowa St.,Deterministic-A,5
2026,2,Duke,Ohio St.,0.7390086079975868,Duke,Deterministic-A,5
2026,2,St. John's,Kansas,0.5355379132546708,Kansas,Sampled,5
2026,2,Louisville,Michigan St.,0.5738745576876145,Michigan St.,Sampled,5
2026,2,UCLA,Connecticut,0.4866936834089793,UCLA,Sampled,5
2026,2,Florida,Iowa,0.7639271236235,Florida,Deterministic-A,5
2026,2,Vanderbilt,Nebraska,0.6865031249657692,Vanderbilt,Deterministic-A,5
2026,2,North Carolina,Illinois,0.1085885722333618,Illinois,Deterministic-B,5
2026,2,Saint Mary's,Houston,0.09970310434646365,Houston,Deterministic-B,5
2026,2,Arizona,Villanova,0.8118606356348161,Arizona,Deterministic-A,5
2026,2,Wisconsin,Arkansas,0.4950278069857847,Arkansas,Sampled,5
2026,2,BYU,Gonzaga,0.35499034688497266,Gonzaga,Deterministic-B,5
2026,2,Missouri,Purdue,0.12740044483533358,Purdue,Deterministic-B,5
2026,2,Michigan,Georgia,0.8507771524948368,Michigan,Deterministic-A,5
2026,2,Texas Tech,Alabama,0.5938325194380916,Texas Tech,Sampled,5
2026,2,Tennessee,Virginia,0.5960276902383712,Tennessee,Sampled,5
2026,2,Santa Clara,Iowa St.,0.2059360963517331,Iowa St.,Deterministic-B,5
2026,3,Duke,Kansas,0.7725501680853833,Duke,Deterministic-A,5
2026,3,Michigan St.,UCLA,0.4287541296772118,Michigan St.,Sampled,5
2026,3,Florida,Vanderbilt,0.6434590659410105,Florida,Deterministic-A,5
2026,3,Illinois,Houston,0.5308158063976895,Houston,Sampled,5
2026,3,Arizona,Arkansas,0.665220260010551,Arizona,Deterministic-A,5
2026,3,Gonzaga,Purdue,0.1942405317302338,Purdue,Deterministic-B,5
2026,3,Michigan,Texas Tech,0.5885013419889603,Michigan,Sampled,5
2026,3,Tennessee,Iowa St.,0.3594694078281067,Iowa St.,Deterministic-B,5
2026,4,Duke,Michigan St.,0.7994688685835264,Duke,Deterministic-A,5
2026,4,Florida,Houston,0.41657408763462916,Florida,Sampled,5
2026,4,Arizona,Purdue,0.45224561567796356,Purdue,Sampled,5
2026,4,Michigan,Iowa St.,0.5278884916804828,Michigan,Sampled,5
2026,5,Duke,Florida,0.5307269011552253,Florida,Sampled,5
2026,5,Purdue,Michigan,0.4944320863679664,Purdue,Sampled,5
2026,6,Florida,Purdue,0.4927603710573575,Florida,Sampled,5
2026,1,Duke,Siena,0.9935438698062663,Duke,Deterministic-A,6
2026,1,Ohio St.,TCU,0.8173194099086936,Ohio St.,Deterministic-A,6
2026,1,St. John's,Northern Iowa,0.8194627325708945,St. John's,Deterministic-A,6
2026,1,Kansas,Cal Baptist,0.9344506724910557,Kansas,Deterministic-A,6
2026,1,Louisville,South Florida,0.7860380912034134,Louisville,Deterministic-A,6
2026,1,Michigan St.,North Dakota St.,0.9477264024763377,Michigan St.,Deterministic-A,6
2026,1,UCLA,UCF,0.8608948556036264,UCLA,Deterministic-A,6
2026,1,Connecticut,Furman,0.9796773412447337,Connecticut,Deterministic-A,6
2026,1,Florida,Prairie View A&M,0.9961818193152869,Florida,Deterministic-A,6
2026,1,Clemson,Iowa,0.3505781305379848,Iowa,Deterministic-B,6
2026,1,Vanderbilt,McNeese St.,0.9184152829092163,Vanderbilt,Deterministic-A,6
2026,1,Nebraska,Troy,0.9441633711220943,Nebraska,Deterministic-A,6
2026,1,North Carolina,VCU,0.6875785627731936,North Carolina,Deterministic-A,6
2026,1,Illinois,Penn,0.9895456375342501,Illinois,Deterministic-A,6
2026,1,Saint Mary's,Texas A&M,0.4438285608095177,Saint Mary's,Sampled,6
2026,1,Houston,Idaho,0.987795711852659,Houston,Deterministic-A,6
2026,1,Arizona,LIU,0.9965336858056648,Arizona,Deterministic-A,6
2026,1,Villanova,Utah St.,0.5234646169642977,Utah St.,Sampled,6
2026,1,Wisconsin,High Point,0.9497165580486782,Wisconsin,Deterministic-A,6
2026,1,Arkansas,Hawaii,0.9716546622292703,Arkansas,Deterministic-A,6
2026,1,BYU,Texas,0.5197253112456744,BYU,Sampled,6
2026,1,Gonzaga,Kennesaw St.,0.9513542807092172,Gonzaga,Deterministic-A,6
2026,1,Miami FL,Missouri,0.4391702435681522,Miami FL,Sampled,6
2026,1,Purdue,Queens,0.9933361519375553,Purdue,Deterministic-A,6
2026,1,Michigan,Howard,0.9951159249018185,Michigan,Deterministic-A,6
2026,1,Georgia,Saint Louis,0.7686430302506854,Georgia,Deterministic-A,6
2026,1,Texas Tech,Akron,0.9458621882672305,Texas Tech,Deterministic-A,6
2026,1,Alabama,Hofstra,0.9264093701411587,Alabama,Deterministic-A,6
2026,1,Tennessee,SMU,0.7515098630756083,Tennessee,Deterministic-A,6
2026,1,Virginia,Wright St.,0.9482248567091944,Virginia,Deterministic-A,6
2026,1,Kentucky,Santa Clara,0.4440426006429322,Kentucky,Sampled,6
2026,1,Iowa St.,Tennessee St.,0.9968430210633037,Iowa St.,Deterministic-A,6
2026,2,Duke,Ohio St.,0.7390086079975868,Duke,Deterministic-A,6
2026,2,St. John's,Kansas,0.5355379132546708,Kansas,Sampled,6
2026,2,Louisville,Michigan St.,0.5738745576876145,Michigan St.,Sampled,6
2026,2,UCLA,Connecticut,0.4866936834089793,Connecticut,Sampled,6
2026,2,Florida,Iowa,0.7639271236235,Florida,Deterministic-A,6
2026,2,Vanderbilt,Nebraska,0.6865031249657692,Vanderbilt,Deterministic-A,6
2026,2,North Carolina,Illinois,0.1085885722333618,Illinois,Deterministic-B,6
2026,2,Saint Mary's,Houston,0.09970310434646365,Houston,Deterministic-B,6
2026,2,Arizona,Utah St.,0.8257891559341833,Arizona,Deterministic-A,6
2026,2,Wisconsin,Arkansas,0.4950278069857847,Wisconsin,Sampled,6
2026,2,BYU,Gonzaga,0.35499034688497266,Gonzaga,Deterministic-B,6
2026,2,Miami FL,Purdue,0.10259926213999071,Purdue,Deterministic-B,6
2026,2,Michigan,Georgia,0.8507771524948368,Michigan,Deterministic-A,6
2026,2,Texas Tech,Alabama,0.5938325194380916,Alabama,Sampled,6
2026,2,Tennessee,Virginia,0.5960276902383712,Virginia,Sampled,6
2026,2,Kentucky,Iowa St.,0.1715944196714473,Iowa St.,Deterministic-B,6
2026,3,Duke,Kansas,0.7725501680853833,Duke,Deterministic-A,6
2026,3,Michigan St.,Connecticut,0.4157672305224931,Connecticut,Sampled,6
2026,3,Florida,Vanderbilt,0.6434590659410105,Florida,Deterministic-A,6
2026,3,Illinois,Houston,0.5308158063976895,Illinois,Sampled,6
2026,3,Arizona,Wisconsin,0.6696350275590703,Arizona,Deterministic-A,6
2026,3,Gonzaga,Purdue,0.1942405317302338,Purdue,Deterministic-B,6
2026,3,Michigan,Alabama,0.6764719544732708,Michigan,Deterministic-A,6
2026,3,Virginia,Iowa St.,0.2755569966500777,Iowa St.,Deterministic-B,6
2026,4,Duke,Connecticut,0.7393907100072757,Duke,Deterministic-A,6
2026,4,Florida,Illinois,0.3869211107003162,Illinois,Deterministic-B,6
2026,4,Arizona,Purdue,0.45224561567796356,Arizona,Sampled,6
2026,4,Michigan,Iowa St.,0.5278884916804828,Michigan,Sampled,6
2026,5,Duke,Illinois,0.4164873314575824,Illinois,Sampled,6
2026,5,Arizona,Michigan,0.4467343537440333,Michigan,Sampled,6
2026,6,Illinois,Michigan,0.60085759040946,Illinois,Deterministic-A,6
2026,1,Duke,Siena,0.9935438698062663,Duke,Deterministic-A,7
2026,1,Ohio St.,TCU,0.8173194099086936,Ohio St.,Deterministic-A,7
2026,1,St. John's,Northern Iowa,0.8194627325708945,St. John's,Deterministic-A,7
2026,1,Kansas,Cal Baptist,0.9344506724910557,Kansas,Deterministic-A,7
2026,1,Louisville,South Florida,0.7860380912034134,Louisville,Deterministic-A,7
2026,1,Michigan St.,North Dakota St.,0.9477264024763377,Michigan St.,Deterministic-A,7
2026,1,UCLA,UCF,0.8608948556036264,UCLA,Deterministic-A,7
2026,1,Connecticut,Furman,0.9796773412447337,Connecticut,Deterministic-A,7
2026,1,Florida,Prairie View A&M,0.9961818193152869,Florida,Deterministic-A,7
2026,1,Clemson,Iowa,0.3505781305379848,Iowa,Deterministic-B,7
2026,1,Vanderbilt,McNeese St.,0.9184152829092163,Vanderbilt,Deterministic-A,7
2026,1,Nebraska,Troy,0.9441633711220943,Nebraska,Deterministic-A,7
2026,1,North Carolina,VCU,0.6875785627731936,North Carolina,Deterministic-A,7
2026,1,Illinois,Penn,0.9895456375342501,Illinois,Deterministic-A,7
2026,1,Saint Mary's,Texas A&M,0.4438285608095177,Saint Mary's,Sampled,7
2026,1,Houston,Idaho,0.987795711852659,Houston,Deterministic-A,7
2026,1,Arizona,LIU,0.9965336858056648,Arizona,Deterministic-A,7
2026,1,Villanova,Utah St.,0.5234646169642977,Villanova,Sampled,7
2026,1,Wisconsin,High Point,0.9497165580486782,Wisconsin,Deterministic-A,7
2026,1,Arkansas,Hawaii,0.9716546622292703,Arkansas,Deterministic-A,7
2026,1,BYU,Texas,0.5197253112456744,Texas,Sampled,7
2026,1,Gonzaga,Kennesaw St.,0.9513542807092172,Gonzaga,Deterministic-A,7
2026,1,Miami FL,Missouri,0.4391702435681522,Miami FL,Sampled,7
2026,1,Purdue,Queens,0.9933361519375553,Purdue,Deterministic-A,7
2026,1,Michigan,Howard,0.9951159249018185,Michigan,Deterministic-A,7
2026,1,Georgia,Saint Louis,0.7686430302506854,Georgia,Deterministic-A,7
2026,1,Texas Tech,Akron,0.9458621882672305,Texas Tech,Deterministic-A,7
2026,1,Alabama,Hofstra,0.9264093701411587,Alabama,Deterministic-A,7
2026,1,Tennessee,SMU,0.7515098630756083,Tennessee,Deterministic-A,7
2026,1,Virginia,Wright St.,0.9482248567091944,Virginia,Deterministic-A,7
2026,1,Kentucky,Santa Clara,0.4440426006429322,Santa Clara,Sampled,7
2026,1,Iowa St.,Tennessee St.,0.9968430210633037,Iowa St.,Deterministic-A,7
2026,2,Duke,Ohio St.,0.7390086079975868,Duke,Deterministic-A,7
2026,2,St. John's,Kansas,0.5355379132546708,Kansas,Sampled,7
2026,2,Louisville,Michigan St.,0.5738745576876145,Michigan St.,Sampled,7
2026,2,UCLA,Connecticut,0.4866936834089793,UCLA,Sampled,7
2026,2,Florida,Iowa,0.7639271236235,Florida,Deterministic-A,7
2026,2,Vanderbilt,Nebraska,0.6865031249657692,Vanderbilt,Deterministic-A,7
2026,2,North Carolina,Illinois,0.1085885722333618,Illinois,Deterministic-B,7
2026,2,Saint Mary's,Houston,0.09970310434646365,Houston,Deterministic-B,7
2026,2,Arizona,Villanova,0.8118606356348161,Arizona,Deterministic-A,7
2026,2,Wisconsin,Arkansas,0.4950278069857847,Arkansas,Sampled,7
2026,2,Texas,Gonzaga,0.3371285202551729,Gonzaga,Deterministic-B,7
2026,2,Miami FL,Purdue,0.10259926213999071,Purdue,Deterministic-B,7
2026,2,Michigan,Georgia,0.8507771524948368,Michigan,Deterministic-A,7
2026,2,Texas Tech,Alabama,0.5938325194380916,Texas Tech,Sampled,7
2026,2,Tennessee,Virginia,0.5960276902383712,Virginia,Sampled,7
2026,2,Santa Clara,Iowa St.,0.2059360963517331,Iowa St.,Deterministic-B,7
2026,3,Duke,Kansas,0.7725501680853833,Duke,Deterministic-A,7
2026,3,Michigan St.,UCLA,0.4287541296772118,Michigan St.,Sampled,7
2026,3,Florida,Vanderbilt,0.6434590659410105,Florida,Deterministic-A,7
2026,3,Illinois,Houston,0.5308158063976895,Illinois,Sampled,7
2026,3,Arizona,Arkansas,0.665220260010551,Arizona,Deterministic-A,7
2026,3,Gonzaga,Purdue,0.1942405317302338,Purdue,Deterministic-B,7
2026,3,Michigan,Texas Tech,0.5885013419889603,Michigan,Sampled,7
2026,3,Virginia,Iowa St.,0.2755569966500777,Iowa St.,Deterministic-B,7
2026,4,Duke,Michigan St.,0.7994688685835264,Duke,Deterministic-A,7
2026,4,Florida,Illinois,0.3869211107003162,Illinois,Deterministic-B,7
2026,4,Arizona,Purdue,0.45224561567796356,Purdue,Sampled,7
2026,4,Michigan,Iowa St.,0.5278884916804828,Michigan,Sampled,7
2026,5,Duke,Illinois,0.4164873314575824,Duke,Sampled,7
2026,5,Purdue,Michigan,0.4944320863679664,Purdue,Sampled,7
2026,6,Duke,Purdue,0.5235081899281402,Purdue,Sampled,7
2026,1,Duke,Siena,0.9935438698062663,Duke,Deterministic-A,8
2026,1,Ohio St.,TCU,0.8173194099086936,Ohio St.,Deterministic-A,8
2026,1,St. John's,Northern Iowa,0.8194627325708945,St. John's,Deterministic-A,8
2026,1,Kansas,Cal Baptist,0.9344506724910557,Kansas,Deterministic-A,8
2026,1,Louisville,South Florida,0.7860380912034134,Louisville,Deterministic-A,8
2026,1,Michigan St.,North Dakota St.,0.9477264024763377,Michigan St.,Deterministic-A,8
2026,1,UCLA,UCF,0.8608948556036264,UCLA,Deterministic-A,8
2026,1,Connecticut,Furman,0.9796773412447337,Connecticut,Deterministic-A,8
2026,1,Florida,Prairie View A&M,0.9961818193152869,Florida,Deterministic-A,8
2026,1,Clemson,Iowa,0.3505781305379848,Iowa,Deterministic-B,8
2026,1,Vanderbilt,McNeese St.,0.9184152829092163,Vanderbilt,Deterministic-A,8
2026,1,Nebraska,Troy,0.9441633711220943,Nebraska,Deterministic-A,8
2026,1,North Carolina,VCU,0.6875785627731936,North Carolina,Deterministic-A,8
2026,1,Illinois,Penn,0.9895456375342501,Illinois,Deterministic-A,8
2026,1,Saint Mary's,Texas A&M,0.4438285608095177,Saint Mary's,Sampled,8
2026,1,Houston,Idaho,0.987795711852659,Houston,Deterministic-A,8
2026,1,Arizona,LIU,0.9965336858056648,Arizona,Deterministic-A,8
2026,1,Villanova,Utah St.,0.5234646169642977,Utah St.,Sampled,8
2026,1,Wisconsin,High Point,0.9497165580486782,Wisconsin,Deterministic-A,8
2026,1,Arkansas,Hawaii,0.9716546622292703,Arkansas,Deterministic-A,8
2026,1,BYU,Texas,0.5197253112456744,Texas,Sampled,8
2026,1,Gonzaga,Kennesaw St.,0.9513542807092172,Gonzaga,Deterministic-A,8
2026,1,Miami FL,Missouri,0.4391702435681522,Miami FL,Sampled,8
2026,1,Purdue,Queens,0.9933361519375553,Purdue,Deterministic-A,8
2026,1,Michigan,Howard,0.9951159249018185,Michigan,Deterministic-A,8
2026,1,Georgia,Saint Louis,0.7686430302506854,Georgia,Deterministic-A,8
2026,1,Texas Tech,Akron,0.9458621882672305,Texas Tech,Deterministic-A,8
2026,1,Alabama,Hofstra,0.9264093701411587,Alabama,Deterministic-A,8
2026,1,Tennessee,SMU,0.7515098630756083,Tennessee,Deterministic-A,8
2026,1,Virginia,Wright St.,0.9482248567091944,Virginia,Deterministic-A,8
2026,1,Kentucky,Santa Clara,0.4440426006429322,Santa Clara,Sampled,8
2026,1,Iowa St.,Tennessee St.,0.9968430210633037,Iowa St.,Deterministic-A,8
2026,2,Duke,Ohio St.,0.7390086079975868,Duke,Deterministic-A,8
2026,2,St. John's,Kansas,0.5355379132546708,St. John's,Sampled,8
2026,2,Louisville,Michigan St.,0.5738745576876145,Michigan St.,Sampled,8
2026,2,UCLA,Connecticut,0.4866936834089793,UCLA,Sampled,8
2026,2,Florida,Iowa,0.7639271236235,Florida,Deterministic-A,8
2026,2,Vanderbilt,Nebraska,0.6865031249657692,Vanderbilt,Deterministic-A,8
2026,2,North Carolina,Illinois,0.1085885722333618,Illinois,Deterministic-B,8
2026,2,Saint Mary's,Houston,0.09970310434646365,Houston,Deterministic-B,8
2026,2,Arizona,Utah St.,0.8257891559341833,Arizona,Deterministic-A,8
2026,2,Wisconsin,Arkansas,0.4950278069857847,Arkansas,Sampled,8
2026,2,Texas,Gonzaga,0.3371285202551729,Gonzaga,Deterministic-B,8
2026,2,Miami FL,Purdue,0.10259926213999071,Purdue,Deterministic-B,8
2026,2,Michigan,Georgia,0.8507771524948368,Michigan,Deterministic-A,8
2026,2,Texas Tech,Alabama,0.5938325194380916,Texas Tech,Sampled,8
2026,2,Tennessee,Virginia,0.5960276902383712,Tennessee,Sampled,8
2026,2,Santa Clara,Iowa St.,0.2059360963517331,Iowa St.,Deterministic-B,8
2026,3,Duke,St. John's,0.7465650367093921,Duke,Deterministic-A,8
2026,3,Michigan St.,UCLA,0.4287541296772118,UCLA,Sampled,8
2026,3,Florida,Vanderbilt,0.6434590659410105,Florida,Deterministic-A,8
2026,3,Illinois,Houston,0.5308158063976895,Houston,Sampled,8
2026,3,Arizona,Arkansas,0.665220260010551,Arizona,Deterministic-A,8
2026,3,Gonzaga,Purdue,0.1942405317302338,Purdue,Deterministic-B,8
2026,3,Michigan,Texas Tech,0.5885013419889603,Michigan,Sampled,8
2026,3,Tennessee,Iowa St.,0.3594694078281067,Iowa St.,Deterministic-B,8
2026,4,Duke,UCLA,0.7495177625156639,Duke,Deterministic-A,8
2026,4,Florida,Houston,0.41657408763462916,Houston,Sampled,8
2026,4,Arizona,Purdue,0.45224561567796356,Arizona,Sampled,8
2026,4,Michigan,Iowa St.,0.5278884916804828,Michigan,Sampled,8
2026,5,Duke,Houston,0.44675503197660105,Houston,Sampled,8
2026,5,Arizona,Michigan,0.4467343537440333,Arizona,Sampled,8
2026,6,Houston,Arizona,0.6223404492083077,Houston,Deterministic-A,8
2026,1,Duke,Siena,0.9935438698062663,Duke,Deterministic-A,9
2026,1,Ohio St.,TCU,0.8173194099086936,Ohio St.,Deterministic-A,9
2026,1,St. John's,Northern Iowa,0.8194627325708945,St. John's,Deterministic-A,9
2026,1,Kansas,Cal Baptist,0.9344506724910557,Kansas,Deterministic-A,9
2026,1,Louisville,South Florida,0.7860380912034134,Louisville,Deterministic-A,9
2026,1,Michigan St.,North Dakota St.,0.9477264024763377,Michigan St.,Deterministic-A,9
2026,1,UCLA,UCF,0.8608948556036264,UCLA,Deterministic-A,9
2026,1,Connecticut,Furman,0.9796773412447337,Connecticut,Deterministic-A,9
2026,1,Florida,Prairie View A&M,0.9961818193152869,Florida,Deterministic-A,9
2026,1,Clemson,Iowa,0.3505781305379848,Iowa,Deterministic-B,9
2026,1,Vanderbilt,McNeese St.,0.9184152829092163,Vanderbilt,Deterministic-A,9
2026,1,Nebraska,Troy,0.9441633711220943,Nebraska,Deterministic-A,9
2026,1,North Carolina,VCU,0.6875785627731936,North Carolina,Deterministic-A,9
2026,1,Illinois,Penn,0.9895456375342501,Illinois,Deterministic-A,9
2026,1,Saint Mary's,Texas A&M,0.4438285608095177,Saint Mary's,Sampled,9
2026,1,Houston,Idaho,0.987795711852659,Houston,Deterministic-A,9
2026,1,Arizona,LIU,0.9965336858056648,Arizona,Deterministic-A,9
2026,1,Villanova,Utah St.,0.5234646169642977,Utah St.,Sampled,9
2026,1,Wisconsin,High Point,0.9497165580486782,Wisconsin,Deterministic-A,9
2026,1,Arkansas,Hawaii,0.9716546622292703,Arkansas,Deterministic-A,9
2026,1,BYU,Texas,0.5197253112456744,Texas,Sampled,9
2026,1,Gonzaga,Kennesaw St.,0.9513542807092172,Gonzaga,Deterministic-A,9
2026,1,Miami FL,Missouri,0.4391702435681522,Miami FL,Sampled,9
2026,1,Purdue,Queens,0.9933361519375553,Purdue,Deterministic-A,9
2026,1,Michigan,Howard,0.9951159249018185,Michigan,Deterministic-A,9
2026,1,Georgia,Saint Louis,0.7686430302506854,Georgia,Deterministic-A,9
2026,1,Texas Tech,Akron,0.9458621882672305,Texas Tech,Deterministic-A,9
2026,1,Alabama,Hofstra,0.9264093701411587,Alabama,Deterministic-A,9
2026,1,Tennessee,SMU,0.7515098630756083,Tennessee,Deterministic-A,9
2026,1,Virginia,Wright St.,0.9482248567091944,Virginia,Deterministic-A,9
2026,1,Kentucky,Santa Clara,0.4440426006429322,Santa Clara,Sampled,9
2026,1,Iowa St.,Tennessee St.,0.9968430210633037,Iowa St.,Deterministic-A,9
2026,2,Duke,Ohio St.,0.7390086079975868,Duke,Deterministic-A,9
2026,2,St. John's,Kansas,0.5355379132546708,St. John's,Sampled,9
2026,2,Louisville,Michigan St.,0.5738745576876145,Michigan St.,Sampled,9
2026,2,UCLA,Connecticut,0.4866936834089793,UCLA,Sampled,9
2026,2,Florida,Iowa,0.7639271236235,Florida,Deterministic-A,9
2026,2,Vanderbilt,Nebraska,0.6865031249657692,Vanderbilt,Deterministic-A,9
2026,2,North Carolina,Illinois,0.1085885722333618,Illinois,Deterministic-B,9
2026,2,Saint Mary's,Houston,0.09970310434646365,Houston,Deterministic-B,9
2026,2,Arizona,Utah St.,0.8257891559341833,Arizona,Deterministic-A,9
2026,2,Wisconsin,Arkansas,0.4950278069857847,Arkansas,Sampled,9
2026,2,Texas,Gonzaga,0.3371285202551729,Gonzaga,Deterministic-B,9
2026,2,Miami FL,Purdue,0.10259926213999071,Purdue,Deterministic-B,9
2026,2,Michigan,Georgia,0.8507771524948368,Michigan,Deterministic-A,9
2026,2,Texas Tech,Alabama,0.5938325194380916,Alabama,Sampled,9
2026,2,Tennessee,Virginia,0.5960276902383712,Virginia,Sampled,9
2026,2,Santa Clara,Iowa St.,0.2059360963517331,Iowa St.,Deterministic-B,9
2026,3,Duke,St. John's,0.7465650367093921,Duke,Deterministic-A,9
2026,3,Michigan St.,UCLA,0.4287541296772118,Michigan St.,Sampled,9
2026,3,Florida,Vanderbilt,0.6434590659410105,Florida,Deterministic-A,9
2026,3,Illinois,Houston,0.5308158063976895,Houston,Sampled,9
2026,3,Arizona,Arkansas,0.665220260010551,Arizona,Deterministic-A,9
2026,3,Gonzaga,Purdue,0.1942405317302338,Purdue,Deterministic-B,9
2026,3,Michigan,Alabama,0.6764719544732708,Michigan,Deterministic-A,9
2026,3,Virginia,Iowa St.,0.2755569966500777,Iowa St.,Deterministic-B,9
2026,4,Duke,Michigan St.,0.7994688685835264,Duke,Deterministic-A,9
2026,4,Florida,Houston,0.41657408763462916,Florida,Sampled,9
2026,4,Arizona,Purdue,0.45224561567796356,Arizona,Sampled,9
2026,4,Michigan,Iowa St.,0.5278884916804828,Iowa St.,Sampled,9
2026,5,Duke,Florida,0.5307269011552253,Duke,Sampled,9
2026,5,Arizona,Iowa St.,0.4744711531664893,Iowa St.,Sampled,9
2026,6,Duke,Iowa St.,0.545746564850346,Iowa St.,Sampled,9
2026,1,Duke,Siena,0.9935438698062663,Duke,Deterministic-A,10
2026,1,Ohio St.,TCU,0.8173194099086936,Ohio St.,Deterministic-A,10
2026,1,St. John's,Northern Iowa,0.8194627325708945,St. John's,Deterministic-A,10
2026,1,Kansas,Cal Baptist,0.9344506724910557,Kansas,Deterministic-A,10
2026,1,Louisville,South Florida,0.7860380912034134,Louisville,Deterministic-A,10
2026,1,Michigan St.,North Dakota St.,0.9477264024763377,Michigan St.,Deterministic-A,10
2026,1,UCLA,UCF,0.8608948556036264,UCLA,Deterministic-A,10
2026,1,Connecticut,Furman,0.9796773412447337,Connecticut,Deterministic-A,10
2026,1,Florida,Prairie View A&M,0.9961818193152869,Florida,Deterministic-A,10
2026,1,Clemson,Iowa,0.3505781305379848,Iowa,Deterministic-B,10
2026,1,Vanderbilt,McNeese St.,0.9184152829092163,Vanderbilt,Deterministic-A,10
2026,1,Nebraska,Troy,0.9441633711220943,Nebraska,Deterministic-A,10
2026,1,North Carolina,VCU,0.6875785627731936,North Carolina,Deterministic-A,10
2026,1,Illinois,Penn,0.9895456375342501,Illinois,Deterministic-A,10
2026,1,Saint Mary's,Texas A&M,0.4438285608095177,Saint Mary's,Sampled,10
2026,1,Houston,Idaho,0.987795711852659,Houston,Deterministic-A,10
2026,1,Arizona,LIU,0.9965336858056648,Arizona,Deterministic-A,10
2026,1,Villanova,Utah St.,0.5234646169642977,Utah St.,Sampled,10
2026,1,Wisconsin,High Point,0.9497165580486782,Wisconsin,Deterministic-A,10
2026,1,Arkansas,Hawaii,0.9716546622292703,Arkansas,Deterministic-A,10
2026,1,BYU,Texas,0.5197253112456744,BYU,Sampled,10
2026,1,Gonzaga,Kennesaw St.,0.9513542807092172,Gonzaga,Deterministic-A,10
2026,1,Miami FL,Missouri,0.4391702435681522,Missouri,Sampled,10
2026,1,Purdue,Queens,0.9933361519375553,Purdue,Deterministic-A,10
2026,1,Michigan,Howard,0.9951159249018185,Michigan,Deterministic-A,10
2026,1,Georgia,Saint Louis,0.7686430302506854,Georgia,Deterministic-A,10
2026,1,Texas Tech,Akron,0.9458621882672305,Texas Tech,Deterministic-A,10
2026,1,Alabama,Hofstra,0.9264093701411587,Alabama,Deterministic-A,10
2026,1,Tennessee,SMU,0.7515098630756083,Tennessee,Deterministic-A,10
2026,1,Virginia,Wright St.,0.9482248567091944,Virginia,Deterministic-A,10
2026,1,Kentucky,Santa Clara,0.4440426006429322,Kentucky,Sampled,10
2026,1,Iowa St.,Tennessee St.,0.9968430210633037,Iowa St.,Deterministic-A,10
2026,2,Duke,Ohio St.,0.7390086079975868,Duke,Deterministic-A,10
2026,2,St. John's,Kansas,0.5355379132546708,Kansas,Sampled,10
2026,2,Louisville,Michigan St.,0.5738745576876145,Louisville,Sampled,10
2026,2,UCLA,Connecticut,0.4866936834089793,UCLA,Sampled,10
2026,2,Florida,Iowa,0.7639271236235,Florida,Deterministic-A,10
2026,2,Vanderbilt,Nebraska,0.6865031249657692,Vanderbilt,Deterministic-A,10
2026,2,North Carolina,Illinois,0.1085885722333618,Illinois,Deterministic-B,10
2026,2,Saint Mary's,Houston,0.09970310434646365,Houston,Deterministic-B,10
2026,2,Arizona,Utah St.,0.8257891559341833,Arizona,Deterministic-A,10
2026,2,Wisconsin,Arkansas,0.4950278069857847,Wisconsin,Sampled,10
2026,2,BYU,Gonzaga,0.35499034688497266,Gonzaga,Deterministic-B,10
2026,2,Missouri,Purdue,0.12740044483533358,Purdue,Deterministic-B,10
2026,2,Michigan,Georgia,0.8507771524948368,Michigan,Deterministic-A,10
2026,2,Texas Tech,Alabama,0.5938325194380916,Alabama,Sampled,10
2026,2,Tennessee,Virginia,0.5960276902383712,Virginia,Sampled,10
2026,2,Kentucky,Iowa St.,0.1715944196714473,Iowa St.,Deterministic-B,10
2026,3,Duke,Kansas,0.7725501680853833,Duke,Deterministic-A,10
2026,3,Louisville,UCLA,0.5026852193649918,UCLA,Sampled,10
2026,3,Florida,Vanderbilt,0.6434590659410105,Florida,Deterministic-A,10
2026,3,Illinois,Houston,0.5308158063976895,Houston,Sampled,10
2026,3,Arizona,Wisconsin,0.6696350275590703,Arizona,Deterministic-A,10
2026,3,Gonzaga,Purdue,0.1942405317302338,Purdue,Deterministic-B,10
2026,3,Michigan,Alabama,0.6764719544732708,Michigan,Deterministic-A,10
2026,3,Virginia,Iowa St.,0.2755569966500777,Iowa St.,Deterministic-B,10
2026,4,Duke,UCLA,0.7495177625156639,Duke,Deterministic-A,10
2026,4,Florida,Houston,0.41657408763462916,Houston,Sampled,10
2026,4,Arizona,Purdue,0.45224561567796356,Purdue,Sampled,10
2026,4,Michigan,Iowa St.,0.5278884916804828,Michigan,Sampled,10
2026,5,Duke,Houston,0.44675503197660105,Houston,Sampled,10
2026,5,Purdue,Michigan,0.4944320863679664,Michigan,Sampled,10
2026,6,Houston,Michigan,0.5709235073185751,Houston,Sampled,10
2026,1,Duke,Siena,0.9935438698062663,Duke,Deterministic-A,11
2026,1,Ohio St.,TCU,0.8173194099086936,Ohio St.,Deterministic-A,11
2026,1,St. John's,Northern Iowa,0.8194627325708945,St. John's,Deterministic-A,11
2026,1,Kansas,Cal Baptist,0.9344506724910557,Kansas,Deterministic-A,11
2026,1,Louisville,South Florida,0.7860380912034134,Louisville,Deterministic-A,11
2026,1,Michigan St.,North Dakota St.,0.9477264024763377,Michigan St.,Deterministic-A,11
2026,1,UCLA,UCF,0.8608948556036264,UCLA,Deterministic-A,11
2026,1,Connecticut,Furman,0.9796773412447337,Connecticut,Deterministic-A,11
2026,1,Florida,Prairie View A&M,0.9961818193152869,Florida,Deterministic-A,11
2026,1,Clemson,Iowa,0.3505781305379848,Iowa,Deterministic-B,11
2026,1,Vanderbilt,McNeese St.,0.9184152829092163,Vanderbilt,Deterministic-A,11
2026,1,Nebraska,Troy,0.9441633711220943,Nebraska,Deterministic-A,11
2026,1,North Carolina,VCU,0.6875785627731936,North Carolina,Deterministic-A,11
2026,1,Illinois,Penn,0.9895456375342501,Illinois,Deterministic-A,11
2026,1,Saint Mary's,Texas A&M,0.4438285608095177,Saint Mary's,Sampled,11
2026,1,Houston,Idaho,0.987795711852659,Houston,Deterministic-A,11
2026,1,Arizona,LIU,0.9965336858056648,Arizona,Deterministic-A,11
2026,1,Villanova,Utah St.,0.5234646169642977,Utah St.,Sampled,11
2026,1,Wisconsin,High Point,0.9497165580486782,Wisconsin,Deterministic-A,11
2026,1,Arkansas,Hawaii,0.9716546622292703,Arkansas,Deterministic-A,11
2026,1,BYU,Texas,0.5197253112456744,BYU,Sampled,11
2026,1,Gonzaga,Kennesaw St.,0.9513542807092172,Gonzaga,Deterministic-A,11
2026,1,Miami FL,Missouri,0.4391702435681522,Missouri,Sampled,11
2026,1,Purdue,Queens,0.9933361519375553,Purdue,Deterministic-A,11
2026,1,Michigan,Howard,0.9951159249018185,Michigan,Deterministic-A,11
2026,1,Georgia,Saint Louis,0.7686430302506854,Georgia,Deterministic-A,11
2026,1,Texas Tech,Akron,0.9458621882672305,Texas Tech,Deterministic-A,11
2026,1,Alabama,Hofstra,0.9264093701411587,Alabama,Deterministic-A,11
2026,1,Tennessee,SMU,0.7515098630756083,Tennessee,Deterministic-A,11
2026,1,Virginia,Wright St.,0.9482248567091944,Virginia,Deterministic-A,11
2026,1,Kentucky,Santa Clara,0.4440426006429322,Kentucky,Sampled,11
2026,1,Iowa St.,Tennessee St.,0.9968430210633037,Iowa St.,Deterministic-A,11
2026,2,Duke,Ohio St.,0.7390086079975868,Duke,Deterministic-A,11
2026,2,St. John's,Kansas,0.5355379132546708,St. John's,Sampled,11
2026,2,Louisville,Michigan St.,0.5738745576876145,Michigan St.,Sampled,11
2026,2,UCLA,Connecticut,0.4866936834089793,UCLA,Sampled,11
2026,2,Florida,Iowa,0.7639271236235,Florida,Deterministic-A,11
2026,2,Vanderbilt,Nebraska,0.6865031249657692,Vanderbilt,Deterministic-A,11
2026,2,North Carolina,Illinois,0.1085885722333618,Illinois,Deterministic-B,11
2026,2,Saint Mary's,Houston,0.09970310434646365,Houston,Deterministic-B,11
2026,2,Arizona,Utah St.,0.8257891559341833,Arizona,Deterministic-A,11
2026,2,Wisconsin,Arkansas,0.4950278069857847,Wisconsin,Sampled,11
2026,2,BYU,Gonzaga,0.35499034688497266,Gonzaga,Deterministic-B,11
2026,2,Missouri,Purdue,0.12740044483533358,Purdue,Deterministic-B,11
2026,2,Michigan,Georgia,0.8507771524948368,Michigan,Deterministic-A,11
2026,2,Texas Tech,Alabama,0.5938325194380916,Alabama,Sampled,11
2026,2,Tennessee,Virginia,0.5960276902383712,Virginia,Sampled,11
2026,2,Kentucky,Iowa St.,0.1715944196714473,Iowa St.,Deterministic-B,11
2026,3,Duke,St. John's,0.7465650367093921,Duke,Deterministic-A,11
2026,3,Michigan St.,UCLA,0.4287541296772118,Michigan St.,Sampled,11
2026,3,Florida,Vanderbilt,0.6434590659410105,Florida,Deterministic-A,11
2026,3,Illinois,Houston,0.5308158063976895,Illinois,Sampled,11
2026,3,Arizona,Wisconsin,0.6696350275590703,Arizona,Deterministic-A,11
2026,3,Gonzaga,Purdue,0.1942405317302338,Purdue,Deterministic-B,11
2026,3,Michigan,Alabama,0.6764719544732708,Michigan,Deterministic-A,11
2026,3,Virginia,Iowa St.,0.2755569966500777,Iowa St.,Deterministic-B,11
2026,4,Duke,Michigan St.,0.7994688685835264,Duke,Deterministic-A,11
2026,4,Florida,Illinois,0.3869211107003162,Illinois,Deterministic-B,11
2026,4,Arizona,Purdue,0.45224561567796356,Purdue,Sampled,11
2026,4,Michigan,Iowa St.,0.5278884916804828,Iowa St.,Sampled,11
2026,5,Duke,Illinois,0.4164873314575824,Illinois,Sampled,11
2026,5,Purdue,Iowa St.,0.5223344504860334,Purdue,Sampled,11
2026,6,Illinois,Purdue,0.6061869799015335,Illinois,Deterministic-A,11
2026,1,Duke,Siena,0.9935438698062663,Duke,Deterministic-A,12
2026,1,Ohio St.,TCU,0.8173194099086936,Ohio St.,Deterministic-A,12
2026,1,St. John's,Northern Iowa,0.8194627325708945,St. John's,Deterministic-A,12
2026,1,Kansas,Cal Baptist,0.9344506724910557,Kansas,Deterministic-A,12
2026,1,Louisville,South Florida,0.7860380912034134,Louisville,Deterministic-A,12
2026,1,Michigan St.,North Dakota St.,0.9477264024763377,Michigan St.,Deterministic-A,12
2026,1,UCLA,UCF,0.8608948556036264,UCLA,Deterministic-A,12
2026,1,Connecticut,Furman,0.9796773412447337,Connecticut,Deterministic-A,12
2026,1,Florida,Prairie View A&M,0.9961818193152869,Florida,Deterministic-A,12
2026,1,Clemson,Iowa,0.3505781305379848,Iowa,Deterministic-B,12
2026,1,Vanderbilt,McNeese St.,0.9184152829092163,Vanderbilt,Deterministic-A,12
2026,1,Nebraska,Troy,0.9441633711220943,Nebraska,Deterministic-A,12
2026,1,North Carolina,VCU,0.6875785627731936,North Carolina,Deterministic-A,12
2026,1,Illinois,Penn,0.9895456375342501,Illinois,Deterministic-A,12
2026,1,Saint Mary's,Texas A&M,0.4438285608095177,Saint Mary's,Sampled,12
2026,1,Houston,Idaho,0.987795711852659,Houston,Deterministic-A,12
2026,1,Arizona,LIU,0.9965336858056648,Arizona,Deterministic-A,12
2026,1,Villanova,Utah St.,0.5234646169642977,Villanova,Sampled,12
2026,1,Wisconsin,High Point,0.9497165580486782,Wisconsin,Deterministic-A,12
2026,1,Arkansas,Hawaii,0.9716546622292703,Arkansas,Deterministic-A,12
2026,1,BYU,Texas,0.5197253112456744,BYU,Sampled,12
2026,1,Gonzaga,Kennesaw St.,0.9513542807092172,Gonzaga,Deterministic-A,12
2026,1,Miami FL,Missouri,0.4391702435681522,Missouri,Sampled,12
2026,1,Purdue,Queens,0.9933361519375553,Purdue,Deterministic-A,12
2026,1,Michigan,Howard,0.9951159249018185,Michigan,Deterministic-A,12
2026,1,Georgia,Saint Louis,0.7686430302506854,Georgia,Deterministic-A,12
2026,1,Texas Tech,Akron,0.9458621882672305,Texas Tech,Deterministic-A,12
2026,1,Alabama,Hofstra,0.9264093701411587,Alabama,Deterministic-A,12
2026,1,Tennessee,SMU,0.7515098630756083,Tennessee,Deterministic-A,12
2026,1,Virginia,Wright St.,0.9482248567091944,Virginia,Deterministic-A,12
2026,1,Kentucky,Santa Clara,0.4440426006429322,Kentucky,Sampled,12
2026,1,Iowa St.,Tennessee St.,0.9968430210633037,Iowa St.,Deterministic-A,12
2026,2,Duke,Ohio St.,0.7390086079975868,Duke,Deterministic-A,12
2026,2,St. John's,Kansas,0.5355379132546708,St. John's,Sampled,12
2026,2,Louisville,Michigan St.,0.5738745576876145,Michigan St.,Sampled,12
2026,2,UCLA,Connecticut,0.4866936834089793,Connecticut,Sampled,12
2026,2,Florida,Iowa,0.7639271236235,Florida,Deterministic-A,12
2026,2,Vanderbilt,Nebraska,0.6865031249657692,Vanderbilt,Deterministic-A,12
2026,2,North Carolina,Illinois,0.1085885722333618,Illinois,Deterministic-B,12
2026,2,Saint Mary's,Houston,0.09970310434646365,Houston,Deterministic-B,12
2026,2,Arizona,Villanova,0.8118606356348161,Arizona,Deterministic-A,12
2026,2,Wisconsin,Arkansas,0.4950278069857847,Wisconsin,Sampled,12
2026,2,BYU,Gonzaga,0.35499034688497266,Gonzaga,Deterministic-B,12
2026,2,Missouri,Purdue,0.12740044483533358,Purdue,Deterministic-B,12
2026,2,Michigan,Georgia,0.8507771524948368,Michigan,Deterministic-A,12
2026,2,Texas Tech,Alabama,0.5938325194380916,Alabama,Sampled,12
2026,2,Tennessee,Virginia,0.5960276902383712,Virginia,Sampled,12
2026,2,Kentucky,Iowa St.,0.1715944196714473,Iowa St.,Deterministic-B,12
2026,3,Duke,St. John's,0.7465650367093921,Duke,Deterministic-A,12
2026,3,Michigan St.,Connecticut,0.4157672305224931,Connecticut,Sampled,12
2026,3,Florida,Vanderbilt,0.6434590659410105,Florida,Deterministic-A,12
2026,3,Illinois,Houston,0.5308158063976895,Illinois,Sampled,12
2026,3,Arizona,Wisconsin,0.6696350275590703,Arizona,Deterministic-A,12
2026,3,Gonzaga,Purdue,0.1942405317302338,Purdue,Deterministic-B,12
2026,3,Michigan,Alabama,0.6764719544732708,Michigan,Deterministic-A,12
2026,3,Virginia,Iowa St.,0.2755569966500777,Iowa St.,Deterministic-B,12
2026,4,Duke,Connecticut,0.7393907100072757,Duke,Deterministic-A,12
2026,4,Florida,Illinois,0.3869211107003162,Illinois,Deterministic-B,12
2026,4,Arizona,Purdue,0.45224561567796356,Arizona,Sampled,12
2026,4,Michigan,Iowa St.,0.5278884916804828,Iowa St.,Sampled,12
2026,5,Duke,Illinois,0.4164873314575824,Duke,Sampled,12
2026,5,Arizona,Iowa St.,0.4744711531664893,Arizona,Sampled,12
2026,6,Duke,Arizona,0.5709440018736711,Duke,Sampled,12
2026,1,Duke,Siena,0.9935438698062663,Duke,Deterministic-A,13
2026,1,Ohio St.,TCU,0.8173194099086936,Ohio St.,Deterministic-A,13
2026,1,St. John's,Northern Iowa,0.8194627325708945,St. John's,Deterministic-A,13
2026,1,Kansas,Cal Baptist,0.9344506724910557,Kansas,Deterministic-A,13
2026,1,Louisville,South Florida,0.7860380912034134,Louisville,Deterministic-A,13
2026,1,Michigan St.,North Dakota St.,0.9477264024763377,Michigan St.,Deterministic-A,13
2026,1,UCLA,UCF,0.8608948556036264,UCLA,Deterministic-A,13
2026,1,Connecticut,Furman,0.9796773412447337,Connecticut,Deterministic-A,13
2026,1,Florida,Prairie View A&M,0.9961818193152869,Florida,Deterministic-A,13
2026,1,Clemson,Iowa,0.3505781305379848,Iowa,Deterministic-B,13
2026,1,Vanderbilt,McNeese St.,0.9184152829092163,Vanderbilt,Deterministic-A,13
2026,1,Nebraska,Troy,0.9441633711220943,Nebraska,Deterministic-A,13
2026,1,North Carolina,VCU,0.6875785627731936,North Carolina,Deterministic-A,13
2026,1,Illinois,Penn,0.9895456375342501,Illinois,Deterministic-A,13
2026,1,Saint Mary's,Texas A&M,0.4438285608095177,Texas A&M,Sampled,13
2026,1,Houston,Idaho,0.987795711852659,Houston,Deterministic-A,13
2026,1,Arizona,LIU,0.9965336858056648,Arizona,Deterministic-A,13
2026,1,Villanova,Utah St.,0.5234646169642977,Utah St.,Sampled,13
2026,1,Wisconsin,High Point,0.9497165580486782,Wisconsin,Deterministic-A,13
2026,1,Arkansas,Hawaii,0.9716546622292703,Arkansas,Deterministic-A,13
2026,1,BYU,Texas,0.5197253112456744,BYU,Sampled,13
2026,1,Gonzaga,Kennesaw St.,0.9513542807092172,Gonzaga,Deterministic-A,13
2026,1,Miami FL,Missouri,0.4391702435681522,Missouri,Sampled,13
2026,1,Purdue,Queens,0.9933361519375553,Purdue,Deterministic-A,13
2026,1,Michigan,Howard,0.9951159249018185,Michigan,Deterministic-A,13
2026,1,Georgia,Saint Louis,0.7686430302506854,Georgia,Deterministic-A,13
2026,1,Texas Tech,Akron,0.9458621882672305,Texas Tech,Deterministic-A,13
2026,1,Alabama,Hofstra,0.9264093701411587,Alabama,Deterministic-A,13
2026,1,Tennessee,SMU,0.7515098630756083,Tennessee,Deterministic-A,13
2026,1,Virginia,Wright St.,0.9482248567091944,Virginia,Deterministic-A,13
2026,1,Kentucky,Santa Clara,0.4440426006429322,Kentucky,Sampled,13
2026,1,Iowa St.,Tennessee St.,0.9968430210633037,Iowa St.,Deterministic-A,13
2026,2,Duke,Ohio St.,0.7390086079975868,Duke,Deterministic-A,13
2026,2,St. John's,Kansas,0.5355379132546708,Kansas,Sampled,13
2026,2,Louisville,Michigan St.,0.5738745576876145,Michigan St.,Sampled,13
2026,2,UCLA,Connecticut,0.4866936834089793,UCLA,Sampled,13
2026,2,Florida,Iowa,0.7639271236235,Florida,Deterministic-A,13
2026,2,Vanderbilt,Nebraska,0.6865031249657692,Vanderbilt,Deterministic-A,13
2026,2,North Carolina,Illinois,0.1085885722333618,Illinois,Deterministic-B,13
2026,2,Texas A&M,Houston,0.12186466965786469,Houston,Deterministic-B,13
2026,2,Arizona,Utah St.,0.8257891559341833,Arizona,Deterministic-A,13
2026,2,Wisconsin,Arkansas,0.4950278069857847,Wisconsin,Sampled,13
2026,2,BYU,Gonzaga,0.35499034688497266,Gonzaga,Deterministic-B,13
2026,2,Missouri,Purdue,0.12740044483533358,Purdue,Deterministic-B,13
2026,2,Michigan,Georgia,0.8507771524948368,Michigan,Deterministic-A,13
2026,2,Texas Tech,Alabama,0.5938325194380916,Texas Tech,Sampled,13
2026,2,Tennessee,Virginia,0.5960276902383712,Virginia,Sampled,13
2026,2,Kentucky,Iowa St.,0.1715944196714473,Iowa St.,Deterministic-B,13
2026,3,Duke,Kansas,0.7725501680853833,Duke,Deterministic-A,13
2026,3,Michigan St.,UCLA,0.4287541296772118,UCLA,Sampled,13
2026,3,Florida,Vanderbilt,0.6434590659410105,Florida,Deterministic-A,13
2026,3,Illinois,Houston,0.5308158063976895,Houston,Sampled,13
2026,3,Arizona,Wisconsin,0.6696350275590703,Arizona,Deterministic-A,13
2026,3,Gonzaga,Purdue,0.1942405317302338,Purdue,Deterministic-B,13
2026,3,Michigan,Texas Tech,0.5885013419889603,Texas Tech,Sampled,13
2026,3,Virginia,Iowa St.,0.2755569966500777,Iowa St.,Deterministic-B,13
2026,4,Duke,UCLA,0.7495177625156639,Duke,Deterministic-A,13
2026,4,Florida,Houston,0.41657408763462916,Houston,Sampled,13
2026,4,Arizona,Purdue,0.45224561567796356,Purdue,Sampled,13
2026,4,Texas Tech,Iowa St.,0.43878277184709924,Texas Tech,Sampled,13
2026,5,Duke,Houston,0.44675503197660105,Duke,Sampled,13
2026,5,Purdue,Texas Tech,0.583097218901381,Texas Tech,Sampled,13
2026,6,Duke,Texas Tech,0.6057788674815624,Duke,Deterministic-A,13
2026,1,Duke,Siena,0.9935438698062663,Duke,Deterministic-A,14
2026,1,Ohio St.,TCU,0.8173194099086936,Ohio St.,Deterministic-A,14
2026,1,St. John's,Northern Iowa,0.8194627325708945,St. John's,Deterministic-A,14
2026,1,Kansas,Cal Baptist,0.9344506724910557,Kansas,Deterministic-A,14
2026,1,Louisville,South Florida,0.7860380912034134,Louisville,Deterministic-A,14
2026,1,Michigan St.,North Dakota St.,0.9477264024763377,Michigan St.,Deterministic-A,14
2026,1,UCLA,UCF,0.8608948556036264,UCLA,Deterministic-A,14
2026,1,Connecticut,Furman,0.9796773412447337,Connecticut,Deterministic-A,14
2026,1,Florida,Prairie View A&M,0.9961818193152869,Florida,Deterministic-A,14
2026,1,Clemson,Iowa,0.3505781305379848,Iowa,Deterministic-B,14
2026,1,Vanderbilt,McNeese St.,0.9184152829092163,Vanderbilt,Deterministic-A,14
2026,1,Nebraska,Troy,0.9441633711220943,Nebraska,Deterministic-A,14
2026,1,North Carolina,VCU,0.6875785627731936,North Carolina,Deterministic-A,14
2026,1,Illinois,Penn,0.9895456375342501,Illinois,Deterministic-A,14
2026,1,Saint Mary's,Texas A&M,0.4438285608095177,Texas A&M,Sampled,14
2026,1,Houston,Idaho,0.987795711852659,Houston,Deterministic-A,14
2026,1,Arizona,LIU,0.9965336858056648,Arizona,Deterministic-A,14
2026,1,Villanova,Utah St.,0.5234646169642977,Villanova,Sampled,14
2026,1,Wisconsin,High Point,0.9497165580486782,Wisconsin,Deterministic-A,14
2026,1,Arkansas,Hawaii,0.9716546622292703,Arkansas,Deterministic-A,14
2026,1,BYU,Texas,0.5197253112456744,Texas,Sampled,14
2026,1,Gonzaga,Kennesaw St.,0.9513542807092172,Gonzaga,Deterministic-A,14
2026,1,Miami FL,Missouri,0.4391702435681522,Missouri,Sampled,14
2026,1,Purdue,Queens,0.9933361519375553,Purdue,Deterministic-A,14
2026,1,Michigan,Howard,0.9951159249018185,Michigan,Deterministic-A,14
2026,1,Georgia,Saint Louis,0.7686430302506854,Georgia,Deterministic-A,14
2026,1,Texas Tech,Akron,0.9458621882672305,Texas Tech,Deterministic-A,14
2026,1,Alabama,Hofstra,0.9264093701411587,Alabama,Deterministic-A,14
2026,1,Tennessee,SMU,0.7515098630756083,Tennessee,Deterministic-A,14
2026,1,Virginia,Wright St.,0.9482248567091944,Virginia,Deterministic-A,14
2026,1,Kentucky,Santa Clara,0.4440426006429322,Santa Clara,Sampled,14
2026,1,Iowa St.,Tennessee St.,0.9968430210633037,Iowa St.,Deterministic-A,14
2026,2,Duke,Ohio St.,0.7390086079975868,Duke,Deterministic-A,14
2026,2,St. John's,Kansas,0.5355379132546708,Kansas,Sampled,14
2026,2,Louisville,Michigan St.,0.5738745576876145,Louisville,Sampled,14
2026,2,UCLA,Connecticut,0.4866936834089793,UCLA,Sampled,14
2026,2,Florida,Iowa,0.7639271236235,Florida,Deterministic-A,14
2026,2,Vanderbilt,Nebraska,0.6865031249657692,Vanderbilt,Deterministic-A,14
2026,2,North Carolina,Illinois,0.1085885722333618,Illinois,Deterministic-B,14
2026,2,Texas A&M,Houston,0.12186466965786469,Houston,Deterministic-B,14
2026,2,Arizona,Villanova,0.8118606356348161,Arizona,Deterministic-A,14
2026,2,Wisconsin,Arkansas,0.4950278069857847,Wisconsin,Sampled,14
2026,2,Texas,Gonzaga,0.3371285202551729,Gonzaga,Deterministic-B,14
2026,2,Missouri,Purdue,0.12740044483533358,Purdue,Deterministic-B,14
2026,2,Michigan,Georgia,0.8507771524948368,Michigan,Deterministic-A,14
2026,2,Texas Tech,Alabama,0.5938325194380916,Alabama,Sampled,14
2026,2,Tennessee,Virginia,0.5960276902383712,Virginia,Sampled,14
2026,2,Santa Clara,Iowa St.,0.2059360963517331,Iowa St.,Deterministic-B,14
2026,3,Duke,Kansas,0.7725501680853833,Duke,Deterministic-A,14
2026,3,Louisville,UCLA,0.5026852193649918,Louisville,Sampled,14
2026,3,Florida,Vanderbilt,0.6434590659410105,Florida,Deterministic-A,14
2026,3,Illinois,Houston,0.5308158063976895,Illinois,Sampled,14
2026,3,Arizona,Wisconsin,0.6696350275590703,Arizona,Deterministic-A,14
2026,3,Gonzaga,Purdue,0.1942405317302338,Purdue,Deterministic-B,14
2026,3,Michigan,Alabama,0.6764719544732708,Michigan,Deterministic-A,14
2026,3,Virginia,Iowa St.,0.2755569966500777,Iowa St.,Deterministic-B,14
2026,4,Duke,Louisville,0.7474958418351636,Duke,Deterministic-A,14
2026,4,Florida,Illinois,0.3869211107003162,Illinois,Deterministic-B,14
2026,4,Arizona,Purdue,0.45224561567796356,Arizona,Sampled,14
2026,4,Michigan,Iowa St.,0.5278884916804828,Iowa St.,Sampled,14
2026,5,Duke,Illinois,0.4164873314575824,Illinois,Sampled,14
2026,5,Arizona,Iowa St.,0.4744711531664893,Arizona,Sampled,14
2026,6,Illinois,Arizona,0.6508809589180099,Illinois,Deterministic-A,14
2026,1,Duke,Siena,0.9935438698062663,Duke,Deterministic-A,15
2026,1,Ohio St.,TCU,0.8173194099086936,Ohio St.,Deterministic-A,15
2026,1,St. John's,Northern Iowa,0.8194627325708945,St. John's,Deterministic-A,15
2026,1,Kansas,Cal Baptist,0.9344506724910557,Kansas,Deterministic-A,15
2026,1,Louisville,South Florida,0.7860380912034134,Louisville,Deterministic-A,15
2026,1,Michigan St.,North Dakota St.,0.9477264024763377,Michigan St.,Deterministic-A,15
2026,1,UCLA,UCF,0.8608948556036264,UCLA,Deterministic-A,15
2026,1,Connecticut,Furman,0.9796773412447337,Connecticut,Deterministic-A,15
2026,1,Florida,Prairie View A&M,0.9961818193152869,Florida,Deterministic-A,15
2026,1,Clemson,Iowa,0.3505781305379848,Iowa,Deterministic-B,15
2026,1,Vanderbilt,McNeese St.,0.9184152829092163,Vanderbilt,Deterministic-A,15
2026,1,Nebraska,Troy,0.9441633711220943,Nebraska,Deterministic-A,15
2026,1,North Carolina,VCU,0.6875785627731936,North Carolina,Deterministic-A,15
2026,1,Illinois,Penn,0.9895456375342501,Illinois,Deterministic-A,15
2026,1,Saint Mary's,Texas A&M,0.4438285608095177,Saint Mary's,Sampled,15
2026,1,Houston,Idaho,0.987795711852659,Houston,Deterministic-A,15
2026,1,Arizona,LIU,0.9965336858056648,Arizona,Deterministic-A,15
2026,1,Villanova,Utah St.,0.5234646169642977,Utah St.,Sampled,15
2026,1,Wisconsin,High Point,0.9497165580486782,Wisconsin,Deterministic-A,15
2026,1,Arkansas,Hawaii,0.9716546622292703,Arkansas,Deterministic-A,15
2026,1,BYU,Texas,0.5197253112456744,BYU,Sampled,15
2026,1,Gonzaga,Kennesaw St.,0.9513542807092172,Gonzaga,Deterministic-A,15
2026,1,Miami FL,Missouri,0.4391702435681522,Missouri,Sampled,15
2026,1,Purdue,Queens,0.9933361519375553,Purdue,Deterministic-A,15
2026,1,Michigan,Howard,0.9951159249018185,Michigan,Deterministic-A,15
2026,1,Georgia,Saint Louis,0.7686430302506854,Georgia,Deterministic-A,15
2026,1,Texas Tech,Akron,0.9458621882672305,Texas Tech,Deterministic-A,15
2026,1,Alabama,Hofstra,0.9264093701411587,Alabama,Deterministic-A,15
2026,1,Tennessee,SMU,0.7515098630756083,Tennessee,Deterministic-A,15
2026,1,Virginia,Wright St.,0.9482248567091944,Virginia,Deterministic-A,15
2026,1,Kentucky,Santa Clara,0.4440426006429322,Kentucky,Sampled,15
2026,1,Iowa St.,Tennessee St.,0.9968430210633037,Iowa St.,Deterministic-A,15
2026,2,Duke,Ohio St.,0.7390086079975868,Duke,Deterministic-A,15
2026,2,St. John's,Kansas,0.5355379132546708,St. John's,Sampled,15
2026,2,Louisville,Michigan St.,0.5738745576876145,Michigan St.,Sampled,15
2026,2,UCLA,Connecticut,0.4866936834089793,UCLA,Sampled,15
2026,2,Florida,Iowa,0.7639271236235,Florida,Deterministic-A,15
2026,2,Vanderbilt,Nebraska,0.6865031249657692,Vanderbilt,Deterministic-A,15
2026,2,North Carolina,Illinois,0.1085885722333618,Illinois,Deterministic-B,15
2026,2,Saint Mary's,Houston,0.09970310434646365,Houston,Deterministic-B,15
2026,2,Arizona,Utah St.,0.8257891559341833,Arizona,Deterministic-A,15
2026,2,Wisconsin,Arkansas,0.4950278069857847,Wisconsin,Sampled,15
2026,2,BYU,Gonzaga,0.35499034688497266,Gonzaga,Deterministic-B,15
2026,2,Missouri,Purdue,0.12740044483533358,Purdue,Deterministic-B,15
2026,2,Michigan,Georgia,0.8507771524948368,Michigan,Deterministic-A,15
2026,2,Texas Tech,Alabama,0.5938325194380916,Texas Tech,Sampled,15
2026,2,Tennessee,Virginia,0.5960276902383712,Tennessee,Sampled,15
2026,2,Kentucky,Iowa St.,0.1715944196714473,Iowa St.,Deterministic-B,15
2026,3,Duke,St. John's,0.7465650367093921,Duke,Deterministic-A,15
2026,3,Michigan St.,UCLA,0.4287541296772118,Michigan St.,Sampled,15
2026,3,Florida,Vanderbilt,0.6434590659410105,Florida,Deterministic-A,15
2026,3,Illinois,Houston,0.5308158063976895,Illinois,Sampled,15
2026,3,Arizona,Wisconsin,0.6696350275590703,Arizona,Deterministic-A,15
2026,3,Gonzaga,Purdue,0.1942405317302338,Purdue,Deterministic-B,15
2026,3,Michigan,Texas Tech,0.5885013419889603,Michigan,Sampled,15
2026,3,Tennessee,Iowa St.,0.3594694078281067,Iowa St.,Deterministic-B,15
2026,4,Duke,Michigan St.,0.7994688685835264,Duke,Deterministic-A,15
2026,4,Florida,Illinois,0.3869211107003162,Illinois,Deterministic-B,15
2026,4,Arizona,Purdue,0.45224561567796356,Arizona,Sampled,15
2026,4,Michigan,Iowa St.,0.5278884916804828,Iowa St.,Sampled,15
2026,5,Duke,Illinois,0.4164873314575824,Illinois,Sampled,15
2026,5,Arizona,Iowa St.,0.4744711531664893,Arizona,Sampled,15
2026,6,Illinois,Arizona,0.6508809589180099,Illinois,Deterministic-A,15
2026,1,Duke,Siena,0.9935438698062663,Duke,Deterministic-A,16
2026,1,Ohio St.,TCU,0.8173194099086936,Ohio St.,Deterministic-A,16
2026,1,St. John's,Northern Iowa,0.8194627325708945,St. John's,Deterministic-A,16
2026,1,Kansas,Cal Baptist,0.9344506724910557,Kansas,Deterministic-A,16
2026,1,Louisville,South Florida,0.7860380912034134,Louisville,Deterministic-A,16
2026,1,Michigan St.,North Dakota St.,0.9477264024763377,Michigan St.,Deterministic-A,16
2026,1,UCLA,UCF,0.8608948556036264,UCLA,Deterministic-A,16
2026,1,Connecticut,Furman,0.9796773412447337,Connecticut,Deterministic-A,16
2026,1,Florida,Prairie View A&M,0.9961818193152869,Florida,Deterministic-A,16
2026,1,Clemson,Iowa,0.3505781305379848,Iowa,Deterministic-B,16
2026,1,Vanderbilt,McNeese St.,0.9184152829092163,Vanderbilt,Deterministic-A,16
2026,1,Nebraska,Troy,0.9441633711220943,Nebraska,Deterministic-A,16
2026,1,North Carolina,VCU,0.6875785627731936,North Carolina,Deterministic-A,16
2026,1,Illinois,Penn,0.9895456375342501,Illinois,Deterministic-A,16
2026,1,Saint Mary's,Texas A&M,0.4438285608095177,Saint Mary's,Sampled,16
2026,1,Houston,Idaho,0.987795711852659,Houston,Deterministic-A,16
2026,1,Arizona,LIU,0.9965336858056648,Arizona,Deterministic-A,16
2026,1,Villanova,Utah St.,0.5234646169642977,Villanova,Sampled,16
2026,1,Wisconsin,High Point,0.9497165580486782,Wisconsin,Deterministic-A,16
2026,1,Arkansas,Hawaii,0.9716546622292703,Arkansas,Deterministic-A,16
2026,1,BYU,Texas,0.5197253112456744,Texas,Sampled,16
2026,1,Gonzaga,Kennesaw St.,0.9513542807092172,Gonzaga,Deterministic-A,16
2026,1,Miami FL,Missouri,0.4391702435681522,Missouri,Sampled,16
2026,1,Purdue,Queens,0.9933361519375553,Purdue,Deterministic-A,16
2026,1,Michigan,Howard,0.9951159249018185,Michigan,Deterministic-A,16
2026,1,Georgia,Saint Louis,0.7686430302506854,Georgia,Deterministic-A,16
2026,1,Texas Tech,Akron,0.9458621882672305,Texas Tech,Deterministic-A,16
2026,1,Alabama,Hofstra,0.9264093701411587,Alabama,Deterministic-A,16
2026,1,Tennessee,SMU,0.7515098630756083,Tennessee,Deterministic-A,16
2026,1,Virginia,Wright St.,0.9482248567091944,Virginia,Deterministic-A,16
2026,1,Kentucky,Santa Clara,0.4440426006429322,Kentucky,Sampled,16
2026,1,Iowa St.,Tennessee St.,0.9968430210633037,Iowa St.,Deterministic-A,16
2026,2,Duke,Ohio St.,0.7390086079975868,Duke,Deterministic-A,16
2026,2,St. John's,Kansas,0.5355379132546708,St. John's,Sampled,16
2026,2,Louisville,Michigan St.,0.5738745576876145,Louisville,Sampled,16
2026,2,UCLA,Connecticut,0.4866936834089793,UCLA,Sampled,16
2026,2,Florida,Iowa,0.7639271236235,Florida,Deterministic-A,16
2026,2,Vanderbilt,Nebraska,0.6865031249657692,Vanderbilt,Deterministic-A,16
2026,2,North Carolina,Illinois,0.1085885722333618,Illinois,Deterministic-B,16
2026,2,Saint Mary's,Houston,0.09970310434646365,Houston,Deterministic-B,16
2026,2,Arizona,Villanova,0.8118606356348161,Arizona,Deterministic-A,16
2026,2,Wisconsin,Arkansas,0.4950278069857847,Arkansas,Sampled,16
2026,2,Texas,Gonzaga,0.3371285202551729,Gonzaga,Deterministic-B,16
2026,2,Missouri,Purdue,0.12740044483533358,Purdue,Deterministic-B,16
2026,2,Michigan,Georgia,0.8507771524948368,Michigan,Deterministic-A,16
2026,2,Texas Tech,Alabama,0.5938325194380916,Texas Tech,Sampled,16
2026,2,Tennessee,Virginia,0.5960276902383712,Tennessee,Sampled,16
2026,2,Kentucky,Iowa St.,0.1715944196714473,Iowa St.,Deterministic-B,16
2026,3,Duke,St. John's,0.7465650367093921,Duke,Deterministic-A,16
2026,3,Louisville,UCLA,0.5026852193649918,Louisville,Sampled,16
2026,3,Florida,Vanderbilt,0.6434590659410105,Florida,Deterministic-A,16
2026,3,Illinois,Houston,0.5308158063976895,Illinois,Sampled,16
2026,3,Arizona,Arkansas,0.665220260010551,Arizona,Deterministic-A,16
2026,3,Gonzaga,Purdue,0.1942405317302338,Purdue,Deterministic-B,16
2026,3,Michigan,Texas Tech,0.5885013419889603,Michigan,Sampled,16
2026,3,Tennessee,Iowa St.,0.3594694078281067,Iowa St.,Deterministic-B,16
2026,4,Duke,Louisville,0.7474958418351636,Duke,Deterministic-A,16
2026,4,Florida,Illinois,0.3869211107003162,Illinois,Deterministic-B,16
2026,4,Arizona,Purdue,0.45224561567796356,Purdue,Sampled,16
2026,4,Michigan,Iowa St.,0.5278884916804828,Michigan,Sampled,16
2026,5,Duke,Illinois,0.4164873314575824,Illinois,Sampled,16
2026,5,Purdue,Michigan,0.4944320863679664,Purdue,Sampled,16
2026,6,Illinois,Purdue,0.6061869799015335,Illinois,Deterministic-A,16
2026,1,Duke,Siena,0.9935438698062663,Duke,Deterministic-A,17
2026,1,Ohio St.,TCU,0.8173194099086936,Ohio St.,Deterministic-A,17
2026,1,St. John's,Northern Iowa,0.8194627325708945,St. John's,Deterministic-A,17
2026,1,Kansas,Cal Baptist,0.9344506724910557,Kansas,Deterministic-A,17
2026,1,Louisville,South Florida,0.7860380912034134,Louisville,Deterministic-A,17
2026,1,Michigan St.,North Dakota St.,0.9477264024763377,Michigan St.,Deterministic-A,17
2026,1,UCLA,UCF,0.8608948556036264,UCLA,Deterministic-A,17
2026,1,Connecticut,Furman,0.9796773412447337,Connecticut,Deterministic-A,17
2026,1,Florida,Prairie View A&M,0.9961818193152869,Florida,Deterministic-A,17
2026,1,Clemson,Iowa,0.3505781305379848,Iowa,Deterministic-B,17
2026,1,Vanderbilt,McNeese St.,0.9184152829092163,Vanderbilt,Deterministic-A,17
2026,1,Nebraska,Troy,0.9441633711220943,Nebraska,Deterministic-A,17
2026,1,North Carolina,VCU,0.6875785627731936,North Carolina,Deterministic-A,17
2026,1,Illinois,Penn,0.9895456375342501,Illinois,Deterministic-A,17
2026,1,Saint Mary's,Texas A&M,0.4438285608095177,Texas A&M,Sampled,17
2026,1,Houston,Idaho,0.987795711852659,Houston,Deterministic-A,17
2026,1,Arizona,LIU,0.9965336858056648,Arizona,Deterministic-A,17
2026,1,Villanova,Utah St.,0.5234646169642977,Utah St.,Sampled,17
2026,1,Wisconsin,High Point,0.9497165580486782,Wisconsin,Deterministic-A,17
2026,1,Arkansas,Hawaii,0.9716546622292703,Arkansas,Deterministic-A,17
2026,1,BYU,Texas,0.5197253112456744,Texas,Sampled,17
2026,1,Gonzaga,Kennesaw St.,0.9513542807092172,Gonzaga,Deterministic-A,17
2026,1,Miami FL,Missouri,0.4391702435681522,Missouri,Sampled,17
2026,1,Purdue,Queens,0.9933361519375553,Purdue,Deterministic-A,17
2026,1,Michigan,Howard,0.9951159249018185,Michigan,Deterministic-A,17
2026,1,Georgia,Saint Louis,0.7686430302506854,Georgia,Deterministic-A,17
2026,1,Texas Tech,Akron,0.9458621882672305,Texas Tech,Deterministic-A,17
2026,1,Alabama,Hofstra,0.9264093701411587,Alabama,Deterministic-A,17
2026,1,Tennessee,SMU,0.7515098630756083,Tennessee,Deterministic-A,17
2026,1,Virginia,Wright St.,0.9482248567091944,Virginia,Deterministic-A,17
2026,1,Kentucky,Santa Clara,0.4440426006429322,Santa Clara,Sampled,17
2026,1,Iowa St.,Tennessee St.,0.9968430210633037,Iowa St.,Deterministic-A,17
2026,2,Duke,Ohio St.,0.7390086079975868,Duke,Deterministic-A,17
2026,2,St. John's,Kansas,0.5355379132546708,Kansas,Sampled,17
2026,2,Louisville,Michigan St.,0.5738745576876145,Michigan St.,Sampled,17
2026,2,UCLA,Connecticut,0.4866936834089793,UCLA,Sampled,17
2026,2,Florida,Iowa,0.7639271236235,Florida,Deterministic-A,17
2026,2,Vanderbilt,Nebraska,0.6865031249657692,Vanderbilt,Deterministic-A,17
2026,2,North Carolina,Illinois,0.1085885722333618,Illinois,Deterministic-B,17
2026,2,Texas A&M,Houston,0.12186466965786469,Houston,Deterministic-B,17
2026,2,Arizona,Utah St.,0.8257891559341833,Arizona,Deterministic-A,17
2026,2,Wisconsin,Arkansas,0.4950278069857847,Arkansas,Sampled,17
2026,2,Texas,Gonzaga,0.3371285202551729,Gonzaga,Deterministic-B,17
2026,2,Missouri,Purdue,0.12740044483533358,Purdue,Deterministic-B,17
2026,2,Michigan,Georgia,0.8507771524948368,Michigan,Deterministic-A,17
2026,2,Texas Tech,Alabama,0.5938325194380916,Texas Tech,Sampled,17
2026,2,Tennessee,Virginia,0.5960276902383712,Virginia,Sampled,17
2026,2,Santa Clara,Iowa St.,0.2059360963517331,Iowa St.,Deterministic-B,17
2026,3,Duke,Kansas,0.7725501680853833,Duke,Deterministic-A,17
2026,3,Michigan St.,UCLA,0.4287541296772118,UCLA,Sampled,17
2026,3,Florida,Vanderbilt,0.6434590659410105,Florida,Deterministic-A,17
2026,3,Illinois,Houston,0.5308158063976895,Illinois,Sampled,17
2026,3,Arizona,Arkansas,0.665220260010551,Arizona,Deterministic-A,17
2026,3,Gonzaga,Purdue,0.1942405317302338,Purdue,Deterministic-B,17
2026,3,Michigan,Texas Tech,0.5885013419889603,Texas Tech,Sampled,17
2026,3,Virginia,Iowa St.,0.2755569966500777,Iowa St.,Deterministic-B,17
2026,4,Duke,UCLA,0.7495177625156639,Duke,Deterministic-A,17
2026,4,Florida,Illinois,0.3869211107003162,Illinois,Deterministic-B,17
2026,4,Arizona,Purdue,0.45224561567796356,Arizona,Sampled,17
2026,4,Texas Tech,Iowa St.,0.43878277184709924,Texas Tech,Sampled,17
2026,5,Duke,Illinois,0.4164873314575824,Illinois,Sampled,17
2026,5,Arizona,Texas Tech,0.5359128806719368,Arizona,Sampled,17
2026,6,Illinois,Arizona,0.6508809589180099,Illinois,Deterministic-A,17
2026,1,Duke,Siena,0.9935438698062663,Duke,Deterministic-A,18
2026,1,Ohio St.,TCU,0.8173194099086936,Ohio St.,Deterministic-A,18
2026,1,St. John's,Northern Iowa,0.8194627325708945,St. John's,Deterministic-A,18
2026,1,Kansas,Cal Baptist,0.9344506724910557,Kansas,Deterministic-A,18
2026,1,Louisville,South Florida,0.7860380912034134,Louisville,Deterministic-A,18
2026,1,Michigan St.,North Dakota St.,0.9477264024763377,Michigan St.,Deterministic-A,18
2026,1,UCLA,UCF,0.8608948556036264,UCLA,Deterministic-A,18
2026,1,Connecticut,Furman,0.9796773412447337,Connecticut,Deterministic-A,18
2026,1,Florida,Prairie View A&M,0.9961818193152869,Florida,Deterministic-A,18
2026,1,Clemson,Iowa,0.3505781305379848,Iowa,Deterministic-B,18
2026,1,Vanderbilt,McNeese St.,0.9184152829092163,Vanderbilt,Deterministic-A,18
2026,1,Nebraska,Troy,0.9441633711220943,Nebraska,Deterministic-A,18
2026,1,North Carolina,VCU,0.6875785627731936,North Carolina,Deterministic-A,18
2026,1,Illinois,Penn,0.9895456375342501,Illinois,Deterministic-A,18
2026,1,Saint Mary's,Texas A&M,0.4438285608095177,Saint Mary's,Sampled,18
2026,1,Houston,Idaho,0.987795711852659,Houston,Deterministic-A,18
2026,1,Arizona,LIU,0.9965336858056648,Arizona,Deterministic-A,18
2026,1,Villanova,Utah St.,0.5234646169642977,Villanova,Sampled,18
2026,1,Wisconsin,High Point,0.9497165580486782,Wisconsin,Deterministic-A,18
2026,1,Arkansas,Hawaii,0.9716546622292703,Arkansas,Deterministic-A,18
2026,1,BYU,Texas,0.5197253112456744,BYU,Sampled,18
2026,1,Gonzaga,Kennesaw St.,0.9513542807092172,Gonzaga,Deterministic-A,18
2026,1,Miami FL,Missouri,0.4391702435681522,Miami FL,Sampled,18
2026,1,Purdue,Queens,0.9933361519375553,Purdue,Deterministic-A,18
2026,1,Michigan,Howard,0.9951159249018185,Michigan,Deterministic-A,18
2026,1,Georgia,Saint Louis,0.7686430302506854,Georgia,Deterministic-A,18
2026,1,Texas Tech,Akron,0.9458621882672305,Texas Tech,Deterministic-A,18
2026,1,Alabama,Hofstra,0.9264093701411587,Alabama,Deterministic-A,18
2026,1,Tennessee,SMU,0.7515098630756083,Tennessee,Deterministic-A,18
2026,1,Virginia,Wright St.,0.9482248567091944,Virginia,Deterministic-A,18
2026,1,Kentucky,Santa Clara,0.4440426006429322,Kentucky,Sampled,18
2026,1,Iowa St.,Tennessee St.,0.9968430210633037,Iowa St.,Deterministic-A,18
2026,2,Duke,Ohio St.,0.7390086079975868,Duke,Deterministic-A,18
2026,2,St. John's,Kansas,0.5355379132546708,Kansas,Sampled,18
2026,2,Louisville,Michigan St.,0.5738745576876145,Louisville,Sampled,18
2026,2,UCLA,Connecticut,0.4866936834089793,Connecticut,Sampled,18
2026,2,Florida,Iowa,0.7639271236235,Florida,Deterministic-A,18
2026,2,Vanderbilt,Nebraska,0.6865031249657692,Vanderbilt,Deterministic-A,18
2026,2,North Carolina,Illinois,0.1085885722333618,Illinois,Deterministic-B,18
2026,2,Saint Mary's,Houston,0.09970310434646365,Houston,Deterministic-B,18
2026,2,Arizona,Villanova,0.8118606356348161,Arizona,Deterministic-A,18
2026,2,Wisconsin,Arkansas,0.4950278069857847,Arkansas,Sampled,18
2026,2,BYU,Gonzaga,0.35499034688497266,Gonzaga,Deterministic-B,18
2026,2,Miami FL,Purdue,0.10259926213999071,Purdue,Deterministic-B,18
2026,2,Michigan,Georgia,0.8507771524948368,Michigan,Deterministic-A,18
2026,2,Texas Tech,Alabama,0.5938325194380916,Texas Tech,Sampled,18
2026,2,Tennessee,Virginia,0.5960276902383712,Tennessee,Sampled,18
2026,2,Kentucky,Iowa St.,0.1715944196714473,Iowa St.,Deterministic-B,18
2026,3,Duke,Kansas,0.7725501680853833,Duke,Deterministic-A,18
2026,3,Louisville,Connecticut,0.489377384573671,Connecticut,Sampled,18
2026,3,Florida,Vanderbilt,0.6434590659410105,Florida,Deterministic-A,18
2026,3,Illinois,Houston,0.5308158063976895,Houston,Sampled,18
2026,3,Arizona,Arkansas,0.665220260010551,Arizona,Deterministic-A,18
2026,3,Gonzaga,Purdue,0.1942405317302338,Purdue,Deterministic-B,18
2026,3,Michigan,Texas Tech,0.5885013419889603,Texas Tech,Sampled,18
2026,3,Tennessee,Iowa St.,0.3594694078281067,Iowa St.,Deterministic-B,18
2026,4,Duke,Connecticut,0.7393907100072757,Duke,Deterministic-A,18
2026,4,Florida,Houston,0.41657408763462916,Houston,Sampled,18
2026,4,Arizona,Purdue,0.45224561567796356,Purdue,Sampled,18
2026,4,Texas Tech,Iowa St.,0.43878277184709924,Iowa St.,Sampled,18
2026,5,Duke,Houston,0.44675503197660105,Duke,Sampled,18
2026,5,Purdue,Iowa St.,0.5223344504860334,Iowa St.,Sampled,18
2026,6,Duke,Iowa St.,0.545746564850346,Duke,Sampled,18
2026,1,Duke,Siena,0.9935438698062663,Duke,Deterministic-A,19
2026,1,Ohio St.,TCU,0.8173194099086936,Ohio St.,Deterministic-A,19
2026,1,St. John's,Northern Iowa,0.8194627325708945,St. John's,Deterministic-A,19
2026,1,Kansas,Cal Baptist,0.9344506724910557,Kansas,Deterministic-A,19
2026,1,Louisville,South Florida,0.7860380912034134,Louisville,Deterministic-A,19
2026,1,Michigan St.,North Dakota St.,0.9477264024763377,Michigan St.,Deterministic-A,19
2026,1,UCLA,UCF,0.8608948556036264,UCLA,Deterministic-A,19
2026,1,Connecticut,Furman,0.9796773412447337,Connecticut,Deterministic-A,19
2026,1,Florida,Prairie View A&M,0.9961818193152869,Florida,Deterministic-A,19
2026,1,Clemson,Iowa,0.3505781305379848,Iowa,Deterministic-B,19
2026,1,Vanderbilt,McNeese St.,0.9184152829092163,Vanderbilt,Deterministic-A,19
2026,1,Nebraska,Troy,0.9441633711220943,Nebraska,Deterministic-A,19
2026,1,North Carolina,VCU,0.6875785627731936,North Carolina,Deterministic-A,19
2026,1,Illinois,Penn,0.9895456375342501,Illinois,Deterministic-A,19
2026,1,Saint Mary's,Texas A&M,0.4438285608095177,Texas A&M,Sampled,19
2026,1,Houston,Idaho,0.987795711852659,Houston,Deterministic-A,19
2026,1,Arizona,LIU,0.9965336858056648,Arizona,Deterministic-A,19
2026,1,Villanova,Utah St.,0.5234646169642977,Utah St.,Sampled,19
2026,1,Wisconsin,High Point,0.9497165580486782,Wisconsin,Deterministic-A,19
2026,1,Arkansas,Hawaii,0.9716546622292703,Arkansas,Deterministic-A,19
2026,1,BYU,Texas,0.5197253112456744,BYU,Sampled,19
2026,1,Gonzaga,Kennesaw St.,0.9513542807092172,Gonzaga,Deterministic-A,19
2026,1,Miami FL,Missouri,0.4391702435681522,Missouri,Sampled,19
2026,1,Purdue,Queens,0.9933361519375553,Purdue,Deterministic-A,19
2026,1,Michigan,Howard,0.9951159249018185,Michigan,Deterministic-A,19
2026,1,Georgia,Saint Louis,0.7686430302506854,Georgia,Deterministic-A,19
2026,1,Texas Tech,Akron,0.9458621882672305,Texas Tech,Deterministic-A,19
2026,1,Alabama,Hofstra,0.9264093701411587,Alabama,Deterministic-A,19
2026,1,Tennessee,SMU,0.7515098630756083,Tennessee,Deterministic-A,19
2026,1,Virginia,Wright St.,0.9482248567091944,Virginia,Deterministic-A,19
2026,1,Kentucky,Santa Clara,0.4440426006429322,Kentucky,Sampled,19
2026,1,Iowa St.,Tennessee St.,0.9968430210633037,Iowa St.,Deterministic-A,19
2026,2,Duke,Ohio St.,0.7390086079975868,Duke,Deterministic-A,19
2026,2,St. John's,Kansas,0.5355379132546708,Kansas,Sampled,19
2026,2,Louisville,Michigan St.,0.5738745576876145,Louisville,Sampled,19
2026,2,UCLA,Connecticut,0.4866936834089793,Connecticut,Sampled,19
2026,2,Florida,Iowa,0.7639271236235,Florida,Deterministic-A,19
2026,2,Vanderbilt,Nebraska,0.6865031249657692,Vanderbilt,Deterministic-A,19
2026,2,North Carolina,Illinois,0.1085885722333618,Illinois,Deterministic-B,19
2026,2,Texas A&M,Houston,0.12186466965786469,Houston,Deterministic-B,19
2026,2,Arizona,Utah St.,0.8257891559341833,Arizona,Deterministic-A,19
2026,2,Wisconsin,Arkansas,0.4950278069857847,Wisconsin,Sampled,19
2026,2,BYU,Gonzaga,0.35499034688497266,Gonzaga,Deterministic-B,19
2026,2,Missouri,Purdue,0.12740044483533358,Purdue,Deterministic-B,19
2026,2,Michigan,Georgia,0.8507771524948368,Michigan,Deterministic-A,19
2026,2,Texas Tech,Alabama,0.5938325194380916,Alabama,Sampled,19
2026,2,Tennessee,Virginia,0.5960276902383712,Virginia,Sampled,19
2026,2,Kentucky,Iowa St.,0.1715944196714473,Iowa St.,Deterministic-B,19
2026,3,Duke,Kansas,0.7725501680853833,Duke,Deterministic-A,19
2026,3,Louisville,Connecticut,0.489377384573671,Connecticut,Sampled,19
2026,3,Florida,Vanderbilt,0.6434590659410105,Florida,Deterministic-A,19
2026,3,Illinois,Houston,0.5308158063976895,Houston,Sampled,19
2026,3,Arizona,Wisconsin,0.6696350275590703,Arizona,Deterministic-A,19
2026,3,Gonzaga,Purdue,0.1942405317302338,Purdue,Deterministic-B,19
2026,3,Michigan,Alabama,0.6764719544732708,Michigan,Deterministic-A,19
2026,3,Virginia,Iowa St.,0.2755569966500777,Iowa St.,Deterministic-B,19
2026,4,Duke,Connecticut,0.7393907100072757,Duke,Deterministic-A,19
2026,4,Florida,Houston,0.41657408763462916,Houston,Sampled,19
2026,4,Arizona,Purdue,0.45224561567796356,Purdue,Sampled,19
2026,4,Michigan,Iowa St.,0.5278884916804828,Michigan,Sampled,19
2026,5,Duke,Houston,0.44675503197660105,Houston,Sampled,19
2026,5,Purdue,Michigan,0.4944320863679664,Purdue,Sampled,19
2026,6,Houston,Purdue,0.5763707868888042,Purdue,Sampled,19
2026,1,Duke,Siena,0.9935438698062663,Duke,Deterministic-A,20
2026,1,Ohio St.,TCU,0.8173194099086936,Ohio St.,Deterministic-A,20
2026,1,St. John's,Northern Iowa,0.8194627325708945,St. John's,Deterministic-A,20
2026,1,Kansas,Cal Baptist,0.9344506724910557,Kansas,Deterministic-A,20
2026,1,Louisville,South Florida,0.7860380912034134,Louisville,Deterministic-A,20
2026,1,Michigan St.,North Dakota St.,0.9477264024763377,Michigan St.,Deterministic-A,20
2026,1,UCLA,UCF,0.8608948556036264,UCLA,Deterministic-A,20
2026,1,Connecticut,Furman,0.9796773412447337,Connecticut,Deterministic-A,20
2026,1,Florida,Prairie View A&M,0.9961818193152869,Florida,Deterministic-A,20
2026,1,Clemson,Iowa,0.3505781305379848,Iowa,Deterministic-B,20
2026,1,Vanderbilt,McNeese St.,0.9184152829092163,Vanderbilt,Deterministic-A,20
2026,1,Nebraska,Troy,0.9441633711220943,Nebraska,Deterministic-A,20
2026,1,North Carolina,VCU,0.6875785627731936,North Carolina,Deterministic-A,20
2026,1,Illinois,Penn,0.9895456375342501,Illinois,Deterministic-A,20
2026,1,Saint Mary's,Texas A&M,0.4438285608095177,Saint Mary's,Sampled,20
2026,1,Houston,Idaho,0.987795711852659,Houston,Deterministic-A,20
2026,1,Arizona,LIU,0.9965336858056648,Arizona,Deterministic-A,20
2026,1,Villanova,Utah St.,0.5234646169642977,Utah St.,Sampled,20
2026,1,Wisconsin,High Point,0.9497165580486782,Wisconsin,Deterministic-A,20
2026,1,Arkansas,Hawaii,0.9716546622292703,Arkansas,Deterministic-A,20
2026,1,BYU,Texas,0.5197253112456744,Texas,Sampled,20
2026,1,Gonzaga,Kennesaw St.,0.9513542807092172,Gonzaga,Deterministic-A,20
2026,1,Miami FL,Missouri,0.4391702435681522,Missouri,Sampled,20
2026,1,Purdue,Queens,0.9933361519375553,Purdue,Deterministic-A,20
2026,1,Michigan,Howard,0.9951159249018185,Michigan,Deterministic-A,20
2026,1,Georgia,Saint Louis,0.7686430302506854,Georgia,Deterministic-A,20
2026,1,Texas Tech,Akron,0.9458621882672305,Texas Tech,Deterministic-A,20
2026,1,Alabama,Hofstra,0.9264093701411587,Alabama,Deterministic-A,20
2026,1,Tennessee,SMU,0.7515098630756083,Tennessee,Deterministic-A,20
2026,1,Virginia,Wright St.,0.9482248567091944,Virginia,Deterministic-A,20
2026,1,Kentucky,Santa Clara,0.4440426006429322,Santa Clara,Sampled,20
2026,1,Iowa St.,Tennessee St.,0.9968430210633037,Iowa St.,Deterministic-A,20
2026,2,Duke,Ohio St.,0.7390086079975868,Duke,Deterministic-A,20
2026,2,St. John's,Kansas,0.5355379132546708,Kansas,Sampled,20
2026,2,Louisville,Michigan St.,0.5738745576876145,Michigan St.,Sampled,20
2026,2,UCLA,Connecticut,0.4866936834089793,Connecticut,Sampled,20
2026,2,Florida,Iowa,0.7639271236235,Florida,Deterministic-A,20
2026,2,Vanderbilt,Nebraska,0.6865031249657692,Vanderbilt,Deterministic-A,20
2026,2,North Carolina,Illinois,0.1085885722333618,Illinois,Deterministic-B,20
2026,2,Saint Mary's,Houston,0.09970310434646365,Houston,Deterministic-B,20
2026,2,Arizona,Utah St.,0.8257891559341833,Arizona,Deterministic-A,20
2026,2,Wisconsin,Arkansas,0.4950278069857847,Arkansas,Sampled,20
2026,2,Texas,Gonzaga,0.3371285202551729,Gonzaga,Deterministic-B,20
2026,2,Missouri,Purdue,0.12740044483533358,Purdue,Deterministic-B,20
2026,2,Michigan,Georgia,0.8507771524948368,Michigan,Deterministic-A,20
2026,2,Texas Tech,Alabama,0.5938325194380916,Alabama,Sampled,20
2026,2,Tennessee,Virginia,0.5960276902383712,Tennessee,Sampled,20
2026,2,Santa Clara,Iowa St.,0.2059360963517331,Iowa St.,Deterministic-B,20
2026,3,Duke,Kansas,0.7725501680853833,Duke,Deterministic-A,20
2026,3,Michigan St.,Connecticut,0.4157672305224931,Michigan St.,Sampled,20
2026,3,Florida,Vanderbilt,0.6434590659410105,Florida,Deterministic-A,20
2026,3,Illinois,Houston,0.5308158063976895,Illinois,Sampled,20
2026,3,Arizona,Arkansas,0.665220260010551,Arizona,Deterministic-A,20
2026,3,Gonzaga,Purdue,0.1942405317302338,Purdue,Deterministic-B,20
2026,3,Michigan,Alabama,0.6764719544732708,Michigan,Deterministic-A,20
2026,3,Tennessee,Iowa St.,0.3594694078281067,Iowa St.,Deterministic-B,20
2026,4,Duke,Michigan St.,0.7994688685835264,Duke,Deterministic-A,20
2026,4,Florida,Illinois,0.3869211107003162,Illinois,Deterministic-B,20
2026,4,Arizona,Purdue,0.45224561567796356,Purdue,Sampled,20
2026,4,Michigan,Iowa St.,0.5278884916804828,Michigan,Sampled,20
2026,5,Duke,Illinois,0.4164873314575824,Illinois,Sampled,20
2026,5,Purdue,Michigan,0.4944320863679664,Michigan,Sampled,20
2026,6,Illinois,Michigan,0.60085759040946,Illinois,Deterministic-A,20
2026,1,Duke,Siena,0.9935438698062663,Duke,Deterministic-A,21
2026,1,Ohio St.,TCU,0.8173194099086936,Ohio St.,Deterministic-A,21
2026,1,St. John's,Northern Iowa,0.8194627325708945,St. John's,Deterministic-A,21
2026,1,Kansas,Cal Baptist,0.9344506724910557,Kansas,Deterministic-A,21
2026,1,Louisville,South Florida,0.7860380912034134,Louisville,Deterministic-A,21
2026,1,Michigan St.,North Dakota St.,0.9477264024763377,Michigan St.,Deterministic-A,21
2026,1,UCLA,UCF,0.8608948556036264,UCLA,Deterministic-A,21
2026,1,Connecticut,Furman,0.9796773412447337,Connecticut,Deterministic-A,21
2026,1,Florida,Prairie View A&M,0.9961818193152869,Florida,Deterministic-A,21
2026,1,Clemson,Iowa,0.3505781305379848,Iowa,Deterministic-B,21
2026,1,Vanderbilt,McNeese St.,0.9184152829092163,Vanderbilt,Deterministic-A,21
2026,1,Nebraska,Troy,0.9441633711220943,Nebraska,Deterministic-A,21
2026,1,North Carolina,VCU,0.6875785627731936,North Carolina,Deterministic-A,21
2026,1,Illinois,Penn,0.9895456375342501,Illinois,Deterministic-A,21
2026,1,Saint Mary's,Texas A&M,0.4438285608095177,Saint Mary's,Sampled,21
2026,1,Houston,Idaho,0.987795711852659,Houston,Deterministic-A,21
2026,1,Arizona,LIU,0.9965336858056648,Arizona,Deterministic-A,21
2026,1,Villanova,Utah St.,0.5234646169642977,Utah St.,Sampled,21
2026,1,Wisconsin,High Point,0.9497165580486782,Wisconsin,Deterministic-A,21
2026,1,Arkansas,Hawaii,0.9716546622292703,Arkansas,Deterministic-A,21
2026,1,BYU,Texas,0.5197253112456744,Texas,Sampled,21
2026,1,Gonzaga,Kennesaw St.,0.9513542807092172,Gonzaga,Deterministic-A,21
2026,1,Miami FL,Missouri,0.4391702435681522,Miami FL,Sampled,21
2026,1,Purdue,Queens,0.9933361519375553,Purdue,Deterministic-A,21
2026,1,Michigan,Howard,0.9951159249018185,Michigan,Deterministic-A,21
2026,1,Georgia,Saint Louis,0.7686430302506854,Georgia,Deterministic-A,21
2026,1,Texas Tech,Akron,0.9458621882672305,Texas Tech,Deterministic-A,21
2026,1,Alabama,Hofstra,0.9264093701411587,Alabama,Deterministic-A,21
2026,1,Tennessee,SMU,0.7515098630756083,Tennessee,Deterministic-A,21
2026,1,Virginia,Wright St.,0.9482248567091944,Virginia,Deterministic-A,21
2026,1,Kentucky,Santa Clara,0.4440426006429322,Kentucky,Sampled,21
2026,1,Iowa St.,Tennessee St.,0.9968430210633037,Iowa St.,Deterministic-A,21
2026,2,Duke,Ohio St.,0.7390086079975868,Duke,Deterministic-A,21
2026,2,St. John's,Kansas,0.5355379132546708,St. John's,Sampled,21
2026,2,Louisville,Michigan St.,0.5738745576876145,Louisville,Sampled,21
2026,2,UCLA,Connecticut,0.4866936834089793,UCLA,Sampled,21
2026,2,Florida,Iowa,0.7639271236235,Florida,Deterministic-A,21
2026,2,Vanderbilt,Nebraska,0.6865031249657692,Vanderbilt,Deterministic-A,21
2026,2,North Carolina,Illinois,0.1085885722333618,Illinois,Deterministic-B,21
2026,2,Saint Mary's,Houston,0.09970310434646365,Houston,Deterministic-B,21
2026,2,Arizona,Utah St.,0.8257891559341833,Arizona,Deterministic-A,21
2026,2,Wisconsin,Arkansas,0.4950278069857847,Arkansas,Sampled,21
2026,2,Texas,Gonzaga,0.3371285202551729,Gonzaga,Deterministic-B,21
2026,2,Miami FL,Purdue,0.10259926213999071,Purdue,Deterministic-B,21
2026,2,Michigan,Georgia,0.8507771524948368,Michigan,Deterministic-A,21
2026,2,Texas Tech,Alabama,0.5938325194380916,Texas Tech,Sampled,21
2026,2,Tennessee,Virginia,0.5960276902383712,Tennessee,Sampled,21
2026,2,Kentucky,Iowa St.,0.1715944196714473,Iowa St.,Deterministic-B,21
2026,3,Duke,St. John's,0.7465650367093921,Duke,Deterministic-A,21
2026,3,Louisville,UCLA,0.5026852193649918,UCLA,Sampled,21
2026,3,Florida,Vanderbilt,0.6434590659410105,Florida,Deterministic-A,21
2026,3,Illinois,Houston,0.5308158063976895,Houston,Sampled,21
2026,3,Arizona,Arkansas,0.665220260010551,Arizona,Deterministic-A,21
2026,3,Gonzaga,Purdue,0.1942405317302338,Purdue,Deterministic-B,21
2026,3,Michigan,Texas Tech,0.5885013419889603,Texas Tech,Sampled,21
2026,3,Tennessee,Iowa St.,0.3594694078281067,Iowa St.,Deterministic-B,21
2026,4,Duke,UCLA,0.7495177625156639,Duke,Deterministic-A,21
2026,4,Florida,Houston,0.41657408763462916,Houston,Sampled,21
2026,4,Arizona,Purdue,0.45224561567796356,Purdue,Sampled,21
2026,4,Texas Tech,Iowa St.,0.43878277184709924,Texas Tech,Sampled,21
2026,5,Duke,Houston,0.44675503197660105,Houston,Sampled,21
2026,5,Purdue,Texas Tech,0.583097218901381,Texas Tech,Sampled,21
2026,6,Houston,Texas Tech,0.6555201576937912,Houston,Deterministic-A,21
2026,1,Duke,Siena,0.9935438698062663,Duke,Deterministic-A,22
2026,1,Ohio St.,TCU,0.8173194099086936,Ohio St.,Deterministic-A,22
2026,1,St. John's,Northern Iowa,0.8194627325708945,St. John's,Deterministic-A,22
2026,1,Kansas,Cal Baptist,0.9344506724910557,Kansas,Deterministic-A,22
2026,1,Louisville,South Florida,0.7860380912034134,Louisville,Deterministic-A,22
2026,1,Michigan St.,North Dakota St.,0.9477264024763377,Michigan St.,Deterministic-A,22
2026,1,UCLA,UCF,0.8608948556036264,UCLA,Deterministic-A,22
2026,1,Connecticut,Furman,0.9796773412447337,Connecticut,Deterministic-A,22
2026,1,Florida,Prairie View A&M,0.9961818193152869,Florida,Deterministic-A,22
2026,1,Clemson,Iowa,0.3505781305379848,Iowa,Deterministic-B,22
2026,1,Vanderbilt,McNeese St.,0.9184152829092163,Vanderbilt,Deterministic-A,22
2026,1,Nebraska,Troy,0.9441633711220943,Nebraska,Deterministic-A,22
2026,1,North Carolina,VCU,0.6875785627731936,North Carolina,Deterministic-A,22
2026,1,Illinois,Penn,0.9895456375342501,Illinois,Deterministic-A,22
2026,1,Saint Mary's,Texas A&M,0.4438285608095177,Texas A&M,Sampled,22
2026,1,Houston,Idaho,0.987795711852659,Houston,Deterministic-A,22
2026,1,Arizona,LIU,0.9965336858056648,Arizona,Deterministic-A,22
2026,1,Villanova,Utah St.,0.5234646169642977,Villanova,Sampled,22
2026,1,Wisconsin,High Point,0.9497165580486782,Wisconsin,Deterministic-A,22
2026,1,Arkansas,Hawaii,0.9716546622292703,Arkansas,Deterministic-A,22
2026,1,BYU,Texas,0.5197253112456744,Texas,Sampled,22
2026,1,Gonzaga,Kennesaw St.,0.9513542807092172,Gonzaga,Deterministic-A,22
2026,1,Miami FL,Missouri,0.4391702435681522,Missouri,Sampled,22
2026,1,Purdue,Queens,0.9933361519375553,Purdue,Deterministic-A,22
2026,1,Michigan,Howard,0.9951159249018185,Michigan,Deterministic-A,22
2026,1,Georgia,Saint Louis,0.7686430302506854,Georgia,Deterministic-A,22
2026,1,Texas Tech,Akron,0.9458621882672305,Texas Tech,Deterministic-A,22
2026,1,Alabama,Hofstra,0.9264093701411587,Alabama,Deterministic-A,22
2026,1,Tennessee,SMU,0.7515098630756083,Tennessee,Deterministic-A,22
2026,1,Virginia,Wright St.,0.9482248567091944,Virginia,Deterministic-A,22
2026,1,Kentucky,Santa Clara,0.4440426006429322,Kentucky,Sampled,22
2026,1,Iowa St.,Tennessee St.,0.9968430210633037,Iowa St.,Deterministic-A,22
2026,2,Duke,Ohio St.,0.7390086079975868,Duke,Deterministic-A,22
2026,2,St. John's,Kansas,0.5355379132546708,Kansas,Sampled,22
2026,2,Louisville,Michigan St.,0.5738745576876145,Michigan St.,Sampled,22
2026,2,UCLA,Connecticut,0.4866936834089793,UCLA,Sampled,22
2026,2,Florida,Iowa,0.7639271236235,Florida,Deterministic-A,22
2026,2,Vanderbilt,Nebraska,0.6865031249657692,Vanderbilt,Deterministic-A,22
2026,2,North Carolina,Illinois,0.1085885722333618,Illinois,Deterministic-B,22
2026,2,Texas A&M,Houston,0.12186466965786469,Houston,Deterministic-B,22
2026,2,Arizona,Villanova,0.8118606356348161,Arizona,Deterministic-A,22
2026,2,Wisconsin,Arkansas,0.4950278069857847,Wisconsin,Sampled,22
2026,2,Texas,Gonzaga,0.3371285202551729,Gonzaga,Deterministic-B,22
2026,2,Missouri,Purdue,0.12740044483533358,Purdue,Deterministic-B,22
2026,2,Michigan,Georgia,0.8507771524948368,Michigan,Deterministic-A,22
2026,2,Texas Tech,Alabama,0.5938325194380916,Alabama,Sampled,22
2026,2,Tennessee,Virginia,0.5960276902383712,Tennessee,Sampled,22
2026,2,Kentucky,Iowa St.,0.1715944196714473,Iowa St.,Deterministic-B,22
2026,3,Duke,Kansas,0.7725501680853833,Duke,Deterministic-A,22
2026,3,Michigan St.,UCLA,0.4287541296772118,UCLA,Sampled,22
2026,3,Florida,Vanderbilt,0.6434590659410105,Florida,Deterministic-A,22
2026,3,Illinois,Houston,0.5308158063976895,Illinois,Sampled,22
2026,3,Arizona,Wisconsin,0.6696350275590703,Arizona,Deterministic-A,22
2026,3,Gonzaga,Purdue,0.1942405317302338,Purdue,Deterministic-B,22
2026,3,Michigan,Alabama,0.6764719544732708,Michigan,Deterministic-A,22
2026,3,Tennessee,Iowa St.,0.3594694078281067,Iowa St.,Deterministic-B,22
2026,4,Duke,UCLA,0.7495177625156639,Duke,Deterministic-A,22
2026,4,Florida,Illinois,0.3869211107003162,Illinois,Deterministic-B,22
2026,4,Arizona,Purdue,0.45224561567796356,Arizona,Sampled,22
2026,4,Michigan,Iowa St.,0.5278884916804828,Iowa St.,Sampled,22
2026,5,Duke,Illinois,0.4164873314575824,Illinois,Sampled,22
2026,5,Arizona,Iowa St.,0.4744711531664893,Arizona,Sampled,22
2026,6,Illinois,Arizona,0.6508809589180099,Illinois,Deterministic-A,22
2026,1,Duke,Siena,0.9935438698062663,Duke,Deterministic-A,23
2026,1,Ohio St.,TCU,0.8173194099086936,Ohio St.,Deterministic-A,23
2026,1,St. John's,Northern Iowa,0.8194627325708945,St. John's,Deterministic-A,23
2026,1,Kansas,Cal Baptist,0.9344506724910557,Kansas,Deterministic-A,23
2026,1,Louisville,South Florida,0.7860380912034134,Louisville,Deterministic-A,23
2026,1,Michigan St.,North Dakota St.,0.9477264024763377,Michigan St.,Deterministic-A,23
2026,1,UCLA,UCF,0.8608948556036264,UCLA,Deterministic-A,23
2026,1,Connecticut,Furman,0.9796773412447337,Connecticut,Deterministic-A,23
2026,1,Florida,Prairie View A&M,0.9961818193152869,Florida,Deterministic-A,23
2026,1,Clemson,Iowa,0.3505781305379848,Iowa,Deterministic-B,23
2026,1,Vanderbilt,McNeese St.,0.9184152829092163,Vanderbilt,Deterministic-A,23
2026,1,Nebraska,Troy,0.9441633711220943,Nebraska,Deterministic-A,23
2026,1,North Carolina,VCU,0.6875785627731936,North Carolina,Deterministic-A,23
2026,1,Illinois,Penn,0.9895456375342501,Illinois,Deterministic-A,23
2026,1,Saint Mary's,Texas A&M,0.4438285608095177,Texas A&M,Sampled,23
2026,1,Houston,Idaho,0.987795711852659,Houston,Deterministic-A,23
2026,1,Arizona,LIU,0.9965336858056648,Arizona,Deterministic-A,23
2026,1,Villanova,Utah St.,0.5234646169642977,Utah St.,Sampled,23
2026,1,Wisconsin,High Point,0.9497165580486782,Wisconsin,Deterministic-A,23
2026,1,Arkansas,Hawaii,0.9716546622292703,Arkansas,Deterministic-A,23
2026,1,BYU,Texas,0.5197253112456744,BYU,Sampled,23
2026,1,Gonzaga,Kennesaw St.,0.9513542807092172,Gonzaga,Deterministic-A,23
2026,1,Miami FL,Missouri,0.4391702435681522,Missouri,Sampled,23
2026,1,Purdue,Queens,0.9933361519375553,Purdue,Deterministic-A,23
2026,1,Michigan,Howard,0.9951159249018185,Michigan,Deterministic-A,23
2026,1,Georgia,Saint Louis,0.7686430302506854,Georgia,Deterministic-A,23
2026,1,Texas Tech,Akron,0.9458621882672305,Texas Tech,Deterministic-A,23
2026,1,Alabama,Hofstra,0.9264093701411587,Alabama,Deterministic-A,23
2026,1,Tennessee,SMU,0.7515098630756083,Tennessee,Deterministic-A,23
2026,1,Virginia,Wright St.,0.9482248567091944,Virginia,Deterministic-A,23
2026,1,Kentucky,Santa Clara,0.4440426006429322,Kentucky,Sampled,23
2026,1,Iowa St.,Tennessee St.,0.9968430210633037,Iowa St.,Deterministic-A,23
2026,2,Duke,Ohio St.,0.7390086079975868,Duke,Deterministic-A,23
2026,2,St. John's,Kansas,0.5355379132546708,Kansas,Sampled,23
2026,2,Louisville,Michigan St.,0.5738745576876145,Michigan St.,Sampled,23
2026,2,UCLA,Connecticut,0.4866936834089793,Connecticut,Sampled,23
2026,2,Florida,Iowa,0.7639271236235,Florida,Deterministic-A,23
2026,2,Vanderbilt,Nebraska,0.6865031249657692,Vanderbilt,Deterministic-A,23
2026,2,North Carolina,Illinois,0.1085885722333618,Illinois,Deterministic-B,23
2026,2,Texas A&M,Houston,0.12186466965786469,Houston,Deterministic-B,23
2026,2,Arizona,Utah St.,0.8257891559341833,Arizona,Deterministic-A,23
2026,2,Wisconsin,Arkansas,0.4950278069857847,Wisconsin,Sampled,23
2026,2,BYU,Gonzaga,0.35499034688497266,Gonzaga,Deterministic-B,23
2026,2,Missouri,Purdue,0.12740044483533358,Purdue,Deterministic-B,23
2026,2,Michigan,Georgia,0.8507771524948368,Michigan,Deterministic-A,23
2026,2,Texas Tech,Alabama,0.5938325194380916,Alabama,Sampled,23
2026,2,Tennessee,Virginia,0.5960276902383712,Tennessee,Sampled,23
2026,2,Kentucky,Iowa St.,0.1715944196714473,Iowa St.,Deterministic-B,23
2026,3,Duke,Kansas,0.7725501680853833,Duke,Deterministic-A,23
2026,3,Michigan St.,Connecticut,0.4157672305224931,Michigan St.,Sampled,23
2026,3,Florida,Vanderbilt,0.6434590659410105,Florida,Deterministic-A,23
2026,3,Illinois,Houston,0.5308158063976895,Illinois,Sampled,23
2026,3,Arizona,Wisconsin,0.6696350275590703,Arizona,Deterministic-A,23
2026,3,Gonzaga,Purdue,0.1942405317302338,Purdue,Deterministic-B,23
2026,3,Michigan,Alabama,0.6764719544732708,Michigan,Deterministic-A,23
2026,3,Tennessee,Iowa St.,0.3594694078281067,Iowa St.,Deterministic-B,23
2026,4,Duke,Michigan St.,0.7994688685835264,Duke,Deterministic-A,23
2026,4,Florida,Illinois,0.3869211107003162,Illinois,Deterministic-B,23
2026,4,Arizona,Purdue,0.45224561567796356,Purdue,Sampled,23
2026,4,Michigan,Iowa St.,0.5278884916804828,Michigan,Sampled,23
2026,5,Duke,Illinois,0.4164873314575824,Illinois,Sampled,23
2026,5,Purdue,Michigan,0.4944320863679664,Michigan,Sampled,23
2026,6,Illinois,Michigan,0.60085759040946,Illinois,Deterministic-A,23
2026,1,Duke,Siena,0.9935438698062663,Duke,Deterministic-A,24
2026,1,Ohio St.,TCU,0.8173194099086936,Ohio St.,Deterministic-A,24
2026,1,St. John's,Northern Iowa,0.8194627325708945,St. John's,Deterministic-A,24
2026,1,Kansas,Cal Baptist,0.9344506724910557,Kansas,Deterministic-A,24
2026,1,Louisville,South Florida,0.7860380912034134,Louisville,Deterministic-A,24
2026,1,Michigan St.,North Dakota St.,0.9477264024763377,Michigan St.,Deterministic-A,24
2026,1,UCLA,UCF,0.8608948556036264,UCLA,Deterministic-A,24
2026,1,Connecticut,Furman,0.9796773412447337,Connecticut,Deterministic-A,24
2026,1,Florida,Prairie View A&M,0.9961818193152869,Florida,Deterministic-A,24
2026,1,Clemson,Iowa,0.3505781305379848,Iowa,Deterministic-B,24
2026,1,Vanderbilt,McNeese St.,0.9184152829092163,Vanderbilt,Deterministic-A,24
2026,1,Nebraska,Troy,0.9441633711220943,Nebraska,Deterministic-A,24
2026,1,North Carolina,VCU,0.6875785627731936,North Carolina,Deterministic-A,24
2026,1,Illinois,Penn,0.9895456375342501,Illinois,Deterministic-A,24
2026,1,Saint Mary's,Texas A&M,0.4438285608095177,Saint Mary's,Sampled,24
2026,1,Houston,Idaho,0.987795711852659,Houston,Deterministic-A,24
2026,1,Arizona,LIU,0.9965336858056648,Arizona,Deterministic-A,24
2026,1,Villanova,Utah St.,0.5234646169642977,Villanova,Sampled,24
2026,1,Wisconsin,High Point,0.9497165580486782,Wisconsin,Deterministic-A,24
2026,1,Arkansas,Hawaii,0.9716546622292703,Arkansas,Deterministic-A,24
2026,1,BYU,Texas,0.5197253112456744,BYU,Sampled,24
2026,1,Gonzaga,Kennesaw St.,0.9513542807092172,Gonzaga,Deterministic-A,24
2026,1,Miami FL,Missouri,0.4391702435681522,Missouri,Sampled,24
2026,1,Purdue,Queens,0.9933361519375553,Purdue,Deterministic-A,24
2026,1,Michigan,Howard,0.9951159249018185,Michigan,Deterministic-A,24
2026,1,Georgia,Saint Louis,0.7686430302506854,Georgia,Deterministic-A,24
2026,1,Texas Tech,Akron,0.9458621882672305,Texas Tech,Deterministic-A,24
2026,1,Alabama,Hofstra,0.9264093701411587,Alabama,Deterministic-A,24
2026,1,Tennessee,SMU,0.7515098630756083,Tennessee,Deterministic-A,24
2026,1,Virginia,Wright St.,0.9482248567091944,Virginia,Deterministic-A,24
2026,1,Kentucky,Santa Clara,0.4440426006429322,Santa Clara,Sampled,24
2026,1,Iowa St.,Tennessee St.,0.9968430210633037,Iowa St.,Deterministic-A,24
2026,2,Duke,Ohio St.,0.7390086079975868,Duke,Deterministic-A,24
2026,2,St. John's,Kansas,0.5355379132546708,St. John's,Sampled,24
2026,2,Louisville,Michigan St.,0.5738745576876145,Michigan St.,Sampled,24
2026,2,UCLA,Connecticut,0.4866936834089793,UCLA,Sampled,24
2026,2,Florida,Iowa,0.7639271236235,Florida,Deterministic-A,24
2026,2,Vanderbilt,Nebraska,0.6865031249657692,Vanderbilt,Deterministic-A,24
2026,2,North Carolina,Illinois,0.1085885722333618,Illinois,Deterministic-B,24
2026,2,Saint Mary's,Houston,0.09970310434646365,Houston,Deterministic-B,24
2026,2,Arizona,Villanova,0.8118606356348161,Arizona,Deterministic-A,24
2026,2,Wisconsin,Arkansas,0.4950278069857847,Arkansas,Sampled,24
2026,2,BYU,Gonzaga,0.35499034688497266,Gonzaga,Deterministic-B,24
2026,2,Missouri,Purdue,0.12740044483533358,Purdue,Deterministic-B,24
2026,2,Michigan,Georgia,0.8507771524948368,Michigan,Deterministic-A,24
2026,2,Texas Tech,Alabama,0.5938325194380916,Alabama,Sampled,24
2026,2,Tennessee,Virginia,0.5960276902383712,Virginia,Sampled,24
2026,2,Santa Clara,Iowa St.,0.2059360963517331,Iowa St.,Deterministic-B,24
2026,3,Duke,St. John's,0.7465650367093921,Duke,Deterministic-A,24
2026,3,Michigan St.,UCLA,0.4287541296772118,UCLA,Sampled,24
2026,3,Florida,Vanderbilt,0.6434590659410105,Florida,Deterministic-A,24
2026,3,Illinois,Houston,0.5308158063976895,Houston,Sampled,24
2026,3,Arizona,Arkansas,0.665220260010551,Arizona,Deterministic-A,24
2026,3,Gonzaga,Purdue,0.1942405317302338,Purdue,Deterministic-B,24
2026,3,Michigan,Alabama,0.6764719544732708,Michigan,Deterministic-A,24
2026,3,Virginia,Iowa St.,0.2755569966500777,Iowa St.,Deterministic-B,24
2026,4,Duke,UCLA,0.7495177625156639,Duke,Deterministic-A,24
2026,4,Florida,Houston,0.41657408763462916,Florida,Sampled,24
2026,4,Arizona,Purdue,0.45224561567796356,Arizona,Sampled,24
2026,4,Michigan,Iowa St.,0.5278884916804828,Michigan,Sampled,24
2026,5,Duke,Florida,0.5307269011552253,Duke,Sampled,24
2026,5,Arizona,Michigan,0.4467343537440333,Michigan,Sampled,24
2026,6,Duke,Michigan,0.5179496741403071,Michigan,Sampled,24
2026,1,Duke,Siena,0.9935438698062663,Duke,Deterministic-A,25
2026,1,Ohio St.,TCU,0.8173194099086936,Ohio St.,Deterministic-A,25
2026,1,St. John's,Northern Iowa,0.8194627325708945,St. John's,Deterministic-A,25
2026,1,Kansas,Cal Baptist,0.9344506724910557,Kansas,Deterministic-A,25
2026,1,Louisville,South Florida,0.7860380912034134,Louisville,Deterministic-A,25
2026,1,Michigan St.,North Dakota St.,0.9477264024763377,Michigan St.,Deterministic-A,25
2026,1,UCLA,UCF,0.8608948556036264,UCLA,Deterministic-A,25
2026,1,Connecticut,Furman,0.9796773412447337,Connecticut,Deterministic-A,25
2026,1,Florida,Prairie View A&M,0.9961818193152869,Florida,Deterministic-A,25
2026,1,Clemson,Iowa,0.3505781305379848,Iowa,Deterministic-B,25
2026,1,Vanderbilt,McNeese St.,0.9184152829092163,Vanderbilt,Deterministic-A,25
2026,1,Nebraska,Troy,0.9441633711220943,Nebraska,Deterministic-A,25
2026,1,North Carolina,VCU,0.6875785627731936,North Carolina,Deterministic-A,25
2026,1,Illinois,Penn,0.9895456375342501,Illinois,Deterministic-A,25
2026,1,Saint Mary's,Texas A&M,0.4438285608095177,Texas A&M,Sampled,25
2026,1,Houston,Idaho,0.987795711852659,Houston,Deterministic-A,25
2026,1,Arizona,LIU,0.9965336858056648,Arizona,Deterministic-A,25
2026,1,Villanova,Utah St.,0.5234646169642977,Villanova,Sampled,25
2026,1,Wisconsin,High Point,0.9497165580486782,Wisconsin,Deterministic-A,25
2026,1,Arkansas,Hawaii,0.9716546622292703,Arkansas,Deterministic-A,25
2026,1,BYU,Texas,0.5197253112456744,Texas,Sampled,25
2026,1,Gonzaga,Kennesaw St.,0.9513542807092172,Gonzaga,Deterministic-A,25
2026,1,Miami FL,Missouri,0.4391702435681522,Miami FL,Sampled,25
2026,1,Purdue,Queens,0.9933361519375553,Purdue,Deterministic-A,25
2026,1,Michigan,Howard,0.9951159249018185,Michigan,Deterministic-A,25
2026,1,Georgia,Saint Louis,0.7686430302506854,Georgia,Deterministic-A,25
2026,1,Texas Tech,Akron,0.9458621882672305,Texas Tech,Deterministic-A,25
2026,1,Alabama,Hofstra,0.9264093701411587,Alabama,Deterministic-A,25
2026,1,Tennessee,SMU,0.7515098630756083,Tennessee,Deterministic-A,25
2026,1,Virginia,Wright St.,0.9482248567091944,Virginia,Deterministic-A,25
2026,1,Kentucky,Santa Clara,0.4440426006429322,Kentucky,Sampled,25
2026,1,Iowa St.,Tennessee St.,0.9968430210633037,Iowa St.,Deterministic-A,25
2026,2,Duke,Ohio St.,0.7390086079975868,Duke,Deterministic-A,25
2026,2,St. John's,Kansas,0.5355379132546708,Kansas,Sampled,25
2026,2,Louisville,Michigan St.,0.5738745576876145,Michigan St.,Sampled,25
2026,2,UCLA,Connecticut,0.4866936834089793,Connecticut,Sampled,25
2026,2,Florida,Iowa,0.7639271236235,Florida,Deterministic-A,25
2026,2,Vanderbilt,Nebraska,0.6865031249657692,Vanderbilt,Deterministic-A,25
2026,2,North Carolina,Illinois,0.1085885722333618,Illinois,Deterministic-B,25
2026,2,Texas A&M,Houston,0.12186466965786469,Houston,Deterministic-B,25
2026,2,Arizona,Villanova,0.8118606356348161,Arizona,Deterministic-A,25
2026,2,Wisconsin,Arkansas,0.4950278069857847,Wisconsin,Sampled,25
2026,2,Texas,Gonzaga,0.3371285202551729,Gonzaga,Deterministic-B,25
2026,2,Miami FL,Purdue,0.10259926213999071,Purdue,Deterministic-B,25
2026,2,Michigan,Georgia,0.8507771524948368,Michigan,Deterministic-A,25
2026,2,Texas Tech,Alabama,0.5938325194380916,Alabama,Sampled,25
2026,2,Tennessee,Virginia,0.5960276902383712,Tennessee,Sampled,25
2026,2,Kentucky,Iowa St.,0.1715944196714473,Iowa St.,Deterministic-B,25
2026,3,Duke,Kansas,0.7725501680853833,Duke,Deterministic-A,25
2026,3,Michigan St.,Connecticut,0.4157672305224931,Connecticut,Sampled,25
2026,3,Florida,Vanderbilt,0.6434590659410105,Florida,Deterministic-A,25
2026,3,Illinois,Houston,0.5308158063976895,Houston,Sampled,25
2026,3,Arizona,Wisconsin,0.6696350275590703,Arizona,Deterministic-A,25
2026,3,Gonzaga,Purdue,0.1942405317302338,Purdue,Deterministic-B,25
2026,3,Michigan,Alabama,0.6764719544732708,Michigan,Deterministic-A,25
2026,3,Tennessee,Iowa St.,0.3594694078281067,Iowa St.,Deterministic-B,25
2026,4,Duke,Connecticut,0.7393907100072757,Duke,Deterministic-A,25
2026,4,Florida,Houston,0.41657408763462916,Florida,Sampled,25
2026,4,Arizona,Purdue,0.45224561567796356,Arizona,Sampled,25
2026,4,Michigan,Iowa St.,0.5278884916804828,Michigan,Sampled,25
2026,5,Duke,Florida,0.5307269011552253,Florida,Sampled,25
2026,5,Arizona,Michigan,0.4467343537440333,Michigan,Sampled,25
2026,6,Florida,Michigan,0.48719452216155096,Michigan,Sampled,25
2026,1,Duke,Siena,0.9935438698062663,Duke,Deterministic-A,26
2026,1,Ohio St.,TCU,0.8173194099086936,Ohio St.,Deterministic-A,26
2026,1,St. John's,Northern Iowa,0.8194627325708945,St. John's,Deterministic-A,26
2026,1,Kansas,Cal Baptist,0.9344506724910557,Kansas,Deterministic-A,26
2026,1,Louisville,South Florida,0.7860380912034134,Louisville,Deterministic-A,26
2026,1,Michigan St.,North Dakota St.,0.9477264024763377,Michigan St.,Deterministic-A,26
2026,1,UCLA,UCF,0.8608948556036264,UCLA,Deterministic-A,26
2026,1,Connecticut,Furman,0.9796773412447337,Connecticut,Deterministic-A,26
2026,1,Florida,Prairie View A&M,0.9961818193152869,Florida,Deterministic-A,26
2026,1,Clemson,Iowa,0.3505781305379848,Iowa,Deterministic-B,26
2026,1,Vanderbilt,McNeese St.,0.9184152829092163,Vanderbilt,Deterministic-A,26
2026,1,Nebraska,Troy,0.9441633711220943,Nebraska,Deterministic-A,26
2026,1,North Carolina,VCU,0.6875785627731936,North Carolina,Deterministic-A,26
2026,1,Illinois,Penn,0.9895456375342501,Illinois,Deterministic-A,26
2026,1,Saint Mary's,Texas A&M,0.4438285608095177,Texas A&M,Sampled,26
2026,1,Houston,Idaho,0.987795711852659,Houston,Deterministic-A,26
2026,1,Arizona,LIU,0.9965336858056648,Arizona,Deterministic-A,26
2026,1,Villanova,Utah St.,0.5234646169642977,Utah St.,Sampled,26
2026,1,Wisconsin,High Point,0.9497165580486782,Wisconsin,Deterministic-A,26
2026,1,Arkansas,Hawaii,0.9716546622292703,Arkansas,Deterministic-A,26
2026,1,BYU,Texas,0.5197253112456744,BYU,Sampled,26
2026,1,Gonzaga,Kennesaw St.,0.9513542807092172,Gonzaga,Deterministic-A,26
2026,1,Miami FL,Missouri,0.4391702435681522,Missouri,Sampled,26
2026,1,Purdue,Queens,0.9933361519375553,Purdue,Deterministic-A,26
2026,1,Michigan,Howard,0.9951159249018185,Michigan,Deterministic-A,26
2026,1,Georgia,Saint Louis,0.7686430302506854,Georgia,Deterministic-A,26
2026,1,Texas Tech,Akron,0.9458621882672305,Texas Tech,Deterministic-A,26
2026,1,Alabama,Hofstra,0.9264093701411587,Alabama,Deterministic-A,26
2026,1,Tennessee,SMU,0.7515098630756083,Tennessee,Deterministic-A,26
2026,1,Virginia,Wright St.,0.9482248567091944,Virginia,Deterministic-A,26
2026,1,Kentucky,Santa Clara,0.4440426006429322,Kentucky,Sampled,26
2026,1,Iowa St.,Tennessee St.,0.9968430210633037,Iowa St.,Deterministic-A,26
2026,2,Duke,Ohio St.,0.7390086079975868,Duke,Deterministic-A,26
2026,2,St. John's,Kansas,0.5355379132546708,Kansas,Sampled,26
2026,2,Louisville,Michigan St.,0.5738745576876145,Michigan St.,Sampled,26
2026,2,UCLA,Connecticut,0.4866936834089793,Connecticut,Sampled,26
2026,2,Florida,Iowa,0.7639271236235,Florida,Deterministic-A,26
2026,2,Vanderbilt,Nebraska,0.6865031249657692,Vanderbilt,Deterministic-A,26
2026,2,North Carolina,Illinois,0.1085885722333618,Illinois,Deterministic-B,26
2026,2,Texas A&M,Houston,0.12186466965786469,Houston,Deterministic-B,26
2026,2,Arizona,Utah St.,0.8257891559341833,Arizona,Deterministic-A,26
2026,2,Wisconsin,Arkansas,0.4950278069857847,Arkansas,Sampled,26
2026,2,BYU,Gonzaga,0.35499034688497266,Gonzaga,Deterministic-B,26
2026,2,Missouri,Purdue,0.12740044483533358,Purdue,Deterministic-B,26
2026,2,Michigan,Georgia,0.8507771524948368,Michigan,Deterministic-A,26
2026,2,Texas Tech,Alabama,0.5938325194380916,Texas Tech,Sampled,26
2026,2,Tennessee,Virginia,0.5960276902383712,Tennessee,Sampled,26
2026,2,Kentucky,Iowa St.,0.1715944196714473,Iowa St.,Deterministic-B,26
2026,3,Duke,Kansas,0.7725501680853833,Duke,Deterministic-A,26
2026,3,Michigan St.,Connecticut,0.4157672305224931,Michigan St.,Sampled,26
2026,3,Florida,Vanderbilt,0.6434590659410105,Florida,Deterministic-A,26
2026,3,Illinois,Houston,0.5308158063976895,Illinois,Sampled,26
2026,3,Arizona,Arkansas,0.665220260010551,Arizona,Deterministic-A,26
2026,3,Gonzaga,Purdue,0.1942405317302338,Purdue,Deterministic-B,26
2026,3,Michigan,Texas Tech,0.5885013419889603,Michigan,Sampled,26
2026,3,Tennessee,Iowa St.,0.3594694078281067,Iowa St.,Deterministic-B,26
2026,4,Duke,Michigan St.,0.7994688685835264,Duke,Deterministic-A,26
2026,4,Florida,Illinois,0.3869211107003162,Illinois,Deterministic-B,26
2026,4,Arizona,Purdue,0.45224561567796356,Arizona,Sampled,26
2026,4,Michigan,Iowa St.,0.5278884916804828,Michigan,Sampled,26
2026,5,Duke,Illinois,0.4164873314575824,Duke,Sampled,26
2026,5,Arizona,Michigan,0.4467343537440333,Arizona,Sampled,26
2026,6,Duke,Arizona,0.5709440018736711,Arizona,Sampled,26
2026,1,Duke,Siena,0.9935438698062663,Duke,Deterministic-A,27
2026,1,Ohio St.,TCU,0.8173194099086936,Ohio St.,Deterministic-A,27
2026,1,St. John's,Northern Iowa,0.8194627325708945,St. John's,Deterministic-A,27
2026,1,Kansas,Cal Baptist,0.9344506724910557,Kansas,Deterministic-A,27
2026,1,Louisville,South Florida,0.7860380912034134,Louisville,Deterministic-A,27
2026,1,Michigan St.,North Dakota St.,0.9477264024763377,Michigan St.,Deterministic-A,27
2026,1,UCLA,UCF,0.8608948556036264,UCLA,Deterministic-A,27
2026,1,Connecticut,Furman,0.9796773412447337,Connecticut,Deterministic-A,27
2026,1,Florida,Prairie View A&M,0.9961818193152869,Florida,Deterministic-A,27
2026,1,Clemson,Iowa,0.3505781305379848,Iowa,Deterministic-B,27
2026,1,Vanderbilt,McNeese St.,0.9184152829092163,Vanderbilt,Deterministic-A,27
2026,1,Nebraska,Troy,0.9441633711220943,Nebraska,Deterministic-A,27
2026,1,North Carolina,VCU,0.6875785627731936,North Carolina,Deterministic-A,27
2026,1,Illinois,Penn,0.9895456375342501,Illinois,Deterministic-A,27
2026,1,Saint Mary's,Texas A&M,0.4438285608095177,Texas A&M,Sampled,27
2026,1,Houston,Idaho,0.987795711852659,Houston,Deterministic-A,27
2026,1,Arizona,LIU,0.9965336858056648,Arizona,Deterministic-A,27
2026,1,Villanova,Utah St.,0.5234646169642977,Villanova,Sampled,27
2026,1,Wisconsin,High Point,0.9497165580486782,Wisconsin,Deterministic-A,27
2026,1,Arkansas,Hawaii,0.9716546622292703,Arkansas,Deterministic-A,27
2026,1,BYU,Texas,0.5197253112456744,BYU,Sampled,27
2026,1,Gonzaga,Kennesaw St.,0.9513542807092172,Gonzaga,Deterministic-A,27
2026,1,Miami FL,Missouri,0.4391702435681522,Miami FL,Sampled,27
2026,1,Purdue,Queens,0.9933361519375553,Purdue,Deterministic-A,27
2026,1,Michigan,Howard,0.9951159249018185,Michigan,Deterministic-A,27
2026,1,Georgia,Saint Louis,0.7686430302506854,Georgia,Deterministic-A,27
2026,1,Texas Tech,Akron,0.9458621882672305,Texas Tech,Deterministic-A,27
2026,1,Alabama,Hofstra,0.9264093701411587,Alabama,Deterministic-A,27
2026,1,Tennessee,SMU,0.7515098630756083,Tennessee,Deterministic-A,27
2026,1,Virginia,Wright St.,0.9482248567091944,Virginia,Deterministic-A,27
2026,1,Kentucky,Santa Clara,0.4440426006429322,Santa Clara,Sampled,27
2026,1,Iowa St.,Tennessee St.,0.9968430210633037,Iowa St.,Deterministic-A,27
2026,2,Duke,Ohio St.,0.7390086079975868,Duke,Deterministic-A,27
2026,2,St. John's,Kansas,0.5355379132546708,St. John's,Sampled,27
2026,2,Louisville,Michigan St.,0.5738745576876145,Louisville,Sampled,27
2026,2,UCLA,Connecticut,0.4866936834089793,UCLA,Sampled,27
2026,2,Florida,Iowa,0.7639271236235,Florida,Deterministic-A,27
2026,2,Vanderbilt,Nebraska,0.6865031249657692,Vanderbilt,Deterministic-A,27
2026,2,North Carolina,Illinois,0.1085885722333618,Illinois,Deterministic-B,27
2026,2,Texas A&M,Houston,0.12186466965786469,Houston,Deterministic-B,27
2026,2,Arizona,Villanova,0.8118606356348161,Arizona,Deterministic-A,27
2026,2,Wisconsin,Arkansas,0.4950278069857847,Wisconsin,Sampled,27
2026,2,BYU,Gonzaga,0.35499034688497266,Gonzaga,Deterministic-B,27
2026,2,Miami FL,Purdue,0.10259926213999071,Purdue,Deterministic-B,27
2026,2,Michigan,Georgia,0.8507771524948368,Michigan,Deterministic-A,27
2026,2,Texas Tech,Alabama,0.5938325194380916,Texas Tech,Sampled,27
2026,2,Tennessee,Virginia,0.5960276902383712,Tennessee,Sampled,27
2026,2,Santa Clara,Iowa St.,0.2059360963517331,Iowa St.,Deterministic-B,27
2026,3,Duke,St. John's,0.7465650367093921,Duke,Deterministic-A,27
2026,3,Louisville,UCLA,0.5026852193649918,UCLA,Sampled,27
2026,3,Florida,Vanderbilt,0.6434590659410105,Florida,Deterministic-A,27
2026,3,Illinois,Houston,0.5308158063976895,Houston,Sampled,27
2026,3,Arizona,Wisconsin,0.6696350275590703,Arizona,Deterministic-A,27
2026,3,Gonzaga,Purdue,0.1942405317302338,Purdue,Deterministic-B,27
2026,3,Michigan,Texas Tech,0.5885013419889603,Texas Tech,Sampled,27
2026,3,Tennessee,Iowa St.,0.3594694078281067,Iowa St.,Deterministic-B,27
2026,4,Duke,UCLA,0.7495177625156639,Duke,Deterministic-A,27
2026,4,Florida,Houston,0.41657408763462916,Houston,Sampled,27
2026,4,Arizona,Purdue,0.45224561567796356,Arizona,Sampled,27
2026,4,Texas Tech,Iowa St.,0.43878277184709924,Iowa St.,Sampled,27
2026,5,Duke,Houston,0.44675503197660105,Houston,Sampled,27
2026,5,Arizona,Iowa St.,0.4744711531664893,Arizona,Sampled,27
2026,6,Houston,Arizona,0.6223404492083077,Houston,Deterministic-A,27
2026,1,Duke,Siena,0.9935438698062663,Duke,Deterministic-A,28
2026,1,Ohio St.,TCU,0.8173194099086936,Ohio St.,Deterministic-A,28
2026,1,St. John's,Northern Iowa,0.8194627325708945,St. John's,Deterministic-A,28
2026,1,Kansas,Cal Baptist,0.9344506724910557,Kansas,Deterministic-A,28
2026,1,Louisville,South Florida,0.7860380912034134,Louisville,Deterministic-A,28
2026,1,Michigan St.,North Dakota St.,0.9477264024763377,Michigan St.,Deterministic-A,28
2026,1,UCLA,UCF,0.8608948556036264,UCLA,Deterministic-A,28
2026,1,Connecticut,Furman,0.9796773412447337,Connecticut,Deterministic-A,28
2026,1,Florida,Prairie View A&M,0.9961818193152869,Florida,Deterministic-A,28
2026,1,Clemson,Iowa,0.3505781305379848,Iowa,Deterministic-B,28
2026,1,Vanderbilt,McNeese St.,0.9184152829092163,Vanderbilt,Deterministic-A,28
2026,1,Nebraska,Troy,0.9441633711220943,Nebraska,Deterministic-A,28
2026,1,North Carolina,VCU,0.6875785627731936,North Carolina,Deterministic-A,28
2026,1,Illinois,Penn,0.9895456375342501,Illinois,Deterministic-A,28
2026,1,Saint Mary's,Texas A&M,0.4438285608095177,Texas A&M,Sampled,28
2026,1,Houston,Idaho,0.987795711852659,Houston,Deterministic-A,28
2026,1,Arizona,LIU,0.9965336858056648,Arizona,Deterministic-A,28
2026,1,Villanova,Utah St.,0.5234646169642977,Villanova,Sampled,28
2026,1,Wisconsin,High Point,0.9497165580486782,Wisconsin,Deterministic-A,28
2026,1,Arkansas,Hawaii,0.9716546622292703,Arkansas,Deterministic-A,28
2026,1,BYU,Texas,0.5197253112456744,BYU,Sampled,28
2026,1,Gonzaga,Kennesaw St.,0.9513542807092172,Gonzaga,Deterministic-A,28
2026,1,Miami FL,Missouri,0.4391702435681522,Missouri,Sampled,28
2026,1,Purdue,Queens,0.9933361519375553,Purdue,Deterministic-A,28
2026,1,Michigan,Howard,0.9951159249018185,Michigan,Deterministic-A,28
2026,1,Georgia,Saint Louis,0.7686430302506854,Georgia,Deterministic-A,28
2026,1,Texas Tech,Akron,0.9458621882672305,Texas Tech,Deterministic-A,28
2026,1,Alabama,Hofstra,0.9264093701411587,Alabama,Deterministic-A,28
2026,1,Tennessee,SMU,0.7515098630756083,Tennessee,Deterministic-A,28
2026,1,Virginia,Wright St.,0.9482248567091944,Virginia,Deterministic-A,28
2026,1,Kentucky,Santa Clara,0.4440426006429322,Santa Clara,Sampled,28
2026,1,Iowa St.,Tennessee St.,0.9968430210633037,Iowa St.,Deterministic-A,28
2026,2,Duke,Ohio St.,0.7390086079975868,Duke,Deterministic-A,28
2026,2,St. John's,Kansas,0.5355379132546708,Kansas,Sampled,28
2026,2,Louisville,Michigan St.,0.5738745576876145,Louisville,Sampled,28
2026,2,UCLA,Connecticut,0.4866936834089793,Connecticut,Sampled,28
2026,2,Florida,Iowa,0.7639271236235,Florida,Deterministic-A,28
2026,2,Vanderbilt,Nebraska,0.6865031249657692,Vanderbilt,Deterministic-A,28
2026,2,North Carolina,Illinois,0.1085885722333618,Illinois,Deterministic-B,28
2026,2,Texas A&M,Houston,0.12186466965786469,Houston,Deterministic-B,28
2026,2,Arizona,Villanova,0.8118606356348161,Arizona,Deterministic-A,28
2026,2,Wisconsin,Arkansas,0.4950278069857847,Arkansas,Sampled,28
2026,2,BYU,Gonzaga,0.35499034688497266,Gonzaga,Deterministic-B,28
2026,2,Missouri,Purdue,0.12740044483533358,Purdue,Deterministic-B,28
2026,2,Michigan,Georgia,0.8507771524948368,Michigan,Deterministic-A,28
2026,2,Texas Tech,Alabama,0.5938325194380916,Texas Tech,Sampled,28
2026,2,Tennessee,Virginia,0.5960276902383712,Virginia,Sampled,28
2026,2,Santa Clara,Iowa St.,0.2059360963517331,Iowa St.,Deterministic-B,28
2026,3,Duke,Kansas,0.7725501680853833,Duke,Deterministic-A,28
2026,3,Louisville,Connecticut,0.489377384573671,Connecticut,Sampled,28
2026,3,Florida,Vanderbilt,0.6434590659410105,Florida,Deterministic-A,28
2026,3,Illinois,Houston,0.5308158063976895,Illinois,Sampled,28
2026,3,Arizona,Arkansas,0.665220260010551,Arizona,Deterministic-A,28
2026,3,Gonzaga,Purdue,0.1942405317302338,Purdue,Deterministic-B,28
2026,3,Michigan,Texas Tech,0.5885013419889603,Michigan,Sampled,28
2026,3,Virginia,Iowa St.,0.2755569966500777,Iowa St.,Deterministic-B,28
2026,4,Duke,Connecticut,0.7393907100072757,Duke,Deterministic-A,28
2026,4,Florida,Illinois,0.3869211107003162,Illinois,Deterministic-B,28
2026,4,Arizona,Purdue,0.45224561567796356,Purdue,Sampled,28
2026,4,Michigan,Iowa St.,0.5278884916804828,Michigan,Sampled,28
2026,5,Duke,Illinois,0.4164873314575824,Duke,Sampled,28
2026,5,Purdue,Michigan,0.4944320863679664,Purdue,Sampled,28
2026,6,Duke,Purdue,0.5235081899281402,Duke,Sampled,28
2026,1,Duke,Siena,0.9935438698062663,Duke,Deterministic-A,29
2026,1,Ohio St.,TCU,0.8173194099086936,Ohio St.,Deterministic-A,29
2026,1,St. John's,Northern Iowa,0.8194627325708945,St. John's,Deterministic-A,29
2026,1,Kansas,Cal Baptist,0.9344506724910557,Kansas,Deterministic-A,29
2026,1,Louisville,South Florida,0.7860380912034134,Louisville,Deterministic-A,29
2026,1,Michigan St.,North Dakota St.,0.9477264024763377,Michigan St.,Deterministic-A,29
2026,1,UCLA,UCF,0.8608948556036264,UCLA,Deterministic-A,29
2026,1,Connecticut,Furman,0.9796773412447337,Connecticut,Deterministic-A,29
2026,1,Florida,Prairie View A&M,0.9961818193152869,Florida,Deterministic-A,29
2026,1,Clemson,Iowa,0.3505781305379848,Iowa,Deterministic-B,29
2026,1,Vanderbilt,McNeese St.,0.9184152829092163,Vanderbilt,Deterministic-A,29
2026,1,Nebraska,Troy,0.9441633711220943,Nebraska,Deterministic-A,29
2026,1,North Carolina,VCU,0.6875785627731936,North Carolina,Deterministic-A,29
2026,1,Illinois,Penn,0.9895456375342501,Illinois,Deterministic-A,29
2026,1,Saint Mary's,Texas A&M,0.4438285608095177,Saint Mary's,Sampled,29
2026,1,Houston,Idaho,0.987795711852659,Houston,Deterministic-A,29
2026,1,Arizona,LIU,0.9965336858056648,Arizona,Deterministic-A,29
2026,1,Villanova,Utah St.,0.5234646169642977,Utah St.,Sampled,29
2026,1,Wisconsin,High Point,0.9497165580486782,Wisconsin,Deterministic-A,29
2026,1,Arkansas,Hawaii,0.9716546622292703,Arkansas,Deterministic-A,29
2026,1,BYU,Texas,0.5197253112456744,BYU,Sampled,29
2026,1,Gonzaga,Kennesaw St.,0.9513542807092172,Gonzaga,Deterministic-A,29
2026,1,Miami FL,Missouri,0.4391702435681522,Missouri,Sampled,29
2026,1,Purdue,Queens,0.9933361519375553,Purdue,Deterministic-A,29
2026,1,Michigan,Howard,0.9951159249018185,Michigan,Deterministic-A,29
2026,1,Georgia,Saint Louis,0.7686430302506854,Georgia,Deterministic-A,29
2026,1,Texas Tech,Akron,0.9458621882672305,Texas Tech,Deterministic-A,29
2026,1,Alabama,Hofstra,0.9264093701411587,Alabama,Deterministic-A,29
2026,1,Tennessee,SMU,0.7515098630756083,Tennessee,Deterministic-A,29
2026,1,Virginia,Wright St.,0.9482248567091944,Virginia,Deterministic-A,29
2026,1,Kentucky,Santa Clara,0.4440426006429322,Santa Clara,Sampled,29
2026,1,Iowa St.,Tennessee St.,0.9968430210633037,Iowa St.,Deterministic-A,29
2026,2,Duke,Ohio St.,0.7390086079975868,Duke,Deterministic-A,29
2026,2,St. John's,Kansas,0.5355379132546708,St. John's,Sampled,29
2026,2,Louisville,Michigan St.,0.5738745576876145,Louisville,Sampled,29
2026,2,UCLA,Connecticut,0.4866936834089793,Connecticut,Sampled,29
2026,2,Florida,Iowa,0.7639271236235,Florida,Deterministic-A,29
2026,2,Vanderbilt,Nebraska,0.6865031249657692,Vanderbilt,Deterministic-A,29
2026,2,North Carolina,Illinois,0.1085885722333618,Illinois,Deterministic-B,29
2026,2,Saint Mary's,Houston,0.09970310434646365,Houston,Deterministic-B,29
2026,2,Arizona,Utah St.,0.8257891559341833,Arizona,Deterministic-A,29
2026,2,Wisconsin,Arkansas,0.4950278069857847,Wisconsin,Sampled,29
2026,2,BYU,Gonzaga,0.35499034688497266,Gonzaga,Deterministic-B,29
2026,2,Missouri,Purdue,0.12740044483533358,Purdue,Deterministic-B,29
2026,2,Michigan,Georgia,0.8507771524948368,Michigan,Deterministic-A,29
2026,2,Texas Tech,Alabama,0.5938325194380916,Texas Tech,Sampled,29
2026,2,Tennessee,Virginia,0.5960276902383712,Virginia,Sampled,29
2026,2,Santa Clara,Iowa St.,0.2059360963517331,Iowa St.,Deterministic-B,29
2026,3,Duke,St. John's,0.7465650367093921,Duke,Deterministic-A,29
2026,3,Louisville,Connecticut,0.489377384573671,Connecticut,Sampled,29
2026,3,Florida,Vanderbilt,0.6434590659410105,Florida,Deterministic-A,29
2026,3,Illinois,Houston,0.5308158063976895,Houston,Sampled,29
2026,3,Arizona,Wisconsin,0.6696350275590703,Arizona,Deterministic-A,29
2026,3,Gonzaga,Purdue,0.1942405317302338,Purdue,Deterministic-B,29
2026,3,Michigan,Texas Tech,0.5885013419889603,Michigan,Sampled,29
2026,3,Virginia,Iowa St.,0.2755569966500777,Iowa St.,Deterministic-B,29
2026,4,Duke,Connecticut,0.7393907100072757,Duke,Deterministic-A,29
2026,4,Florida,Houston,0.41657408763462916,Houston,Sampled,29
2026,4,Arizona,Purdue,0.45224561567796356,Purdue,Sampled,29
2026,4,Michigan,Iowa St.,0.5278884916804828,Michigan,Sampled,29
2026,5,Duke,Houston,0.44675503197660105,Houston,Sampled,29
2026,5,Purdue,Michigan,0.4944320863679664,Purdue,Sampled,29
2026,6,Houston,Purdue,0.5763707868888042,Houston,Sampled,29
2026,1,Duke,Siena,0.9935438698062663,Duke,Deterministic-A,30
2026,1,Ohio St.,TCU,0.8173194099086936,Ohio St.,Deterministic-A,30
2026,1,St. John's,Northern Iowa,0.8194627325708945,St. John's,Deterministic-A,30
2026,1,Kansas,Cal Baptist,0.9344506724910557,Kansas,Deterministic-A,30
2026,1,Louisville,South Florida,0.7860380912034134,Louisville,Deterministic-A,30
2026,1,Michigan St.,North Dakota St.,0.9477264024763377,Michigan St.,Deterministic-A,30
2026,1,UCLA,UCF,0.8608948556036264,UCLA,Deterministic-A,30
2026,1,Connecticut,Furman,0.9796773412447337,Connecticut,Deterministic-A,30
2026,1,Florida,Prairie View A&M,0.9961818193152869,Florida,Deterministic-A,30
2026,1,Clemson,Iowa,0.3505781305379848,Iowa,Deterministic-B,30
2026,1,Vanderbilt,McNeese St.,0.9184152829092163,Vanderbilt,Deterministic-A,30
2026,1,Nebraska,Troy,0.9441633711220943,Nebraska,Deterministic-A,30
2026,1,North Carolina,VCU,0.6875785627731936,North Carolina,Deterministic-A,30
2026,1,Illinois,Penn,0.9895456375342501,Illinois,Deterministic-A,30
2026,1,Saint Mary's,Texas A&M,0.4438285608095177,Texas A&M,Sampled,30
2026,1,Houston,Idaho,0.987795711852659,Houston,Deterministic-A,30
2026,1,Arizona,LIU,0.9965336858056648,Arizona,Deterministic-A,30
2026,1,Villanova,Utah St.,0.5234646169642977,Villanova,Sampled,30
2026,1,Wisconsin,High Point,0.9497165580486782,Wisconsin,Deterministic-A,30
2026,1,Arkansas,Hawaii,0.9716546622292703,Arkansas,Deterministic-A,30
2026,1,BYU,Texas,0.5197253112456744,BYU,Sampled,30
2026,1,Gonzaga,Kennesaw St.,0.9513542807092172,Gonzaga,Deterministic-A,30
2026,1,Miami FL,Missouri,0.4391702435681522,Missouri,Sampled,30
2026,1,Purdue,Queens,0.9933361519375553,Purdue,Deterministic-A,30
2026,1,Michigan,Howard,0.9951159249018185,Michigan,Deterministic-A,30
2026,1,Georgia,Saint Louis,0.7686430302506854,Georgia,Deterministic-A,30
2026,1,Texas Tech,Akron,0.9458621882672305,Texas Tech,Deterministic-A,30
2026,1,Alabama,Hofstra,0.9264093701411587,Alabama,Deterministic-A,30
2026,1,Tennessee,SMU,0.7515098630756083,Tennessee,Deterministic-A,30
2026,1,Virginia,Wright St.,0.9482248567091944,Virginia,Deterministic-A,30
2026,1,Kentucky,Santa Clara,0.4440426006429322,Santa Clara,Sampled,30
2026,1,Iowa St.,Tennessee St.,0.9968430210633037,Iowa St.,Deterministic-A,30
2026,2,Duke,Ohio St.,0.7390086079975868,Duke,Deterministic-A,30
2026,2,St. John's,Kansas,0.5355379132546708,Kansas,Sampled,30
2026,2,Louisville,Michigan St.,0.5738745576876145,Michigan St.,Sampled,30
2026,2,UCLA,Connecticut,0.4866936834089793,Connecticut,Sampled,30
2026,2,Florida,Iowa,0.7639271236235,Florida,Deterministic-A,30
2026,2,Vanderbilt,Nebraska,0.6865031249657692,Vanderbilt,Deterministic-A,30
2026,2,North Carolina,Illinois,0.1085885722333618,Illinois,Deterministic-B,30
2026,2,Texas A&M,Houston,0.12186466965786469,Houston,Deterministic-B,30
2026,2,Arizona,Villanova,0.8118606356348161,Arizona,Deterministic-A,30
2026,2,Wisconsin,Arkansas,0.4950278069857847,Wisconsin,Sampled,30
2026,2,BYU,Gonzaga,0.35499034688497266,Gonzaga,Deterministic-B,30
2026,2,Missouri,Purdue,0.12740044483533358,Purdue,Deterministic-B,30
2026,2,Michigan,Georgia,0.8507771524948368,Michigan,Deterministic-A,30
2026,2,Texas Tech,Alabama,0.5938325194380916,Texas Tech,Sampled,30
2026,2,Tennessee,Virginia,0.5960276902383712,Tennessee,Sampled,30
2026,2,Santa Clara,Iowa St.,0.2059360963517331,Iowa St.,Deterministic-B,30
2026,3,Duke,Kansas,0.7725501680853833,Duke,Deterministic-A,30
2026,3,Michigan St.,Connecticut,0.4157672305224931,Michigan St.,Sampled,30
2026,3,Florida,Vanderbilt,0.6434590659410105,Florida,Deterministic-A,30
2026,3,Illinois,Houston,0.5308158063976895,Houston,Sampled,30
2026,3,Arizona,Wisconsin,0.6696350275590703,Arizona,Deterministic-A,30
2026,3,Gonzaga,Purdue,0.1942405317302338,Purdue,Deterministic-B,30
2026,3,Michigan,Texas Tech,0.5885013419889603,Michigan,Sampled,30
2026,3,Tennessee,Iowa St.,0.3594694078281067,Iowa St.,Deterministic-B,30
2026,4,Duke,Michigan St.,0.7994688685835264,Duke,Deterministic-A,30
2026,4,Florida,Houston,0.41657408763462916,Houston,Sampled,30
2026,4,Arizona,Purdue,0.45224561567796356,Arizona,Sampled,30
2026,4,Michigan,Iowa St.,0.5278884916804828,Michigan,Sampled,30
2026,5,Duke,Houston,0.44675503197660105,Houston,Sampled,30
2026,5,Arizona,Michigan,0.4467343537440333,Arizona,Sampled,30
2026,6,Houston,Arizona,0.6223404492083077,Houston,Deterministic-A,30
2026,1,Duke,Siena,0.9935438698062663,Duke,Deterministic-A,31
2026,1,Ohio St.,TCU,0.8173194099086936,Ohio St.,Deterministic-A,31
2026,1,St. John's,Northern Iowa,0.8194627325708945,St. John's,Deterministic-A,31
2026,1,Kansas,Cal Baptist,0.9344506724910557,Kansas,Deterministic-A,31
2026,1,Louisville,South Florida,0.7860380912034134,Louisville,Deterministic-A,31
2026,1,Michigan St.,North Dakota St.,0.9477264024763377,Michigan St.,Deterministic-A,31
2026,1,UCLA,UCF,0.8608948556036264,UCLA,Deterministic-A,31
2026,1,Connecticut,Furman,0.9796773412447337,Connecticut,Deterministic-A,31
2026,1,Florida,Prairie View A&M,0.9961818193152869,Florida,Deterministic-A,31
2026,1,Clemson,Iowa,0.3505781305379848,Iowa,Deterministic-B,31
2026,1,Vanderbilt,McNeese St.,0.9184152829092163,Vanderbilt,Deterministic-A,31
2026,1,Nebraska,Troy,0.9441633711220943,Nebraska,Deterministic-A,31
2026,1,North Carolina,VCU,0.6875785627731936,North Carolina,Deterministic-A,31
2026,1,Illinois,Penn,0.9895456375342501,Illinois,Deterministic-A,31
2026,1,Saint Mary's,Texas A&M,0.4438285608095177,Saint Mary's,Sampled,31
2026,1,Houston,Idaho,0.987795711852659,Houston,Deterministic-A,31
2026,1,Arizona,LIU,0.9965336858056648,Arizona,Deterministic-A,31
2026,1,Villanova,Utah St.,0.5234646169642977,Villanova,Sampled,31
2026,1,Wisconsin,High Point,0.9497165580486782,Wisconsin,Deterministic-A,31
2026,1,Arkansas,Hawaii,0.9716546622292703,Arkansas,Deterministic-A,31
2026,1,BYU,Texas,0.5197253112456744,BYU,Sampled,31
2026,1,Gonzaga,Kennesaw St.,0.9513542807092172,Gonzaga,Deterministic-A,31
2026,1,Miami FL,Missouri,0.4391702435681522,Missouri,Sampled,31
2026,1,Purdue,Queens,0.9933361519375553,Purdue,Deterministic-A,31
2026,1,Michigan,Howard,0.9951159249018185,Michigan,Deterministic-A,31
2026,1,Georgia,Saint Louis,0.7686430302506854,Georgia,Deterministic-A,31
2026,1,Texas Tech,Akron,0.9458621882672305,Texas Tech,Deterministic-A,31
2026,1,Alabama,Hofstra,0.9264093701411587,Alabama,Deterministic-A,31
2026,1,Tennessee,SMU,0.7515098630756083,Tennessee,Deterministic-A,31
2026,1,Virginia,Wright St.,0.9482248567091944,Virginia,Deterministic-A,31
2026,1,Kentucky,Santa Clara,0.4440426006429322,Santa Clara,Sampled,31
2026,1,Iowa St.,Tennessee St.,0.9968430210633037,Iowa St.,Deterministic-A,31
2026,2,Duke,Ohio St.,0.7390086079975868,Duke,Deterministic-A,31
2026,2,St. John's,Kansas,0.5355379132546708,St. John's,Sampled,31
2026,2,Louisville,Michigan St.,0.5738745576876145,Louisville,Sampled,31
2026,2,UCLA,Connecticut,0.4866936834089793,Connecticut,Sampled,31
2026,2,Florida,Iowa,0.7639271236235,Florida,Deterministic-A,31
2026,2,Vanderbilt,Nebraska,0.6865031249657692,Vanderbilt,Deterministic-A,31
2026,2,North Carolina,Illinois,0.1085885722333618,Illinois,Deterministic-B,31
2026,2,Saint Mary's,Houston,0.09970310434646365,Houston,Deterministic-B,31
2026,2,Arizona,Villanova,0.8118606356348161,Arizona,Deterministic-A,31
2026,2,Wisconsin,Arkansas,0.4950278069857847,Arkansas,Sampled,31
2026,2,BYU,Gonzaga,0.35499034688497266,Gonzaga,Deterministic-B,31
2026,2,Missouri,Purdue,0.12740044483533358,Purdue,Deterministic-B,31
2026,2,Michigan,Georgia,0.8507771524948368,Michigan,Deterministic-A,31
2026,2,Texas Tech,Alabama,0.5938325194380916,Alabama,Sampled,31
2026,2,Tennessee,Virginia,0.5960276902383712,Virginia,Sampled,31
2026,2,Santa Clara,Iowa St.,0.2059360963517331,Iowa St.,Deterministic-B,31
2026,3,Duke,St. John's,0.7465650367093921,Duke,Deterministic-A,31
2026,3,Louisville,Connecticut,0.489377384573671,Connecticut,Sampled,31
2026,3,Florida,Vanderbilt,0.6434590659410105,Florida,Deterministic-A,31
2026,3,Illinois,Houston,0.5308158063976895,Illinois,Sampled,31
2026,3,Arizona,Arkansas,0.665220260010551,Arizona,Deterministic-A,31
2026,3,Gonzaga,Purdue,0.1942405317302338,Purdue,Deterministic-B,31
2026,3,Michigan,Alabama,0.6764719544732708,Michigan,Deterministic-A,31
2026,3,Virginia,Iowa St.,0.2755569966500777,Iowa St.,Deterministic-B,31
2026,4,Duke,Connecticut,0.7393907100072757,Duke,Deterministic-A,31
2026,4,Florida,Illinois,0.3869211107003162,Illinois,Deterministic-B,31
2026,4,Arizona,Purdue,0.45224561567796356,Arizona,Sampled,31
2026,4,Michigan,Iowa St.,0.5278884916804828,Iowa St.,Sampled,31
2026,5,Duke,Illinois,0.4164873314575824,Duke,Sampled,31
2026,5,Arizona,Iowa St.,0.4744711531664893,Iowa St.,Sampled,31
2026,6,Duke,Iowa St.,0.545746564850346,Duke,Sampled,31
2026,1,Duke,Siena,0.9935438698062663,Duke,Deterministic-A,32
2026,1,Ohio St.,TCU,0.8173194099086936,Ohio St.,Deterministic-A,32
2026,1,St. John's,Northern Iowa,0.8194627325708945,St. John's,Deterministic-A,32
2026,1,Kansas,Cal Baptist,0.9344506724910557,Kansas,Deterministic-A,32
2026,1,Louisville,South Florida,0.7860380912034134,Louisville,Deterministic-A,32
2026,1,Michigan St.,North Dakota St.,0.9477264024763377,Michigan St.,Deterministic-A,32
2026,1,UCLA,UCF,0.8608948556036264,UCLA,Deterministic-A,32
2026,1,Connecticut,Furman,0.9796773412447337,Connecticut,Deterministic-A,32
2026,1,Florida,Prairie View A&M,0.9961818193152869,Florida,Deterministic-A,32
2026,1,Clemson,Iowa,0.3505781305379848,Iowa,Deterministic-B,32
2026,1,Vanderbilt,McNeese St.,0.9184152829092163,Vanderbilt,Deterministic-A,32
2026,1,Nebraska,Troy,0.9441633711220943,Nebraska,Deterministic-A,32
2026,1,North Carolina,VCU,0.6875785627731936,North Carolina,Deterministic-A,32
2026,1,Illinois,Penn,0.9895456375342501,Illinois,Deterministic-A,32
2026,1,Saint Mary's,Texas A&M,0.4438285608095177,Texas A&M,Sampled,32
2026,1,Houston,Idaho,0.987795711852659,Houston,Deterministic-A,32
2026,1,Arizona,LIU,0.9965336858056648,Arizona,Deterministic-A,32
2026,1,Villanova,Utah St.,0.5234646169642977,Utah St.,Sampled,32
2026,1,Wisconsin,High Point,0.9497165580486782,Wisconsin,Deterministic-A,32
2026,1,Arkansas,Hawaii,0.9716546622292703,Arkansas,Deterministic-A,32
2026,1,BYU,Texas,0.5197253112456744,BYU,Sampled,32
2026,1,Gonzaga,Kennesaw St.,0.9513542807092172,Gonzaga,Deterministic-A,32
2026,1,Miami FL,Missouri,0.4391702435681522,Missouri,Sampled,32
2026,1,Purdue,Queens,0.9933361519375553,Purdue,Deterministic-A,32
2026,1,Michigan,Howard,0.9951159249018185,Michigan,Deterministic-A,32
2026,1,Georgia,Saint Louis,0.7686430302506854,Georgia,Deterministic-A,32
2026,1,Texas Tech,Akron,0.9458621882672305,Texas Tech,Deterministic-A,32
2026,1,Alabama,Hofstra,0.9264093701411587,Alabama,Deterministic-A,32
2026,1,Tennessee,SMU,0.7515098630756083,Tennessee,Deterministic-A,32
2026,1,Virginia,Wright St.,0.9482248567091944,Virginia,Deterministic-A,32
2026,1,Kentucky,Santa Clara,0.4440426006429322,Santa Clara,Sampled,32
2026,1,Iowa St.,Tennessee St.,0.9968430210633037,Iowa St.,Deterministic-A,32
2026,2,Duke,Ohio St.,0.7390086079975868,Duke,Deterministic-A,32
2026,2,St. John's,Kansas,0.5355379132546708,Kansas,Sampled,32
2026,2,Louisville,Michigan St.,0.5738745576876145,Louisville,Sampled,32
2026,2,UCLA,Connecticut,0.4866936834089793,Connecticut,Sampled,32
2026,2,Florida,Iowa,0.7639271236235,Florida,Deterministic-A,32
2026,2,Vanderbilt,Nebraska,0.6865031249657692,Vanderbilt,Deterministic-A,32
2026,2,North Carolina,Illinois,0.1085885722333618,Illinois,Deterministic-B,32
2026,2,Texas A&M,Houston,0.12186466965786469,Houston,Deterministic-B,32
2026,2,Arizona,Utah St.,0.8257891559341833,Arizona,Deterministic-A,32
2026,2,Wisconsin,Arkansas,0.4950278069857847,Arkansas,Sampled,32
2026,2,BYU,Gonzaga,0.35499034688497266,Gonzaga,Deterministic-B,32
2026,2,Missouri,Purdue,0.12740044483533358,Purdue,Deterministic-B,32
2026,2,Michigan,Georgia,0.8507771524948368,Michigan,Deterministic-A,32
2026,2,Texas Tech,Alabama,0.5938325194380916,Texas Tech,Sampled,32
2026,2,Tennessee,Virginia,0.5960276902383712,Tennessee,Sampled,32
2026,2,Santa Clara,Iowa St.,0.2059360963517331,Iowa St.,Deterministic-B,32
2026,3,Duke,Kansas,0.7725501680853833,Duke,Deterministic-A,32
2026,3,Louisville,Connecticut,0.489377384573671,Connecticut,Sampled,32
2026,3,Florida,Vanderbilt,0.6434590659410105,Florida,Deterministic-A,32
2026,3,Illinois,Houston,0.5308158063976895,Houston,Sampled,32
2026,3,Arizona,Arkansas,0.665220260010551,Arizona,Deterministic-A,32
2026,3,Gonzaga,Purdue,0.1942405317302338,Purdue,Deterministic-B,32
2026,3,Michigan,Texas Tech,0.5885013419889603,Michigan,Sampled,32
2026,3,Tennessee,Iowa St.,0.3594694078281067,Iowa St.,Deterministic-B,32
2026,4,Duke,Connecticut,0.7393907100072757,Duke,Deterministic-A,32
2026,4,Florida,Houston,0.41657408763462916,Florida,Sampled,32
2026,4,Arizona,Purdue,0.45224561567796356,Arizona,Sampled,32
2026,4,Michigan,Iowa St.,0.5278884916804828,Michigan,Sampled,32
2026,5,Duke,Florida,0.5307269011552253,Florida,Sampled,32
2026,5,Arizona,Michigan,0.4467343537440333,Michigan,Sampled,32
2026,6,Florida,Michigan,0.48719452216155096,Florida,Sampled,32
2026,1,Duke,Siena,0.9935438698062663,Duke,Deterministic-A,33
2026,1,Ohio St.,TCU,0.8173194099086936,Ohio St.,Deterministic-A,33
2026,1,St. John's,Northern Iowa,0.8194627325708945,St. John's,Deterministic-A,33
2026,1,Kansas,Cal Baptist,0.9344506724910557,Kansas,Deterministic-A,33
2026,1,Louisville,South Florida,0.7860380912034134,Louisville,Deterministic-A,33
2026,1,Michigan St.,North Dakota St.,0.9477264024763377,Michigan St.,Deterministic-A,33
2026,1,UCLA,UCF,0.8608948556036264,UCLA,Deterministic-A,33
2026,1,Connecticut,Furman,0.9796773412447337,Connecticut,Deterministic-A,33
2026,1,Florida,Prairie View A&M,0.9961818193152869,Florida,Deterministic-A,33
2026,1,Clemson,Iowa,0.3505781305379848,Iowa,Deterministic-B,33
2026,1,Vanderbilt,McNeese St.,0.9184152829092163,Vanderbilt,Deterministic-A,33
2026,1,Nebraska,Troy,0.9441633711220943,Nebraska,Deterministic-A,33
2026,1,North Carolina,VCU,0.6875785627731936,North Carolina,Deterministic-A,33
2026,1,Illinois,Penn,0.9895456375342501,Illinois,Deterministic-A,33
2026,1,Saint Mary's,Texas A&M,0.4438285608095177,Texas A&M,Sampled,33
2026,1,Houston,Idaho,0.987795711852659,Houston,Deterministic-A,33
2026,1,Arizona,LIU,0.9965336858056648,Arizona,Deterministic-A,33
2026,1,Villanova,Utah St.,0.5234646169642977,Villanova,Sampled,33
2026,1,Wisconsin,High Point,0.9497165580486782,Wisconsin,Deterministic-A,33
2026,1,Arkansas,Hawaii,0.9716546622292703,Arkansas,Deterministic-A,33
2026,1,BYU,Texas,0.5197253112456744,BYU,Sampled,33
2026,1,Gonzaga,Kennesaw St.,0.9513542807092172,Gonzaga,Deterministic-A,33
2026,1,Miami FL,Missouri,0.4391702435681522,Missouri,Sampled,33
2026,1,Purdue,Queens,0.9933361519375553,Purdue,Deterministic-A,33
2026,1,Michigan,Howard,0.9951159249018185,Michigan,Deterministic-A,33
2026,1,Georgia,Saint Louis,0.7686430302506854,Georgia,Deterministic-A,33
2026,1,Texas Tech,Akron,0.9458621882672305,Texas Tech,Deterministic-A,33
2026,1,Alabama,Hofstra,0.9264093701411587,Alabama,Deterministic-A,33
2026,1,Tennessee,SMU,0.7515098630756083,Tennessee,Deterministic-A,33
2026,1,Virginia,Wright St.,0.9482248567091944,Virginia,Deterministic-A,33
2026,1,Kentucky,Santa Clara,0.4440426006429322,Santa Clara,Sampled,33
2026,1,Iowa St.,Tennessee St.,0.9968430210633037,Iowa St.,Deterministic-A,33
2026,2,Duke,Ohio St.,0.7390086079975868,Duke,Deterministic-A,33
2026,2,St. John's,Kansas,0.5355379132546708,Kansas,Sampled,33
2026,2,Louisville,Michigan St.,0.5738745576876145,Michigan St.,Sampled,33
2026,2,UCLA,Connecticut,0.4866936834089793,UCLA,Sampled,33
2026,2,Florida,Iowa,0.7639271236235,Florida,Deterministic-A,33
2026,2,Vanderbilt,Nebraska,0.6865031249657692,Vanderbilt,Deterministic-A,33
2026,2,North Carolina,Illinois,0.1085885722333618,Illinois,Deterministic-B,33
2026,2,Texas A&M,Houston,0.12186466965786469,Houston,Deterministic-B,33
2026,2,Arizona,Villanova,0.8118606356348161,Arizona,Deterministic-A,33
2026,2,Wisconsin,Arkansas,0.4950278069857847,Arkansas,Sampled,33
2026,2,BYU,Gonzaga,0.35499034688497266,Gonzaga,Deterministic-B,33
2026,2,Missouri,Purdue,0.12740044483533358,Purdue,Deterministic-B,33
2026,2,Michigan,Georgia,0.8507771524948368,Michigan,Deterministic-A,33
2026,2,Texas Tech,Alabama,0.5938325194380916,Alabama,Sampled,33
2026,2,Tennessee,Virginia,0.5960276902383712,Virginia,Sampled,33
2026,2,Santa Clara,Iowa St.,0.2059360963517331,Iowa St.,Deterministic-B,33
2026,3,Duke,Kansas,0.7725501680853833,Duke,Deterministic-A,33
2026,3,Michigan St.,UCLA,0.4287541296772118,UCLA,Sampled,33
2026,3,Florida,Vanderbilt,0.6434590659410105,Florida,Deterministic-A,33
2026,3,Illinois,Houston,0.5308158063976895,Houston,Sampled,33
2026,3,Arizona,Arkansas,0.665220260010551,Arizona,Deterministic-A,33
2026,3,Gonzaga,Purdue,0.1942405317302338,Purdue,Deterministic-B,33
2026,3,Michigan,Alabama,0.6764719544732708,Michigan,Deterministic-A,33
2026,3,Virginia,Iowa St.,0.2755569966500777,Iowa St.,Deterministic-B,33
2026,4,Duke,UCLA,0.7495177625156639,Duke,Deterministic-A,33
2026,4,Florida,Houston,0.41657408763462916,Houston,Sampled,33
2026,4,Arizona,Purdue,0.45224561567796356,Arizona,Sampled,33
2026,4,Michigan,Iowa St.,0.5278884916804828,Iowa St.,Sampled,33
2026,5,Duke,Houston,0.44675503197660105,Duke,Sampled,33
2026,5,Arizona,Iowa St.,0.4744711531664893,Iowa St.,Sampled,33
2026,6,Duke,Iowa St.,0.545746564850346,Iowa St.,Sampled,33
2026,1,Duke,Siena,0.9935438698062663,Duke,Deterministic-A,34
2026,1,Ohio St.,TCU,0.8173194099086936,Ohio St.,Deterministic-A,34
2026,1,St. John's,Northern Iowa,0.8194627325708945,St. John's,Deterministic-A,34
2026,1,Kansas,Cal Baptist,0.9344506724910557,Kansas,Deterministic-A,34
2026,1,Louisville,South Florida,0.7860380912034134,Louisville,Deterministic-A,34
2026,1,Michigan St.,North Dakota St.,0.9477264024763377,Michigan St.,Deterministic-A,34
2026,1,UCLA,UCF,0.8608948556036264,UCLA,Deterministic-A,34
2026,1,Connecticut,Furman,0.9796773412447337,Connecticut,Deterministic-A,34
2026,1,Florida,Prairie View A&M,0.9961818193152869,Florida,Deterministic-A,34
2026,1,Clemson,Iowa,0.3505781305379848,Iowa,Deterministic-B,34
2026,1,Vanderbilt,McNeese St.,0.9184152829092163,Vanderbilt,Deterministic-A,34
2026,1,Nebraska,Troy,0.9441633711220943,Nebraska,Deterministic-A,34
2026,1,North Carolina,VCU,0.6875785627731936,North Carolina,Deterministic-A,34
2026,1,Illinois,Penn,0.9895456375342501,Illinois,Deterministic-A,34
2026,1,Saint Mary's,Texas A&M,0.4438285608095177,Texas A&M,Sampled,34
2026,1,Houston,Idaho,0.987795711852659,Houston,Deterministic-A,34
2026,1,Arizona,LIU,0.9965336858056648,Arizona,Deterministic-A,34
2026,1,Villanova,Utah St.,0.5234646169642977,Utah St.,Sampled,34
2026,1,Wisconsin,High Point,0.9497165580486782,Wisconsin,Deterministic-A,34
2026,1,Arkansas,Hawaii,0.9716546622292703,Arkansas,Deterministic-A,34
2026,1,BYU,Texas,0.5197253112456744,BYU,Sampled,34
2026,1,Gonzaga,Kennesaw St.,0.9513542807092172,Gonzaga,Deterministic-A,34
2026,1,Miami FL,Missouri,0.4391702435681522,Missouri,Sampled,34
2026,1,Purdue,Queens,0.9933361519375553,Purdue,Deterministic-A,34
2026,1,Michigan,Howard,0.9951159249018185,Michigan,Deterministic-A,34
2026,1,Georgia,Saint Louis,0.7686430302506854,Georgia,Deterministic-A,34
2026,1,Texas Tech,Akron,0.9458621882672305,Texas Tech,Deterministic-A,34
2026,1,Alabama,Hofstra,0.9264093701411587,Alabama,Deterministic-A,34
2026,1,Tennessee,SMU,0.7515098630756083,Tennessee,Deterministic-A,34
2026,1,Virginia,Wright St.,0.9482248567091944,Virginia,Deterministic-A,34
2026,1,Kentucky,Santa Clara,0.4440426006429322,Santa Clara,Sampled,34
2026,1,Iowa St.,Tennessee St.,0.9968430210633037,Iowa St.,Deterministic-A,34
2026,2,Duke,Ohio St.,0.7390086079975868,Duke,Deterministic-A,34
2026,2,St. John's,Kansas,0.5355379132546708,St. John's,Sampled,34
2026,2,Louisville,Michigan St.,0.5738745576876145,Louisville,Sampled,34
2026,2,UCLA,Connecticut,0.4866936834089793,UCLA,Sampled,34
2026,2,Florida,Iowa,0.7639271236235,Florida,Deterministic-A,34
2026,2,Vanderbilt,Nebraska,0.6865031249657692,Vanderbilt,Deterministic-A,34
2026,2,North Carolina,Illinois,0.1085885722333618,Illinois,Deterministic-B,34
2026,2,Texas A&M,Houston,0.12186466965786469,Houston,Deterministic-B,34
2026,2,Arizona,Utah St.,0.8257891559341833,Arizona,Deterministic-A,34
2026,2,Wisconsin,Arkansas,0.4950278069857847,Arkansas,Sampled,34
2026,2,BYU,Gonzaga,0.35499034688497266,Gonzaga,Deterministic-B,34
2026,2,Missouri,Purdue,0.12740044483533358,Purdue,Deterministic-B,34
2026,2,Michigan,Georgia,0.8507771524948368,Michigan,Deterministic-A,34
2026,2,Texas Tech,Alabama,0.5938325194380916,Texas Tech,Sampled,34
2026,2,Tennessee,Virginia,0.5960276902383712,Virginia,Sampled,34
2026,2,Santa Clara,Iowa St.,0.2059360963517331,Iowa St.,Deterministic-B,34
2026,3,Duke,St. John's,0.7465650367093921,Duke,Deterministic-A,34
2026,3,Louisville,UCLA,0.5026852193649918,Louisville,Sampled,34
2026,3,Florida,Vanderbilt,0.6434590659410105,Florida,Deterministic-A,34
2026,3,Illinois,Houston,0.5308158063976895,Houston,Sampled,34
2026,3,Arizona,Arkansas,0.665220260010551,Arizona,Deterministic-A,34
2026,3,Gonzaga,Purdue,0.1942405317302338,Purdue,Deterministic-B,34
2026,3,Michigan,Texas Tech,0.5885013419889603,Michigan,Sampled,34
2026,3,Virginia,Iowa St.,0.2755569966500777,Iowa St.,Deterministic-B,34
2026,4,Duke,Louisville,0.7474958418351636,Duke,Deterministic-A,34
2026,4,Florida,Houston,0.41657408763462916,Houston,Sampled,34
2026,4,Arizona,Purdue,0.45224561567796356,Arizona,Sampled,34
2026,4,Michigan,Iowa St.,0.5278884916804828,Iowa St.,Sampled,34
2026,5,Duke,Houston,0.44675503197660105,Houston,Sampled,34
2026,5,Arizona,Iowa St.,0.4744711531664893,Iowa St.,Sampled,34
2026,6,Houston,Iowa St.,0.5980363551044231,Iowa St.,Sampled,34
2026,1,Duke,Siena,0.9935438698062663,Duke,Deterministic-A,35
2026,1,Ohio St.,TCU,0.8173194099086936,Ohio St.,Deterministic-A,35
2026,1,St. John's,Northern Iowa,0.8194627325708945,St. John's,Deterministic-A,35
2026,1,Kansas,Cal Baptist,0.9344506724910557,Kansas,Deterministic-A,35
2026,1,Louisville,South Florida,0.7860380912034134,Louisville,Deterministic-A,35
2026,1,Michigan St.,North Dakota St.,0.9477264024763377,Michigan St.,Deterministic-A,35
2026,1,UCLA,UCF,0.8608948556036264,UCLA,Deterministic-A,35
2026,1,Connecticut,Furman,0.9796773412447337,Connecticut,Deterministic-A,35
2026,1,Florida,Prairie View A&M,0.9961818193152869,Florida,Deterministic-A,35
2026,1,Clemson,Iowa,0.3505781305379848,Iowa,Deterministic-B,35
2026,1,Vanderbilt,McNeese St.,0.9184152829092163,Vanderbilt,Deterministic-A,35
2026,1,Nebraska,Troy,0.9441633711220943,Nebraska,Deterministic-A,35
2026,1,North Carolina,VCU,0.6875785627731936,North Carolina,Deterministic-A,35
2026,1,Illinois,Penn,0.9895456375342501,Illinois,Deterministic-A,35
2026,1,Saint Mary's,Texas A&M,0.4438285608095177,Saint Mary's,Sampled,35
2026,1,Houston,Idaho,0.987795711852659,Houston,Deterministic-A,35
2026,1,Arizona,LIU,0.9965336858056648,Arizona,Deterministic-A,35
2026,1,Villanova,Utah St.,0.5234646169642977,Villanova,Sampled,35
2026,1,Wisconsin,High Point,0.9497165580486782,Wisconsin,Deterministic-A,35
2026,1,Arkansas,Hawaii,0.9716546622292703,Arkansas,Deterministic-A,35
2026,1,BYU,Texas,0.5197253112456744,BYU,Sampled,35
2026,1,Gonzaga,Kennesaw St.,0.9513542807092172,Gonzaga,Deterministic-A,35
2026,1,Miami FL,Missouri,0.4391702435681522,Miami FL,Sampled,35
2026,1,Purdue,Queens,0.9933361519375553,Purdue,Deterministic-A,35
2026,1,Michigan,Howard,0.9951159249018185,Michigan,Deterministic-A,35
2026,1,Georgia,Saint Louis,0.7686430302506854,Georgia,Deterministic-A,35
2026,1,Texas Tech,Akron,0.9458621882672305,Texas Tech,Deterministic-A,35
2026,1,Alabama,Hofstra,0.9264093701411587,Alabama,Deterministic-A,35
2026,1,Tennessee,SMU,0.7515098630756083,Tennessee,Deterministic-A,35
2026,1,Virginia,Wright St.,0.9482248567091944,Virginia,Deterministic-A,35
2026,1,Kentucky,Santa Clara,0.4440426006429322,Santa Clara,Sampled,35
2026,1,Iowa St.,Tennessee St.,0.9968430210633037,Iowa St.,Deterministic-A,35
2026,2,Duke,Ohio St.,0.7390086079975868,Duke,Deterministic-A,35
2026,2,St. John's,Kansas,0.5355379132546708,Kansas,Sampled,35
2026,2,Louisville,Michigan St.,0.5738745576876145,Michigan St.,Sampled,35
2026,2,UCLA,Connecticut,0.4866936834089793,Connecticut,Sampled,35
2026,2,Florida,Iowa,0.7639271236235,Florida,Deterministic-A,35
2026,2,Vanderbilt,Nebraska,0.6865031249657692,Vanderbilt,Deterministic-A,35
2026,2,North Carolina,Illinois,0.1085885722333618,Illinois,Deterministic-B,35
2026,2,Saint Mary's,Houston,0.09970310434646365,Houston,Deterministic-B,35
2026,2,Arizona,Villanova,0.8118606356348161,Arizona,Deterministic-A,35
2026,2,Wisconsin,Arkansas,0.4950278069857847,Arkansas,Sampled,35
2026,2,BYU,Gonzaga,0.35499034688497266,Gonzaga,Deterministic-B,35
2026,2,Miami FL,Purdue,0.10259926213999071,Purdue,Deterministic-B,35
2026,2,Michigan,Georgia,0.8507771524948368,Michigan,Deterministic-A,35
2026,2,Texas Tech,Alabama,0.5938325194380916,Alabama,Sampled,35
2026,2,Tennessee,Virginia,0.5960276902383712,Tennessee,Sampled,35
2026,2,Santa Clara,Iowa St.,0.2059360963517331,Iowa St.,Deterministic-B,35
2026,3,Duke,Kansas,0.7725501680853833,Duke,Deterministic-A,35
2026,3,Michigan St.,Connecticut,0.4157672305224931,Michigan St.,Sampled,35
2026,3,Florida,Vanderbilt,0.6434590659410105,Florida,Deterministic-A,35
2026,3,Illinois,Houston,0.5308158063976895,Houston,Sampled,35
2026,3,Arizona,Arkansas,0.665220260010551,Arizona,Deterministic-A,35
2026,3,Gonzaga,Purdue,0.1942405317302338,Purdue,Deterministic-B,35
2026,3,Michigan,Alabama,0.6764719544732708,Michigan,Deterministic-A,35
2026,3,Tennessee,Iowa St.,0.3594694078281067,Iowa St.,Deterministic-B,35
2026,4,Duke,Michigan St.,0.7994688685835264,Duke,Deterministic-A,35
2026,4,Florida,Houston,0.41657408763462916,Houston,Sampled,35
2026,4,Arizona,Purdue,0.45224561567796356,Arizona,Sampled,35
2026,4,Michigan,Iowa St.,0.5278884916804828,Michigan,Sampled,35
2026,5,Duke,Houston,0.44675503197660105,Houston,Sampled,35
2026,5,Arizona,Michigan,0.4467343537440333,Arizona,Sampled,35
2026,6,Houston,Arizona,0.6223404492083077,Houston,Deterministic-A,35
2026,1,Duke,Siena,0.9935438698062663,Duke,Deterministic-A,36
2026,1,Ohio St.,TCU,0.8173194099086936,Ohio St.,Deterministic-A,36
2026,1,St. John's,Northern Iowa,0.8194627325708945,St. John's,Deterministic-A,36
2026,1,Kansas,Cal Baptist,0.9344506724910557,Kansas,Deterministic-A,36
2026,1,Louisville,South Florida,0.7860380912034134,Louisville,Deterministic-A,36
2026,1,Michigan St.,North Dakota St.,0.9477264024763377,Michigan St.,Deterministic-A,36
2026,1,UCLA,UCF,0.8608948556036264,UCLA,Deterministic-A,36
2026,1,Connecticut,Furman,0.9796773412447337,Connecticut,Deterministic-A,36
2026,1,Florida,Prairie View A&M,0.9961818193152869,Florida,Deterministic-A,36
2026,1,Clemson,Iowa,0.3505781305379848,Iowa,Deterministic-B,36
2026,1,Vanderbilt,McNeese St.,0.9184152829092163,Vanderbilt,Deterministic-A,36
2026,1,Nebraska,Troy,0.9441633711220943,Nebraska,Deterministic-A,36
2026,1,North Carolina,VCU,0.6875785627731936,North Carolina,Deterministic-A,36
2026,1,Illinois,Penn,0.9895456375342501,Illinois,Deterministic-A,36
2026,1,Saint Mary's,Texas A&M,0.4438285608095177,Saint Mary's,Sampled,36
2026,1,Houston,Idaho,0.987795711852659,Houston,Deterministic-A,36
2026,1,Arizona,LIU,0.9965336858056648,Arizona,Deterministic-A,36
2026,1,Villanova,Utah St.,0.5234646169642977,Utah St.,Sampled,36
2026,1,Wisconsin,High Point,0.9497165580486782,Wisconsin,Deterministic-A,36
2026,1,Arkansas,Hawaii,0.9716546622292703,Arkansas,Deterministic-A,36
2026,1,BYU,Texas,0.5197253112456744,Texas,Sampled,36
2026,1,Gonzaga,Kennesaw St.,0.9513542807092172,Gonzaga,Deterministic-A,36
2026,1,Miami FL,Missouri,0.4391702435681522,Miami FL,Sampled,36
2026,1,Purdue,Queens,0.9933361519375553,Purdue,Deterministic-A,36
2026,1,Michigan,Howard,0.9951159249018185,Michigan,Deterministic-A,36
2026,1,Georgia,Saint Louis,0.7686430302506854,Georgia,Deterministic-A,36
2026,1,Texas Tech,Akron,0.9458621882672305,Texas Tech,Deterministic-A,36
2026,1,Alabama,Hofstra,0.9264093701411587,Alabama,Deterministic-A,36
2026,1,Tennessee,SMU,0.7515098630756083,Tennessee,Deterministic-A,36
2026,1,Virginia,Wright St.,0.9482248567091944,Virginia,Deterministic-A,36
2026,1,Kentucky,Santa Clara,0.4440426006429322,Santa Clara,Sampled,36
2026,1,Iowa St.,Tennessee St.,0.9968430210633037,Iowa St.,Deterministic-A,36
2026,2,Duke,Ohio St.,0.7390086079975868,Duke,Deterministic-A,36
2026,2,St. John's,Kansas,0.5355379132546708,St. John's,Sampled,36
2026,2,Louisville,Michigan St.,0.5738745576876145,Michigan St.,Sampled,36
2026,2,UCLA,Connecticut,0.4866936834089793,UCLA,Sampled,36
2026,2,Florida,Iowa,0.7639271236235,Florida,Deterministic-A,36
2026,2,Vanderbilt,Nebraska,0.6865031249657692,Vanderbilt,Deterministic-A,36
2026,2,North Carolina,Illinois,0.1085885722333618,Illinois,Deterministic-B,36
2026,2,Saint Mary's,Houston,0.09970310434646365,Houston,Deterministic-B,36
2026,2,Arizona,Utah St.,0.8257891559341833,Arizona,Deterministic-A,36
2026,2,Wisconsin,Arkansas,0.4950278069857847,Arkansas,Sampled,36
2026,2,Texas,Gonzaga,0.3371285202551729,Gonzaga,Deterministic-B,36
2026,2,Miami FL,Purdue,0.10259926213999071,Purdue,Deterministic-B,36
2026,2,Michigan,Georgia,0.8507771524948368,Michigan,Deterministic-A,36
2026,2,Texas Tech,Alabama,0.5938325194380916,Texas Tech,Sampled,36
2026,2,Tennessee,Virginia,0.5960276902383712,Tennessee,Sampled,36
2026,2,Santa Clara,Iowa St.,0.2059360963517331,Iowa St.,Deterministic-B,36
2026,3,Duke,St. John's,0.7465650367093921,Duke,Deterministic-A,36
2026,3,Michigan St.,UCLA,0.4287541296772118,UCLA,Sampled,36
2026,3,Florida,Vanderbilt,0.6434590659410105,Florida,Deterministic-A,36
2026,3,Illinois,Houston,0.5308158063976895,Illinois,Sampled,36
2026,3,Arizona,Arkansas,0.665220260010551,Arizona,Deterministic-A,36
2026,3,Gonzaga,Purdue,0.1942405317302338,Purdue,Deterministic-B,36
2026,3,Michigan,Texas Tech,0.5885013419889603,Michigan,Sampled,36
2026,3,Tennessee,Iowa St.,0.3594694078281067,Iowa St.,Deterministic-B,36
2026,4,Duke,UCLA,0.7495177625156639,Duke,Deterministic-A,36
2026,4,Florida,Illinois,0.3869211107003162,Illinois,Deterministic-B,36
2026,4,Arizona,Purdue,0.45224561567796356,Arizona,Sampled,36
2026,4,Michigan,Iowa St.,0.5278884916804828,Iowa St.,Sampled,36
2026,5,Duke,Illinois,0.4164873314575824,Illinois,Sampled,36
2026,5,Arizona,Iowa St.,0.4744711531664893,Iowa St.,Sampled,36
2026,6,Illinois,Iowa St.,0.6273136678289432,Illinois,Deterministic-A,36
2026,1,Duke,Siena,0.9935438698062663,Duke,Deterministic-A,37
2026,1,Ohio St.,TCU,0.8173194099086936,Ohio St.,Deterministic-A,37
2026,1,St. John's,Northern Iowa,0.8194627325708945,St. John's,Deterministic-A,37
2026,1,Kansas,Cal Baptist,0.9344506724910557,Kansas,Deterministic-A,37
2026,1,Louisville,South Florida,0.7860380912034134,Louisville,Deterministic-A,37
2026,1,Michigan St.,North Dakota St.,0.9477264024763377,Michigan St.,Deterministic-A,37
2026,1,UCLA,UCF,0.8608948556036264,UCLA,Deterministic-A,37
2026,1,Connecticut,Furman,0.9796773412447337,Connecticut,Deterministic-A,37
2026,1,Florida,Prairie View A&M,0.9961818193152869,Florida,Deterministic-A,37
2026,1,Clemson,Iowa,0.3505781305379848,Iowa,Deterministic-B,37
2026,1,Vanderbilt,McNeese St.,0.9184152829092163,Vanderbilt,Deterministic-A,37
2026,1,Nebraska,Troy,0.9441633711220943,Nebraska,Deterministic-A,37
2026,1,North Carolina,VCU,0.6875785627731936,North Carolina,Deterministic-A,37
2026,1,Illinois,Penn,0.9895456375342501,Illinois,Deterministic-A,37
2026,1,Saint Mary's,Texas A&M,0.4438285608095177,Saint Mary's,Sampled,37
2026,1,Houston,Idaho,0.987795711852659,Houston,Deterministic-A,37
2026,1,Arizona,LIU,0.9965336858056648,Arizona,Deterministic-A,37
2026,1,Villanova,Utah St.,0.5234646169642977,Villanova,Sampled,37
2026,1,Wisconsin,High Point,0.9497165580486782,Wisconsin,Deterministic-A,37
2026,1,Arkansas,Hawaii,0.9716546622292703,Arkansas,Deterministic-A,37
2026,1,BYU,Texas,0.5197253112456744,BYU,Sampled,37
2026,1,Gonzaga,Kennesaw St.,0.9513542807092172,Gonzaga,Deterministic-A,37
2026,1,Miami FL,Missouri,0.4391702435681522,Missouri,Sampled,37
2026,1,Purdue,Queens,0.9933361519375553,Purdue,Deterministic-A,37
2026,1,Michigan,Howard,0.9951159249018185,Michigan,Deterministic-A,37
2026,1,Georgia,Saint Louis,0.7686430302506854,Georgia,Deterministic-A,37
2026,1,Texas Tech,Akron,0.9458621882672305,Texas Tech,Deterministic-A,37
2026,1,Alabama,Hofstra,0.9264093701411587,Alabama,Deterministic-A,37
2026,1,Tennessee,SMU,0.7515098630756083,Tennessee,Deterministic-A,37
2026,1,Virginia,Wright St.,0.9482248567091944,Virginia,Deterministic-A,37
2026,1,Kentucky,Santa Clara,0.4440426006429322,Santa Clara,Sampled,37
2026,1,Iowa St.,Tennessee St.,0.9968430210633037,Iowa St.,Deterministic-A,37
2026,2,Duke,Ohio St.,0.7390086079975868,Duke,Deterministic-A,37
2026,2,St. John's,Kansas,0.5355379132546708,Kansas,Sampled,37
2026,2,Louisville,Michigan St.,0.5738745576876145,Michigan St.,Sampled,37
2026,2,UCLA,Connecticut,0.4866936834089793,UCLA,Sampled,37
2026,2,Florida,Iowa,0.7639271236235,Florida,Deterministic-A,37
2026,2,Vanderbilt,Nebraska,0.6865031249657692,Vanderbilt,Deterministic-A,37
2026,2,North Carolina,Illinois,0.1085885722333618,Illinois,Deterministic-B,37
2026,2,Saint Mary's,Houston,0.09970310434646365,Houston,Deterministic-B,37
2026,2,Arizona,Villanova,0.8118606356348161,Arizona,Deterministic-A,37
2026,2,Wisconsin,Arkansas,0.4950278069857847,Arkansas,Sampled,37
2026,2,BYU,Gonzaga,0.35499034688497266,Gonzaga,Deterministic-B,37
2026,2,Missouri,Purdue,0.12740044483533358,Purdue,Deterministic-B,37
2026,2,Michigan,Georgia,0.8507771524948368,Michigan,Deterministic-A,37
2026,2,Texas Tech,Alabama,0.5938325194380916,Texas Tech,Sampled,37
2026,2,Tennessee,Virginia,0.5960276902383712,Tennessee,Sampled,37
2026,2,Santa Clara,Iowa St.,0.2059360963517331,Iowa St.,Deterministic-B,37
2026,3,Duke,Kansas,0.7725501680853833,Duke,Deterministic-A,37
2026,3,Michigan St.,UCLA,0.4287541296772118,Michigan St.,Sampled,37
2026,3,Florida,Vanderbilt,0.6434590659410105,Florida,Deterministic-A,37
2026,3,Illinois,Houston,0.5308158063976895,Illinois,Sampled,37
2026,3,Arizona,Arkansas,0.665220260010551,Arizona,Deterministic-A,37
2026,3,Gonzaga,Purdue,0.1942405317302338,Purdue,Deterministic-B,37
2026,3,Michigan,Texas Tech,0.5885013419889603,Michigan,Sampled,37
2026,3,Tennessee,Iowa St.,0.3594694078281067,Iowa St.,Deterministic-B,37
2026,4,Duke,Michigan St.,0.7994688685835264,Duke,Deterministic-A,37
2026,4,Florida,Illinois,0.3869211107003162,Illinois,Deterministic-B,37
2026,4,Arizona,Purdue,0.45224561567796356,Arizona,Sampled,37
2026,4,Michigan,Iowa St.,0.5278884916804828,Michigan,Sampled,37
2026,5,Duke,Illinois,0.4164873314575824,Illinois,Sampled,37
2026,5,Arizona,Michigan,0.4467343537440333,Arizona,Sampled,37
2026,6,Illinois,Arizona,0.6508809589180099,Illinois,Deterministic-A,37
2026,1,Duke,Siena,0.9935438698062663,Duke,Deterministic-A,38
2026,1,Ohio St.,TCU,0.8173194099086936,Ohio St.,Deterministic-A,38
2026,1,St. John's,Northern Iowa,0.8194627325708945,St. John's,Deterministic-A,38
2026,1,Kansas,Cal Baptist,0.9344506724910557,Kansas,Deterministic-A,38
2026,1,Louisville,South Florida,0.7860380912034134,Louisville,Deterministic-A,38
2026,1,Michigan St.,North Dakota St.,0.9477264024763377,Michigan St.,Deterministic-A,38
2026,1,UCLA,UCF,0.8608948556036264,UCLA,Deterministic-A,38
2026,1,Connecticut,Furman,0.9796773412447337,Connecticut,Deterministic-A,38
2026,1,Florida,Prairie View A&M,0.9961818193152869,Florida,Deterministic-A,38
2026,1,Clemson,Iowa,0.3505781305379848,Iowa,Deterministic-B,38
2026,1,Vanderbilt,McNeese St.,0.9184152829092163,Vanderbilt,Deterministic-A,38
2026,1,Nebraska,Troy,0.9441633711220943,Nebraska,Deterministic-A,38
2026,1,North Carolina,VCU,0.6875785627731936,North Carolina,Deterministic-A,38
2026,1,Illinois,Penn,0.9895456375342501,Illinois,Deterministic-A,38
2026,1,Saint Mary's,Texas A&M,0.4438285608095177,Saint Mary's,Sampled,38
2026,1,Houston,Idaho,0.987795711852659,Houston,Deterministic-A,38
2026,1,Arizona,LIU,0.9965336858056648,Arizona,Deterministic-A,38
2026,1,Villanova,Utah St.,0.5234646169642977,Utah St.,Sampled,38
2026,1,Wisconsin,High Point,0.9497165580486782,Wisconsin,Deterministic-A,38
2026,1,Arkansas,Hawaii,0.9716546622292703,Arkansas,Deterministic-A,38
2026,1,BYU,Texas,0.5197253112456744,Texas,Sampled,38
2026,1,Gonzaga,Kennesaw St.,0.9513542807092172,Gonzaga,Deterministic-A,38
2026,1,Miami FL,Missouri,0.4391702435681522,Missouri,Sampled,38
2026,1,Purdue,Queens,0.9933361519375553,Purdue,Deterministic-A,38
2026,1,Michigan,Howard,0.9951159249018185,Michigan,Deterministic-A,38
2026,1,Georgia,Saint Louis,0.7686430302506854,Georgia,Deterministic-A,38
2026,1,Texas Tech,Akron,0.9458621882672305,Texas Tech,Deterministic-A,38
2026,1,Alabama,Hofstra,0.9264093701411587,Alabama,Deterministic-A,38
2026,1,Tennessee,SMU,0.7515098630756083,Tennessee,Deterministic-A,38
2026,1,Virginia,Wright St.,0.9482248567091944,Virginia,Deterministic-A,38
2026,1,Kentucky,Santa Clara,0.4440426006429322,Kentucky,Sampled,38
2026,1,Iowa St.,Tennessee St.,0.9968430210633037,Iowa St.,Deterministic-A,38
2026,2,Duke,Ohio St.,0.7390086079975868,Duke,Deterministic-A,38
2026,2,St. John's,Kansas,0.5355379132546708,Kansas,Sampled,38
2026,2,Louisville,Michigan St.,0.5738745576876145,Louisville,Sampled,38
2026,2,UCLA,Connecticut,0.4866936834089793,UCLA,Sampled,38
2026,2,Florida,Iowa,0.7639271236235,Florida,Deterministic-A,38
2026,2,Vanderbilt,Nebraska,0.6865031249657692,Vanderbilt,Deterministic-A,38
2026,2,North Carolina,Illinois,0.1085885722333618,Illinois,Deterministic-B,38
2026,2,Saint Mary's,Houston,0.09970310434646365,Houston,Deterministic-B,38
2026,2,Arizona,Utah St.,0.8257891559341833,Arizona,Deterministic-A,38
2026,2,Wisconsin,Arkansas,0.4950278069857847,Arkansas,Sampled,38
2026,2,Texas,Gonzaga,0.3371285202551729,Gonzaga,Deterministic-B,38
2026,2,Missouri,Purdue,0.12740044483533358,Purdue,Deterministic-B,38
2026,2,Michigan,Georgia,0.8507771524948368,Michigan,Deterministic-A,38
2026,2,Texas Tech,Alabama,0.5938325194380916,Texas Tech,Sampled,38
2026,2,Tennessee,Virginia,0.5960276902383712,Virginia,Sampled,38
2026,2,Kentucky,Iowa St.,0.1715944196714473,Iowa St.,Deterministic-B,38
2026,3,Duke,Kansas,0.7725501680853833,Duke,Deterministic-A,38
2026,3,Louisville,UCLA,0.5026852193649918,UCLA,Sampled,38
2026,3,Florida,Vanderbilt,0.6434590659410105,Florida,Deterministic-A,38
2026,3,Illinois,Houston,0.5308158063976895,Houston,Sampled,38
2026,3,Arizona,Arkansas,0.665220260010551,Arizona,Deterministic-A,38
2026,3,Gonzaga,Purdue,0.1942405317302338,Purdue,Deterministic-B,38
2026,3,Michigan,Texas Tech,0.5885013419889603,Michigan,Sampled,38
2026,3,Virginia,Iowa St.,0.2755569966500777,Iowa St.,Deterministic-B,38
2026,4,Duke,UCLA,0.7495177625156639,Duke,Deterministic-A,38
2026,4,Florida,Houston,0.41657408763462916,Florida,Sampled,38
2026,4,Arizona,Purdue,0.45224561567796356,Arizona,Sampled,38
2026,4,Michigan,Iowa St.,0.5278884916804828,Michigan,Sampled,38
2026,5,Duke,Florida,0.5307269011552253,Florida,Sampled,38
2026,5,Arizona,Michigan,0.4467343537440333,Arizona,Sampled,38
2026,6,Florida,Arizona,0.5405708606640353,Arizona,Sampled,38
2026,1,Duke,Siena,0.9935438698062663,Duke,Deterministic-A,39
2026,1,Ohio St.,TCU,0.8173194099086936,Ohio St.,Deterministic-A,39
2026,1,St. John's,Northern Iowa,0.8194627325708945,St. John's,Deterministic-A,39
2026,1,Kansas,Cal Baptist,0.9344506724910557,Kansas,Deterministic-A,39
2026,1,Louisville,South Florida,0.7860380912034134,Louisville,Deterministic-A,39
2026,1,Michigan St.,North Dakota St.,0.9477264024763377,Michigan St.,Deterministic-A,39
2026,1,UCLA,UCF,0.8608948556036264,UCLA,Deterministic-A,39
2026,1,Connecticut,Furman,0.9796773412447337,Connecticut,Deterministic-A,39
2026,1,Florida,Prairie View A&M,0.9961818193152869,Florida,Deterministic-A,39
2026,1,Clemson,Iowa,0.3505781305379848,Iowa,Deterministic-B,39
2026,1,Vanderbilt,McNeese St.,0.9184152829092163,Vanderbilt,Deterministic-A,39
2026,1,Nebraska,Troy,0.9441633711220943,Nebraska,Deterministic-A,39
2026,1,North Carolina,VCU,0.6875785627731936,North Carolina,Deterministic-A,39
2026,1,Illinois,Penn,0.9895456375342501,Illinois,Deterministic-A,39
2026,1,Saint Mary's,Texas A&M,0.4438285608095177,Texas A&M,Sampled,39
2026,1,Houston,Idaho,0.987795711852659,Houston,Deterministic-A,39
2026,1,Arizona,LIU,0.9965336858056648,Arizona,Deterministic-A,39
2026,1,Villanova,Utah St.,0.5234646169642977,Utah St.,Sampled,39
2026,1,Wisconsin,High Point,0.9497165580486782,Wisconsin,Deterministic-A,39
2026,1,Arkansas,Hawaii,0.9716546622292703,Arkansas,Deterministic-A,39
2026,1,BYU,Texas,0.5197253112456744,BYU,Sampled,39
2026,1,Gonzaga,Kennesaw St.,0.9513542807092172,Gonzaga,Deterministic-A,39
2026,1,Miami FL,Missouri,0.4391702435681522,Missouri,Sampled,39
2026,1,Purdue,Queens,0.9933361519375553,Purdue,Deterministic-A,39
2026,1,Michigan,Howard,0.9951159249018185,Michigan,Deterministic-A,39
2026,1,Georgia,Saint Louis,0.7686430302506854,Georgia,Deterministic-A,39
2026,1,Texas Tech,Akron,0.9458621882672305,Texas Tech,Deterministic-A,39
2026,1,Alabama,Hofstra,0.9264093701411587,Alabama,Deterministic-A,39
2026,1,Tennessee,SMU,0.7515098630756083,Tennessee,Deterministic-A,39
2026,1,Virginia,Wright St.,0.9482248567091944,Virginia,Deterministic-A,39
2026,1,Kentucky,Santa Clara,0.4440426006429322,Santa Clara,Sampled,39
2026,1,Iowa St.,Tennessee St.,0.9968430210633037,Iowa St.,Deterministic-A,39
2026,2,Duke,Ohio St.,0.7390086079975868,Duke,Deterministic-A,39
2026,2,St. John's,Kansas,0.5355379132546708,Kansas,Sampled,39
2026,2,Louisville,Michigan St.,0.5738745576876145,Michigan St.,Sampled,39
2026,2,UCLA,Connecticut,0.4866936834089793,Connecticut,Sampled,39
2026,2,Florida,Iowa,0.7639271236235,Florida,Deterministic-A,39
2026,2,Vanderbilt,Nebraska,0.6865031249657692,Vanderbilt,Deterministic-A,39
2026,2,North Carolina,Illinois,0.1085885722333618,Illinois,Deterministic-B,39
2026,2,Texas A&M,Houston,0.12186466965786469,Houston,Deterministic-B,39
2026,2,Arizona,Utah St.,0.8257891559341833,Arizona,Deterministic-A,39
2026,2,Wisconsin,Arkansas,0.4950278069857847,Arkansas,Sampled,39
2026,2,BYU,Gonzaga,0.35499034688497266,Gonzaga,Deterministic-B,39
2026,2,Missouri,Purdue,0.12740044483533358,Purdue,Deterministic-B,39
2026,2,Michigan,Georgia,0.8507771524948368,Michigan,Deterministic-A,39
2026,2,Texas Tech,Alabama,0.5938325194380916,Texas Tech,Sampled,39
2026,2,Tennessee,Virginia,0.5960276902383712,Tennessee,Sampled,39
2026,2,Santa Clara,Iowa St.,0.2059360963517331,Iowa St.,Deterministic-B,39
2026,3,Duke,Kansas,0.7725501680853833,Duke,Deterministic-A,39
2026,3,Michigan St.,Connecticut,0.4157672305224931,Michigan St.,Sampled,39
2026,3,Florida,Vanderbilt,0.6434590659410105,Florida,Deterministic-A,39
2026,3,Illinois,Houston,0.5308158063976895,Houston,Sampled,39
2026,3,Arizona,Arkansas,0.665220260010551,Arizona,Deterministic-A,39
2026,3,Gonzaga,Purdue,0.1942405317302338,Purdue,Deterministic-B,39
2026,3,Michigan,Texas Tech,0.5885013419889603,Texas Tech,Sampled,39
2026,3,Tennessee,Iowa St.,0.3594694078281067,Iowa St.,Deterministic-B,39
2026,4,Duke,Michigan St.,0.7994688685835264,Duke,Deterministic-A,39
2026,4,Florida,Houston,0.41657408763462916,Houston,Sampled,39
2026,4,Arizona,Purdue,0.45224561567796356,Arizona,Sampled,39
2026,4,Texas Tech,Iowa St.,0.43878277184709924,Texas Tech,Sampled,39
2026,5,Duke,Houston,0.44675503197660105,Houston,Sampled,39
2026,5,Arizona,Texas Tech,0.5359128806719368,Arizona,Sampled,39
2026,6,Houston,Arizona,0.6223404492083077,Houston,Deterministic-A,39
2026,1,Duke,Siena,0.9935438698062663,Duke,Deterministic-A,40
2026,1,Ohio St.,TCU,0.8173194099086936,Ohio St.,Deterministic-A,40
2026,1,St. John's,Northern Iowa,0.8194627325708945,St. John's,Deterministic-A,40
2026,1,Kansas,Cal Baptist,0.9344506724910557,Kansas,Deterministic-A,40
2026,1,Louisville,South Florida,0.7860380912034134,Louisville,Deterministic-A,40
2026,1,Michigan St.,North Dakota St.,0.9477264024763377,Michigan St.,Deterministic-A,40
2026,1,UCLA,UCF,0.8608948556036264,UCLA,Deterministic-A,40
2026,1,Connecticut,Furman,0.9796773412447337,Connecticut,Deterministic-A,40
2026,1,Florida,Prairie View A&M,0.9961818193152869,Florida,Deterministic-A,40
2026,1,Clemson,Iowa,0.3505781305379848,Iowa,Deterministic-B,40
2026,1,Vanderbilt,McNeese St.,0.9184152829092163,Vanderbilt,Deterministic-A,40
2026,1,Nebraska,Troy,0.9441633711220943,Nebraska,Deterministic-A,40
2026,1,North Carolina,VCU,0.6875785627731936,North Carolina,Deterministic-A,40
2026,1,Illinois,Penn,0.9895456375342501,Illinois,Deterministic-A,40
2026,1,Saint Mary's,Texas A&M,0.4438285608095177,Saint Mary's,Sampled,40
2026,1,Houston,Idaho,0.987795711852659,Houston,Deterministic-A,40
2026,1,Arizona,LIU,0.9965336858056648,Arizona,Deterministic-A,40
2026,1,Villanova,Utah St.,0.5234646169642977,Villanova,Sampled,40
2026,1,Wisconsin,High Point,0.9497165580486782,Wisconsin,Deterministic-A,40
2026,1,Arkansas,Hawaii,0.9716546622292703,Arkansas,Deterministic-A,40
2026,1,BYU,Texas,0.5197253112456744,BYU,Sampled,40
2026,1,Gonzaga,Kennesaw St.,0.9513542807092172,Gonzaga,Deterministic-A,40
2026,1,Miami FL,Missouri,0.4391702435681522,Missouri,Sampled,40
2026,1,Purdue,Queens,0.9933361519375553,Purdue,Deterministic-A,40
2026,1,Michigan,Howard,0.9951159249018185,Michigan,Deterministic-A,40
2026,1,Georgia,Saint Louis,0.7686430302506854,Georgia,Deterministic-A,40
2026,1,Texas Tech,Akron,0.9458621882672305,Texas Tech,Deterministic-A,40
2026,1,Alabama,Hofstra,0.9264093701411587,Alabama,Deterministic-A,40
2026,1,Tennessee,SMU,0.7515098630756083,Tennessee,Deterministic-A,40
2026,1,Virginia,Wright St.,0.9482248567091944,Virginia,Deterministic-A,40
2026,1,Kentucky,Santa Clara,0.4440426006429322,Santa Clara,Sampled,40
2026,1,Iowa St.,Tennessee St.,0.9968430210633037,Iowa St.,Deterministic-A,40
2026,2,Duke,Ohio St.,0.7390086079975868,Duke,Deterministic-A,40
2026,2,St. John's,Kansas,0.5355379132546708,St. John's,Sampled,40
2026,2,Louisville,Michigan St.,0.5738745576876145,Louisville,Sampled,40
2026,2,UCLA,Connecticut,0.4866936834089793,UCLA,Sampled,40
2026,2,Florida,Iowa,0.7639271236235,Florida,Deterministic-A,40
2026,2,Vanderbilt,Nebraska,0.6865031249657692,Vanderbilt,Deterministic-A,40
2026,2,North Carolina,Illinois,0.1085885722333618,Illinois,Deterministic-B,40
2026,2,Saint Mary's,Houston,0.09970310434646365,Houston,Deterministic-B,40
2026,2,Arizona,Villanova,0.8118606356348161,Arizona,Deterministic-A,40
2026,2,Wisconsin,Arkansas,0.4950278069857847,Wisconsin,Sampled,40
2026,2,BYU,Gonzaga,0.35499034688497266,Gonzaga,Deterministic-B,40
2026,2,Missouri,Purdue,0.12740044483533358,Purdue,Deterministic-B,40
2026,2,Michigan,Georgia,0.8507771524948368,Michigan,Deterministic-A,40
2026,2,Texas Tech,Alabama,0.5938325194380916,Texas Tech,Sampled,40
2026,2,Tennessee,Virginia,0.5960276902383712,Virginia,Sampled,40
2026,2,Santa Clara,Iowa St.,0.2059360963517331,Iowa St.,Deterministic-B,40
2026,3,Duke,St. John's,0.7465650367093921,Duke,Deterministic-A,40
2026,3,Louisville,UCLA,0.5026852193649918,Louisville,Sampled,40
2026,3,Florida,Vanderbilt,0.6434590659410105,Florida,Deterministic-A,40
2026,3,Illinois,Houston,0.5308158063976895,Illinois,Sampled,40
2026,3,Arizona,Wisconsin,0.6696350275590703,Arizona,Deterministic-A,40
2026,3,Gonzaga,Purdue,0.1942405317302338,Purdue,Deterministic-B,40
2026,3,Michigan,Texas Tech,0.5885013419889603,Michigan,Sampled,40
2026,3,Virginia,Iowa St.,0.2755569966500777,Iowa St.,Deterministic-B,40
2026,4,Duke,Louisville,0.7474958418351636,Duke,Deterministic-A,40
2026,4,Florida,Illinois,0.3869211107003162,Illinois,Deterministic-B,40
2026,4,Arizona,Purdue,0.45224561567796356,Arizona,Sampled,40
2026,4,Michigan,Iowa St.,0.5278884916804828,Michigan,Sampled,40
2026,5,Duke,Illinois,0.4164873314575824,Duke,Sampled,40
2026,5,Arizona,Michigan,0.4467343537440333,Michigan,Sampled,40
2026,6,Duke,Michigan,0.5179496741403071,Duke,Sampled,40
2026,1,Duke,Siena,0.9935438698062663,Duke,Deterministic-A,41
2026,1,Ohio St.,TCU,0.8173194099086936,Ohio St.,Deterministic-A,41
2026,1,St. John's,Northern Iowa,0.8194627325708945,St. John's,Deterministic-A,41
2026,1,Kansas,Cal Baptist,0.9344506724910557,Kansas,Deterministic-A,41
2026,1,Louisville,South Florida,0.7860380912034134,Louisville,Deterministic-A,41
2026,1,Michigan St.,North Dakota St.,0.9477264024763377,Michigan St.,Deterministic-A,41
2026,1,UCLA,UCF,0.8608948556036264,UCLA,Deterministic-A,41
2026,1,Connecticut,Furman,0.9796773412447337,Connecticut,Deterministic-A,41
2026,1,Florida,Prairie View A&M,0.9961818193152869,Florida,Deterministic-A,41
2026,1,Clemson,Iowa,0.3505781305379848,Iowa,Deterministic-B,41
2026,1,Vanderbilt,McNeese St.,0.9184152829092163,Vanderbilt,Deterministic-A,41
2026,1,Nebraska,Troy,0.9441633711220943,Nebraska,Deterministic-A,41
2026,1,North Carolina,VCU,0.6875785627731936,North Carolina,Deterministic-A,41
2026,1,Illinois,Penn,0.9895456375342501,Illinois,Deterministic-A,41
2026,1,Saint Mary's,Texas A&M,0.4438285608095177,Texas A&M,Sampled,41
2026,1,Houston,Idaho,0.987795711852659,Houston,Deterministic-A,41
2026,1,Arizona,LIU,0.9965336858056648,Arizona,Deterministic-A,41
2026,1,Villanova,Utah St.,0.5234646169642977,Villanova,Sampled,41
2026,1,Wisconsin,High Point,0.9497165580486782,Wisconsin,Deterministic-A,41
2026,1,Arkansas,Hawaii,0.9716546622292703,Arkansas,Deterministic-A,41
2026,1,BYU,Texas,0.5197253112456744,BYU,Sampled,41
2026,1,Gonzaga,Kennesaw St.,0.9513542807092172,Gonzaga,Deterministic-A,41
2026,1,Miami FL,Missouri,0.4391702435681522,Miami FL,Sampled,41
2026,1,Purdue,Queens,0.9933361519375553,Purdue,Deterministic-A,41
2026,1,Michigan,Howard,0.9951159249018185,Michigan,Deterministic-A,41
2026,1,Georgia,Saint Louis,0.7686430302506854,Georgia,Deterministic-A,41
2026,1,Texas Tech,Akron,0.9458621882672305,Texas Tech,Deterministic-A,41
2026,1,Alabama,Hofstra,0.9264093701411587,Alabama,Deterministic-A,41
2026,1,Tennessee,SMU,0.7515098630756083,Tennessee,Deterministic-A,41
2026,1,Virginia,Wright St.,0.9482248567091944,Virginia,Deterministic-A,41
2026,1,Kentucky,Santa Clara,0.4440426006429322,Santa Clara,Sampled,41
2026,1,Iowa St.,Tennessee St.,0.9968430210633037,Iowa St.,Deterministic-A,41
2026,2,Duke,Ohio St.,0.7390086079975868,Duke,Deterministic-A,41
2026,2,St. John's,Kansas,0.5355379132546708,Kansas,Sampled,41
2026,2,Louisville,Michigan St.,0.5738745576876145,Louisville,Sampled,41
2026,2,UCLA,Connecticut,0.4866936834089793,UCLA,Sampled,41
2026,2,Florida,Iowa,0.7639271236235,Florida,Deterministic-A,41
2026,2,Vanderbilt,Nebraska,0.6865031249657692,Vanderbilt,Deterministic-A,41
2026,2,North Carolina,Illinois,0.1085885722333618,Illinois,Deterministic-B,41
2026,2,Texas A&M,Houston,0.12186466965786469,Houston,Deterministic-B,41
2026,2,Arizona,Villanova,0.8118606356348161,Arizona,Deterministic-A,41
2026,2,Wisconsin,Arkansas,0.4950278069857847,Wisconsin,Sampled,41
2026,2,BYU,Gonzaga,0.35499034688497266,Gonzaga,Deterministic-B,41
2026,2,Miami FL,Purdue,0.10259926213999071,Purdue,Deterministic-B,41
2026,2,Michigan,Georgia,0.8507771524948368,Michigan,Deterministic-A,41
2026,2,Texas Tech,Alabama,0.5938325194380916,Texas Tech,Sampled,41
2026,2,Tennessee,Virginia,0.5960276902383712,Virginia,Sampled,41
2026,2,Santa Clara,Iowa St.,0.2059360963517331,Iowa St.,Deterministic-B,41
2026,3,Duke,Kansas,0.7725501680853833,Duke,Deterministic-A,41
2026,3,Louisville,UCLA,0.5026852193649918,Louisville,Sampled,41
2026,3,Florida,Vanderbilt,0.6434590659410105,Florida,Deterministic-A,41
2026,3,Illinois,Houston,0.5308158063976895,Illinois,Sampled,41
2026,3,Arizona,Wisconsin,0.6696350275590703,Arizona,Deterministic-A,41
2026,3,Gonzaga,Purdue,0.1942405317302338,Purdue,Deterministic-B,41
2026,3,Michigan,Texas Tech,0.5885013419889603,Texas Tech,Sampled,41
2026,3,Virginia,Iowa St.,0.2755569966500777,Iowa St.,Deterministic-B,41
2026,4,Duke,Louisville,0.7474958418351636,Duke,Deterministic-A,41
2026,4,Florida,Illinois,0.3869211107003162,Illinois,Deterministic-B,41
2026,4,Arizona,Purdue,0.45224561567796356,Arizona,Sampled,41
2026,4,Texas Tech,Iowa St.,0.43878277184709924,Iowa St.,Sampled,41
2026,5,Duke,Illinois,0.4164873314575824,Illinois,Sampled,41
2026,5,Arizona,Iowa St.,0.4744711531664893,Arizona,Sampled,41
2026,6,Illinois,Arizona,0.6508809589180099,Illinois,Deterministic-A,41
2026,1,Duke,Siena,0.9935438698062663,Duke,Deterministic-A,42
2026,1,Ohio St.,TCU,0.8173194099086936,Ohio St.,Deterministic-A,42
2026,1,St. John's,Northern Iowa,0.8194627325708945,St. John's,Deterministic-A,42
2026,1,Kansas,Cal Baptist,0.9344506724910557,Kansas,Deterministic-A,42
2026,1,Louisville,South Florida,0.7860380912034134,Louisville,Deterministic-A,42
2026,1,Michigan St.,North Dakota St.,0.9477264024763377,Michigan St.,Deterministic-A,42
2026,1,UCLA,UCF,0.8608948556036264,UCLA,Deterministic-A,42
2026,1,Connecticut,Furman,0.9796773412447337,Connecticut,Deterministic-A,42
2026,1,Florida,Prairie View A&M,0.9961818193152869,Florida,Deterministic-A,42
2026,1,Clemson,Iowa,0.3505781305379848,Iowa,Deterministic-B,42
2026,1,Vanderbilt,McNeese St.,0.9184152829092163,Vanderbilt,Deterministic-A,42
2026,1,Nebraska,Troy,0.9441633711220943,Nebraska,Deterministic-A,42
2026,1,North Carolina,VCU,0.6875785627731936,North Carolina,Deterministic-A,42
2026,1,Illinois,Penn,0.9895456375342501,Illinois,Deterministic-A,42
2026,1,Saint Mary's,Texas A&M,0.4438285608095177,Saint Mary's,Sampled,42
2026,1,Houston,Idaho,0.987795711852659,Houston,Deterministic-A,42
2026,1,Arizona,LIU,0.9965336858056648,Arizona,Deterministic-A,42
2026,1,Villanova,Utah St.,0.5234646169642977,Villanova,Sampled,42
2026,1,Wisconsin,High Point,0.9497165580486782,Wisconsin,Deterministic-A,42
2026,1,Arkansas,Hawaii,0.9716546622292703,Arkansas,Deterministic-A,42
2026,1,BYU,Texas,0.5197253112456744,Texas,Sampled,42
2026,1,Gonzaga,Kennesaw St.,0.9513542807092172,Gonzaga,Deterministic-A,42
2026,1,Miami FL,Missouri,0.4391702435681522,Miami FL,Sampled,42
2026,1,Purdue,Queens,0.9933361519375553,Purdue,Deterministic-A,42
2026,1,Michigan,Howard,0.9951159249018185,Michigan,Deterministic-A,42
2026,1,Georgia,Saint Louis,0.7686430302506854,Georgia,Deterministic-A,42
2026,1,Texas Tech,Akron,0.9458621882672305,Texas Tech,Deterministic-A,42
2026,1,Alabama,Hofstra,0.9264093701411587,Alabama,Deterministic-A,42
2026,1,Tennessee,SMU,0.7515098630756083,Tennessee,Deterministic-A,42
2026,1,Virginia,Wright St.,0.9482248567091944,Virginia,Deterministic-A,42
2026,1,Kentucky,Santa Clara,0.4440426006429322,Kentucky,Sampled,42
2026,1,Iowa St.,Tennessee St.,0.9968430210633037,Iowa St.,Deterministic-A,42
2026,2,Duke,Ohio St.,0.7390086079975868,Duke,Deterministic-A,42
2026,2,St. John's,Kansas,0.5355379132546708,St. John's,Sampled,42
2026,2,Louisville,Michigan St.,0.5738745576876145,Louisville,Sampled,42
2026,2,UCLA,Connecticut,0.4866936834089793,Connecticut,Sampled,42
2026,2,Florida,Iowa,0.7639271236235,Florida,Deterministic-A,42
2026,2,Vanderbilt,Nebraska,0.6865031249657692,Vanderbilt,Deterministic-A,42
2026,2,North Carolina,Illinois,0.1085885722333618,Illinois,Deterministic-B,42
2026,2,Saint Mary's,Houston,0.09970310434646365,Houston,Deterministic-B,42
2026,2,Arizona,Villanova,0.8118606356348161,Arizona,Deterministic-A,42
2026,2,Wisconsin,Arkansas,0.4950278069857847,Wisconsin,Sampled,42
2026,2,Texas,Gonzaga,0.3371285202551729,Gonzaga,Deterministic-B,42
2026,2,Miami FL,Purdue,0.10259926213999071,Purdue,Deterministic-B,42
2026,2,Michigan,Georgia,0.8507771524948368,Michigan,Deterministic-A,42
2026,2,Texas Tech,Alabama,0.5938325194380916,Texas Tech,Sampled,42
2026,2,Tennessee,Virginia,0.5960276902383712,Tennessee,Sampled,42
2026,2,Kentucky,Iowa St.,0.1715944196714473,Iowa St.,Deterministic-B,42
2026,3,Duke,St. John's,0.7465650367093921,Duke,Deterministic-A,42
2026,3,Louisville,Connecticut,0.489377384573671,Connecticut,Sampled,42
2026,3,Florida,Vanderbilt,0.6434590659410105,Florida,Deterministic-A,42
2026,3,Illinois,Houston,0.5308158063976895,Illinois,Sampled,42
2026,3,Arizona,Wisconsin,0.6696350275590703,Arizona,Deterministic-A,42
2026,3,Gonzaga,Purdue,0.1942405317302338,Purdue,Deterministic-B,42
2026,3,Michigan,Texas Tech,0.5885013419889603,Texas Tech,Sampled,42
2026,3,Tennessee,Iowa St.,0.3594694078281067,Iowa St.,Deterministic-B,42
2026,4,Duke,Connecticut,0.7393907100072757,Duke,Deterministic-A,42
2026,4,Florida,Illinois,0.3869211107003162,Illinois,Deterministic-B,42
2026,4,Arizona,Purdue,0.45224561567796356,Purdue,Sampled,42
2026,4,Texas Tech,Iowa St.,0.43878277184709924,Texas Tech,Sampled,42
2026,5,Duke,Illinois,0.4164873314575824,Illinois,Sampled,42
2026,5,Purdue,Texas Tech,0.583097218901381,Texas Tech,Sampled,42
2026,6,Illinois,Texas Tech,0.6828311070751559,Illinois,Deterministic-A,42
2026,1,Duke,Siena,0.9935438698062663,Duke,Deterministic-A,43
2026,1,Ohio St.,TCU,0.8173194099086936,Ohio St.,Deterministic-A,43
2026,1,St. John's,Northern Iowa,0.8194627325708945,St. John's,Deterministic-A,43
2026,1,Kansas,Cal Baptist,0.9344506724910557,Kansas,Deterministic-A,43
2026,1,Louisville,South Florida,0.7860380912034134,Louisville,Deterministic-A,43
2026,1,Michigan St.,North Dakota St.,0.9477264024763377,Michigan St.,Deterministic-A,43
2026,1,UCLA,UCF,0.8608948556036264,UCLA,Deterministic-A,43
2026,1,Connecticut,Furman,0.9796773412447337,Connecticut,Deterministic-A,43
2026,1,Florida,Prairie View A&M,0.9961818193152869,Florida,Deterministic-A,43
2026,1,Clemson,Iowa,0.3505781305379848,Iowa,Deterministic-B,43
2026,1,Vanderbilt,McNeese St.,0.9184152829092163,Vanderbilt,Deterministic-A,43
2026,1,Nebraska,Troy,0.9441633711220943,Nebraska,Deterministic-A,43
2026,1,North Carolina,VCU,0.6875785627731936,North Carolina,Deterministic-A,43
2026,1,Illinois,Penn,0.9895456375342501,Illinois,Deterministic-A,43
2026,1,Saint Mary's,Texas A&M,0.4438285608095177,Saint Mary's,Sampled,43
2026,1,Houston,Idaho,0.987795711852659,Houston,Deterministic-A,43
2026,1,Arizona,LIU,0.9965336858056648,Arizona,Deterministic-A,43
2026,1,Villanova,Utah St.,0.5234646169642977,Utah St.,Sampled,43
2026,1,Wisconsin,High Point,0.9497165580486782,Wisconsin,Deterministic-A,43
2026,1,Arkansas,Hawaii,0.9716546622292703,Arkansas,Deterministic-A,43
2026,1,BYU,Texas,0.5197253112456744,BYU,Sampled,43
2026,1,Gonzaga,Kennesaw St.,0.9513542807092172,Gonzaga,Deterministic-A,43
2026,1,Miami FL,Missouri,0.4391702435681522,Missouri,Sampled,43
2026,1,Purdue,Queens,0.9933361519375553,Purdue,Deterministic-A,43
2026,1,Michigan,Howard,0.9951159249018185,Michigan,Deterministic-A,43
2026,1,Georgia,Saint Louis,0.7686430302506854,Georgia,Deterministic-A,43
2026,1,Texas Tech,Akron,0.9458621882672305,Texas Tech,Deterministic-A,43
2026,1,Alabama,Hofstra,0.9264093701411587,Alabama,Deterministic-A,43
2026,1,Tennessee,SMU,0.7515098630756083,Tennessee,Deterministic-A,43
2026,1,Virginia,Wright St.,0.9482248567091944,Virginia,Deterministic-A,43
2026,1,Kentucky,Santa Clara,0.4440426006429322,Santa Clara,Sampled,43
2026,1,Iowa St.,Tennessee St.,0.9968430210633037,Iowa St.,Deterministic-A,43
2026,2,Duke,Ohio St.,0.7390086079975868,Duke,Deterministic-A,43
2026,2,St. John's,Kansas,0.5355379132546708,St. John's,Sampled,43
2026,2,Louisville,Michigan St.,0.5738745576876145,Michigan St.,Sampled,43
2026,2,UCLA,Connecticut,0.4866936834089793,UCLA,Sampled,43
2026,2,Florida,Iowa,0.7639271236235,Florida,Deterministic-A,43
2026,2,Vanderbilt,Nebraska,0.6865031249657692,Vanderbilt,Deterministic-A,43
2026,2,North Carolina,Illinois,0.1085885722333618,Illinois,Deterministic-B,43
2026,2,Saint Mary's,Houston,0.09970310434646365,Houston,Deterministic-B,43
2026,2,Arizona,Utah St.,0.8257891559341833,Arizona,Deterministic-A,43
2026,2,Wisconsin,Arkansas,0.4950278069857847,Arkansas,Sampled,43
2026,2,BYU,Gonzaga,0.35499034688497266,Gonzaga,Deterministic-B,43
2026,2,Missouri,Purdue,0.12740044483533358,Purdue,Deterministic-B,43
2026,2,Michigan,Georgia,0.8507771524948368,Michigan,Deterministic-A,43
2026,2,Texas Tech,Alabama,0.5938325194380916,Alabama,Sampled,43
2026,2,Tennessee,Virginia,0.5960276902383712,Tennessee,Sampled,43
2026,2,Santa Clara,Iowa St.,0.2059360963517331,Iowa St.,Deterministic-B,43
2026,3,Duke,St. John's,0.7465650367093921,Duke,Deterministic-A,43
2026,3,Michigan St.,UCLA,0.4287541296772118,Michigan St.,Sampled,43
2026,3,Florida,Vanderbilt,0.6434590659410105,Florida,Deterministic-A,43
2026,3,Illinois,Houston,0.5308158063976895,Illinois,Sampled,43
2026,3,Arizona,Arkansas,0.665220260010551,Arizona,Deterministic-A,43
2026,3,Gonzaga,Purdue,0.1942405317302338,Purdue,Deterministic-B,43
2026,3,Michigan,Alabama,0.6764719544732708,Michigan,Deterministic-A,43
2026,3,Tennessee,Iowa St.,0.3594694078281067,Iowa St.,Deterministic-B,43
2026,4,Duke,Michigan St.,0.7994688685835264,Duke,Deterministic-A,43
2026,4,Florida,Illinois,0.3869211107003162,Illinois,Deterministic-B,43
2026,4,Arizona,Purdue,0.45224561567796356,Arizona,Sampled,43
2026,4,Michigan,Iowa St.,0.5278884916804828,Michigan,Sampled,43
2026,5,Duke,Illinois,0.4164873314575824,Duke,Sampled,43
2026,5,Arizona,Michigan,0.4467343537440333,Arizona,Sampled,43
2026,6,Duke,Arizona,0.5709440018736711,Duke,Sampled,43
2026,1,Duke,Siena,0.9935438698062663,Duke,Deterministic-A,44
2026,1,Ohio St.,TCU,0.8173194099086936,Ohio St.,Deterministic-A,44
2026,1,St. John's,Northern Iowa,0.8194627325708945,St. John's,Deterministic-A,44
2026,1,Kansas,Cal Baptist,0.9344506724910557,Kansas,Deterministic-A,44
2026,1,Louisville,South Florida,0.7860380912034134,Louisville,Deterministic-A,44
2026,1,Michigan St.,North Dakota St.,0.9477264024763377,Michigan St.,Deterministic-A,44
2026,1,UCLA,UCF,0.8608948556036264,UCLA,Deterministic-A,44
2026,1,Connecticut,Furman,0.9796773412447337,Connecticut,Deterministic-A,44
2026,1,Florida,Prairie View A&M,0.9961818193152869,Florida,Deterministic-A,44
2026,1,Clemson,Iowa,0.3505781305379848,Iowa,Deterministic-B,44
2026,1,Vanderbilt,McNeese St.,0.9184152829092163,Vanderbilt,Deterministic-A,44
2026,1,Nebraska,Troy,0.9441633711220943,Nebraska,Deterministic-A,44
2026,1,North Carolina,VCU,0.6875785627731936,North Carolina,Deterministic-A,44
2026,1,Illinois,Penn,0.9895456375342501,Illinois,Deterministic-A,44
2026,1,Saint Mary's,Texas A&M,0.4438285608095177,Texas A&M,Sampled,44
2026,1,Houston,Idaho,0.987795711852659,Houston,Deterministic-A,44
2026,1,Arizona,LIU,0.9965336858056648,Arizona,Deterministic-A,44
2026,1,Villanova,Utah St.,0.5234646169642977,Utah St.,Sampled,44
2026,1,Wisconsin,High Point,0.9497165580486782,Wisconsin,Deterministic-A,44
2026,1,Arkansas,Hawaii,0.9716546622292703,Arkansas,Deterministic-A,44
2026,1,BYU,Texas,0.5197253112456744,Texas,Sampled,44
2026,1,Gonzaga,Kennesaw St.,0.9513542807092172,Gonzaga,Deterministic-A,44
2026,1,Miami FL,Missouri,0.4391702435681522,Miami FL,Sampled,44
2026,1,Purdue,Queens,0.9933361519375553,Purdue,Deterministic-A,44
2026,1,Michigan,Howard,0.9951159249018185,Michigan,Deterministic-A,44
2026,1,Georgia,Saint Louis,0.7686430302506854,Georgia,Deterministic-A,44
2026,1,Texas Tech,Akron,0.9458621882672305,Texas Tech,Deterministic-A,44
2026,1,Alabama,Hofstra,0.9264093701411587,Alabama,Deterministic-A,44
2026,1,Tennessee,SMU,0.7515098630756083,Tennessee,Deterministic-A,44
2026,1,Virginia,Wright St.,0.9482248567091944,Virginia,Deterministic-A,44
2026,1,Kentucky,Santa Clara,0.4440426006429322,Santa Clara,Sampled,44
2026,1,Iowa St.,Tennessee St.,0.9968430210633037,Iowa St.,Deterministic-A,44
2026,2,Duke,Ohio St.,0.7390086079975868,Duke,Deterministic-A,44
2026,2,St. John's,Kansas,0.5355379132546708,Kansas,Sampled,44
2026,2,Louisville,Michigan St.,0.5738745576876145,Louisville,Sampled,44
2026,2,UCLA,Connecticut,0.4866936834089793,UCLA,Sampled,44
2026,2,Florida,Iowa,0.7639271236235,Florida,Deterministic-A,44
2026,2,Vanderbilt,Nebraska,0.6865031249657692,Vanderbilt,Deterministic-A,44
2026,2,North Carolina,Illinois,0.1085885722333618,Illinois,Deterministic-B,44
2026,2,Texas A&M,Houston,0.12186466965786469,Houston,Deterministic-B,44
2026,2,Arizona,Utah St.,0.8257891559341833,Arizona,Deterministic-A,44
2026,2,Wisconsin,Arkansas,0.4950278069857847,Arkansas,Sampled,44
2026,2,Texas,Gonzaga,0.3371285202551729,Gonzaga,Deterministic-B,44
2026,2,Miami FL,Purdue,0.10259926213999071,Purdue,Deterministic-B,44
2026,2,Michigan,Georgia,0.8507771524948368,Michigan,Deterministic-A,44
2026,2,Texas Tech,Alabama,0.5938325194380916,Texas Tech,Sampled,44
2026,2,Tennessee,Virginia,0.5960276902383712,Tennessee,Sampled,44
2026,2,Santa Clara,Iowa St.,0.2059360963517331,Iowa St.,Deterministic-B,44
2026,3,Duke,Kansas,0.7725501680853833,Duke,Deterministic-A,44
2026,3,Louisville,UCLA,0.5026852193649918,UCLA,Sampled,44
2026,3,Florida,Vanderbilt,0.6434590659410105,Florida,Deterministic-A,44
2026,3,Illinois,Houston,0.5308158063976895,Illinois,Sampled,44
2026,3,Arizona,Arkansas,0.665220260010551,Arizona,Deterministic-A,44
2026,3,Gonzaga,Purdue,0.1942405317302338,Purdue,Deterministic-B,44
2026,3,Michigan,Texas Tech,0.5885013419889603,Michigan,Sampled,44
2026,3,Tennessee,Iowa St.,0.3594694078281067,Iowa St.,Deterministic-B,44
2026,4,Duke,UCLA,0.7495177625156639,Duke,Deterministic-A,44
2026,4,Florida,Illinois,0.3869211107003162,Illinois,Deterministic-B,44
2026,4,Arizona,Purdue,0.45224561567796356,Purdue,Sampled,44
2026,4,Michigan,Iowa St.,0.5278884916804828,Iowa St.,Sampled,44
2026,5,Duke,Illinois,0.4164873314575824,Duke,Sampled,44
2026,5,Purdue,Iowa St.,0.5223344504860334,Iowa St.,Sampled,44
2026,6,Duke,Iowa St.,0.545746564850346,Iowa St.,Sampled,44
2026,1,Duke,Siena,0.9935438698062663,Duke,Deterministic-A,45
2026,1,Ohio St.,TCU,0.8173194099086936,Ohio St.,Deterministic-A,45
2026,1,St. John's,Northern Iowa,0.8194627325708945,St. John's,Deterministic-A,45
2026,1,Kansas,Cal Baptist,0.9344506724910557,Kansas,Deterministic-A,45
2026,1,Louisville,South Florida,0.7860380912034134,Louisville,Deterministic-A,45
2026,1,Michigan St.,North Dakota St.,0.9477264024763377,Michigan St.,Deterministic-A,45
2026,1,UCLA,UCF,0.8608948556036264,UCLA,Deterministic-A,45
2026,1,Connecticut,Furman,0.9796773412447337,Connecticut,Deterministic-A,45
2026,1,Florida,Prairie View A&M,0.9961818193152869,Florida,Deterministic-A,45
2026,1,Clemson,Iowa,0.3505781305379848,Iowa,Deterministic-B,45
2026,1,Vanderbilt,McNeese St.,0.9184152829092163,Vanderbilt,Deterministic-A,45
2026,1,Nebraska,Troy,0.9441633711220943,Nebraska,Deterministic-A,45
2026,1,North Carolina,VCU,0.6875785627731936,North Carolina,Deterministic-A,45
2026,1,Illinois,Penn,0.9895456375342501,Illinois,Deterministic-A,45
2026,1,Saint Mary's,Texas A&M,0.4438285608095177,Texas A&M,Sampled,45
2026,1,Houston,Idaho,0.987795711852659,Houston,Deterministic-A,45
2026,1,Arizona,LIU,0.9965336858056648,Arizona,Deterministic-A,45
2026,1,Villanova,Utah St.,0.5234646169642977,Utah St.,Sampled,45
2026,1,Wisconsin,High Point,0.9497165580486782,Wisconsin,Deterministic-A,45
2026,1,Arkansas,Hawaii,0.9716546622292703,Arkansas,Deterministic-A,45
2026,1,BYU,Texas,0.5197253112456744,BYU,Sampled,45
2026,1,Gonzaga,Kennesaw St.,0.9513542807092172,Gonzaga,Deterministic-A,45
2026,1,Miami FL,Missouri,0.4391702435681522,Miami FL,Sampled,45
2026,1,Purdue,Queens,0.9933361519375553,Purdue,Deterministic-A,45
2026,1,Michigan,Howard,0.9951159249018185,Michigan,Deterministic-A,45
2026,1,Georgia,Saint Louis,0.7686430302506854,Georgia,Deterministic-A,45
2026,1,Texas Tech,Akron,0.9458621882672305,Texas Tech,Deterministic-A,45
2026,1,Alabama,Hofstra,0.9264093701411587,Alabama,Deterministic-A,45
2026,1,Tennessee,SMU,0.7515098630756083,Tennessee,Deterministic-A,45
2026,1,Virginia,Wright St.,0.9482248567091944,Virginia,Deterministic-A,45
2026,1,Kentucky,Santa Clara,0.4440426006429322,Santa Clara,Sampled,45
2026,1,Iowa St.,Tennessee St.,0.9968430210633037,Iowa St.,Deterministic-A,45
2026,2,Duke,Ohio St.,0.7390086079975868,Duke,Deterministic-A,45
2026,2,St. John's,Kansas,0.5355379132546708,St. John's,Sampled,45
2026,2,Louisville,Michigan St.,0.5738745576876145,Michigan St.,Sampled,45
2026,2,UCLA,Connecticut,0.4866936834089793,Connecticut,Sampled,45
2026,2,Florida,Iowa,0.7639271236235,Florida,Deterministic-A,45
2026,2,Vanderbilt,Nebraska,0.6865031249657692,Vanderbilt,Deterministic-A,45
2026,2,North Carolina,Illinois,0.1085885722333618,Illinois,Deterministic-B,45
2026,2,Texas A&M,Houston,0.12186466965786469,Houston,Deterministic-B,45
2026,2,Arizona,Utah St.,0.8257891559341833,Arizona,Deterministic-A,45
2026,2,Wisconsin,Arkansas,0.4950278069857847,Wisconsin,Sampled,45
2026,2,BYU,Gonzaga,0.35499034688497266,Gonzaga,Deterministic-B,45
2026,2,Miami FL,Purdue,0.10259926213999071,Purdue,Deterministic-B,45
2026,2,Michigan,Georgia,0.8507771524948368,Michigan,Deterministic-A,45
2026,2,Texas Tech,Alabama,0.5938325194380916,Alabama,Sampled,45
2026,2,Tennessee,Virginia,0.5960276902383712,Tennessee,Sampled,45
2026,2,Santa Clara,Iowa St.,0.2059360963517331,Iowa St.,Deterministic-B,45
2026,3,Duke,St. John's,0.7465650367093921,Duke,Deterministic-A,45
2026,3,Michigan St.,Connecticut,0.4157672305224931,Connecticut,Sampled,45
2026,3,Florida,Vanderbilt,0.6434590659410105,Florida,Deterministic-A,45
2026,3,Illinois,Houston,0.5308158063976895,Illinois,Sampled,45
2026,3,Arizona,Wisconsin,0.6696350275590703,Arizona,Deterministic-A,45
2026,3,Gonzaga,Purdue,0.1942405317302338,Purdue,Deterministic-B,45
2026,3,Michigan,Alabama,0.6764719544732708,Michigan,Deterministic-A,45
2026,3,Tennessee,Iowa St.,0.3594694078281067,Iowa St.,Deterministic-B,45
2026,4,Duke,Connecticut,0.7393907100072757,Duke,Deterministic-A,45
2026,4,Florida,Illinois,0.3869211107003162,Illinois,Deterministic-B,45
2026,4,Arizona,Purdue,0.45224561567796356,Purdue,Sampled,45
2026,4,Michigan,Iowa St.,0.5278884916804828,Iowa St.,Sampled,45
2026,5,Duke,Illinois,0.4164873314575824,Duke,Sampled,45
2026,5,Purdue,Iowa St.,0.5223344504860334,Iowa St.,Sampled,45
2026,6,Duke,Iowa St.,0.545746564850346,Iowa St.,Sampled,45
2026,1,Duke,Siena,0.9935438698062663,Duke,Deterministic-A,46
2026,1,Ohio St.,TCU,0.8173194099086936,Ohio St.,Deterministic-A,46
2026,1,St. John's,Northern Iowa,0.8194627325708945,St. John's,Deterministic-A,46
2026,1,Kansas,Cal Baptist,0.9344506724910557,Kansas,Deterministic-A,46
2026,1,Louisville,South Florida,0.7860380912034134,Louisville,Deterministic-A,46
2026,1,Michigan St.,North Dakota St.,0.9477264024763377,Michigan St.,Deterministic-A,46
2026,1,UCLA,UCF,0.8608948556036264,UCLA,Deterministic-A,46
2026,1,Connecticut,Furman,0.9796773412447337,Connecticut,Deterministic-A,46
2026,1,Florida,Prairie View A&M,0.9961818193152869,Florida,Deterministic-A,46
2026,1,Clemson,Iowa,0.3505781305379848,Iowa,Deterministic-B,46
2026,1,Vanderbilt,McNeese St.,0.9184152829092163,Vanderbilt,Deterministic-A,46
2026,1,Nebraska,Troy,0.9441633711220943,Nebraska,Deterministic-A,46
2026,1,North Carolina,VCU,0.6875785627731936,North Carolina,Deterministic-A,46
2026,1,Illinois,Penn,0.9895456375342501,Illinois,Deterministic-A,46
2026,1,Saint Mary's,Texas A&M,0.4438285608095177,Texas A&M,Sampled,46
2026,1,Houston,Idaho,0.987795711852659,Houston,Deterministic-A,46
2026,1,Arizona,LIU,0.9965336858056648,Arizona,Deterministic-A,46
2026,1,Villanova,Utah St.,0.5234646169642977,Utah St.,Sampled,46
2026,1,Wisconsin,High Point,0.9497165580486782,Wisconsin,Deterministic-A,46
2026,1,Arkansas,Hawaii,0.9716546622292703,Arkansas,Deterministic-A,46
2026,1,BYU,Texas,0.5197253112456744,Texas,Sampled,46
2026,1,Gonzaga,Kennesaw St.,0.9513542807092172,Gonzaga,Deterministic-A,46
2026,1,Miami FL,Missouri,0.4391702435681522,Miami FL,Sampled,46
2026,1,Purdue,Queens,0.9933361519375553,Purdue,Deterministic-A,46
2026,1,Michigan,Howard,0.9951159249018185,Michigan,Deterministic-A,46
2026,1,Georgia,Saint Louis,0.7686430302506854,Georgia,Deterministic-A,46
2026,1,Texas Tech,Akron,0.9458621882672305,Texas Tech,Deterministic-A,46
2026,1,Alabama,Hofstra,0.9264093701411587,Alabama,Deterministic-A,46
2026,1,Tennessee,SMU,0.7515098630756083,Tennessee,Deterministic-A,46
2026,1,Virginia,Wright St.,0.9482248567091944,Virginia,Deterministic-A,46
2026,1,Kentucky,Santa Clara,0.4440426006429322,Santa Clara,Sampled,46
2026,1,Iowa St.,Tennessee St.,0.9968430210633037,Iowa St.,Deterministic-A,46
2026,2,Duke,Ohio St.,0.7390086079975868,Duke,Deterministic-A,46
2026,2,St. John's,Kansas,0.5355379132546708,St. John's,Sampled,46
2026,2,Louisville,Michigan St.,0.5738745576876145,Michigan St.,Sampled,46
2026,2,UCLA,Connecticut,0.4866936834089793,Connecticut,Sampled,46
2026,2,Florida,Iowa,0.7639271236235,Florida,Deterministic-A,46
2026,2,Vanderbilt,Nebraska,0.6865031249657692,Vanderbilt,Deterministic-A,46
2026,2,North Carolina,Illinois,0.1085885722333618,Illinois,Deterministic-B,46
2026,2,Texas A&M,Houston,0.12186466965786469,Houston,Deterministic-B,46
2026,2,Arizona,Utah St.,0.8257891559341833,Arizona,Deterministic-A,46
2026,2,Wisconsin,Arkansas,0.4950278069857847,Wisconsin,Sampled,46
2026,2,Texas,Gonzaga,0.3371285202551729,Gonzaga,Deterministic-B,46
2026,2,Miami FL,Purdue,0.10259926213999071,Purdue,Deterministic-B,46
2026,2,Michigan,Georgia,0.8507771524948368,Michigan,Deterministic-A,46
2026,2,Texas Tech,Alabama,0.5938325194380916,Texas Tech,Sampled,46
2026,2,Tennessee,Virginia,0.5960276902383712,Virginia,Sampled,46
2026,2,Santa Clara,Iowa St.,0.2059360963517331,Iowa St.,Deterministic-B,46
2026,3,Duke,St. John's,0.7465650367093921,Duke,Deterministic-A,46
2026,3,Michigan St.,Connecticut,0.4157672305224931,Michigan St.,Sampled,46
2026,3,Florida,Vanderbilt,0.6434590659410105,Florida,Deterministic-A,46
2026,3,Illinois,Houston,0.5308158063976895,Houston,Sampled,46
2026,3,Arizona,Wisconsin,0.6696350275590703,Arizona,Deterministic-A,46
2026,3,Gonzaga,Purdue,0.1942405317302338,Purdue,Deterministic-B,46
2026,3,Michigan,Texas Tech,0.5885013419889603,Michigan,Sampled,46
2026,3,Virginia,Iowa St.,0.2755569966500777,Iowa St.,Deterministic-B,46
2026,4,Duke,Michigan St.,0.7994688685835264,Duke,Deterministic-A,46
2026,4,Florida,Houston,0.41657408763462916,Houston,Sampled,46
2026,4,Arizona,Purdue,0.45224561567796356,Arizona,Sampled,46
2026,4,Michigan,Iowa St.,0.5278884916804828,Michigan,Sampled,46
2026,5,Duke,Houston,0.44675503197660105,Houston,Sampled,46
2026,5,Arizona,Michigan,0.4467343537440333,Michigan,Sampled,46
2026,6,Houston,Michigan,0.5709235073185751,Houston,Sampled,46
2026,1,Duke,Siena,0.9935438698062663,Duke,Deterministic-A,47
2026,1,Ohio St.,TCU,0.8173194099086936,Ohio St.,Deterministic-A,47
2026,1,St. John's,Northern Iowa,0.8194627325708945,St. John's,Deterministic-A,47
2026,1,Kansas,Cal Baptist,0.9344506724910557,Kansas,Deterministic-A,47
2026,1,Louisville,South Florida,0.7860380912034134,Louisville,Deterministic-A,47
2026,1,Michigan St.,North Dakota St.,0.9477264024763377,Michigan St.,Deterministic-A,47
2026,1,UCLA,UCF,0.8608948556036264,UCLA,Deterministic-A,47
2026,1,Connecticut,Furman,0.9796773412447337,Connecticut,Deterministic-A,47
2026,1,Florida,Prairie View A&M,0.9961818193152869,Florida,Deterministic-A,47
2026,1,Clemson,Iowa,0.3505781305379848,Iowa,Deterministic-B,47
2026,1,Vanderbilt,McNeese St.,0.9184152829092163,Vanderbilt,Deterministic-A,47
2026,1,Nebraska,Troy,0.9441633711220943,Nebraska,Deterministic-A,47
2026,1,North Carolina,VCU,0.6875785627731936,North Carolina,Deterministic-A,47
2026,1,Illinois,Penn,0.9895456375342501,Illinois,Deterministic-A,47
2026,1,Saint Mary's,Texas A&M,0.4438285608095177,Texas A&M,Sampled,47
2026,1,Houston,Idaho,0.987795711852659,Houston,Deterministic-A,47
2026,1,Arizona,LIU,0.9965336858056648,Arizona,Deterministic-A,47
2026,1,Villanova,Utah St.,0.5234646169642977,Utah St.,Sampled,47
2026,1,Wisconsin,High Point,0.9497165580486782,Wisconsin,Deterministic-A,47
2026,1,Arkansas,Hawaii,0.9716546622292703,Arkansas,Deterministic-A,47
2026,1,BYU,Texas,0.5197253112456744,Texas,Sampled,47
2026,1,Gonzaga,Kennesaw St.,0.9513542807092172,Gonzaga,Deterministic-A,47
2026,1,Miami FL,Missouri,0.4391702435681522,Miami FL,Sampled,47
2026,1,Purdue,Queens,0.9933361519375553,Purdue,Deterministic-A,47
2026,1,Michigan,Howard,0.9951159249018185,Michigan,Deterministic-A,47
2026,1,Georgia,Saint Louis,0.7686430302506854,Georgia,Deterministic-A,47
2026,1,Texas Tech,Akron,0.9458621882672305,Texas Tech,Deterministic-A,47
2026,1,Alabama,Hofstra,0.9264093701411587,Alabama,Deterministic-A,47
2026,1,Tennessee,SMU,0.7515098630756083,Tennessee,Deterministic-A,47
2026,1,Virginia,Wright St.,0.9482248567091944,Virginia,Deterministic-A,47
2026,1,Kentucky,Santa Clara,0.4440426006429322,Santa Clara,Sampled,47
2026,1,Iowa St.,Tennessee St.,0.9968430210633037,Iowa St.,Deterministic-A,47
2026,2,Duke,Ohio St.,0.7390086079975868,Duke,Deterministic-A,47
2026,2,St. John's,Kansas,0.5355379132546708,Kansas,Sampled,47
2026,2,Louisville,Michigan St.,0.5738745576876145,Michigan St.,Sampled,47
2026,2,UCLA,Connecticut,0.4866936834089793,Connecticut,Sampled,47
2026,2,Florida,Iowa,0.7639271236235,Florida,Deterministic-A,47
2026,2,Vanderbilt,Nebraska,0.6865031249657692,Vanderbilt,Deterministic-A,47
2026,2,North Carolina,Illinois,0.1085885722333618,Illinois,Deterministic-B,47
2026,2,Texas A&M,Houston,0.12186466965786469,Houston,Deterministic-B,47
2026,2,Arizona,Utah St.,0.8257891559341833,Arizona,Deterministic-A,47
2026,2,Wisconsin,Arkansas,0.4950278069857847,Arkansas,Sampled,47
2026,2,Texas,Gonzaga,0.3371285202551729,Gonzaga,Deterministic-B,47
2026,2,Miami FL,Purdue,0.10259926213999071,Purdue,Deterministic-B,47
2026,2,Michigan,Georgia,0.8507771524948368,Michigan,Deterministic-A,47
2026,2,Texas Tech,Alabama,0.5938325194380916,Texas Tech,Sampled,47
2026,2,Tennessee,Virginia,0.5960276902383712,Virginia,Sampled,47
2026,2,Santa Clara,Iowa St.,0.2059360963517331,Iowa St.,Deterministic-B,47
2026,3,Duke,Kansas,0.7725501680853833,Duke,Deterministic-A,47
2026,3,Michigan St.,Connecticut,0.4157672305224931,Connecticut,Sampled,47
2026,3,Florida,Vanderbilt,0.6434590659410105,Florida,Deterministic-A,47
2026,3,Illinois,Houston,0.5308158063976895,Houston,Sampled,47
2026,3,Arizona,Arkansas,0.665220260010551,Arizona,Deterministic-A,47
2026,3,Gonzaga,Purdue,0.1942405317302338,Purdue,Deterministic-B,47
2026,3,Michigan,Texas Tech,0.5885013419889603,Michigan,Sampled,47
2026,3,Virginia,Iowa St.,0.2755569966500777,Iowa St.,Deterministic-B,47
2026,4,Duke,Connecticut,0.7393907100072757,Duke,Deterministic-A,47
2026,4,Florida,Houston,0.41657408763462916,Florida,Sampled,47
2026,4,Arizona,Purdue,0.45224561567796356,Purdue,Sampled,47
2026,4,Michigan,Iowa St.,0.5278884916804828,Michigan,Sampled,47
2026,5,Duke,Florida,0.5307269011552253,Florida,Sampled,47
2026,5,Purdue,Michigan,0.4944320863679664,Purdue,Sampled,47
2026,6,Florida,Purdue,0.4927603710573575,Purdue,Sampled,47
2026,1,Duke,Siena,0.9935438698062663,Duke,Deterministic-A,48
2026,1,Ohio St.,TCU,0.8173194099086936,Ohio St.,Deterministic-A,48
2026,1,St. John's,Northern Iowa,0.8194627325708945,St. John's,Deterministic-A,48
2026,1,Kansas,Cal Baptist,0.9344506724910557,Kansas,Deterministic-A,48
2026,1,Louisville,South Florida,0.7860380912034134,Louisville,Deterministic-A,48
2026,1,Michigan St.,North Dakota St.,0.9477264024763377,Michigan St.,Deterministic-A,48
2026,1,UCLA,UCF,0.8608948556036264,UCLA,Deterministic-A,48
2026,1,Connecticut,Furman,0.9796773412447337,Connecticut,Deterministic-A,48
2026,1,Florida,Prairie View A&M,0.9961818193152869,Florida,Deterministic-A,48
2026,1,Clemson,Iowa,0.3505781305379848,Iowa,Deterministic-B,48
2026,1,Vanderbilt,McNeese St.,0.9184152829092163,Vanderbilt,Deterministic-A,48
2026,1,Nebraska,Troy,0.9441633711220943,Nebraska,Deterministic-A,48
2026,1,North Carolina,VCU,0.6875785627731936,North Carolina,Deterministic-A,48
2026,1,Illinois,Penn,0.9895456375342501,Illinois,Deterministic-A,48
2026,1,Saint Mary's,Texas A&M,0.4438285608095177,Texas A&M,Sampled,48
2026,1,Houston,Idaho,0.987795711852659,Houston,Deterministic-A,48
2026,1,Arizona,LIU,0.9965336858056648,Arizona,Deterministic-A,48
2026,1,Villanova,Utah St.,0.5234646169642977,Villanova,Sampled,48
2026,1,Wisconsin,High Point,0.9497165580486782,Wisconsin,Deterministic-A,48
2026,1,Arkansas,Hawaii,0.9716546622292703,Arkansas,Deterministic-A,48
2026,1,BYU,Texas,0.5197253112456744,BYU,Sampled,48
2026,1,Gonzaga,Kennesaw St.,0.9513542807092172,Gonzaga,Deterministic-A,48
2026,1,Miami FL,Missouri,0.4391702435681522,Missouri,Sampled,48
2026,1,Purdue,Queens,0.9933361519375553,Purdue,Deterministic-A,48
2026,1,Michigan,Howard,0.9951159249018185,Michigan,Deterministic-A,48
2026,1,Georgia,Saint Louis,0.7686430302506854,Georgia,Deterministic-A,48
2026,1,Texas Tech,Akron,0.9458621882672305,Texas Tech,Deterministic-A,48
2026,1,Alabama,Hofstra,0.9264093701411587,Alabama,Deterministic-A,48
2026,1,Tennessee,SMU,0.7515098630756083,Tennessee,Deterministic-A,48
2026,1,Virginia,Wright St.,0.9482248567091944,Virginia,Deterministic-A,48
2026,1,Kentucky,Santa Clara,0.4440426006429322,Santa Clara,Sampled,48
2026,1,Iowa St.,Tennessee St.,0.9968430210633037,Iowa St.,Deterministic-A,48
2026,2,Duke,Ohio St.,0.7390086079975868,Duke,Deterministic-A,48
2026,2,St. John's,Kansas,0.5355379132546708,St. John's,Sampled,48
2026,2,Louisville,Michigan St.,0.5738745576876145,Michigan St.,Sampled,48
2026,2,UCLA,Connecticut,0.4866936834089793,Connecticut,Sampled,48
2026,2,Florida,Iowa,0.7639271236235,Florida,Deterministic-A,48
2026,2,Vanderbilt,Nebraska,0.6865031249657692,Vanderbilt,Deterministic-A,48
2026,2,North Carolina,Illinois,0.1085885722333618,Illinois,Deterministic-B,48
2026,2,Texas A&M,Houston,0.12186466965786469,Houston,Deterministic-B,48
2026,2,Arizona,Villanova,0.8118606356348161,Arizona,Deterministic-A,48
2026,2,Wisconsin,Arkansas,0.4950278069857847,Wisconsin,Sampled,48
2026,2,BYU,Gonzaga,0.35499034688497266,Gonzaga,Deterministic-B,48
2026,2,Missouri,Purdue,0.12740044483533358,Purdue,Deterministic-B,48
2026,2,Michigan,Georgia,0.8507771524948368,Michigan,Deterministic-A,48
2026,2,Texas Tech,Alabama,0.5938325194380916,Texas Tech,Sampled,48
2026,2,Tennessee,Virginia,0.5960276902383712,Tennessee,Sampled,48
2026,2,Santa Clara,Iowa St.,0.2059360963517331,Iowa St.,Deterministic-B,48
2026,3,Duke,St. John's,0.7465650367093921,Duke,Deterministic-A,48
2026,3,Michigan St.,Connecticut,0.4157672305224931,Michigan St.,Sampled,48
2026,3,Florida,Vanderbilt,0.6434590659410105,Florida,Deterministic-A,48
2026,3,Illinois,Houston,0.5308158063976895,Illinois,Sampled,48
2026,3,Arizona,Wisconsin,0.6696350275590703,Arizona,Deterministic-A,48
2026,3,Gonzaga,Purdue,0.1942405317302338,Purdue,Deterministic-B,48
2026,3,Michigan,Texas Tech,0.5885013419889603,Michigan,Sampled,48
2026,3,Tennessee,Iowa St.,0.3594694078281067,Iowa St.,Deterministic-B,48
2026,4,Duke,Michigan St.,0.7994688685835264,Duke,Deterministic-A,48
2026,4,Florida,Illinois,0.3869211107003162,Illinois,Deterministic-B,48
2026,4,Arizona,Purdue,0.45224561567796356,Purdue,Sampled,48
2026,4,Michigan,Iowa St.,0.5278884916804828,Michigan,Sampled,48
2026,5,Duke,Illinois,0.4164873314575824,Illinois,Sampled,48
2026,5,Purdue,Michigan,0.4944320863679664,Purdue,Sampled,48
2026,6,Illinois,Purdue,0.6061869799015335,Illinois,Deterministic-A,48
2026,1,Duke,Siena,0.9935438698062663,Duke,Deterministic-A,49
2026,1,Ohio St.,TCU,0.8173194099086936,Ohio St.,Deterministic-A,49
2026,1,St. John's,Northern Iowa,0.8194627325708945,St. John's,Deterministic-A,49
2026,1,Kansas,Cal Baptist,0.9344506724910557,Kansas,Deterministic-A,49
2026,1,Louisville,South Florida,0.7860380912034134,Louisville,Deterministic-A,49
2026,1,Michigan St.,North Dakota St.,0.9477264024763377,Michigan St.,Deterministic-A,49
2026,1,UCLA,UCF,0.8608948556036264,UCLA,Deterministic-A,49
2026,1,Connecticut,Furman,0.9796773412447337,Connecticut,Deterministic-A,49
2026,1,Florida,Prairie View A&M,0.9961818193152869,Florida,Deterministic-A,49
2026,1,Clemson,Iowa,0.3505781305379848,Iowa,Deterministic-B,49
2026,1,Vanderbilt,McNeese St.,0.9184152829092163,Vanderbilt,Deterministic-A,49
2026,1,Nebraska,Troy,0.9441633711220943,Nebraska,Deterministic-A,49
2026,1,North Carolina,VCU,0.6875785627731936,North Carolina,Deterministic-A,49
2026,1,Illinois,Penn,0.9895456375342501,Illinois,Deterministic-A,49
2026,1,Saint Mary's,Texas A&M,0.4438285608095177,Saint Mary's,Sampled,49
2026,1,Houston,Idaho,0.987795711852659,Houston,Deterministic-A,49
2026,1,Arizona,LIU,0.9965336858056648,Arizona,Deterministic-A,49
2026,1,Villanova,Utah St.,0.5234646169642977,Utah St.,Sampled,49
2026,1,Wisconsin,High Point,0.9497165580486782,Wisconsin,Deterministic-A,49
2026,1,Arkansas,Hawaii,0.9716546622292703,Arkansas,Deterministic-A,49
2026,1,BYU,Texas,0.5197253112456744,Texas,Sampled,49
2026,1,Gonzaga,Kennesaw St.,0.9513542807092172,Gonzaga,Deterministic-A,49
2026,1,Miami FL,Missouri,0.4391702435681522,Miami FL,Sampled,49
2026,1,Purdue,Queens,0.9933361519375553,Purdue,Deterministic-A,49
2026,1,Michigan,Howard,0.9951159249018185,Michigan,Deterministic-A,49
2026,1,Georgia,Saint Louis,0.7686430302506854,Georgia,Deterministic-A,49
2026,1,Texas Tech,Akron,0.9458621882672305,Texas Tech,Deterministic-A,49
2026,1,Alabama,Hofstra,0.9264093701411587,Alabama,Deterministic-A,49
2026,1,Tennessee,SMU,0.7515098630756083,Tennessee,Deterministic-A,49
2026,1,Virginia,Wright St.,0.9482248567091944,Virginia,Deterministic-A,49
2026,1,Kentucky,Santa Clara,0.4440426006429322,Kentucky,Sampled,49
2026,1,Iowa St.,Tennessee St.,0.9968430210633037,Iowa St.,Deterministic-A,49
2026,2,Duke,Ohio St.,0.7390086079975868,Duke,Deterministic-A,49
2026,2,St. John's,Kansas,0.5355379132546708,St. John's,Sampled,49
2026,2,Louisville,Michigan St.,0.5738745576876145,Louisville,Sampled,49
2026,2,UCLA,Connecticut,0.4866936834089793,UCLA,Sampled,49
2026,2,Florida,Iowa,0.7639271236235,Florida,Deterministic-A,49
2026,2,Vanderbilt,Nebraska,0.6865031249657692,Vanderbilt,Deterministic-A,49
2026,2,North Carolina,Illinois,0.1085885722333618,Illinois,Deterministic-B,49
2026,2,Saint Mary's,Houston,0.09970310434646365,Houston,Deterministic-B,49
2026,2,Arizona,Utah St.,0.8257891559341833,Arizona,Deterministic-A,49
2026,2,Wisconsin,Arkansas,0.4950278069857847,Wisconsin,Sampled,49
2026,2,Texas,Gonzaga,0.3371285202551729,Gonzaga,Deterministic-B,49
2026,2,Miami FL,Purdue,0.10259926213999071,Purdue,Deterministic-B,49
2026,2,Michigan,Georgia,0.8507771524948368,Michigan,Deterministic-A,49
2026,2,Texas Tech,Alabama,0.5938325194380916,Texas Tech,Sampled,49
2026,2,Tennessee,Virginia,0.5960276902383712,Tennessee,Sampled,49
2026,2,Kentucky,Iowa St.,0.1715944196714473,Iowa St.,Deterministic-B,49
2026,3,Duke,St. John's,0.7465650367093921,Duke,Deterministic-A,49
2026,3,Louisville,UCLA,0.5026852193649918,UCLA,Sampled,49
2026,3,Florida,Vanderbilt,0.6434590659410105,Florida,Deterministic-A,49
2026,3,Illinois,Houston,0.5308158063976895,Houston,Sampled,49
2026,3,Arizona,Wisconsin,0.6696350275590703,Arizona,Deterministic-A,49
2026,3,Gonzaga,Purdue,0.1942405317302338,Purdue,Deterministic-B,49
2026,3,Michigan,Texas Tech,0.5885013419889603,Michigan,Sampled,49
2026,3,Tennessee,Iowa St.,0.3594694078281067,Iowa St.,Deterministic-B,49
2026,4,Duke,UCLA,0.7495177625156639,Duke,Deterministic-A,49
2026,4,Florida,Houston,0.41657408763462916,Florida,Sampled,49
2026,4,Arizona,Purdue,0.45224561567796356,Arizona,Sampled,49
2026,4,Michigan,Iowa St.,0.5278884916804828,Michigan,Sampled,49
2026,5,Duke,Florida,0.5307269011552253,Florida,Sampled,49
2026,5,Arizona,Michigan,0.4467343537440333,Michigan,Sampled,49
2026,6,Florida,Michigan,0.48719452216155096,Michigan,Sampled,49
2026,1,Duke,Siena,0.9935438698062663,Duke,Deterministic-A,50
2026,1,Ohio St.,TCU,0.8173194099086936,Ohio St.,Deterministic-A,50
2026,1,St. John's,Northern Iowa,0.8194627325708945,St. John's,Deterministic-A,50
2026,1,Kansas,Cal Baptist,0.9344506724910557,Kansas,Deterministic-A,50
2026,1,Louisville,South Florida,0.7860380912034134,Louisville,Deterministic-A,50
2026,1,Michigan St.,North Dakota St.,0.9477264024763377,Michigan St.,Deterministic-A,50
2026,1,UCLA,UCF,0.8608948556036264,UCLA,Deterministic-A,50
2026,1,Connecticut,Furman,0.9796773412447337,Connecticut,Deterministic-A,50
2026,1,Florida,Prairie View A&M,0.9961818193152869,Florida,Deterministic-A,50
2026,1,Clemson,Iowa,0.3505781305379848,Iowa,Deterministic-B,50
2026,1,Vanderbilt,McNeese St.,0.9184152829092163,Vanderbilt,Deterministic-A,50
2026,1,Nebraska,Troy,0.9441633711220943,Nebraska,Deterministic-A,50
2026,1,North Carolina,VCU,0.6875785627731936,North Carolina,Deterministic-A,50
2026,1,Illinois,Penn,0.9895456375342501,Illinois,Deterministic-A,50
2026,1,Saint Mary's,Texas A&M,0.4438285608095177,Texas A&M,Sampled,50
2026,1,Houston,Idaho,0.987795711852659,Houston,Deterministic-A,50
2026,1,Arizona,LIU,0.9965336858056648,Arizona,Deterministic-A,50
2026,1,Villanova,Utah St.,0.5234646169642977,Utah St.,Sampled,50
2026,1,Wisconsin,High Point,0.9497165580486782,Wisconsin,Deterministic-A,50
2026,1,Arkansas,Hawaii,0.9716546622292703,Arkansas,Deterministic-A,50
2026,1,BYU,Texas,0.5197253112456744,Texas,Sampled,50
2026,1,Gonzaga,Kennesaw St.,0.9513542807092172,Gonzaga,Deterministic-A,50
2026,1,Miami FL,Missouri,0.4391702435681522,Miami FL,Sampled,50
2026,1,Purdue,Queens,0.9933361519375553,Purdue,Deterministic-A,50
2026,1,Michigan,Howard,0.9951159249018185,Michigan,Deterministic-A,50
2026,1,Georgia,Saint Louis,0.7686430302506854,Georgia,Deterministic-A,50
2026,1,Texas Tech,Akron,0.9458621882672305,Texas Tech,Deterministic-A,50
2026,1,Alabama,Hofstra,0.9264093701411587,Alabama,Deterministic-A,50
2026,1,Tennessee,SMU,0.7515098630756083,Tennessee,Deterministic-A,50
2026,1,Virginia,Wright St.,0.9482248567091944,Virginia,Deterministic-A,50
2026,1,Kentucky,Santa Clara,0.4440426006429322,Kentucky,Sampled,50
2026,1,Iowa St.,Tennessee St.,0.9968430210633037,Iowa St.,Deterministic-A,50
2026,2,Duke,Ohio St.,0.7390086079975868,Duke,Deterministic-A,50
2026,2,St. John's,Kansas,0.5355379132546708,St. John's,Sampled,50
2026,2,Louisville,Michigan St.,0.5738745576876145,Louisville,Sampled,50
2026,2,UCLA,Connecticut,0.4866936834089793,UCLA,Sampled,50
2026,2,Florida,Iowa,0.7639271236235,Florida,Deterministic-A,50
2026,2,Vanderbilt,Nebraska,0.6865031249657692,Vanderbilt,Deterministic-A,50
2026,2,North Carolina,Illinois,0.1085885722333618,Illinois,Deterministic-B,50
2026,2,Texas A&M,Houston,0.12186466965786469,Houston,Deterministic-B,50
2026,2,Arizona,Utah St.,0.8257891559341833,Arizona,Deterministic-A,50
2026,2,Wisconsin,Arkansas,0.4950278069857847,Arkansas,Sampled,50
2026,2,Texas,Gonzaga,0.3371285202551729,Gonzaga,Deterministic-B,50
2026,2,Miami FL,Purdue,0.10259926213999071,Purdue,Deterministic-B,50
2026,2,Michigan,Georgia,0.8507771524948368,Michigan,Deterministic-A,50
2026,2,Texas Tech,Alabama,0.5938325194380916,Alabama,Sampled,50
2026,2,Tennessee,Virginia,0.5960276902383712,Tennessee,Sampled,50
2026,2,Kentucky,Iowa St.,0.1715944196714473,Iowa St.,Deterministic-B,50
2026,3,Duke,St. John's,0.7465650367093921,Duke,Deterministic-A,50
2026,3,Louisville,UCLA,0.5026852193649918,Louisville,Sampled,50
2026,3,Florida,Vanderbilt,0.6434590659410105,Florida,Deterministic-A,50
2026,3,Illinois,Houston,0.5308158063976895,Illinois,Sampled,50
2026,3,Arizona,Arkansas,0.665220260010551,Arizona,Deterministic-A,50
2026,3,Gonzaga,Purdue,0.1942405317302338,Purdue,Deterministic-B,50
2026,3,Michigan,Alabama,0.6764719544732708,Michigan,Deterministic-A,50
2026,3,Tennessee,Iowa St.,0.3594694078281067,Iowa St.,Deterministic-B,50
2026,4,Duke,Louisville,0.7474958418351636,Duke,Deterministic-A,50
2026,4,Florida,Illinois,0.3869211107003162,Illinois,Deterministic-B,50
2026,4,Arizona,Purdue,0.45224561567796356,Arizona,Sampled,50
2026,4,Michigan,Iowa St.,0.5278884916804828,Iowa St.,Sampled,50
2026,5,Duke,Illinois,0.4164873314575824,Illinois,Sampled,50
2026,5,Arizona,Iowa St.,0.4744711531664893,Iowa St.,Sampled,50
2026,6,Illinois,Iowa St.,0.6273136678289432,Illinois,Deterministic-A,50
2026,1,Duke,Siena,0.9935438698062663,Duke,Deterministic-A,51
2026,1,Ohio St.,TCU,0.8173194099086936,Ohio St.,Deterministic-A,51
2026,1,St. John's,Northern Iowa,0.8194627325708945,St. John's,Deterministic-A,51
2026,1,Kansas,Cal Baptist,0.9344506724910557,Kansas,Deterministic-A,51
2026,1,Louisville,South Florida,0.7860380912034134,Louisville,Deterministic-A,51
2026,1,Michigan St.,North Dakota St.,0.9477264024763377,Michigan St.,Deterministic-A,51
2026,1,UCLA,UCF,0.8608948556036264,UCLA,Deterministic-A,51
2026,1,Connecticut,Furman,0.9796773412447337,Connecticut,Deterministic-A,51
2026,1,Florida,Prairie View A&M,0.9961818193152869,Florida,Deterministic-A,51
2026,1,Clemson,Iowa,0.3505781305379848,Iowa,Deterministic-B,51
2026,1,Vanderbilt,McNeese St.,0.9184152829092163,Vanderbilt,Deterministic-A,51
2026,1,Nebraska,Troy,0.9441633711220943,Nebraska,Deterministic-A,51
2026,1,North Carolina,VCU,0.6875785627731936,North Carolina,Deterministic-A,51
2026,1,Illinois,Penn,0.9895456375342501,Illinois,Deterministic-A,51
2026,1,Saint Mary's,Texas A&M,0.4438285608095177,Saint Mary's,Sampled,51
2026,1,Houston,Idaho,0.987795711852659,Houston,Deterministic-A,51
2026,1,Arizona,LIU,0.9965336858056648,Arizona,Deterministic-A,51
2026,1,Villanova,Utah St.,0.5234646169642977,Villanova,Sampled,51
2026,1,Wisconsin,High Point,0.9497165580486782,Wisconsin,Deterministic-A,51
2026,1,Arkansas,Hawaii,0.9716546622292703,Arkansas,Deterministic-A,51
2026,1,BYU,Texas,0.5197253112456744,BYU,Sampled,51
2026,1,Gonzaga,Kennesaw St.,0.9513542807092172,Gonzaga,Deterministic-A,51
2026,1,Miami FL,Missouri,0.4391702435681522,Missouri,Sampled,51
2026,1,Purdue,Queens,0.9933361519375553,Purdue,Deterministic-A,51
2026,1,Michigan,Howard,0.9951159249018185,Michigan,Deterministic-A,51
2026,1,Georgia,Saint Louis,0.7686430302506854,Georgia,Deterministic-A,51
2026,1,Texas Tech,Akron,0.9458621882672305,Texas Tech,Deterministic-A,51
2026,1,Alabama,Hofstra,0.9264093701411587,Alabama,Deterministic-A,51
2026,1,Tennessee,SMU,0.7515098630756083,Tennessee,Deterministic-A,51
2026,1,Virginia,Wright St.,0.9482248567091944,Virginia,Deterministic-A,51
2026,1,Kentucky,Santa Clara,0.4440426006429322,Santa Clara,Sampled,51
2026,1,Iowa St.,Tennessee St.,0.9968430210633037,Iowa St.,Deterministic-A,51
2026,2,Duke,Ohio St.,0.7390086079975868,Duke,Deterministic-A,51
2026,2,St. John's,Kansas,0.5355379132546708,St. John's,Sampled,51
2026,2,Louisville,Michigan St.,0.5738745576876145,Michigan St.,Sampled,51
2026,2,UCLA,Connecticut,0.4866936834089793,UCLA,Sampled,51
2026,2,Florida,Iowa,0.7639271236235,Florida,Deterministic-A,51
2026,2,Vanderbilt,Nebraska,0.6865031249657692,Vanderbilt,Deterministic-A,51
2026,2,North Carolina,Illinois,0.1085885722333618,Illinois,Deterministic-B,51
2026,2,Saint Mary's,Houston,0.09970310434646365,Houston,Deterministic-B,51
2026,2,Arizona,Villanova,0.8118606356348161,Arizona,Deterministic-A,51
2026,2,Wisconsin,Arkansas,0.4950278069857847,Arkansas,Sampled,51
2026,2,BYU,Gonzaga,0.35499034688497266,Gonzaga,Deterministic-B,51
2026,2,Missouri,Purdue,0.12740044483533358,Purdue,Deterministic-B,51
2026,2,Michigan,Georgia,0.8507771524948368,Michigan,Deterministic-A,51
2026,2,Texas Tech,Alabama,0.5938325194380916,Texas Tech,Sampled,51
2026,2,Tennessee,Virginia,0.5960276902383712,Tennessee,Sampled,51
2026,2,Santa Clara,Iowa St.,0.2059360963517331,Iowa St.,Deterministic-B,51
2026,3,Duke,St. John's,0.7465650367093921,Duke,Deterministic-A,51
2026,3,Michigan St.,UCLA,0.4287541296772118,UCLA,Sampled,51
2026,3,Florida,Vanderbilt,0.6434590659410105,Florida,Deterministic-A,51
2026,3,Illinois,Houston,0.5308158063976895,Illinois,Sampled,51
2026,3,Arizona,Arkansas,0.665220260010551,Arizona,Deterministic-A,51
2026,3,Gonzaga,Purdue,0.1942405317302338,Purdue,Deterministic-B,51
2026,3,Michigan,Texas Tech,0.5885013419889603,Michigan,Sampled,51
2026,3,Tennessee,Iowa St.,0.3594694078281067,Iowa St.,Deterministic-B,51
2026,4,Duke,UCLA,0.7495177625156639,Duke,Deterministic-A,51
2026,4,Florida,Illinois,0.3869211107003162,Illinois,Deterministic-B,51
2026,4,Arizona,Purdue,0.45224561567796356,Arizona,Sampled,51
2026,4,Michigan,Iowa St.,0.5278884916804828,Michigan,Sampled,51
2026,5,Duke,Illinois,0.4164873314575824,Illinois,Sampled,51
2026,5,Arizona,Michigan,0.4467343537440333,Michigan,Sampled,51
2026,6,Illinois,Michigan,0.60085759040946,Illinois,Deterministic-A,51
2026,1,Duke,Siena,0.9935438698062663,Duke,Deterministic-A,52
2026,1,Ohio St.,TCU,0.8173194099086936,Ohio St.,Deterministic-A,52
2026,1,St. John's,Northern Iowa,0.8194627325708945,St. John's,Deterministic-A,52
2026,1,Kansas,Cal Baptist,0.9344506724910557,Kansas,Deterministic-A,52
2026,1,Louisville,South Florida,0.7860380912034134,Louisville,Deterministic-A,52
2026,1,Michigan St.,North Dakota St.,0.9477264024763377,Michigan St.,Deterministic-A,52
2026,1,UCLA,UCF,0.8608948556036264,UCLA,Deterministic-A,52
2026,1,Connecticut,Furman,0.9796773412447337,Connecticut,Deterministic-A,52
2026,1,Florida,Prairie View A&M,0.9961818193152869,Florida,Deterministic-A,52
2026,1,Clemson,Iowa,0.3505781305379848,Iowa,Deterministic-B,52
2026,1,Vanderbilt,McNeese St.,0.9184152829092163,Vanderbilt,Deterministic-A,52
2026,1,Nebraska,Troy,0.9441633711220943,Nebraska,Deterministic-A,52
2026,1,North Carolina,VCU,0.6875785627731936,North Carolina,Deterministic-A,52
2026,1,Illinois,Penn,0.9895456375342501,Illinois,Deterministic-A,52
2026,1,Saint Mary's,Texas A&M,0.4438285608095177,Texas A&M,Sampled,52
2026,1,Houston,Idaho,0.987795711852659,Houston,Deterministic-A,52
2026,1,Arizona,LIU,0.9965336858056648,Arizona,Deterministic-A,52
2026,1,Villanova,Utah St.,0.5234646169642977,Villanova,Sampled,52
2026,1,Wisconsin,High Point,0.9497165580486782,Wisconsin,Deterministic-A,52
2026,1,Arkansas,Hawaii,0.9716546622292703,Arkansas,Deterministic-A,52
2026,1,BYU,Texas,0.5197253112456744,Texas,Sampled,52
2026,1,Gonzaga,Kennesaw St.,0.9513542807092172,Gonzaga,Deterministic-A,52
2026,1,Miami FL,Missouri,0.4391702435681522,Miami FL,Sampled,52
2026,1,Purdue,Queens,0.9933361519375553,Purdue,Deterministic-A,52
2026,1,Michigan,Howard,0.9951159249018185,Michigan,Deterministic-A,52
2026,1,Georgia,Saint Louis,0.7686430302506854,Georgia,Deterministic-A,52
2026,1,Texas Tech,Akron,0.9458621882672305,Texas Tech,Deterministic-A,52
2026,1,Alabama,Hofstra,0.9264093701411587,Alabama,Deterministic-A,52
2026,1,Tennessee,SMU,0.7515098630756083,Tennessee,Deterministic-A,52
2026,1,Virginia,Wright St.,0.9482248567091944,Virginia,Deterministic-A,52
2026,1,Kentucky,Santa Clara,0.4440426006429322,Kentucky,Sampled,52
2026,1,Iowa St.,Tennessee St.,0.9968430210633037,Iowa St.,Deterministic-A,52
2026,2,Duke,Ohio St.,0.7390086079975868,Duke,Deterministic-A,52
2026,2,St. John's,Kansas,0.5355379132546708,St. John's,Sampled,52
2026,2,Louisville,Michigan St.,0.5738745576876145,Michigan St.,Sampled,52
2026,2,UCLA,Connecticut,0.4866936834089793,Connecticut,Sampled,52
2026,2,Florida,Iowa,0.7639271236235,Florida,Deterministic-A,52
2026,2,Vanderbilt,Nebraska,0.6865031249657692,Vanderbilt,Deterministic-A,52
2026,2,North Carolina,Illinois,0.1085885722333618,Illinois,Deterministic-B,52
2026,2,Texas A&M,Houston,0.12186466965786469,Houston,Deterministic-B,52
2026,2,Arizona,Villanova,0.8118606356348161,Arizona,Deterministic-A,52
2026,2,Wisconsin,Arkansas,0.4950278069857847,Arkansas,Sampled,52
2026,2,Texas,Gonzaga,0.3371285202551729,Gonzaga,Deterministic-B,52
2026,2,Miami FL,Purdue,0.10259926213999071,Purdue,Deterministic-B,52
2026,2,Michigan,Georgia,0.8507771524948368,Michigan,Deterministic-A,52
2026,2,Texas Tech,Alabama,0.5938325194380916,Texas Tech,Sampled,52
2026,2,Tennessee,Virginia,0.5960276902383712,Tennessee,Sampled,52
2026,2,Kentucky,Iowa St.,0.1715944196714473,Iowa St.,Deterministic-B,52
2026,3,Duke,St. John's,0.7465650367093921,Duke,Deterministic-A,52
2026,3,Michigan St.,Connecticut,0.4157672305224931,Connecticut,Sampled,52
2026,3,Florida,Vanderbilt,0.6434590659410105,Florida,Deterministic-A,52
2026,3,Illinois,Houston,0.5308158063976895,Houston,Sampled,52
2026,3,Arizona,Arkansas,0.665220260010551,Arizona,Deterministic-A,52
2026,3,Gonzaga,Purdue,0.1942405317302338,Purdue,Deterministic-B,52
2026,3,Michigan,Texas Tech,0.5885013419889603,Michigan,Sampled,52
2026,3,Tennessee,Iowa St.,0.3594694078281067,Iowa St.,Deterministic-B,52
2026,4,Duke,Connecticut,0.7393907100072757,Duke,Deterministic-A,52
2026,4,Florida,Houston,0.41657408763462916,Florida,Sampled,52
2026,4,Arizona,Purdue,0.45224561567796356,Arizona,Sampled,52
2026,4,Michigan,Iowa St.,0.5278884916804828,Iowa St.,Sampled,52
2026,5,Duke,Florida,0.5307269011552253,Duke,Sampled,52
2026,5,Arizona,Iowa St.,0.4744711531664893,Iowa St.,Sampled,52
2026,6,Duke,Iowa St.,0.545746564850346,Duke,Sampled,52
2026,1,Duke,Siena,0.9935438698062663,Duke,Deterministic-A,53
2026,1,Ohio St.,TCU,0.8173194099086936,Ohio St.,Deterministic-A,53
2026,1,St. John's,Northern Iowa,0.8194627325708945,St. John's,Deterministic-A,53
2026,1,Kansas,Cal Baptist,0.9344506724910557,Kansas,Deterministic-A,53
2026,1,Louisville,South Florida,0.7860380912034134,Louisville,Deterministic-A,53
2026,1,Michigan St.,North Dakota St.,0.9477264024763377,Michigan St.,Deterministic-A,53
2026,1,UCLA,UCF,0.8608948556036264,UCLA,Deterministic-A,53
2026,1,Connecticut,Furman,0.9796773412447337,Connecticut,Deterministic-A,53
2026,1,Florida,Prairie View A&M,0.9961818193152869,Florida,Deterministic-A,53
2026,1,Clemson,Iowa,0.3505781305379848,Iowa,Deterministic-B,53
2026,1,Vanderbilt,McNeese St.,0.9184152829092163,Vanderbilt,Deterministic-A,53
2026,1,Nebraska,Troy,0.9441633711220943,Nebraska,Deterministic-A,53
2026,1,North Carolina,VCU,0.6875785627731936,North Carolina,Deterministic-A,53
2026,1,Illinois,Penn,0.9895456375342501,Illinois,Deterministic-A,53
2026,1,Saint Mary's,Texas A&M,0.4438285608095177,Texas A&M,Sampled,53
2026,1,Houston,Idaho,0.987795711852659,Houston,Deterministic-A,53
2026,1,Arizona,LIU,0.9965336858056648,Arizona,Deterministic-A,53
2026,1,Villanova,Utah St.,0.5234646169642977,Villanova,Sampled,53
2026,1,Wisconsin,High Point,0.9497165580486782,Wisconsin,Deterministic-A,53
2026,1,Arkansas,Hawaii,0.9716546622292703,Arkansas,Deterministic-A,53
2026,1,BYU,Texas,0.5197253112456744,BYU,Sampled,53
2026,1,Gonzaga,Kennesaw St.,0.9513542807092172,Gonzaga,Deterministic-A,53
2026,1,Miami FL,Missouri,0.4391702435681522,Miami FL,Sampled,53
2026,1,Purdue,Queens,0.9933361519375553,Purdue,Deterministic-A,53
2026,1,Michigan,Howard,0.9951159249018185,Michigan,Deterministic-A,53
2026,1,Georgia,Saint Louis,0.7686430302506854,Georgia,Deterministic-A,53
2026,1,Texas Tech,Akron,0.9458621882672305,Texas Tech,Deterministic-A,53
2026,1,Alabama,Hofstra,0.9264093701411587,Alabama,Deterministic-A,53
2026,1,Tennessee,SMU,0.7515098630756083,Tennessee,Deterministic-A,53
2026,1,Virginia,Wright St.,0.9482248567091944,Virginia,Deterministic-A,53
2026,1,Kentucky,Santa Clara,0.4440426006429322,Kentucky,Sampled,53
2026,1,Iowa St.,Tennessee St.,0.9968430210633037,Iowa St.,Deterministic-A,53
2026,2,Duke,Ohio St.,0.7390086079975868,Duke,Deterministic-A,53
2026,2,St. John's,Kansas,0.5355379132546708,Kansas,Sampled,53
2026,2,Louisville,Michigan St.,0.5738745576876145,Louisville,Sampled,53
2026,2,UCLA,Connecticut,0.4866936834089793,Connecticut,Sampled,53
2026,2,Florida,Iowa,0.7639271236235,Florida,Deterministic-A,53
2026,2,Vanderbilt,Nebraska,0.6865031249657692,Vanderbilt,Deterministic-A,53
2026,2,North Carolina,Illinois,0.1085885722333618,Illinois,Deterministic-B,53
2026,2,Texas A&M,Houston,0.12186466965786469,Houston,Deterministic-B,53
2026,2,Arizona,Villanova,0.8118606356348161,Arizona,Deterministic-A,53
2026,2,Wisconsin,Arkansas,0.4950278069857847,Wisconsin,Sampled,53
2026,2,BYU,Gonzaga,0.35499034688497266,Gonzaga,Deterministic-B,53
2026,2,Miami FL,Purdue,0.10259926213999071,Purdue,Deterministic-B,53
2026,2,Michigan,Georgia,0.8507771524948368,Michigan,Deterministic-A,53
2026,2,Texas Tech,Alabama,0.5938325194380916,Texas Tech,Sampled,53
2026,2,Tennessee,Virginia,0.5960276902383712,Tennessee,Sampled,53
2026,2,Kentucky,Iowa St.,0.1715944196714473,Iowa St.,Deterministic-B,53
2026,3,Duke,Kansas,0.7725501680853833,Duke,Deterministic-A,53
2026,3,Louisville,Connecticut,0.489377384573671,Louisville,Sampled,53
2026,3,Florida,Vanderbilt,0.6434590659410105,Florida,Deterministic-A,53
2026,3,Illinois,Houston,0.5308158063976895,Houston,Sampled,53
2026,3,Arizona,Wisconsin,0.6696350275590703,Arizona,Deterministic-A,53
2026,3,Gonzaga,Purdue,0.1942405317302338,Purdue,Deterministic-B,53
2026,3,Michigan,Texas Tech,0.5885013419889603,Texas Tech,Sampled,53
2026,3,Tennessee,Iowa St.,0.3594694078281067,Iowa St.,Deterministic-B,53
2026,4,Duke,Louisville,0.7474958418351636,Duke,Deterministic-A,53
2026,4,Florida,Houston,0.41657408763462916,Houston,Sampled,53
2026,4,Arizona,Purdue,0.45224561567796356,Purdue,Sampled,53
2026,4,Texas Tech,Iowa St.,0.43878277184709924,Texas Tech,Sampled,53
2026,5,Duke,Houston,0.44675503197660105,Houston,Sampled,53
2026,5,Purdue,Texas Tech,0.583097218901381,Purdue,Sampled,53
2026,6,Houston,Purdue,0.5763707868888042,Houston,Sampled,53
2026,1,Duke,Siena,0.9935438698062663,Duke,Deterministic-A,54
2026,1,Ohio St.,TCU,0.8173194099086936,Ohio St.,Deterministic-A,54
2026,1,St. John's,Northern Iowa,0.8194627325708945,St. John's,Deterministic-A,54
2026,1,Kansas,Cal Baptist,0.9344506724910557,Kansas,Deterministic-A,54
2026,1,Louisville,South Florida,0.7860380912034134,Louisville,Deterministic-A,54
2026,1,Michigan St.,North Dakota St.,0.9477264024763377,Michigan St.,Deterministic-A,54
2026,1,UCLA,UCF,0.8608948556036264,UCLA,Deterministic-A,54
2026,1,Connecticut,Furman,0.9796773412447337,Connecticut,Deterministic-A,54
2026,1,Florida,Prairie View A&M,0.9961818193152869,Florida,Deterministic-A,54
2026,1,Clemson,Iowa,0.3505781305379848,Iowa,Deterministic-B,54
2026,1,Vanderbilt,McNeese St.,0.9184152829092163,Vanderbilt,Deterministic-A,54
2026,1,Nebraska,Troy,0.9441633711220943,Nebraska,Deterministic-A,54
2026,1,North Carolina,VCU,0.6875785627731936,North Carolina,Deterministic-A,54
2026,1,Illinois,Penn,0.9895456375342501,Illinois,Deterministic-A,54
2026,1,Saint Mary's,Texas A&M,0.4438285608095177,Saint Mary's,Sampled,54
2026,1,Houston,Idaho,0.987795711852659,Houston,Deterministic-A,54
2026,1,Arizona,LIU,0.9965336858056648,Arizona,Deterministic-A,54
2026,1,Villanova,Utah St.,0.5234646169642977,Utah St.,Sampled,54
2026,1,Wisconsin,High Point,0.9497165580486782,Wisconsin,Deterministic-A,54
2026,1,Arkansas,Hawaii,0.9716546622292703,Arkansas,Deterministic-A,54
2026,1,BYU,Texas,0.5197253112456744,Texas,Sampled,54
2026,1,Gonzaga,Kennesaw St.,0.9513542807092172,Gonzaga,Deterministic-A,54
2026,1,Miami FL,Missouri,0.4391702435681522,Missouri,Sampled,54
2026,1,Purdue,Queens,0.9933361519375553,Purdue,Deterministic-A,54
2026,1,Michigan,Howard,0.9951159249018185,Michigan,Deterministic-A,54
2026,1,Georgia,Saint Louis,0.7686430302506854,Georgia,Deterministic-A,54
2026,1,Texas Tech,Akron,0.9458621882672305,Texas Tech,Deterministic-A,54
2026,1,Alabama,Hofstra,0.9264093701411587,Alabama,Deterministic-A,54
2026,1,Tennessee,SMU,0.7515098630756083,Tennessee,Deterministic-A,54
2026,1,Virginia,Wright St.,0.9482248567091944,Virginia,Deterministic-A,54
2026,1,Kentucky,Santa Clara,0.4440426006429322,Santa Clara,Sampled,54
2026,1,Iowa St.,Tennessee St.,0.9968430210633037,Iowa St.,Deterministic-A,54
2026,2,Duke,Ohio St.,0.7390086079975868,Duke,Deterministic-A,54
2026,2,St. John's,Kansas,0.5355379132546708,St. John's,Sampled,54
2026,2,Louisville,Michigan St.,0.5738745576876145,Michigan St.,Sampled,54
2026,2,UCLA,Connecticut,0.4866936834089793,UCLA,Sampled,54
2026,2,Florida,Iowa,0.7639271236235,Florida,Deterministic-A,54
2026,2,Vanderbilt,Nebraska,0.6865031249657692,Vanderbilt,Deterministic-A,54
2026,2,North Carolina,Illinois,0.1085885722333618,Illinois,Deterministic-B,54
2026,2,Saint Mary's,Houston,0.09970310434646365,Houston,Deterministic-B,54
2026,2,Arizona,Utah St.,0.8257891559341833,Arizona,Deterministic-A,54
2026,2,Wisconsin,Arkansas,0.4950278069857847,Arkansas,Sampled,54
2026,2,Texas,Gonzaga,0.3371285202551729,Gonzaga,Deterministic-B,54
2026,2,Missouri,Purdue,0.12740044483533358,Purdue,Deterministic-B,54
2026,2,Michigan,Georgia,0.8507771524948368,Michigan,Deterministic-A,54
2026,2,Texas Tech,Alabama,0.5938325194380916,Texas Tech,Sampled,54
2026,2,Tennessee,Virginia,0.5960276902383712,Virginia,Sampled,54
2026,2,Santa Clara,Iowa St.,0.2059360963517331,Iowa St.,Deterministic-B,54
2026,3,Duke,St. John's,0.7465650367093921,Duke,Deterministic-A,54
2026,3,Michigan St.,UCLA,0.4287541296772118,Michigan St.,Sampled,54
2026,3,Florida,Vanderbilt,0.6434590659410105,Florida,Deterministic-A,54
2026,3,Illinois,Houston,0.5308158063976895,Illinois,Sampled,54
2026,3,Arizona,Arkansas,0.665220260010551,Arizona,Deterministic-A,54
2026,3,Gonzaga,Purdue,0.1942405317302338,Purdue,Deterministic-B,54
2026,3,Michigan,Texas Tech,0.5885013419889603,Michigan,Sampled,54
2026,3,Virginia,Iowa St.,0.2755569966500777,Iowa St.,Deterministic-B,54
2026,4,Duke,Michigan St.,0.7994688685835264,Duke,Deterministic-A,54
2026,4,Florida,Illinois,0.3869211107003162,Illinois,Deterministic-B,54
2026,4,Arizona,Purdue,0.45224561567796356,Arizona,Sampled,54
2026,4,Michigan,Iowa St.,0.5278884916804828,Michigan,Sampled,54
2026,5,Duke,Illinois,0.4164873314575824,Illinois,Sampled,54
2026,5,Arizona,Michigan,0.4467343537440333,Arizona,Sampled,54
2026,6,Illinois,Arizona,0.6508809589180099,Illinois,Deterministic-A,54
2026,1,Duke,Siena,0.9935438698062663,Duke,Deterministic-A,55
2026,1,Ohio St.,TCU,0.8173194099086936,Ohio St.,Deterministic-A,55
2026,1,St. John's,Northern Iowa,0.8194627325708945,St. John's,Deterministic-A,55
2026,1,Kansas,Cal Baptist,0.9344506724910557,Kansas,Deterministic-A,55
2026,1,Louisville,South Florida,0.7860380912034134,Louisville,Deterministic-A,55
2026,1,Michigan St.,North Dakota St.,0.9477264024763377,Michigan St.,Deterministic-A,55
2026,1,UCLA,UCF,0.8608948556036264,UCLA,Deterministic-A,55
2026,1,Connecticut,Furman,0.9796773412447337,Connecticut,Deterministic-A,55
2026,1,Florida,Prairie View A&M,0.9961818193152869,Florida,Deterministic-A,55
2026,1,Clemson,Iowa,0.3505781305379848,Iowa,Deterministic-B,55
2026,1,Vanderbilt,McNeese St.,0.9184152829092163,Vanderbilt,Deterministic-A,55
2026,1,Nebraska,Troy,0.9441633711220943,Nebraska,Deterministic-A,55
2026,1,North Carolina,VCU,0.6875785627731936,North Carolina,Deterministic-A,55
2026,1,Illinois,Penn,0.9895456375342501,Illinois,Deterministic-A,55
2026,1,Saint Mary's,Texas A&M,0.4438285608095177,Texas A&M,Sampled,55
2026,1,Houston,Idaho,0.987795711852659,Houston,Deterministic-A,55
2026,1,Arizona,LIU,0.9965336858056648,Arizona,Deterministic-A,55
2026,1,Villanova,Utah St.,0.5234646169642977,Villanova,Sampled,55
2026,1,Wisconsin,High Point,0.9497165580486782,Wisconsin,Deterministic-A,55
2026,1,Arkansas,Hawaii,0.9716546622292703,Arkansas,Deterministic-A,55
2026,1,BYU,Texas,0.5197253112456744,Texas,Sampled,55
2026,1,Gonzaga,Kennesaw St.,0.9513542807092172,Gonzaga,Deterministic-A,55
2026,1,Miami FL,Missouri,0.4391702435681522,Missouri,Sampled,55
2026,1,Purdue,Queens,0.9933361519375553,Purdue,Deterministic-A,55
2026,1,Michigan,Howard,0.9951159249018185,Michigan,Deterministic-A,55
2026,1,Georgia,Saint Louis,0.7686430302506854,Georgia,Deterministic-A,55
2026,1,Texas Tech,Akron,0.9458621882672305,Texas Tech,Deterministic-A,55
2026,1,Alabama,Hofstra,0.9264093701411587,Alabama,Deterministic-A,55
2026,1,Tennessee,SMU,0.7515098630756083,Tennessee,Deterministic-A,55
2026,1,Virginia,Wright St.,0.9482248567091944,Virginia,Deterministic-A,55
2026,1,Kentucky,Santa Clara,0.4440426006429322,Santa Clara,Sampled,55
2026,1,Iowa St.,Tennessee St.,0.9968430210633037,Iowa St.,Deterministic-A,55
2026,2,Duke,Ohio St.,0.7390086079975868,Duke,Deterministic-A,55
2026,2,St. John's,Kansas,0.5355379132546708,Kansas,Sampled,55
2026,2,Louisville,Michigan St.,0.5738745576876145,Louisville,Sampled,55
2026,2,UCLA,Connecticut,0.4866936834089793,Connecticut,Sampled,55
2026,2,Florida,Iowa,0.7639271236235,Florida,Deterministic-A,55
2026,2,Vanderbilt,Nebraska,0.6865031249657692,Vanderbilt,Deterministic-A,55
2026,2,North Carolina,Illinois,0.1085885722333618,Illinois,Deterministic-B,55
2026,2,Texas A&M,Houston,0.12186466965786469,Houston,Deterministic-B,55
2026,2,Arizona,Villanova,0.8118606356348161,Arizona,Deterministic-A,55
2026,2,Wisconsin,Arkansas,0.4950278069857847,Wisconsin,Sampled,55
2026,2,Texas,Gonzaga,0.3371285202551729,Gonzaga,Deterministic-B,55
2026,2,Missouri,Purdue,0.12740044483533358,Purdue,Deterministic-B,55
2026,2,Michigan,Georgia,0.8507771524948368,Michigan,Deterministic-A,55
2026,2,Texas Tech,Alabama,0.5938325194380916,Texas Tech,Sampled,55
2026,2,Tennessee,Virginia,0.5960276902383712,Virginia,Sampled,55
2026,2,Santa Clara,Iowa St.,0.2059360963517331,Iowa St.,Deterministic-B,55
2026,3,Duke,Kansas,0.7725501680853833,Duke,Deterministic-A,55
2026,3,Louisville,Connecticut,0.489377384573671,Connecticut,Sampled,55
2026,3,Florida,Vanderbilt,0.6434590659410105,Florida,Deterministic-A,55
2026,3,Illinois,Houston,0.5308158063976895,Illinois,Sampled,55
2026,3,Arizona,Wisconsin,0.6696350275590703,Arizona,Deterministic-A,55
2026,3,Gonzaga,Purdue,0.1942405317302338,Purdue,Deterministic-B,55
2026,3,Michigan,Texas Tech,0.5885013419889603,Michigan,Sampled,55
2026,3,Virginia,Iowa St.,0.2755569966500777,Iowa St.,Deterministic-B,55
2026,4,Duke,Connecticut,0.7393907100072757,Duke,Deterministic-A,55
2026,4,Florida,Illinois,0.3869211107003162,Illinois,Deterministic-B,55
2026,4,Arizona,Purdue,0.45224561567796356,Purdue,Sampled,55
2026,4,Michigan,Iowa St.,0.5278884916804828,Iowa St.,Sampled,55
2026,5,Duke,Illinois,0.4164873314575824,Illinois,Sampled,55
2026,5,Purdue,Iowa St.,0.5223344504860334,Iowa St.,Sampled,55
2026,6,Illinois,Iowa St.,0.6273136678289432,Illinois,Deterministic-A,55
2026,1,Duke,Siena,0.9935438698062663,Duke,Deterministic-A,56
2026,1,Ohio St.,TCU,0.8173194099086936,Ohio St.,Deterministic-A,56
2026,1,St. John's,Northern Iowa,0.8194627325708945,St. John's,Deterministic-A,56
2026,1,Kansas,Cal Baptist,0.9344506724910557,Kansas,Deterministic-A,56
2026,1,Louisville,South Florida,0.7860380912034134,Louisville,Deterministic-A,56
2026,1,Michigan St.,North Dakota St.,0.9477264024763377,Michigan St.,Deterministic-A,56
2026,1,UCLA,UCF,0.8608948556036264,UCLA,Deterministic-A,56
2026,1,Connecticut,Furman,0.9796773412447337,Connecticut,Deterministic-A,56
2026,1,Florida,Prairie View A&M,0.9961818193152869,Florida,Deterministic-A,56
2026,1,Clemson,Iowa,0.3505781305379848,Iowa,Deterministic-B,56
2026,1,Vanderbilt,McNeese St.,0.9184152829092163,Vanderbilt,Deterministic-A,56
2026,1,Nebraska,Troy,0.9441633711220943,Nebraska,Deterministic-A,56
2026,1,North Carolina,VCU,0.6875785627731936,North Carolina,Deterministic-A,56
2026,1,Illinois,Penn,0.9895456375342501,Illinois,Deterministic-A,56
2026,1,Saint Mary's,Texas A&M,0.4438285608095177,Texas A&M,Sampled,56
2026,1,Houston,Idaho,0.987795711852659,Houston,Deterministic-A,56
2026,1,Arizona,LIU,0.9965336858056648,Arizona,Deterministic-A,56
2026,1,Villanova,Utah St.,0.5234646169642977,Villanova,Sampled,56
2026,1,Wisconsin,High Point,0.9497165580486782,Wisconsin,Deterministic-A,56
2026,1,Arkansas,Hawaii,0.9716546622292703,Arkansas,Deterministic-A,56
2026,1,BYU,Texas,0.5197253112456744,Texas,Sampled,56
2026,1,Gonzaga,Kennesaw St.,0.9513542807092172,Gonzaga,Deterministic-A,56
2026,1,Miami FL,Missouri,0.4391702435681522,Miami FL,Sampled,56
2026,1,Purdue,Queens,0.9933361519375553,Purdue,Deterministic-A,56
2026,1,Michigan,Howard,0.9951159249018185,Michigan,Deterministic-A,56
2026,1,Georgia,Saint Louis,0.7686430302506854,Georgia,Deterministic-A,56
2026,1,Texas Tech,Akron,0.9458621882672305,Texas Tech,Deterministic-A,56
2026,1,Alabama,Hofstra,0.9264093701411587,Alabama,Deterministic-A,56
2026,1,Tennessee,SMU,0.7515098630756083,Tennessee,Deterministic-A,56
2026,1,Virginia,Wright St.,0.9482248567091944,Virginia,Deterministic-A,56
2026,1,Kentucky,Santa Clara,0.4440426006429322,Santa Clara,Sampled,56
2026,1,Iowa St.,Tennessee St.,0.9968430210633037,Iowa St.,Deterministic-A,56
2026,2,Duke,Ohio St.,0.7390086079975868,Duke,Deterministic-A,56
2026,2,St. John's,Kansas,0.5355379132546708,St. John's,Sampled,56
2026,2,Louisville,Michigan St.,0.5738745576876145,Louisville,Sampled,56
2026,2,UCLA,Connecticut,0.4866936834089793,Connecticut,Sampled,56
2026,2,Florida,Iowa,0.7639271236235,Florida,Deterministic-A,56
2026,2,Vanderbilt,Nebraska,0.6865031249657692,Vanderbilt,Deterministic-A,56
2026,2,North Carolina,Illinois,0.1085885722333618,Illinois,Deterministic-B,56
2026,2,Texas A&M,Houston,0.12186466965786469,Houston,Deterministic-B,56
2026,2,Arizona,Villanova,0.8118606356348161,Arizona,Deterministic-A,56
2026,2,Wisconsin,Arkansas,0.4950278069857847,Arkansas,Sampled,56
2026,2,Texas,Gonzaga,0.3371285202551729,Gonzaga,Deterministic-B,56
2026,2,Miami FL,Purdue,0.10259926213999071,Purdue,Deterministic-B,56
2026,2,Michigan,Georgia,0.8507771524948368,Michigan,Deterministic-A,56
2026,2,Texas Tech,Alabama,0.5938325194380916,Alabama,Sampled,56
2026,2,Tennessee,Virginia,0.5960276902383712,Tennessee,Sampled,56
2026,2,Santa Clara,Iowa St.,0.2059360963517331,Iowa St.,Deterministic-B,56
2026,3,Duke,St. John's,0.7465650367093921,Duke,Deterministic-A,56
2026,3,Louisville,Connecticut,0.489377384573671,Connecticut,Sampled,56
2026,3,Florida,Vanderbilt,0.6434590659410105,Florida,Deterministic-A,56
2026,3,Illinois,Houston,0.5308158063976895,Illinois,Sampled,56
2026,3,Arizona,Arkansas,0.665220260010551,Arizona,Deterministic-A,56
2026,3,Gonzaga,Purdue,0.1942405317302338,Purdue,Deterministic-B,56
2026,3,Michigan,Alabama,0.6764719544732708,Michigan,Deterministic-A,56
2026,3,Tennessee,Iowa St.,0.3594694078281067,Iowa St.,Deterministic-B,56
2026,4,Duke,Connecticut,0.7393907100072757,Duke,Deterministic-A,56
2026,4,Florida,Illinois,0.3869211107003162,Illinois,Deterministic-B,56
2026,4,Arizona,Purdue,0.45224561567796356,Arizona,Sampled,56
2026,4,Michigan,Iowa St.,0.5278884916804828,Michigan,Sampled,56
2026,5,Duke,Illinois,0.4164873314575824,Duke,Sampled,56
2026,5,Arizona,Michigan,0.4467343537440333,Arizona,Sampled,56
2026,6,Duke,Arizona,0.5709440018736711,Arizona,Sampled,56
2026,1,Duke,Siena,0.9935438698062663,Duke,Deterministic-A,57
2026,1,Ohio St.,TCU,0.8173194099086936,Ohio St.,Deterministic-A,57
2026,1,St. John's,Northern Iowa,0.8194627325708945,St. John's,Deterministic-A,57
2026,1,Kansas,Cal Baptist,0.9344506724910557,Kansas,Deterministic-A,57
2026,1,Louisville,South Florida,0.7860380912034134,Louisville,Deterministic-A,57
2026,1,Michigan St.,North Dakota St.,0.9477264024763377,Michigan St.,Deterministic-A,57
2026,1,UCLA,UCF,0.8608948556036264,UCLA,Deterministic-A,57
2026,1,Connecticut,Furman,0.9796773412447337,Connecticut,Deterministic-A,57
2026,1,Florida,Prairie View A&M,0.9961818193152869,Florida,Deterministic-A,57
2026,1,Clemson,Iowa,0.3505781305379848,Iowa,Deterministic-B,57
2026,1,Vanderbilt,McNeese St.,0.9184152829092163,Vanderbilt,Deterministic-A,57
2026,1,Nebraska,Troy,0.9441633711220943,Nebraska,Deterministic-A,57
2026,1,North Carolina,VCU,0.6875785627731936,North Carolina,Deterministic-A,57
2026,1,Illinois,Penn,0.9895456375342501,Illinois,Deterministic-A,57
2026,1,Saint Mary's,Texas A&M,0.4438285608095177,Texas A&M,Sampled,57
2026,1,Houston,Idaho,0.987795711852659,Houston,Deterministic-A,57
2026,1,Arizona,LIU,0.9965336858056648,Arizona,Deterministic-A,57
2026,1,Villanova,Utah St.,0.5234646169642977,Utah St.,Sampled,57
2026,1,Wisconsin,High Point,0.9497165580486782,Wisconsin,Deterministic-A,57
2026,1,Arkansas,Hawaii,0.9716546622292703,Arkansas,Deterministic-A,57
2026,1,BYU,Texas,0.5197253112456744,BYU,Sampled,57
2026,1,Gonzaga,Kennesaw St.,0.9513542807092172,Gonzaga,Deterministic-A,57
2026,1,Miami FL,Missouri,0.4391702435681522,Miami FL,Sampled,57
2026,1,Purdue,Queens,0.9933361519375553,Purdue,Deterministic-A,57
2026,1,Michigan,Howard,0.9951159249018185,Michigan,Deterministic-A,57
2026,1,Georgia,Saint Louis,0.7686430302506854,Georgia,Deterministic-A,57
2026,1,Texas Tech,Akron,0.9458621882672305,Texas Tech,Deterministic-A,57
2026,1,Alabama,Hofstra,0.9264093701411587,Alabama,Deterministic-A,57
2026,1,Tennessee,SMU,0.7515098630756083,Tennessee,Deterministic-A,57
2026,1,Virginia,Wright St.,0.9482248567091944,Virginia,Deterministic-A,57
2026,1,Kentucky,Santa Clara,0.4440426006429322,Kentucky,Sampled,57
2026,1,Iowa St.,Tennessee St.,0.9968430210633037,Iowa St.,Deterministic-A,57
2026,2,Duke,Ohio St.,0.7390086079975868,Duke,Deterministic-A,57
2026,2,St. John's,Kansas,0.5355379132546708,Kansas,Sampled,57
2026,2,Louisville,Michigan St.,0.5738745576876145,Michigan St.,Sampled,57
2026,2,UCLA,Connecticut,0.4866936834089793,UCLA,Sampled,57
2026,2,Florida,Iowa,0.7639271236235,Florida,Deterministic-A,57
2026,2,Vanderbilt,Nebraska,0.6865031249657692,Vanderbilt,Deterministic-A,57
2026,2,North Carolina,Illinois,0.1085885722333618,Illinois,Deterministic-B,57
2026,2,Texas A&M,Houston,0.12186466965786469,Houston,Deterministic-B,57
2026,2,Arizona,Utah St.,0.8257891559341833,Arizona,Deterministic-A,57
2026,2,Wisconsin,Arkansas,0.4950278069857847,Arkansas,Sampled,57
2026,2,BYU,Gonzaga,0.35499034688497266,Gonzaga,Deterministic-B,57
2026,2,Miami FL,Purdue,0.10259926213999071,Purdue,Deterministic-B,57
2026,2,Michigan,Georgia,0.8507771524948368,Michigan,Deterministic-A,57
2026,2,Texas Tech,Alabama,0.5938325194380916,Texas Tech,Sampled,57
2026,2,Tennessee,Virginia,0.5960276902383712,Tennessee,Sampled,57
2026,2,Kentucky,Iowa St.,0.1715944196714473,Iowa St.,Deterministic-B,57
2026,3,Duke,Kansas,0.7725501680853833,Duke,Deterministic-A,57
2026,3,Michigan St.,UCLA,0.4287541296772118,Michigan St.,Sampled,57
2026,3,Florida,Vanderbilt,0.6434590659410105,Florida,Deterministic-A,57
2026,3,Illinois,Houston,0.5308158063976895,Illinois,Sampled,57
2026,3,Arizona,Arkansas,0.665220260010551,Arizona,Deterministic-A,57
2026,3,Gonzaga,Purdue,0.1942405317302338,Purdue,Deterministic-B,57
2026,3,Michigan,Texas Tech,0.5885013419889603,Texas Tech,Sampled,57
2026,3,Tennessee,Iowa St.,0.3594694078281067,Iowa St.,Deterministic-B,57
2026,4,Duke,Michigan St.,0.7994688685835264,Duke,Deterministic-A,57
2026,4,Florida,Illinois,0.3869211107003162,Illinois,Deterministic-B,57
2026,4,Arizona,Purdue,0.45224561567796356,Purdue,Sampled,57
2026,4,Texas Tech,Iowa St.,0.43878277184709924,Texas Tech,Sampled,57
2026,5,Duke,Illinois,0.4164873314575824,Illinois,Sampled,57
2026,5,Purdue,Texas Tech,0.583097218901381,Texas Tech,Sampled,57
2026,6,Illinois,Texas Tech,0.6828311070751559,Illinois,Deterministic-A,57
2026,1,Duke,Siena,0.9935438698062663,Duke,Deterministic-A,58
2026,1,Ohio St.,TCU,0.8173194099086936,Ohio St.,Deterministic-A,58
2026,1,St. John's,Northern Iowa,0.8194627325708945,St. John's,Deterministic-A,58
2026,1,Kansas,Cal Baptist,0.9344506724910557,Kansas,Deterministic-A,58
2026,1,Louisville,South Florida,0.7860380912034134,Louisville,Deterministic-A,58
2026,1,Michigan St.,North Dakota St.,0.9477264024763377,Michigan St.,Deterministic-A,58
2026,1,UCLA,UCF,0.8608948556036264,UCLA,Deterministic-A,58
2026,1,Connecticut,Furman,0.9796773412447337,Connecticut,Deterministic-A,58
2026,1,Florida,Prairie View A&M,0.9961818193152869,Florida,Deterministic-A,58
2026,1,Clemson,Iowa,0.3505781305379848,Iowa,Deterministic-B,58
2026,1,Vanderbilt,McNeese St.,0.9184152829092163,Vanderbilt,Deterministic-A,58
2026,1,Nebraska,Troy,0.9441633711220943,Nebraska,Deterministic-A,58
2026,1,North Carolina,VCU,0.6875785627731936,North Carolina,Deterministic-A,58
2026,1,Illinois,Penn,0.9895456375342501,Illinois,Deterministic-A,58
2026,1,Saint Mary's,Texas A&M,0.4438285608095177,Texas A&M,Sampled,58
2026,1,Houston,Idaho,0.987795711852659,Houston,Deterministic-A,58
2026,1,Arizona,LIU,0.9965336858056648,Arizona,Deterministic-A,58
2026,1,Villanova,Utah St.,0.5234646169642977,Utah St.,Sampled,58
2026,1,Wisconsin,High Point,0.9497165580486782,Wisconsin,Deterministic-A,58
2026,1,Arkansas,Hawaii,0.9716546622292703,Arkansas,Deterministic-A,58
2026,1,BYU,Texas,0.5197253112456744,BYU,Sampled,58
2026,1,Gonzaga,Kennesaw St.,0.9513542807092172,Gonzaga,Deterministic-A,58
2026,1,Miami FL,Missouri,0.4391702435681522,Missouri,Sampled,58
2026,1,Purdue,Queens,0.9933361519375553,Purdue,Deterministic-A,58
2026,1,Michigan,Howard,0.9951159249018185,Michigan,Deterministic-A,58
2026,1,Georgia,Saint Louis,0.7686430302506854,Georgia,Deterministic-A,58
2026,1,Texas Tech,Akron,0.9458621882672305,Texas Tech,Deterministic-A,58
2026,1,Alabama,Hofstra,0.9264093701411587,Alabama,Deterministic-A,58
2026,1,Tennessee,SMU,0.7515098630756083,Tennessee,Deterministic-A,58
2026,1,Virginia,Wright St.,0.9482248567091944,Virginia,Deterministic-A,58
2026,1,Kentucky,Santa Clara,0.4440426006429322,Kentucky,Sampled,58
2026,1,Iowa St.,Tennessee St.,0.9968430210633037,Iowa St.,Deterministic-A,58
2026,2,Duke,Ohio St.,0.7390086079975868,Duke,Deterministic-A,58
2026,2,St. John's,Kansas,0.5355379132546708,Kansas,Sampled,58
2026,2,Louisville,Michigan St.,0.5738745576876145,Louisville,Sampled,58
2026,2,UCLA,Connecticut,0.4866936834089793,Connecticut,Sampled,58
2026,2,Florida,Iowa,0.7639271236235,Florida,Deterministic-A,58
2026,2,Vanderbilt,Nebraska,0.6865031249657692,Vanderbilt,Deterministic-A,58
2026,2,North Carolina,Illinois,0.1085885722333618,Illinois,Deterministic-B,58
2026,2,Texas A&M,Houston,0.12186466965786469,Houston,Deterministic-B,58
2026,2,Arizona,Utah St.,0.8257891559341833,Arizona,Deterministic-A,58
2026,2,Wisconsin,Arkansas,0.4950278069857847,Wisconsin,Sampled,58
2026,2,BYU,Gonzaga,0.35499034688497266,Gonzaga,Deterministic-B,58
2026,2,Missouri,Purdue,0.12740044483533358,Purdue,Deterministic-B,58
2026,2,Michigan,Georgia,0.8507771524948368,Michigan,Deterministic-A,58
2026,2,Texas Tech,Alabama,0.5938325194380916,Texas Tech,Sampled,58
2026,2,Tennessee,Virginia,0.5960276902383712,Virginia,Sampled,58
2026,2,Kentucky,Iowa St.,0.1715944196714473,Iowa St.,Deterministic-B,58
2026,3,Duke,Kansas,0.7725501680853833,Duke,Deterministic-A,58
2026,3,Louisville,Connecticut,0.489377384573671,Connecticut,Sampled,58
2026,3,Florida,Vanderbilt,0.6434590659410105,Florida,Deterministic-A,58
2026,3,Illinois,Houston,0.5308158063976895,Illinois,Sampled,58
2026,3,Arizona,Wisconsin,0.6696350275590703,Arizona,Deterministic-A,58
2026,3,Gonzaga,Purdue,0.1942405317302338,Purdue,Deterministic-B,58
2026,3,Michigan,Texas Tech,0.5885013419889603,Texas Tech,Sampled,58
2026,3,Virginia,Iowa St.,0.2755569966500777,Iowa St.,Deterministic-B,58
2026,4,Duke,Connecticut,0.7393907100072757,Duke,Deterministic-A,58
2026,4,Florida,Illinois,0.3869211107003162,Illinois,Deterministic-B,58
2026,4,Arizona,Purdue,0.45224561567796356,Purdue,Sampled,58
2026,4,Texas Tech,Iowa St.,0.43878277184709924,Texas Tech,Sampled,58
2026,5,Duke,Illinois,0.4164873314575824,Illinois,Sampled,58
2026,5,Purdue,Texas Tech,0.583097218901381,Purdue,Sampled,58
2026,6,Illinois,Purdue,0.6061869799015335,Illinois,Deterministic-A,58
2026,1,Duke,Siena,0.9935438698062663,Duke,Deterministic-A,59
2026,1,Ohio St.,TCU,0.8173194099086936,Ohio St.,Deterministic-A,59
2026,1,St. John's,Northern Iowa,0.8194627325708945,St. John's,Deterministic-A,59
2026,1,Kansas,Cal Baptist,0.9344506724910557,Kansas,Deterministic-A,59
2026,1,Louisville,South Florida,0.7860380912034134,Louisville,Deterministic-A,59
2026,1,Michigan St.,North Dakota St.,0.9477264024763377,Michigan St.,Deterministic-A,59
2026,1,UCLA,UCF,0.8608948556036264,UCLA,Deterministic-A,59
2026,1,Connecticut,Furman,0.9796773412447337,Connecticut,Deterministic-A,59
2026,1,Florida,Prairie View A&M,0.9961818193152869,Florida,Deterministic-A,59
2026,1,Clemson,Iowa,0.3505781305379848,Iowa,Deterministic-B,59
2026,1,Vanderbilt,McNeese St.,0.9184152829092163,Vanderbilt,Deterministic-A,59
2026,1,Nebraska,Troy,0.9441633711220943,Nebraska,Deterministic-A,59
2026,1,North Carolina,VCU,0.6875785627731936,North Carolina,Deterministic-A,59
2026,1,Illinois,Penn,0.9895456375342501,Illinois,Deterministic-A,59
2026,1,Saint Mary's,Texas A&M,0.4438285608095177,Texas A&M,Sampled,59
2026,1,Houston,Idaho,0.987795711852659,Houston,Deterministic-A,59
2026,1,Arizona,LIU,0.9965336858056648,Arizona,Deterministic-A,59
2026,1,Villanova,Utah St.,0.5234646169642977,Villanova,Sampled,59
2026,1,Wisconsin,High Point,0.9497165580486782,Wisconsin,Deterministic-A,59
2026,1,Arkansas,Hawaii,0.9716546622292703,Arkansas,Deterministic-A,59
2026,1,BYU,Texas,0.5197253112456744,BYU,Sampled,59
2026,1,Gonzaga,Kennesaw St.,0.9513542807092172,Gonzaga,Deterministic-A,59
2026,1,Miami FL,Missouri,0.4391702435681522,Missouri,Sampled,59
2026,1,Purdue,Queens,0.9933361519375553,Purdue,Deterministic-A,59
2026,1,Michigan,Howard,0.9951159249018185,Michigan,Deterministic-A,59
2026,1,Georgia,Saint Louis,0.7686430302506854,Georgia,Deterministic-A,59
2026,1,Texas Tech,Akron,0.9458621882672305,Texas Tech,Deterministic-A,59
2026,1,Alabama,Hofstra,0.9264093701411587,Alabama,Deterministic-A,59
2026,1,Tennessee,SMU,0.7515098630756083,Tennessee,Deterministic-A,59
2026,1,Virginia,Wright St.,0.9482248567091944,Virginia,Deterministic-A,59
2026,1,Kentucky,Santa Clara,0.4440426006429322,Santa Clara,Sampled,59
2026,1,Iowa St.,Tennessee St.,0.9968430210633037,Iowa St.,Deterministic-A,59
2026,2,Duke,Ohio St.,0.7390086079975868,Duke,Deterministic-A,59
2026,2,St. John's,Kansas,0.5355379132546708,Kansas,Sampled,59
2026,2,Louisville,Michigan St.,0.5738745576876145,Michigan St.,Sampled,59
2026,2,UCLA,Connecticut,0.4866936834089793,Connecticut,Sampled,59
2026,2,Florida,Iowa,0.7639271236235,Florida,Deterministic-A,59
2026,2,Vanderbilt,Nebraska,0.6865031249657692,Vanderbilt,Deterministic-A,59
2026,2,North Carolina,Illinois,0.1085885722333618,Illinois,Deterministic-B,59
2026,2,Texas A&M,Houston,0.12186466965786469,Houston,Deterministic-B,59
2026,2,Arizona,Villanova,0.8118606356348161,Arizona,Deterministic-A,59
2026,2,Wisconsin,Arkansas,0.4950278069857847,Arkansas,Sampled,59
2026,2,BYU,Gonzaga,0.35499034688497266,Gonzaga,Deterministic-B,59
2026,2,Missouri,Purdue,0.12740044483533358,Purdue,Deterministic-B,59
2026,2,Michigan,Georgia,0.8507771524948368,Michigan,Deterministic-A,59
2026,2,Texas Tech,Alabama,0.5938325194380916,Alabama,Sampled,59
2026,2,Tennessee,Virginia,0.5960276902383712,Tennessee,Sampled,59
2026,2,Santa Clara,Iowa St.,0.2059360963517331,Iowa St.,Deterministic-B,59
2026,3,Duke,Kansas,0.7725501680853833,Duke,Deterministic-A,59
2026,3,Michigan St.,Connecticut,0.4157672305224931,Connecticut,Sampled,59
2026,3,Florida,Vanderbilt,0.6434590659410105,Florida,Deterministic-A,59
2026,3,Illinois,Houston,0.5308158063976895,Illinois,Sampled,59
2026,3,Arizona,Arkansas,0.665220260010551,Arizona,Deterministic-A,59
2026,3,Gonzaga,Purdue,0.1942405317302338,Purdue,Deterministic-B,59
2026,3,Michigan,Alabama,0.6764719544732708,Michigan,Deterministic-A,59
2026,3,Tennessee,Iowa St.,0.3594694078281067,Iowa St.,Deterministic-B,59
2026,4,Duke,Connecticut,0.7393907100072757,Duke,Deterministic-A,59
2026,4,Florida,Illinois,0.3869211107003162,Illinois,Deterministic-B,59
2026,4,Arizona,Purdue,0.45224561567796356,Purdue,Sampled,59
2026,4,Michigan,Iowa St.,0.5278884916804828,Michigan,Sampled,59
2026,5,Duke,Illinois,0.4164873314575824,Duke,Sampled,59
2026,5,Purdue,Michigan,0.4944320863679664,Michigan,Sampled,59
2026,6,Duke,Michigan,0.5179496741403071,Duke,Sampled,59
2026,1,Duke,Siena,0.9935438698062663,Duke,Deterministic-A,60
2026,1,Ohio St.,TCU,0.8173194099086936,Ohio St.,Deterministic-A,60
2026,1,St. John's,Northern Iowa,0.8194627325708945,St. John's,Deterministic-A,60
2026,1,Kansas,Cal Baptist,0.9344506724910557,Kansas,Deterministic-A,60
2026,1,Louisville,South Florida,0.7860380912034134,Louisville,Deterministic-A,60
2026,1,Michigan St.,North Dakota St.,0.9477264024763377,Michigan St.,Deterministic-A,60
2026,1,UCLA,UCF,0.8608948556036264,UCLA,Deterministic-A,60
2026,1,Connecticut,Furman,0.9796773412447337,Connecticut,Deterministic-A,60
2026,1,Florida,Prairie View A&M,0.9961818193152869,Florida,Deterministic-A,60
2026,1,Clemson,Iowa,0.3505781305379848,Iowa,Deterministic-B,60
2026,1,Vanderbilt,McNeese St.,0.9184152829092163,Vanderbilt,Deterministic-A,60
2026,1,Nebraska,Troy,0.9441633711220943,Nebraska,Deterministic-A,60
2026,1,North Carolina,VCU,0.6875785627731936,North Carolina,Deterministic-A,60
2026,1,Illinois,Penn,0.9895456375342501,Illinois,Deterministic-A,60
2026,1,Saint Mary's,Texas A&M,0.4438285608095177,Saint Mary's,Sampled,60
2026,1,Houston,Idaho,0.987795711852659,Houston,Deterministic-A,60
2026,1,Arizona,LIU,0.9965336858056648,Arizona,Deterministic-A,60
2026,1,Villanova,Utah St.,0.5234646169642977,Utah St.,Sampled,60
2026,1,Wisconsin,High Point,0.9497165580486782,Wisconsin,Deterministic-A,60
2026,1,Arkansas,Hawaii,0.9716546622292703,Arkansas,Deterministic-A,60
2026,1,BYU,Texas,0.5197253112456744,Texas,Sampled,60
2026,1,Gonzaga,Kennesaw St.,0.9513542807092172,Gonzaga,Deterministic-A,60
2026,1,Miami FL,Missouri,0.4391702435681522,Miami FL,Sampled,60
2026,1,Purdue,Queens,0.9933361519375553,Purdue,Deterministic-A,60
2026,1,Michigan,Howard,0.9951159249018185,Michigan,Deterministic-A,60
2026,1,Georgia,Saint Louis,0.7686430302506854,Georgia,Deterministic-A,60
2026,1,Texas Tech,Akron,0.9458621882672305,Texas Tech,Deterministic-A,60
2026,1,Alabama,Hofstra,0.9264093701411587,Alabama,Deterministic-A,60
2026,1,Tennessee,SMU,0.7515098630756083,Tennessee,Deterministic-A,60
2026,1,Virginia,Wright St.,0.9482248567091944,Virginia,Deterministic-A,60
2026,1,Kentucky,Santa Clara,0.4440426006429322,Kentucky,Sampled,60
2026,1,Iowa St.,Tennessee St.,0.9968430210633037,Iowa St.,Deterministic-A,60
2026,2,Duke,Ohio St.,0.7390086079975868,Duke,Deterministic-A,60
2026,2,St. John's,Kansas,0.5355379132546708,St. John's,Sampled,60
2026,2,Louisville,Michigan St.,0.5738745576876145,Michigan St.,Sampled,60
2026,2,UCLA,Connecticut,0.4866936834089793,Connecticut,Sampled,60
2026,2,Florida,Iowa,0.7639271236235,Florida,Deterministic-A,60
2026,2,Vanderbilt,Nebraska,0.6865031249657692,Vanderbilt,Deterministic-A,60
2026,2,North Carolina,Illinois,0.1085885722333618,Illinois,Deterministic-B,60
2026,2,Saint Mary's,Houston,0.09970310434646365,Houston,Deterministic-B,60
2026,2,Arizona,Utah St.,0.8257891559341833,Arizona,Deterministic-A,60
2026,2,Wisconsin,Arkansas,0.4950278069857847,Wisconsin,Sampled,60
2026,2,Texas,Gonzaga,0.3371285202551729,Gonzaga,Deterministic-B,60
2026,2,Miami FL,Purdue,0.10259926213999071,Purdue,Deterministic-B,60
2026,2,Michigan,Georgia,0.8507771524948368,Michigan,Deterministic-A,60
2026,2,Texas Tech,Alabama,0.5938325194380916,Alabama,Sampled,60
2026,2,Tennessee,Virginia,0.5960276902383712,Tennessee,Sampled,60
2026,2,Kentucky,Iowa St.,0.1715944196714473,Iowa St.,Deterministic-B,60
2026,3,Duke,St. John's,0.7465650367093921,Duke,Deterministic-A,60
2026,3,Michigan St.,Connecticut,0.4157672305224931,Michigan St.,Sampled,60
2026,3,Florida,Vanderbilt,0.6434590659410105,Florida,Deterministic-A,60
2026,3,Illinois,Houston,0.5308158063976895,Houston,Sampled,60
2026,3,Arizona,Wisconsin,0.6696350275590703,Arizona,Deterministic-A,60
2026,3,Gonzaga,Purdue,0.1942405317302338,Purdue,Deterministic-B,60
2026,3,Michigan,Alabama,0.6764719544732708,Michigan,Deterministic-A,60
2026,3,Tennessee,Iowa St.,0.3594694078281067,Iowa St.,Deterministic-B,60
2026,4,Duke,Michigan St.,0.7994688685835264,Duke,Deterministic-A,60
2026,4,Florida,Houston,0.41657408763462916,Florida,Sampled,60
2026,4,Arizona,Purdue,0.45224561567796356,Arizona,Sampled,60
2026,4,Michigan,Iowa St.,0.5278884916804828,Michigan,Sampled,60
2026,5,Duke,Florida,0.5307269011552253,Florida,Sampled,60
2026,5,Arizona,Michigan,0.4467343537440333,Michigan,Sampled,60
2026,6,Florida,Michigan,0.48719452216155096,Michigan,Sampled,60
2026,1,Duke,Siena,0.9935438698062663,Duke,Deterministic-A,61
2026,1,Ohio St.,TCU,0.8173194099086936,Ohio St.,Deterministic-A,61
2026,1,St. John's,Northern Iowa,0.8194627325708945,St. John's,Deterministic-A,61
2026,1,Kansas,Cal Baptist,0.9344506724910557,Kansas,Deterministic-A,61
2026,1,Louisville,South Florida,0.7860380912034134,Louisville,Deterministic-A,61
2026,1,Michigan St.,North Dakota St.,0.9477264024763377,Michigan St.,Deterministic-A,61
2026,1,UCLA,UCF,0.8608948556036264,UCLA,Deterministic-A,61
2026,1,Connecticut,Furman,0.9796773412447337,Connecticut,Deterministic-A,61
2026,1,Florida,Prairie View A&M,0.9961818193152869,Florida,Deterministic-A,61
2026,1,Clemson,Iowa,0.3505781305379848,Iowa,Deterministic-B,61
2026,1,Vanderbilt,McNeese St.,0.9184152829092163,Vanderbilt,Deterministic-A,61
2026,1,Nebraska,Troy,0.9441633711220943,Nebraska,Deterministic-A,61
2026,1,North Carolina,VCU,0.6875785627731936,North Carolina,Deterministic-A,61
2026,1,Illinois,Penn,0.9895456375342501,Illinois,Deterministic-A,61
2026,1,Saint Mary's,Texas A&M,0.4438285608095177,Saint Mary's,Sampled,61
2026,1,Houston,Idaho,0.987795711852659,Houston,Deterministic-A,61
2026,1,Arizona,LIU,0.9965336858056648,Arizona,Deterministic-A,61
2026,1,Villanova,Utah St.,0.5234646169642977,Villanova,Sampled,61
2026,1,Wisconsin,High Point,0.9497165580486782,Wisconsin,Deterministic-A,61
2026,1,Arkansas,Hawaii,0.9716546622292703,Arkansas,Deterministic-A,61
2026,1,BYU,Texas,0.5197253112456744,Texas,Sampled,61
2026,1,Gonzaga,Kennesaw St.,0.9513542807092172,Gonzaga,Deterministic-A,61
2026,1,Miami FL,Missouri,0.4391702435681522,Miami FL,Sampled,61
2026,1,Purdue,Queens,0.9933361519375553,Purdue,Deterministic-A,61
2026,1,Michigan,Howard,0.9951159249018185,Michigan,Deterministic-A,61
2026,1,Georgia,Saint Louis,0.7686430302506854,Georgia,Deterministic-A,61
2026,1,Texas Tech,Akron,0.9458621882672305,Texas Tech,Deterministic-A,61
2026,1,Alabama,Hofstra,0.9264093701411587,Alabama,Deterministic-A,61
2026,1,Tennessee,SMU,0.7515098630756083,Tennessee,Deterministic-A,61
2026,1,Virginia,Wright St.,0.9482248567091944,Virginia,Deterministic-A,61
2026,1,Kentucky,Santa Clara,0.4440426006429322,Santa Clara,Sampled,61
2026,1,Iowa St.,Tennessee St.,0.9968430210633037,Iowa St.,Deterministic-A,61
2026,2,Duke,Ohio St.,0.7390086079975868,Duke,Deterministic-A,61
2026,2,St. John's,Kansas,0.5355379132546708,Kansas,Sampled,61
2026,2,Louisville,Michigan St.,0.5738745576876145,Louisville,Sampled,61
2026,2,UCLA,Connecticut,0.4866936834089793,Connecticut,Sampled,61
2026,2,Florida,Iowa,0.7639271236235,Florida,Deterministic-A,61
2026,2,Vanderbilt,Nebraska,0.6865031249657692,Vanderbilt,Deterministic-A,61
2026,2,North Carolina,Illinois,0.1085885722333618,Illinois,Deterministic-B,61
2026,2,Saint Mary's,Houston,0.09970310434646365,Houston,Deterministic-B,61
2026,2,Arizona,Villanova,0.8118606356348161,Arizona,Deterministic-A,61
2026,2,Wisconsin,Arkansas,0.4950278069857847,Wisconsin,Sampled,61
2026,2,Texas,Gonzaga,0.3371285202551729,Gonzaga,Deterministic-B,61
2026,2,Miami FL,Purdue,0.10259926213999071,Purdue,Deterministic-B,61
2026,2,Michigan,Georgia,0.8507771524948368,Michigan,Deterministic-A,61
2026,2,Texas Tech,Alabama,0.5938325194380916,Texas Tech,Sampled,61
2026,2,Tennessee,Virginia,0.5960276902383712,Tennessee,Sampled,61
2026,2,Santa Clara,Iowa St.,0.2059360963517331,Iowa St.,Deterministic-B,61
2026,3,Duke,Kansas,0.7725501680853833,Duke,Deterministic-A,61
2026,3,Louisville,Connecticut,0.489377384573671,Connecticut,Sampled,61
2026,3,Florida,Vanderbilt,0.6434590659410105,Florida,Deterministic-A,61
2026,3,Illinois,Houston,0.5308158063976895,Houston,Sampled,61
2026,3,Arizona,Wisconsin,0.6696350275590703,Arizona,Deterministic-A,61
2026,3,Gonzaga,Purdue,0.1942405317302338,Purdue,Deterministic-B,61
2026,3,Michigan,Texas Tech,0.5885013419889603,Texas Tech,Sampled,61
2026,3,Tennessee,Iowa St.,0.3594694078281067,Iowa St.,Deterministic-B,61
2026,4,Duke,Connecticut,0.7393907100072757,Duke,Deterministic-A,61
2026,4,Florida,Houston,0.41657408763462916,Houston,Sampled,61
2026,4,Arizona,Purdue,0.45224561567796356,Purdue,Sampled,61
2026,4,Texas Tech,Iowa St.,0.43878277184709924,Iowa St.,Sampled,61
2026,5,Duke,Houston,0.44675503197660105,Duke,Sampled,61
2026,5,Purdue,Iowa St.,0.5223344504860334,Iowa St.,Sampled,61
2026,6,Duke,Iowa St.,0.545746564850346,Iowa St.,Sampled,61
2026,1,Duke,Siena,0.9935438698062663,Duke,Deterministic-A,62
2026,1,Ohio St.,TCU,0.8173194099086936,Ohio St.,Deterministic-A,62
2026,1,St. John's,Northern Iowa,0.8194627325708945,St. John's,Deterministic-A,62
2026,1,Kansas,Cal Baptist,0.9344506724910557,Kansas,Deterministic-A,62
2026,1,Louisville,South Florida,0.7860380912034134,Louisville,Deterministic-A,62
2026,1,Michigan St.,North Dakota St.,0.9477264024763377,Michigan St.,Deterministic-A,62
2026,1,UCLA,UCF,0.8608948556036264,UCLA,Deterministic-A,62
2026,1,Connecticut,Furman,0.9796773412447337,Connecticut,Deterministic-A,62
2026,1,Florida,Prairie View A&M,0.9961818193152869,Florida,Deterministic-A,62
2026,1,Clemson,Iowa,0.3505781305379848,Iowa,Deterministic-B,62
2026,1,Vanderbilt,McNeese St.,0.9184152829092163,Vanderbilt,Deterministic-A,62
2026,1,Nebraska,Troy,0.9441633711220943,Nebraska,Deterministic-A,62
2026,1,North Carolina,VCU,0.6875785627731936,North Carolina,Deterministic-A,62
2026,1,Illinois,Penn,0.9895456375342501,Illinois,Deterministic-A,62
2026,1,Saint Mary's,Texas A&M,0.4438285608095177,Saint Mary's,Sampled,62
2026,1,Houston,Idaho,0.987795711852659,Houston,Deterministic-A,62
2026,1,Arizona,LIU,0.9965336858056648,Arizona,Deterministic-A,62
2026,1,Villanova,Utah St.,0.5234646169642977,Villanova,Sampled,62
2026,1,Wisconsin,High Point,0.9497165580486782,Wisconsin,Deterministic-A,62
2026,1,Arkansas,Hawaii,0.9716546622292703,Arkansas,Deterministic-A,62
2026,1,BYU,Texas,0.5197253112456744,BYU,Sampled,62
2026,1,Gonzaga,Kennesaw St.,0.9513542807092172,Gonzaga,Deterministic-A,62
2026,1,Miami FL,Missouri,0.4391702435681522,Miami FL,Sampled,62
2026,1,Purdue,Queens,0.9933361519375553,Purdue,Deterministic-A,62
2026,1,Michigan,Howard,0.9951159249018185,Michigan,Deterministic-A,62
2026,1,Georgia,Saint Louis,0.7686430302506854,Georgia,Deterministic-A,62
2026,1,Texas Tech,Akron,0.9458621882672305,Texas Tech,Deterministic-A,62
2026,1,Alabama,Hofstra,0.9264093701411587,Alabama,Deterministic-A,62
2026,1,Tennessee,SMU,0.7515098630756083,Tennessee,Deterministic-A,62
2026,1,Virginia,Wright St.,0.9482248567091944,Virginia,Deterministic-A,62
2026,1,Kentucky,Santa Clara,0.4440426006429322,Santa Clara,Sampled,62
2026,1,Iowa St.,Tennessee St.,0.9968430210633037,Iowa St.,Deterministic-A,62
2026,2,Duke,Ohio St.,0.7390086079975868,Duke,Deterministic-A,62
2026,2,St. John's,Kansas,0.5355379132546708,St. John's,Sampled,62
2026,2,Louisville,Michigan St.,0.5738745576876145,Michigan St.,Sampled,62
2026,2,UCLA,Connecticut,0.4866936834089793,Connecticut,Sampled,62
2026,2,Florida,Iowa,0.7639271236235,Florida,Deterministic-A,62
2026,2,Vanderbilt,Nebraska,0.6865031249657692,Vanderbilt,Deterministic-A,62
2026,2,North Carolina,Illinois,0.1085885722333618,Illinois,Deterministic-B,62
2026,2,Saint Mary's,Houston,0.09970310434646365,Houston,Deterministic-B,62
2026,2,Arizona,Villanova,0.8118606356348161,Arizona,Deterministic-A,62
2026,2,Wisconsin,Arkansas,0.4950278069857847,Arkansas,Sampled,62
2026,2,BYU,Gonzaga,0.35499034688497266,Gonzaga,Deterministic-B,62
2026,2,Miami FL,Purdue,0.10259926213999071,Purdue,Deterministic-B,62
2026,2,Michigan,Georgia,0.8507771524948368,Michigan,Deterministic-A,62
2026,2,Texas Tech,Alabama,0.5938325194380916,Texas Tech,Sampled,62
2026,2,Tennessee,Virginia,0.5960276902383712,Tennessee,Sampled,62
2026,2,Santa Clara,Iowa St.,0.2059360963517331,Iowa St.,Deterministic-B,62
2026,3,Duke,St. John's,0.7465650367093921,Duke,Deterministic-A,62
2026,3,Michigan St.,Connecticut,0.4157672305224931,Connecticut,Sampled,62
2026,3,Florida,Vanderbilt,0.6434590659410105,Florida,Deterministic-A,62
2026,3,Illinois,Houston,0.5308158063976895,Houston,Sampled,62
2026,3,Arizona,Arkansas,0.665220260010551,Arizona,Deterministic-A,62
2026,3,Gonzaga,Purdue,0.1942405317302338,Purdue,Deterministic-B,62
2026,3,Michigan,Texas Tech,0.5885013419889603,Michigan,Sampled,62
2026,3,Tennessee,Iowa St.,0.3594694078281067,Iowa St.,Deterministic-B,62
2026,4,Duke,Connecticut,0.7393907100072757,Duke,Deterministic-A,62
2026,4,Florida,Houston,0.41657408763462916,Houston,Sampled,62
2026,4,Arizona,Purdue,0.45224561567796356,Arizona,Sampled,62
2026,4,Michigan,Iowa St.,0.5278884916804828,Iowa St.,Sampled,62
2026,5,Duke,Houston,0.44675503197660105,Duke,Sampled,62
2026,5,Arizona,Iowa St.,0.4744711531664893,Arizona,Sampled,62
2026,6,Duke,Arizona,0.5709440018736711,Duke,Sampled,62
2026,1,Duke,Siena,0.9935438698062663,Duke,Deterministic-A,63
2026,1,Ohio St.,TCU,0.8173194099086936,Ohio St.,Deterministic-A,63
2026,1,St. John's,Northern Iowa,0.8194627325708945,St. John's,Deterministic-A,63
2026,1,Kansas,Cal Baptist,0.9344506724910557,Kansas,Deterministic-A,63
2026,1,Louisville,South Florida,0.7860380912034134,Louisville,Deterministic-A,63
2026,1,Michigan St.,North Dakota St.,0.9477264024763377,Michigan St.,Deterministic-A,63
2026,1,UCLA,UCF,0.8608948556036264,UCLA,Deterministic-A,63
2026,1,Connecticut,Furman,0.9796773412447337,Connecticut,Deterministic-A,63
2026,1,Florida,Prairie View A&M,0.9961818193152869,Florida,Deterministic-A,63
2026,1,Clemson,Iowa,0.3505781305379848,Iowa,Deterministic-B,63
2026,1,Vanderbilt,McNeese St.,0.9184152829092163,Vanderbilt,Deterministic-A,63
2026,1,Nebraska,Troy,0.9441633711220943,Nebraska,Deterministic-A,63
2026,1,North Carolina,VCU,0.6875785627731936,North Carolina,Deterministic-A,63
2026,1,Illinois,Penn,0.9895456375342501,Illinois,Deterministic-A,63
2026,1,Saint Mary's,Texas A&M,0.4438285608095177,Saint Mary's,Sampled,63
2026,1,Houston,Idaho,0.987795711852659,Houston,Deterministic-A,63
2026,1,Arizona,LIU,0.9965336858056648,Arizona,Deterministic-A,63
2026,1,Villanova,Utah St.,0.5234646169642977,Villanova,Sampled,63
2026,1,Wisconsin,High Point,0.9497165580486782,Wisconsin,Deterministic-A,63
2026,1,Arkansas,Hawaii,0.9716546622292703,Arkansas,Deterministic-A,63
2026,1,BYU,Texas,0.5197253112456744,BYU,Sampled,63
2026,1,Gonzaga,Kennesaw St.,0.9513542807092172,Gonzaga,Deterministic-A,63
2026,1,Miami FL,Missouri,0.4391702435681522,Miami FL,Sampled,63
2026,1,Purdue,Queens,0.9933361519375553,Purdue,Deterministic-A,63
2026,1,Michigan,Howard,0.9951159249018185,Michigan,Deterministic-A,63
2026,1,Georgia,Saint Louis,0.7686430302506854,Georgia,Deterministic-A,63
2026,1,Texas Tech,Akron,0.9458621882672305,Texas Tech,Deterministic-A,63
2026,1,Alabama,Hofstra,0.9264093701411587,Alabama,Deterministic-A,63
2026,1,Tennessee,SMU,0.7515098630756083,Tennessee,Deterministic-A,63
2026,1,Virginia,Wright St.,0.9482248567091944,Virginia,Deterministic-A,63
2026,1,Kentucky,Santa Clara,0.4440426006429322,Santa Clara,Sampled,63
2026,1,Iowa St.,Tennessee St.,0.9968430210633037,Iowa St.,Deterministic-A,63
2026,2,Duke,Ohio St.,0.7390086079975868,Duke,Deterministic-A,63
2026,2,St. John's,Kansas,0.5355379132546708,St. John's,Sampled,63
2026,2,Louisville,Michigan St.,0.5738745576876145,Michigan St.,Sampled,63
2026,2,UCLA,Connecticut,0.4866936834089793,Connecticut,Sampled,63
2026,2,Florida,Iowa,0.7639271236235,Florida,Deterministic-A,63
2026,2,Vanderbilt,Nebraska,0.6865031249657692,Vanderbilt,Deterministic-A,63
2026,2,North Carolina,Illinois,0.1085885722333618,Illinois,Deterministic-B,63
2026,2,Saint Mary's,Houston,0.09970310434646365,Houston,Deterministic-B,63
2026,2,Arizona,Villanova,0.8118606356348161,Arizona,Deterministic-A,63
2026,2,Wisconsin,Arkansas,0.4950278069857847,Wisconsin,Sampled,63
2026,2,BYU,Gonzaga,0.35499034688497266,Gonzaga,Deterministic-B,63
2026,2,Miami FL,Purdue,0.10259926213999071,Purdue,Deterministic-B,63
2026,2,Michigan,Georgia,0.8507771524948368,Michigan,Deterministic-A,63
2026,2,Texas Tech,Alabama,0.5938325194380916,Texas Tech,Sampled,63
2026,2,Tennessee,Virginia,0.5960276902383712,Virginia,Sampled,63
2026,2,Santa Clara,Iowa St.,0.2059360963517331,Iowa St.,Deterministic-B,63
2026,3,Duke,St. John's,0.7465650367093921,Duke,Deterministic-A,63
2026,3,Michigan St.,Connecticut,0.4157672305224931,Connecticut,Sampled,63
2026,3,Florida,Vanderbilt,0.6434590659410105,Florida,Deterministic-A,63
2026,3,Illinois,Houston,0.5308158063976895,Houston,Sampled,63
2026,3,Arizona,Wisconsin,0.6696350275590703,Arizona,Deterministic-A,63
2026,3,Gonzaga,Purdue,0.1942405317302338,Purdue,Deterministic-B,63
2026,3,Michigan,Texas Tech,0.5885013419889603,Texas Tech,Sampled,63
2026,3,Virginia,Iowa St.,0.2755569966500777,Iowa St.,Deterministic-B,63
2026,4,Duke,Connecticut,0.7393907100072757,Duke,Deterministic-A,63
2026,4,Florida,Houston,0.41657408763462916,Florida,Sampled,63
2026,4,Arizona,Purdue,0.45224561567796356,Arizona,Sampled,63
2026,4,Texas Tech,Iowa St.,0.43878277184709924,Iowa St.,Sampled,63
2026,5,Duke,Florida,0.5307269011552253,Duke,Sampled,63
2026,5,Arizona,Iowa St.,0.4744711531664893,Iowa St.,Sampled,63
2026,6,Duke,Iowa St.,0.545746564850346,Duke,Sampled,63
2026,1,Duke,Siena,0.9935438698062663,Duke,Deterministic-A,64
2026,1,Ohio St.,TCU,0.8173194099086936,Ohio St.,Deterministic-A,64
2026,1,St. John's,Northern Iowa,0.8194627325708945,St. John's,Deterministic-A,64
2026,1,Kansas,Cal Baptist,0.9344506724910557,Kansas,Deterministic-A,64
2026,1,Louisville,South Florida,0.7860380912034134,Louisville,Deterministic-A,64
2026,1,Michigan St.,North Dakota St.,0.9477264024763377,Michigan St.,Deterministic-A,64
2026,1,UCLA,UCF,0.8608948556036264,UCLA,Deterministic-A,64
2026,1,Connecticut,Furman,0.9796773412447337,Connecticut,Deterministic-A,64
2026,1,Florida,Prairie View A&M,0.9961818193152869,Florida,Deterministic-A,64
2026,1,Clemson,Iowa,0.3505781305379848,Iowa,Deterministic-B,64
2026,1,Vanderbilt,McNeese St.,0.9184152829092163,Vanderbilt,Deterministic-A,64
2026,1,Nebraska,Troy,0.9441633711220943,Nebraska,Deterministic-A,64
2026,1,North Carolina,VCU,0.6875785627731936,North Carolina,Deterministic-A,64
2026,1,Illinois,Penn,0.9895456375342501,Illinois,Deterministic-A,64
2026,1,Saint Mary's,Texas A&M,0.4438285608095177,Texas A&M,Sampled,64
2026,1,Houston,Idaho,0.987795711852659,Houston,Deterministic-A,64
2026,1,Arizona,LIU,0.9965336858056648,Arizona,Deterministic-A,64
2026,1,Villanova,Utah St.,0.5234646169642977,Villanova,Sampled,64
2026,1,Wisconsin,High Point,0.9497165580486782,Wisconsin,Deterministic-A,64
2026,1,Arkansas,Hawaii,0.9716546622292703,Arkansas,Deterministic-A,64
2026,1,BYU,Texas,0.5197253112456744,BYU,Sampled,64
2026,1,Gonzaga,Kennesaw St.,0.9513542807092172,Gonzaga,Deterministic-A,64
2026,1,Miami FL,Missouri,0.4391702435681522,Miami FL,Sampled,64
2026,1,Purdue,Queens,0.9933361519375553,Purdue,Deterministic-A,64
2026,1,Michigan,Howard,0.9951159249018185,Michigan,Deterministic-A,64
2026,1,Georgia,Saint Louis,0.7686430302506854,Georgia,Deterministic-A,64
2026,1,Texas Tech,Akron,0.9458621882672305,Texas Tech,Deterministic-A,64
2026,1,Alabama,Hofstra,0.9264093701411587,Alabama,Deterministic-A,64
2026,1,Tennessee,SMU,0.7515098630756083,Tennessee,Deterministic-A,64
2026,1,Virginia,Wright St.,0.9482248567091944,Virginia,Deterministic-A,64
2026,1,Kentucky,Santa Clara,0.4440426006429322,Kentucky,Sampled,64
2026,1,Iowa St.,Tennessee St.,0.9968430210633037,Iowa St.,Deterministic-A,64
2026,2,Duke,Ohio St.,0.7390086079975868,Duke,Deterministic-A,64
2026,2,St. John's,Kansas,0.5355379132546708,Kansas,Sampled,64
2026,2,Louisville,Michigan St.,0.5738745576876145,Louisville,Sampled,64
2026,2,UCLA,Connecticut,0.4866936834089793,UCLA,Sampled,64
2026,2,Florida,Iowa,0.7639271236235,Florida,Deterministic-A,64
2026,2,Vanderbilt,Nebraska,0.6865031249657692,Vanderbilt,Deterministic-A,64
2026,2,North Carolina,Illinois,0.1085885722333618,Illinois,Deterministic-B,64
2026,2,Texas A&M,Houston,0.12186466965786469,Houston,Deterministic-B,64
2026,2,Arizona,Villanova,0.8118606356348161,Arizona,Deterministic-A,64
2026,2,Wisconsin,Arkansas,0.4950278069857847,Wisconsin,Sampled,64
2026,2,BYU,Gonzaga,0.35499034688497266,Gonzaga,Deterministic-B,64
2026,2,Miami FL,Purdue,0.10259926213999071,Purdue,Deterministic-B,64
2026,2,Michigan,Georgia,0.8507771524948368,Michigan,Deterministic-A,64
2026,2,Texas Tech,Alabama,0.5938325194380916,Texas Tech,Sampled,64
2026,2,Tennessee,Virginia,0.5960276902383712,Virginia,Sampled,64
2026,2,Kentucky,Iowa St.,0.1715944196714473,Iowa St.,Deterministic-B,64
2026,3,Duke,Kansas,0.7725501680853833,Duke,Deterministic-A,64
2026,3,Louisville,UCLA,0.5026852193649918,Louisville,Sampled,64
2026,3,Florida,Vanderbilt,0.6434590659410105,Florida,Deterministic-A,64
2026,3,Illinois,Houston,0.5308158063976895,Houston,Sampled,64
2026,3,Arizona,Wisconsin,0.6696350275590703,Arizona,Deterministic-A,64
2026,3,Gonzaga,Purdue,0.1942405317302338,Purdue,Deterministic-B,64
2026,3,Michigan,Texas Tech,0.5885013419889603,Michigan,Sampled,64
2026,3,Virginia,Iowa St.,0.2755569966500777,Iowa St.,Deterministic-B,64
2026,4,Duke,Louisville,0.7474958418351636,Duke,Deterministic-A,64
2026,4,Florida,Houston,0.41657408763462916,Houston,Sampled,64
2026,4,Arizona,Purdue,0.45224561567796356,Arizona,Sampled,64
2026,4,Michigan,Iowa St.,0.5278884916804828,Michigan,Sampled,64
2026,5,Duke,Houston,0.44675503197660105,Houston,Sampled,64
2026,5,Arizona,Michigan,0.4467343537440333,Michigan,Sampled,64
2026,6,Houston,Michigan,0.5709235073185751,Michigan,Sampled,64
2026,1,Duke,Siena,0.9935438698062663,Duke,Deterministic-A,65
2026,1,Ohio St.,TCU,0.8173194099086936,Ohio St.,Deterministic-A,65
2026,1,St. John's,Northern Iowa,0.8194627325708945,St. John's,Deterministic-A,65
2026,1,Kansas,Cal Baptist,0.9344506724910557,Kansas,Deterministic-A,65
2026,1,Louisville,South Florida,0.7860380912034134,Louisville,Deterministic-A,65
2026,1,Michigan St.,North Dakota St.,0.9477264024763377,Michigan St.,Deterministic-A,65
2026,1,UCLA,UCF,0.8608948556036264,UCLA,Deterministic-A,65
2026,1,Connecticut,Furman,0.9796773412447337,Connecticut,Deterministic-A,65
2026,1,Florida,Prairie View A&M,0.9961818193152869,Florida,Deterministic-A,65
2026,1,Clemson,Iowa,0.3505781305379848,Iowa,Deterministic-B,65
2026,1,Vanderbilt,McNeese St.,0.9184152829092163,Vanderbilt,Deterministic-A,65
2026,1,Nebraska,Troy,0.9441633711220943,Nebraska,Deterministic-A,65
2026,1,North Carolina,VCU,0.6875785627731936,North Carolina,Deterministic-A,65
2026,1,Illinois,Penn,0.9895456375342501,Illinois,Deterministic-A,65
2026,1,Saint Mary's,Texas A&M,0.4438285608095177,Saint Mary's,Sampled,65
2026,1,Houston,Idaho,0.987795711852659,Houston,Deterministic-A,65
2026,1,Arizona,LIU,0.9965336858056648,Arizona,Deterministic-A,65
2026,1,Villanova,Utah St.,0.5234646169642977,Villanova,Sampled,65
2026,1,Wisconsin,High Point,0.9497165580486782,Wisconsin,Deterministic-A,65
2026,1,Arkansas,Hawaii,0.9716546622292703,Arkansas,Deterministic-A,65
2026,1,BYU,Texas,0.5197253112456744,Texas,Sampled,65
2026,1,Gonzaga,Kennesaw St.,0.9513542807092172,Gonzaga,Deterministic-A,65
2026,1,Miami FL,Missouri,0.4391702435681522,Miami FL,Sampled,65
2026,1,Purdue,Queens,0.9933361519375553,Purdue,Deterministic-A,65
2026,1,Michigan,Howard,0.9951159249018185,Michigan,Deterministic-A,65
2026,1,Georgia,Saint Louis,0.7686430302506854,Georgia,Deterministic-A,65
2026,1,Texas Tech,Akron,0.9458621882672305,Texas Tech,Deterministic-A,65
2026,1,Alabama,Hofstra,0.9264093701411587,Alabama,Deterministic-A,65
2026,1,Tennessee,SMU,0.7515098630756083,Tennessee,Deterministic-A,65
2026,1,Virginia,Wright St.,0.9482248567091944,Virginia,Deterministic-A,65
2026,1,Kentucky,Santa Clara,0.4440426006429322,Santa Clara,Sampled,65
2026,1,Iowa St.,Tennessee St.,0.9968430210633037,Iowa St.,Deterministic-A,65
2026,2,Duke,Ohio St.,0.7390086079975868,Duke,Deterministic-A,65
2026,2,St. John's,Kansas,0.5355379132546708,Kansas,Sampled,65
2026,2,Louisville,Michigan St.,0.5738745576876145,Louisville,Sampled,65
2026,2,UCLA,Connecticut,0.4866936834089793,Connecticut,Sampled,65
2026,2,Florida,Iowa,0.7639271236235,Florida,Deterministic-A,65
2026,2,Vanderbilt,Nebraska,0.6865031249657692,Vanderbilt,Deterministic-A,65
2026,2,North Carolina,Illinois,0.1085885722333618,Illinois,Deterministic-B,65
2026,2,Saint Mary's,Houston,0.09970310434646365,Houston,Deterministic-B,65
2026,2,Arizona,Villanova,0.8118606356348161,Arizona,Deterministic-A,65
2026,2,Wisconsin,Arkansas,0.4950278069857847,Arkansas,Sampled,65
2026,2,Texas,Gonzaga,0.3371285202551729,Gonzaga,Deterministic-B,65
2026,2,Miami FL,Purdue,0.10259926213999071,Purdue,Deterministic-B,65
2026,2,Michigan,Georgia,0.8507771524948368,Michigan,Deterministic-A,65
2026,2,Texas Tech,Alabama,0.5938325194380916,Texas Tech,Sampled,65
2026,2,Tennessee,Virginia,0.5960276902383712,Tennessee,Sampled,65
2026,2,Santa Clara,Iowa St.,0.2059360963517331,Iowa St.,Deterministic-B,65
2026,3,Duke,Kansas,0.7725501680853833,Duke,Deterministic-A,65
2026,3,Louisville,Connecticut,0.489377384573671,Connecticut,Sampled,65
2026,3,Florida,Vanderbilt,0.6434590659410105,Florida,Deterministic-A,65
2026,3,Illinois,Houston,0.5308158063976895,Illinois,Sampled,65
2026,3,Arizona,Arkansas,0.665220260010551,Arizona,Deterministic-A,65
2026,3,Gonzaga,Purdue,0.1942405317302338,Purdue,Deterministic-B,65
2026,3,Michigan,Texas Tech,0.5885013419889603,Michigan,Sampled,65
2026,3,Tennessee,Iowa St.,0.3594694078281067,Iowa St.,Deterministic-B,65
2026,4,Duke,Connecticut,0.7393907100072757,Duke,Deterministic-A,65
2026,4,Florida,Illinois,0.3869211107003162,Illinois,Deterministic-B,65
2026,4,Arizona,Purdue,0.45224561567796356,Arizona,Sampled,65
2026,4,Michigan,Iowa St.,0.5278884916804828,Iowa St.,Sampled,65
2026,5,Duke,Illinois,0.4164873314575824,Illinois,Sampled,65
2026,5,Arizona,Iowa St.,0.4744711531664893,Iowa St.,Sampled,65
2026,6,Illinois,Iowa St.,0.6273136678289432,Illinois,Deterministic-A,65
2026,1,Duke,Siena,0.9935438698062663,Duke,Deterministic-A,66
2026,1,Ohio St.,TCU,0.8173194099086936,Ohio St.,Deterministic-A,66
2026,1,St. John's,Northern Iowa,0.8194627325708945,St. John's,Deterministic-A,66
2026,1,Kansas,Cal Baptist,0.9344506724910557,Kansas,Deterministic-A,66
2026,1,Louisville,South Florida,0.7860380912034134,Louisville,Deterministic-A,66
2026,1,Michigan St.,North Dakota St.,0.9477264024763377,Michigan St.,Deterministic-A,66
2026,1,UCLA,UCF,0.8608948556036264,UCLA,Deterministic-A,66
2026,1,Connecticut,Furman,0.9796773412447337,Connecticut,Deterministic-A,66
2026,1,Florida,Prairie View A&M,0.9961818193152869,Florida,Deterministic-A,66
2026,1,Clemson,Iowa,0.3505781305379848,Iowa,Deterministic-B,66
2026,1,Vanderbilt,McNeese St.,0.9184152829092163,Vanderbilt,Deterministic-A,66
2026,1,Nebraska,Troy,0.9441633711220943,Nebraska,Deterministic-A,66
2026,1,North Carolina,VCU,0.6875785627731936,North Carolina,Deterministic-A,66
2026,1,Illinois,Penn,0.9895456375342501,Illinois,Deterministic-A,66
2026,1,Saint Mary's,Texas A&M,0.4438285608095177,Saint Mary's,Sampled,66
2026,1,Houston,Idaho,0.987795711852659,Houston,Deterministic-A,66
2026,1,Arizona,LIU,0.9965336858056648,Arizona,Deterministic-A,66
2026,1,Villanova,Utah St.,0.5234646169642977,Villanova,Sampled,66
2026,1,Wisconsin,High Point,0.9497165580486782,Wisconsin,Deterministic-A,66
2026,1,Arkansas,Hawaii,0.9716546622292703,Arkansas,Deterministic-A,66
2026,1,BYU,Texas,0.5197253112456744,Texas,Sampled,66
2026,1,Gonzaga,Kennesaw St.,0.9513542807092172,Gonzaga,Deterministic-A,66
2026,1,Miami FL,Missouri,0.4391702435681522,Miami FL,Sampled,66
2026,1,Purdue,Queens,0.9933361519375553,Purdue,Deterministic-A,66
2026,1,Michigan,Howard,0.9951159249018185,Michigan,Deterministic-A,66
2026,1,Georgia,Saint Louis,0.7686430302506854,Georgia,Deterministic-A,66
2026,1,Texas Tech,Akron,0.9458621882672305,Texas Tech,Deterministic-A,66
2026,1,Alabama,Hofstra,0.9264093701411587,Alabama,Deterministic-A,66
2026,1,Tennessee,SMU,0.7515098630756083,Tennessee,Deterministic-A,66
2026,1,Virginia,Wright St.,0.9482248567091944,Virginia,Deterministic-A,66
2026,1,Kentucky,Santa Clara,0.4440426006429322,Santa Clara,Sampled,66
2026,1,Iowa St.,Tennessee St.,0.9968430210633037,Iowa St.,Deterministic-A,66
2026,2,Duke,Ohio St.,0.7390086079975868,Duke,Deterministic-A,66
2026,2,St. John's,Kansas,0.5355379132546708,Kansas,Sampled,66
2026,2,Louisville,Michigan St.,0.5738745576876145,Louisville,Sampled,66
2026,2,UCLA,Connecticut,0.4866936834089793,UCLA,Sampled,66
2026,2,Florida,Iowa,0.7639271236235,Florida,Deterministic-A,66
2026,2,Vanderbilt,Nebraska,0.6865031249657692,Vanderbilt,Deterministic-A,66
2026,2,North Carolina,Illinois,0.1085885722333618,Illinois,Deterministic-B,66
2026,2,Saint Mary's,Houston,0.09970310434646365,Houston,Deterministic-B,66
2026,2,Arizona,Villanova,0.8118606356348161,Arizona,Deterministic-A,66
2026,2,Wisconsin,Arkansas,0.4950278069857847,Wisconsin,Sampled,66
2026,2,Texas,Gonzaga,0.3371285202551729,Gonzaga,Deterministic-B,66
2026,2,Miami FL,Purdue,0.10259926213999071,Purdue,Deterministic-B,66
2026,2,Michigan,Georgia,0.8507771524948368,Michigan,Deterministic-A,66
2026,2,Texas Tech,Alabama,0.5938325194380916,Alabama,Sampled,66
2026,2,Tennessee,Virginia,0.5960276902383712,Virginia,Sampled,66
2026,2,Santa Clara,Iowa St.,0.2059360963517331,Iowa St.,Deterministic-B,66
2026,3,Duke,Kansas,0.7725501680853833,Duke,Deterministic-A,66
2026,3,Louisville,UCLA,0.5026852193649918,Louisville,Sampled,66
2026,3,Florida,Vanderbilt,0.6434590659410105,Florida,Deterministic-A,66
2026,3,Illinois,Houston,0.5308158063976895,Houston,Sampled,66
2026,3,Arizona,Wisconsin,0.6696350275590703,Arizona,Deterministic-A,66
2026,3,Gonzaga,Purdue,0.1942405317302338,Purdue,Deterministic-B,66
2026,3,Michigan,Alabama,0.6764719544732708,Michigan,Deterministic-A,66
2026,3,Virginia,Iowa St.,0.2755569966500777,Iowa St.,Deterministic-B,66
2026,4,Duke,Louisville,0.7474958418351636,Duke,Deterministic-A,66
2026,4,Florida,Houston,0.41657408763462916,Houston,Sampled,66
2026,4,Arizona,Purdue,0.45224561567796356,Purdue,Sampled,66
2026,4,Michigan,Iowa St.,0.5278884916804828,Iowa St.,Sampled,66
2026,5,Duke,Houston,0.44675503197660105,Duke,Sampled,66
2026,5,Purdue,Iowa St.,0.5223344504860334,Purdue,Sampled,66
2026,6,Duke,Purdue,0.5235081899281402,Purdue,Sampled,66
2026,1,Duke,Siena,0.9935438698062663,Duke,Deterministic-A,67
2026,1,Ohio St.,TCU,0.8173194099086936,Ohio St.,Deterministic-A,67
2026,1,St. John's,Northern Iowa,0.8194627325708945,St. John's,Deterministic-A,67
2026,1,Kansas,Cal Baptist,0.9344506724910557,Kansas,Deterministic-A,67
2026,1,Louisville,South Florida,0.7860380912034134,Louisville,Deterministic-A,67
2026,1,Michigan St.,North Dakota St.,0.9477264024763377,Michigan St.,Deterministic-A,67
2026,1,UCLA,UCF,0.8608948556036264,UCLA,Deterministic-A,67
2026,1,Connecticut,Furman,0.9796773412447337,Connecticut,Deterministic-A,67
2026,1,Florida,Prairie View A&M,0.9961818193152869,Florida,Deterministic-A,67
2026,1,Clemson,Iowa,0.3505781305379848,Iowa,Deterministic-B,67
2026,1,Vanderbilt,McNeese St.,0.9184152829092163,Vanderbilt,Deterministic-A,67
2026,1,Nebraska,Troy,0.9441633711220943,Nebraska,Deterministic-A,67
2026,1,North Carolina,VCU,0.6875785627731936,North Carolina,Deterministic-A,67
2026,1,Illinois,Penn,0.9895456375342501,Illinois,Deterministic-A,67
2026,1,Saint Mary's,Texas A&M,0.4438285608095177,Saint Mary's,Sampled,67
2026,1,Houston,Idaho,0.987795711852659,Houston,Deterministic-A,67
2026,1,Arizona,LIU,0.9965336858056648,Arizona,Deterministic-A,67
2026,1,Villanova,Utah St.,0.5234646169642977,Utah St.,Sampled,67
2026,1,Wisconsin,High Point,0.9497165580486782,Wisconsin,Deterministic-A,67
2026,1,Arkansas,Hawaii,0.9716546622292703,Arkansas,Deterministic-A,67
2026,1,BYU,Texas,0.5197253112456744,BYU,Sampled,67
2026,1,Gonzaga,Kennesaw St.,0.9513542807092172,Gonzaga,Deterministic-A,67
2026,1,Miami FL,Missouri,0.4391702435681522,Miami FL,Sampled,67
2026,1,Purdue,Queens,0.9933361519375553,Purdue,Deterministic-A,67
2026,1,Michigan,Howard,0.9951159249018185,Michigan,Deterministic-A,67
2026,1,Georgia,Saint Louis,0.7686430302506854,Georgia,Deterministic-A,67
2026,1,Texas Tech,Akron,0.9458621882672305,Texas Tech,Deterministic-A,67
2026,1,Alabama,Hofstra,0.9264093701411587,Alabama,Deterministic-A,67
2026,1,Tennessee,SMU,0.7515098630756083,Tennessee,Deterministic-A,67
2026,1,Virginia,Wright St.,0.9482248567091944,Virginia,Deterministic-A,67
2026,1,Kentucky,Santa Clara,0.4440426006429322,Kentucky,Sampled,67
2026,1,Iowa St.,Tennessee St.,0.9968430210633037,Iowa St.,Deterministic-A,67
2026,2,Duke,Ohio St.,0.7390086079975868,Duke,Deterministic-A,67
2026,2,St. John's,Kansas,0.5355379132546708,St. John's,Sampled,67
2026,2,Louisville,Michigan St.,0.5738745576876145,Louisville,Sampled,67
2026,2,UCLA,Connecticut,0.4866936834089793,UCLA,Sampled,67
2026,2,Florida,Iowa,0.7639271236235,Florida,Deterministic-A,67
2026,2,Vanderbilt,Nebraska,0.6865031249657692,Vanderbilt,Deterministic-A,67
2026,2,North Carolina,Illinois,0.1085885722333618,Illinois,Deterministic-B,67
2026,2,Saint Mary's,Houston,0.09970310434646365,Houston,Deterministic-B,67
2026,2,Arizona,Utah St.,0.8257891559341833,Arizona,Deterministic-A,67
2026,2,Wisconsin,Arkansas,0.4950278069857847,Arkansas,Sampled,67
2026,2,BYU,Gonzaga,0.35499034688497266,Gonzaga,Deterministic-B,67
2026,2,Miami FL,Purdue,0.10259926213999071,Purdue,Deterministic-B,67
2026,2,Michigan,Georgia,0.8507771524948368,Michigan,Deterministic-A,67
2026,2,Texas Tech,Alabama,0.5938325194380916,Texas Tech,Sampled,67
2026,2,Tennessee,Virginia,0.5960276902383712,Tennessee,Sampled,67
2026,2,Kentucky,Iowa St.,0.1715944196714473,Iowa St.,Deterministic-B,67
2026,3,Duke,St. John's,0.7465650367093921,Duke,Deterministic-A,67
2026,3,Louisville,UCLA,0.5026852193649918,Louisville,Sampled,67
2026,3,Florida,Vanderbilt,0.6434590659410105,Florida,Deterministic-A,67
2026,3,Illinois,Houston,0.5308158063976895,Illinois,Sampled,67
2026,3,Arizona,Arkansas,0.665220260010551,Arizona,Deterministic-A,67
2026,3,Gonzaga,Purdue,0.1942405317302338,Purdue,Deterministic-B,67
2026,3,Michigan,Texas Tech,0.5885013419889603,Michigan,Sampled,67
2026,3,Tennessee,Iowa St.,0.3594694078281067,Iowa St.,Deterministic-B,67
2026,4,Duke,Louisville,0.7474958418351636,Duke,Deterministic-A,67
2026,4,Florida,Illinois,0.3869211107003162,Illinois,Deterministic-B,67
2026,4,Arizona,Purdue,0.45224561567796356,Purdue,Sampled,67
2026,4,Michigan,Iowa St.,0.5278884916804828,Michigan,Sampled,67
2026,5,Duke,Illinois,0.4164873314575824,Illinois,Sampled,67
2026,5,Purdue,Michigan,0.4944320863679664,Michigan,Sampled,67
2026,6,Illinois,Michigan,0.60085759040946,Illinois,Deterministic-A,67
2026,1,Duke,Siena,0.9935438698062663,Duke,Deterministic-A,68
2026,1,Ohio St.,TCU,0.8173194099086936,Ohio St.,Deterministic-A,68
2026,1,St. John's,Northern Iowa,0.8194627325708945,St. John's,Deterministic-A,68
2026,1,Kansas,Cal Baptist,0.9344506724910557,Kansas,Deterministic-A,68
2026,1,Louisville,South Florida,0.7860380912034134,Louisville,Deterministic-A,68
2026,1,Michigan St.,North Dakota St.,0.9477264024763377,Michigan St.,Deterministic-A,68
2026,1,UCLA,UCF,0.8608948556036264,UCLA,Deterministic-A,68
2026,1,Connecticut,Furman,0.9796773412447337,Connecticut,Deterministic-A,68
2026,1,Florida,Prairie View A&M,0.9961818193152869,Florida,Deterministic-A,68
2026,1,Clemson,Iowa,0.3505781305379848,Iowa,Deterministic-B,68
2026,1,Vanderbilt,McNeese St.,0.9184152829092163,Vanderbilt,Deterministic-A,68
2026,1,Nebraska,Troy,0.9441633711220943,Nebraska,Deterministic-A,68
2026,1,North Carolina,VCU,0.6875785627731936,North Carolina,Deterministic-A,68
2026,1,Illinois,Penn,0.9895456375342501,Illinois,Deterministic-A,68
2026,1,Saint Mary's,Texas A&M,0.4438285608095177,Saint Mary's,Sampled,68
2026,1,Houston,Idaho,0.987795711852659,Houston,Deterministic-A,68
2026,1,Arizona,LIU,0.9965336858056648,Arizona,Deterministic-A,68
2026,1,Villanova,Utah St.,0.5234646169642977,Villanova,Sampled,68
2026,1,Wisconsin,High Point,0.9497165580486782,Wisconsin,Deterministic-A,68
2026,1,Arkansas,Hawaii,0.9716546622292703,Arkansas,Deterministic-A,68
2026,1,BYU,Texas,0.5197253112456744,BYU,Sampled,68
2026,1,Gonzaga,Kennesaw St.,0.9513542807092172,Gonzaga,Deterministic-A,68
2026,1,Miami FL,Missouri,0.4391702435681522,Missouri,Sampled,68
2026,1,Purdue,Queens,0.9933361519375553,Purdue,Deterministic-A,68
2026,1,Michigan,Howard,0.9951159249018185,Michigan,Deterministic-A,68
2026,1,Georgia,Saint Louis,0.7686430302506854,Georgia,Deterministic-A,68
2026,1,Texas Tech,Akron,0.9458621882672305,Texas Tech,Deterministic-A,68
2026,1,Alabama,Hofstra,0.9264093701411587,Alabama,Deterministic-A,68
2026,1,Tennessee,SMU,0.7515098630756083,Tennessee,Deterministic-A,68
2026,1,Virginia,Wright St.,0.9482248567091944,Virginia,Deterministic-A,68
2026,1,Kentucky,Santa Clara,0.4440426006429322,Kentucky,Sampled,68
2026,1,Iowa St.,Tennessee St.,0.9968430210633037,Iowa St.,Deterministic-A,68
2026,2,Duke,Ohio St.,0.7390086079975868,Duke,Deterministic-A,68
2026,2,St. John's,Kansas,0.5355379132546708,Kansas,Sampled,68
2026,2,Louisville,Michigan St.,0.5738745576876145,Michigan St.,Sampled,68
2026,2,UCLA,Connecticut,0.4866936834089793,Connecticut,Sampled,68
2026,2,Florida,Iowa,0.7639271236235,Florida,Deterministic-A,68
2026,2,Vanderbilt,Nebraska,0.6865031249657692,Vanderbilt,Deterministic-A,68
2026,2,North Carolina,Illinois,0.1085885722333618,Illinois,Deterministic-B,68
2026,2,Saint Mary's,Houston,0.09970310434646365,Houston,Deterministic-B,68
2026,2,Arizona,Villanova,0.8118606356348161,Arizona,Deterministic-A,68
2026,2,Wisconsin,Arkansas,0.4950278069857847,Arkansas,Sampled,68
2026,2,BYU,Gonzaga,0.35499034688497266,Gonzaga,Deterministic-B,68
2026,2,Missouri,Purdue,0.12740044483533358,Purdue,Deterministic-B,68
2026,2,Michigan,Georgia,0.8507771524948368,Michigan,Deterministic-A,68
2026,2,Texas Tech,Alabama,0.5938325194380916,Alabama,Sampled,68
2026,2,Tennessee,Virginia,0.5960276902383712,Tennessee,Sampled,68
2026,2,Kentucky,Iowa St.,0.1715944196714473,Iowa St.,Deterministic-B,68
2026,3,Duke,Kansas,0.7725501680853833,Duke,Deterministic-A,68
2026,3,Michigan St.,Connecticut,0.4157672305224931,Michigan St.,Sampled,68
2026,3,Florida,Vanderbilt,0.6434590659410105,Florida,Deterministic-A,68
2026,3,Illinois,Houston,0.5308158063976895,Illinois,Sampled,68
2026,3,Arizona,Arkansas,0.665220260010551,Arizona,Deterministic-A,68
2026,3,Gonzaga,Purdue,0.1942405317302338,Purdue,Deterministic-B,68
2026,3,Michigan,Alabama,0.6764719544732708,Michigan,Deterministic-A,68
2026,3,Tennessee,Iowa St.,0.3594694078281067,Iowa St.,Deterministic-B,68
2026,4,Duke,Michigan St.,0.7994688685835264,Duke,Deterministic-A,68
2026,4,Florida,Illinois,0.3869211107003162,Illinois,Deterministic-B,68
2026,4,Arizona,Purdue,0.45224561567796356,Purdue,Sampled,68
2026,4,Michigan,Iowa St.,0.5278884916804828,Iowa St.,Sampled,68
2026,5,Duke,Illinois,0.4164873314575824,Illinois,Sampled,68
2026,5,Purdue,Iowa St.,0.5223344504860334,Purdue,Sampled,68
2026,6,Illinois,Purdue,0.6061869799015335,Illinois,Deterministic-A,68
2026,1,Duke,Siena,0.9935438698062663,Duke,Deterministic-A,69
2026,1,Ohio St.,TCU,0.8173194099086936,Ohio St.,Deterministic-A,69
2026,1,St. John's,Northern Iowa,0.8194627325708945,St. John's,Deterministic-A,69
2026,1,Kansas,Cal Baptist,0.9344506724910557,Kansas,Deterministic-A,69
2026,1,Louisville,South Florida,0.7860380912034134,Louisville,Deterministic-A,69
2026,1,Michigan St.,North Dakota St.,0.9477264024763377,Michigan St.,Deterministic-A,69
2026,1,UCLA,UCF,0.8608948556036264,UCLA,Deterministic-A,69
2026,1,Connecticut,Furman,0.9796773412447337,Connecticut,Deterministic-A,69
2026,1,Florida,Prairie View A&M,0.9961818193152869,Florida,Deterministic-A,69
2026,1,Clemson,Iowa,0.3505781305379848,Iowa,Deterministic-B,69
2026,1,Vanderbilt,McNeese St.,0.9184152829092163,Vanderbilt,Deterministic-A,69
2026,1,Nebraska,Troy,0.9441633711220943,Nebraska,Deterministic-A,69
2026,1,North Carolina,VCU,0.6875785627731936,North Carolina,Deterministic-A,69
2026,1,Illinois,Penn,0.9895456375342501,Illinois,Deterministic-A,69
2026,1,Saint Mary's,Texas A&M,0.4438285608095177,Texas A&M,Sampled,69
2026,1,Houston,Idaho,0.987795711852659,Houston,Deterministic-A,69
2026,1,Arizona,LIU,0.9965336858056648,Arizona,Deterministic-A,69
2026,1,Villanova,Utah St.,0.5234646169642977,Villanova,Sampled,69
2026,1,Wisconsin,High Point,0.9497165580486782,Wisconsin,Deterministic-A,69
2026,1,Arkansas,Hawaii,0.9716546622292703,Arkansas,Deterministic-A,69
2026,1,BYU,Texas,0.5197253112456744,BYU,Sampled,69
2026,1,Gonzaga,Kennesaw St.,0.9513542807092172,Gonzaga,Deterministic-A,69
2026,1,Miami FL,Missouri,0.4391702435681522,Missouri,Sampled,69
2026,1,Purdue,Queens,0.9933361519375553,Purdue,Deterministic-A,69
2026,1,Michigan,Howard,0.9951159249018185,Michigan,Deterministic-A,69
2026,1,Georgia,Saint Louis,0.7686430302506854,Georgia,Deterministic-A,69
2026,1,Texas Tech,Akron,0.9458621882672305,Texas Tech,Deterministic-A,69
2026,1,Alabama,Hofstra,0.9264093701411587,Alabama,Deterministic-A,69
2026,1,Tennessee,SMU,0.7515098630756083,Tennessee,Deterministic-A,69
2026,1,Virginia,Wright St.,0.9482248567091944,Virginia,Deterministic-A,69
2026,1,Kentucky,Santa Clara,0.4440426006429322,Kentucky,Sampled,69
2026,1,Iowa St.,Tennessee St.,0.9968430210633037,Iowa St.,Deterministic-A,69
2026,2,Duke,Ohio St.,0.7390086079975868,Duke,Deterministic-A,69
2026,2,St. John's,Kansas,0.5355379132546708,St. John's,Sampled,69
2026,2,Louisville,Michigan St.,0.5738745576876145,Michigan St.,Sampled,69
2026,2,UCLA,Connecticut,0.4866936834089793,UCLA,Sampled,69
2026,2,Florida,Iowa,0.7639271236235,Florida,Deterministic-A,69
2026,2,Vanderbilt,Nebraska,0.6865031249657692,Vanderbilt,Deterministic-A,69
2026,2,North Carolina,Illinois,0.1085885722333618,Illinois,Deterministic-B,69
2026,2,Texas A&M,Houston,0.12186466965786469,Houston,Deterministic-B,69
2026,2,Arizona,Villanova,0.8118606356348161,Arizona,Deterministic-A,69
2026,2,Wisconsin,Arkansas,0.4950278069857847,Wisconsin,Sampled,69
2026,2,BYU,Gonzaga,0.35499034688497266,Gonzaga,Deterministic-B,69
2026,2,Missouri,Purdue,0.12740044483533358,Purdue,Deterministic-B,69
2026,2,Michigan,Georgia,0.8507771524948368,Michigan,Deterministic-A,69
2026,2,Texas Tech,Alabama,0.5938325194380916,Texas Tech,Sampled,69
2026,2,Tennessee,Virginia,0.5960276902383712,Tennessee,Sampled,69
2026,2,Kentucky,Iowa St.,0.1715944196714473,Iowa St.,Deterministic-B,69
2026,3,Duke,St. John's,0.7465650367093921,Duke,Deterministic-A,69
2026,3,Michigan St.,UCLA,0.4287541296772118,UCLA,Sampled,69
2026,3,Florida,Vanderbilt,0.6434590659410105,Florida,Deterministic-A,69
2026,3,Illinois,Houston,0.5308158063976895,Houston,Sampled,69
2026,3,Arizona,Wisconsin,0.6696350275590703,Arizona,Deterministic-A,69
2026,3,Gonzaga,Purdue,0.1942405317302338,Purdue,Deterministic-B,69
2026,3,Michigan,Texas Tech,0.5885013419889603,Michigan,Sampled,69
2026,3,Tennessee,Iowa St.,0.3594694078281067,Iowa St.,Deterministic-B,69
2026,4,Duke,UCLA,0.7495177625156639,Duke,Deterministic-A,69
2026,4,Florida,Houston,0.41657408763462916,Florida,Sampled,69
2026,4,Arizona,Purdue,0.45224561567796356,Arizona,Sampled,69
2026,4,Michigan,Iowa St.,0.5278884916804828,Iowa St.,Sampled,69
2026,5,Duke,Florida,0.5307269011552253,Florida,Sampled,69
2026,5,Arizona,Iowa St.,0.4744711531664893,Iowa St.,Sampled,69
2026,6,Florida,Iowa St.,0.5151045907778832,Florida,Sampled,69
2026,1,Duke,Siena,0.9935438698062663,Duke,Deterministic-A,70
2026,1,Ohio St.,TCU,0.8173194099086936,Ohio St.,Deterministic-A,70
2026,1,St. John's,Northern Iowa,0.8194627325708945,St. John's,Deterministic-A,70
2026,1,Kansas,Cal Baptist,0.9344506724910557,Kansas,Deterministic-A,70
2026,1,Louisville,South Florida,0.7860380912034134,Louisville,Deterministic-A,70
2026,1,Michigan St.,North Dakota St.,0.9477264024763377,Michigan St.,Deterministic-A,70
2026,1,UCLA,UCF,0.8608948556036264,UCLA,Deterministic-A,70
2026,1,Connecticut,Furman,0.9796773412447337,Connecticut,Deterministic-A,70
2026,1,Florida,Prairie View A&M,0.9961818193152869,Florida,Deterministic-A,70
2026,1,Clemson,Iowa,0.3505781305379848,Iowa,Deterministic-B,70
2026,1,Vanderbilt,McNeese St.,0.9184152829092163,Vanderbilt,Deterministic-A,70
2026,1,Nebraska,Troy,0.9441633711220943,Nebraska,Deterministic-A,70
2026,1,North Carolina,VCU,0.6875785627731936,North Carolina,Deterministic-A,70
2026,1,Illinois,Penn,0.9895456375342501,Illinois,Deterministic-A,70
2026,1,Saint Mary's,Texas A&M,0.4438285608095177,Saint Mary's,Sampled,70
2026,1,Houston,Idaho,0.987795711852659,Houston,Deterministic-A,70
2026,1,Arizona,LIU,0.9965336858056648,Arizona,Deterministic-A,70
2026,1,Villanova,Utah St.,0.5234646169642977,Villanova,Sampled,70
2026,1,Wisconsin,High Point,0.9497165580486782,Wisconsin,Deterministic-A,70
2026,1,Arkansas,Hawaii,0.9716546622292703,Arkansas,Deterministic-A,70
2026,1,BYU,Texas,0.5197253112456744,Texas,Sampled,70
2026,1,Gonzaga,Kennesaw St.,0.9513542807092172,Gonzaga,Deterministic-A,70
2026,1,Miami FL,Missouri,0.4391702435681522,Missouri,Sampled,70
2026,1,Purdue,Queens,0.9933361519375553,Purdue,Deterministic-A,70
2026,1,Michigan,Howard,0.9951159249018185,Michigan,Deterministic-A,70
2026,1,Georgia,Saint Louis,0.7686430302506854,Georgia,Deterministic-A,70
2026,1,Texas Tech,Akron,0.9458621882672305,Texas Tech,Deterministic-A,70
2026,1,Alabama,Hofstra,0.9264093701411587,Alabama,Deterministic-A,70
2026,1,Tennessee,SMU,0.7515098630756083,Tennessee,Deterministic-A,70
2026,1,Virginia,Wright St.,0.9482248567091944,Virginia,Deterministic-A,70
2026,1,Kentucky,Santa Clara,0.4440426006429322,Santa Clara,Sampled,70
2026,1,Iowa St.,Tennessee St.,0.9968430210633037,Iowa St.,Deterministic-A,70
2026,2,Duke,Ohio St.,0.7390086079975868,Duke,Deterministic-A,70
2026,2,St. John's,Kansas,0.5355379132546708,Kansas,Sampled,70
2026,2,Louisville,Michigan St.,0.5738745576876145,Louisville,Sampled,70
2026,2,UCLA,Connecticut,0.4866936834089793,UCLA,Sampled,70
2026,2,Florida,Iowa,0.7639271236235,Florida,Deterministic-A,70
2026,2,Vanderbilt,Nebraska,0.6865031249657692,Vanderbilt,Deterministic-A,70
2026,2,North Carolina,Illinois,0.1085885722333618,Illinois,Deterministic-B,70
2026,2,Saint Mary's,Houston,0.09970310434646365,Houston,Deterministic-B,70
2026,2,Arizona,Villanova,0.8118606356348161,Arizona,Deterministic-A,70
2026,2,Wisconsin,Arkansas,0.4950278069857847,Wisconsin,Sampled,70
2026,2,Texas,Gonzaga,0.3371285202551729,Gonzaga,Deterministic-B,70
2026,2,Missouri,Purdue,0.12740044483533358,Purdue,Deterministic-B,70
2026,2,Michigan,Georgia,0.8507771524948368,Michigan,Deterministic-A,70
2026,2,Texas Tech,Alabama,0.5938325194380916,Texas Tech,Sampled,70
2026,2,Tennessee,Virginia,0.5960276902383712,Tennessee,Sampled,70
2026,2,Santa Clara,Iowa St.,0.2059360963517331,Iowa St.,Deterministic-B,70
2026,3,Duke,Kansas,0.7725501680853833,Duke,Deterministic-A,70
2026,3,Louisville,UCLA,0.5026852193649918,UCLA,Sampled,70
2026,3,Florida,Vanderbilt,0.6434590659410105,Florida,Deterministic-A,70
2026,3,Illinois,Houston,0.5308158063976895,Illinois,Sampled,70
2026,3,Arizona,Wisconsin,0.6696350275590703,Arizona,Deterministic-A,70
2026,3,Gonzaga,Purdue,0.1942405317302338,Purdue,Deterministic-B,70
2026,3,Michigan,Texas Tech,0.5885013419889603,Michigan,Sampled,70
2026,3,Tennessee,Iowa St.,0.3594694078281067,Iowa St.,Deterministic-B,70
2026,4,Duke,UCLA,0.7495177625156639,Duke,Deterministic-A,70
2026,4,Florida,Illinois,0.3869211107003162,Illinois,Deterministic-B,70
2026,4,Arizona,Purdue,0.45224561567796356,Purdue,Sampled,70
2026,4,Michigan,Iowa St.,0.5278884916804828,Iowa St.,Sampled,70
2026,5,Duke,Illinois,0.4164873314575824,Duke,Sampled,70
2026,5,Purdue,Iowa St.,0.5223344504860334,Iowa St.,Sampled,70
2026,6,Duke,Iowa St.,0.545746564850346,Iowa St.,Sampled,70
2026,1,Duke,Siena,0.9935438698062663,Duke,Deterministic-A,71
2026,1,Ohio St.,TCU,0.8173194099086936,Ohio St.,Deterministic-A,71
2026,1,St. John's,Northern Iowa,0.8194627325708945,St. John's,Deterministic-A,71
2026,1,Kansas,Cal Baptist,0.9344506724910557,Kansas,Deterministic-A,71
2026,1,Louisville,South Florida,0.7860380912034134,Louisville,Deterministic-A,71
2026,1,Michigan St.,North Dakota St.,0.9477264024763377,Michigan St.,Deterministic-A,71
2026,1,UCLA,UCF,0.8608948556036264,UCLA,Deterministic-A,71
2026,1,Connecticut,Furman,0.9796773412447337,Connecticut,Deterministic-A,71
2026,1,Florida,Prairie View A&M,0.9961818193152869,Florida,Deterministic-A,71
2026,1,Clemson,Iowa,0.3505781305379848,Iowa,Deterministic-B,71
2026,1,Vanderbilt,McNeese St.,0.9184152829092163,Vanderbilt,Deterministic-A,71
2026,1,Nebraska,Troy,0.9441633711220943,Nebraska,Deterministic-A,71
2026,1,North Carolina,VCU,0.6875785627731936,North Carolina,Deterministic-A,71
2026,1,Illinois,Penn,0.9895456375342501,Illinois,Deterministic-A,71
2026,1,Saint Mary's,Texas A&M,0.4438285608095177,Texas A&M,Sampled,71
2026,1,Houston,Idaho,0.987795711852659,Houston,Deterministic-A,71
2026,1,Arizona,LIU,0.9965336858056648,Arizona,Deterministic-A,71
2026,1,Villanova,Utah St.,0.5234646169642977,Utah St.,Sampled,71
2026,1,Wisconsin,High Point,0.9497165580486782,Wisconsin,Deterministic-A,71
2026,1,Arkansas,Hawaii,0.9716546622292703,Arkansas,Deterministic-A,71
2026,1,BYU,Texas,0.5197253112456744,BYU,Sampled,71
2026,1,Gonzaga,Kennesaw St.,0.9513542807092172,Gonzaga,Deterministic-A,71
2026,1,Miami FL,Missouri,0.4391702435681522,Missouri,Sampled,71
2026,1,Purdue,Queens,0.9933361519375553,Purdue,Deterministic-A,71
2026,1,Michigan,Howard,0.9951159249018185,Michigan,Deterministic-A,71
2026,1,Georgia,Saint Louis,0.7686430302506854,Georgia,Deterministic-A,71
2026,1,Texas Tech,Akron,0.9458621882672305,Texas Tech,Deterministic-A,71
2026,1,Alabama,Hofstra,0.9264093701411587,Alabama,Deterministic-A,71
2026,1,Tennessee,SMU,0.7515098630756083,Tennessee,Deterministic-A,71
2026,1,Virginia,Wright St.,0.9482248567091944,Virginia,Deterministic-A,71
2026,1,Kentucky,Santa Clara,0.4440426006429322,Kentucky,Sampled,71
2026,1,Iowa St.,Tennessee St.,0.9968430210633037,Iowa St.,Deterministic-A,71
2026,2,Duke,Ohio St.,0.7390086079975868,Duke,Deterministic-A,71
2026,2,St. John's,Kansas,0.5355379132546708,Kansas,Sampled,71
2026,2,Louisville,Michigan St.,0.5738745576876145,Michigan St.,Sampled,71
2026,2,UCLA,Connecticut,0.4866936834089793,UCLA,Sampled,71
2026,2,Florida,Iowa,0.7639271236235,Florida,Deterministic-A,71
2026,2,Vanderbilt,Nebraska,0.6865031249657692,Vanderbilt,Deterministic-A,71
2026,2,North Carolina,Illinois,0.1085885722333618,Illinois,Deterministic-B,71
2026,2,Texas A&M,Houston,0.12186466965786469,Houston,Deterministic-B,71
2026,2,Arizona,Utah St.,0.8257891559341833,Arizona,Deterministic-A,71
2026,2,Wisconsin,Arkansas,0.4950278069857847,Wisconsin,Sampled,71
2026,2,BYU,Gonzaga,0.35499034688497266,Gonzaga,Deterministic-B,71
2026,2,Missouri,Purdue,0.12740044483533358,Purdue,Deterministic-B,71
2026,2,Michigan,Georgia,0.8507771524948368,Michigan,Deterministic-A,71
2026,2,Texas Tech,Alabama,0.5938325194380916,Alabama,Sampled,71
2026,2,Tennessee,Virginia,0.5960276902383712,Tennessee,Sampled,71
2026,2,Kentucky,Iowa St.,0.1715944196714473,Iowa St.,Deterministic-B,71
2026,3,Duke,Kansas,0.7725501680853833,Duke,Deterministic-A,71
2026,3,Michigan St.,UCLA,0.4287541296772118,Michigan St.,Sampled,71
2026,3,Florida,Vanderbilt,0.6434590659410105,Florida,Deterministic-A,71
2026,3,Illinois,Houston,0.5308158063976895,Houston,Sampled,71
2026,3,Arizona,Wisconsin,0.6696350275590703,Arizona,Deterministic-A,71
2026,3,Gonzaga,Purdue,0.1942405317302338,Purdue,Deterministic-B,71
2026,3,Michigan,Alabama,0.6764719544732708,Michigan,Deterministic-A,71
2026,3,Tennessee,Iowa St.,0.3594694078281067,Iowa St.,Deterministic-B,71
2026,4,Duke,Michigan St.,0.7994688685835264,Duke,Deterministic-A,71
2026,4,Florida,Houston,0.41657408763462916,Houston,Sampled,71
2026,4,Arizona,Purdue,0.45224561567796356,Purdue,Sampled,71
2026,4,Michigan,Iowa St.,0.5278884916804828,Michigan,Sampled,71
2026,5,Duke,Houston,0.44675503197660105,Duke,Sampled,71
2026,5,Purdue,Michigan,0.4944320863679664,Michigan,Sampled,71
2026,6,Duke,Michigan,0.5179496741403071,Duke,Sampled,71
2026,1,Duke,Siena,0.9935438698062663,Duke,Deterministic-A,72
2026,1,Ohio St.,TCU,0.8173194099086936,Ohio St.,Deterministic-A,72
2026,1,St. John's,Northern Iowa,0.8194627325708945,St. John's,Deterministic-A,72
2026,1,Kansas,Cal Baptist,0.9344506724910557,Kansas,Deterministic-A,72
2026,1,Louisville,South Florida,0.7860380912034134,Louisville,Deterministic-A,72
2026,1,Michigan St.,North Dakota St.,0.9477264024763377,Michigan St.,Deterministic-A,72
2026,1,UCLA,UCF,0.8608948556036264,UCLA,Deterministic-A,72
2026,1,Connecticut,Furman,0.9796773412447337,Connecticut,Deterministic-A,72
2026,1,Florida,Prairie View A&M,0.9961818193152869,Florida,Deterministic-A,72
2026,1,Clemson,Iowa,0.3505781305379848,Iowa,Deterministic-B,72
2026,1,Vanderbilt,McNeese St.,0.9184152829092163,Vanderbilt,Deterministic-A,72
2026,1,Nebraska,Troy,0.9441633711220943,Nebraska,Deterministic-A,72
2026,1,North Carolina,VCU,0.6875785627731936,North Carolina,Deterministic-A,72
2026,1,Illinois,Penn,0.9895456375342501,Illinois,Deterministic-A,72
2026,1,Saint Mary's,Texas A&M,0.4438285608095177,Texas A&M,Sampled,72
2026,1,Houston,Idaho,0.987795711852659,Houston,Deterministic-A,72
2026,1,Arizona,LIU,0.9965336858056648,Arizona,Deterministic-A,72
2026,1,Villanova,Utah St.,0.5234646169642977,Villanova,Sampled,72
2026,1,Wisconsin,High Point,0.9497165580486782,Wisconsin,Deterministic-A,72
2026,1,Arkansas,Hawaii,0.9716546622292703,Arkansas,Deterministic-A,72
2026,1,BYU,Texas,0.5197253112456744,Texas,Sampled,72
2026,1,Gonzaga,Kennesaw St.,0.9513542807092172,Gonzaga,Deterministic-A,72
2026,1,Miami FL,Missouri,0.4391702435681522,Miami FL,Sampled,72
2026,1,Purdue,Queens,0.9933361519375553,Purdue,Deterministic-A,72
2026,1,Michigan,Howard,0.9951159249018185,Michigan,Deterministic-A,72
2026,1,Georgia,Saint Louis,0.7686430302506854,Georgia,Deterministic-A,72
2026,1,Texas Tech,Akron,0.9458621882672305,Texas Tech,Deterministic-A,72
2026,1,Alabama,Hofstra,0.9264093701411587,Alabama,Deterministic-A,72
2026,1,Tennessee,SMU,0.7515098630756083,Tennessee,Deterministic-A,72
2026,1,Virginia,Wright St.,0.9482248567091944,Virginia,Deterministic-A,72
2026,1,Kentucky,Santa Clara,0.4440426006429322,Kentucky,Sampled,72
2026,1,Iowa St.,Tennessee St.,0.9968430210633037,Iowa St.,Deterministic-A,72
2026,2,Duke,Ohio St.,0.7390086079975868,Duke,Deterministic-A,72
2026,2,St. John's,Kansas,0.5355379132546708,Kansas,Sampled,72
2026,2,Louisville,Michigan St.,0.5738745576876145,Louisville,Sampled,72
2026,2,UCLA,Connecticut,0.4866936834089793,Connecticut,Sampled,72
2026,2,Florida,Iowa,0.7639271236235,Florida,Deterministic-A,72
2026,2,Vanderbilt,Nebraska,0.6865031249657692,Vanderbilt,Deterministic-A,72
2026,2,North Carolina,Illinois,0.1085885722333618,Illinois,Deterministic-B,72
2026,2,Texas A&M,Houston,0.12186466965786469,Houston,Deterministic-B,72
2026,2,Arizona,Villanova,0.8118606356348161,Arizona,Deterministic-A,72
2026,2,Wisconsin,Arkansas,0.4950278069857847,Arkansas,Sampled,72
2026,2,Texas,Gonzaga,0.3371285202551729,Gonzaga,Deterministic-B,72
2026,2,Miami FL,Purdue,0.10259926213999071,Purdue,Deterministic-B,72
2026,2,Michigan,Georgia,0.8507771524948368,Michigan,Deterministic-A,72
2026,2,Texas Tech,Alabama,0.5938325194380916,Alabama,Sampled,72
2026,2,Tennessee,Virginia,0.5960276902383712,Virginia,Sampled,72
2026,2,Kentucky,Iowa St.,0.1715944196714473,Iowa St.,Deterministic-B,72
2026,3,Duke,Kansas,0.7725501680853833,Duke,Deterministic-A,72
2026,3,Louisville,Connecticut,0.489377384573671,Louisville,Sampled,72
2026,3,Florida,Vanderbilt,0.6434590659410105,Florida,Deterministic-A,72
2026,3,Illinois,Houston,0.5308158063976895,Houston,Sampled,72
2026,3,Arizona,Arkansas,0.665220260010551,Arizona,Deterministic-A,72
2026,3,Gonzaga,Purdue,0.1942405317302338,Purdue,Deterministic-B,72
2026,3,Michigan,Alabama,0.6764719544732708,Michigan,Deterministic-A,72
2026,3,Virginia,Iowa St.,0.2755569966500777,Iowa St.,Deterministic-B,72
2026,4,Duke,Louisville,0.7474958418351636,Duke,Deterministic-A,72
2026,4,Florida,Houston,0.41657408763462916,Houston,Sampled,72
2026,4,Arizona,Purdue,0.45224561567796356,Arizona,Sampled,72
2026,4,Michigan,Iowa St.,0.5278884916804828,Michigan,Sampled,72
2026,5,Duke,Houston,0.44675503197660105,Houston,Sampled,72
2026,5,Arizona,Michigan,0.4467343537440333,Michigan,Sampled,72
2026,6,Houston,Michigan,0.5709235073185751,Houston,Sampled,72
2026,1,Duke,Siena,0.9935438698062663,Duke,Deterministic-A,73
2026,1,Ohio St.,TCU,0.8173194099086936,Ohio St.,Deterministic-A,73
2026,1,St. John's,Northern Iowa,0.8194627325708945,St. John's,Deterministic-A,73
2026,1,Kansas,Cal Baptist,0.9344506724910557,Kansas,Deterministic-A,73
2026,1,Louisville,South Florida,0.7860380912034134,Louisville,Deterministic-A,73
2026,1,Michigan St.,North Dakota St.,0.9477264024763377,Michigan St.,Deterministic-A,73
2026,1,UCLA,UCF,0.8608948556036264,UCLA,Deterministic-A,73
2026,1,Connecticut,Furman,0.9796773412447337,Connecticut,Deterministic-A,73
2026,1,Florida,Prairie View A&M,0.9961818193152869,Florida,Deterministic-A,73
2026,1,Clemson,Iowa,0.3505781305379848,Iowa,Deterministic-B,73
2026,1,Vanderbilt,McNeese St.,0.9184152829092163,Vanderbilt,Deterministic-A,73
2026,1,Nebraska,Troy,0.9441633711220943,Nebraska,Deterministic-A,73
2026,1,North Carolina,VCU,0.6875785627731936,North Carolina,Deterministic-A,73
2026,1,Illinois,Penn,0.9895456375342501,Illinois,Deterministic-A,73
2026,1,Saint Mary's,Texas A&M,0.4438285608095177,Texas A&M,Sampled,73
2026,1,Houston,Idaho,0.987795711852659,Houston,Deterministic-A,73
2026,1,Arizona,LIU,0.9965336858056648,Arizona,Deterministic-A,73
2026,1,Villanova,Utah St.,0.5234646169642977,Utah St.,Sampled,73
2026,1,Wisconsin,High Point,0.9497165580486782,Wisconsin,Deterministic-A,73
2026,1,Arkansas,Hawaii,0.9716546622292703,Arkansas,Deterministic-A,73
2026,1,BYU,Texas,0.5197253112456744,BYU,Sampled,73
2026,1,Gonzaga,Kennesaw St.,0.9513542807092172,Gonzaga,Deterministic-A,73
2026,1,Miami FL,Missouri,0.4391702435681522,Miami FL,Sampled,73
2026,1,Purdue,Queens,0.9933361519375553,Purdue,Deterministic-A,73
2026,1,Michigan,Howard,0.9951159249018185,Michigan,Deterministic-A,73
2026,1,Georgia,Saint Louis,0.7686430302506854,Georgia,Deterministic-A,73
2026,1,Texas Tech,Akron,0.9458621882672305,Texas Tech,Deterministic-A,73
2026,1,Alabama,Hofstra,0.9264093701411587,Alabama,Deterministic-A,73
2026,1,Tennessee,SMU,0.7515098630756083,Tennessee,Deterministic-A,73
2026,1,Virginia,Wright St.,0.9482248567091944,Virginia,Deterministic-A,73
2026,1,Kentucky,Santa Clara,0.4440426006429322,Kentucky,Sampled,73
2026,1,Iowa St.,Tennessee St.,0.9968430210633037,Iowa St.,Deterministic-A,73
2026,2,Duke,Ohio St.,0.7390086079975868,Duke,Deterministic-A,73
2026,2,St. John's,Kansas,0.5355379132546708,St. John's,Sampled,73
2026,2,Louisville,Michigan St.,0.5738745576876145,Michigan St.,Sampled,73
2026,2,UCLA,Connecticut,0.4866936834089793,Connecticut,Sampled,73
2026,2,Florida,Iowa,0.7639271236235,Florida,Deterministic-A,73
2026,2,Vanderbilt,Nebraska,0.6865031249657692,Vanderbilt,Deterministic-A,73
2026,2,North Carolina,Illinois,0.1085885722333618,Illinois,Deterministic-B,73
2026,2,Texas A&M,Houston,0.12186466965786469,Houston,Deterministic-B,73
2026,2,Arizona,Utah St.,0.8257891559341833,Arizona,Deterministic-A,73
2026,2,Wisconsin,Arkansas,0.4950278069857847,Wisconsin,Sampled,73
2026,2,BYU,Gonzaga,0.35499034688497266,Gonzaga,Deterministic-B,73
2026,2,Miami FL,Purdue,0.10259926213999071,Purdue,Deterministic-B,73
2026,2,Michigan,Georgia,0.8507771524948368,Michigan,Deterministic-A,73
2026,2,Texas Tech,Alabama,0.5938325194380916,Texas Tech,Sampled,73
2026,2,Tennessee,Virginia,0.5960276902383712,Virginia,Sampled,73
2026,2,Kentucky,Iowa St.,0.1715944196714473,Iowa St.,Deterministic-B,73
2026,3,Duke,St. John's,0.7465650367093921,Duke,Deterministic-A,73
2026,3,Michigan St.,Connecticut,0.4157672305224931,Michigan St.,Sampled,73
2026,3,Florida,Vanderbilt,0.6434590659410105,Florida,Deterministic-A,73
2026,3,Illinois,Houston,0.5308158063976895,Illinois,Sampled,73
2026,3,Arizona,Wisconsin,0.6696350275590703,Arizona,Deterministic-A,73
2026,3,Gonzaga,Purdue,0.1942405317302338,Purdue,Deterministic-B,73
2026,3,Michigan,Texas Tech,0.5885013419889603,Michigan,Sampled,73
2026,3,Virginia,Iowa St.,0.2755569966500777,Iowa St.,Deterministic-B,73
2026,4,Duke,Michigan St.,0.7994688685835264,Duke,Deterministic-A,73
2026,4,Florida,Illinois,0.3869211107003162,Illinois,Deterministic-B,73
2026,4,Arizona,Purdue,0.45224561567796356,Purdue,Sampled,73
2026,4,Michigan,Iowa St.,0.5278884916804828,Michigan,Sampled,73
2026,5,Duke,Illinois,0.4164873314575824,Illinois,Sampled,73
2026,5,Purdue,Michigan,0.4944320863679664,Purdue,Sampled,73
2026,6,Illinois,Purdue,0.6061869799015335,Illinois,Deterministic-A,73
2026,1,Duke,Siena,0.9935438698062663,Duke,Deterministic-A,74
2026,1,Ohio St.,TCU,0.8173194099086936,Ohio St.,Deterministic-A,74
2026,1,St. John's,Northern Iowa,0.8194627325708945,St. John's,Deterministic-A,74
2026,1,Kansas,Cal Baptist,0.9344506724910557,Kansas,Deterministic-A,74
2026,1,Louisville,South Florida,0.7860380912034134,Louisville,Deterministic-A,74
2026,1,Michigan St.,North Dakota St.,0.9477264024763377,Michigan St.,Deterministic-A,74
2026,1,UCLA,UCF,0.8608948556036264,UCLA,Deterministic-A,74
2026,1,Connecticut,Furman,0.9796773412447337,Connecticut,Deterministic-A,74
2026,1,Florida,Prairie View A&M,0.9961818193152869,Florida,Deterministic-A,74
2026,1,Clemson,Iowa,0.3505781305379848,Iowa,Deterministic-B,74
2026,1,Vanderbilt,McNeese St.,0.9184152829092163,Vanderbilt,Deterministic-A,74
2026,1,Nebraska,Troy,0.9441633711220943,Nebraska,Deterministic-A,74
2026,1,North Carolina,VCU,0.6875785627731936,North Carolina,Deterministic-A,74
2026,1,Illinois,Penn,0.9895456375342501,Illinois,Deterministic-A,74
2026,1,Saint Mary's,Texas A&M,0.4438285608095177,Texas A&M,Sampled,74
2026,1,Houston,Idaho,0.987795711852659,Houston,Deterministic-A,74
2026,1,Arizona,LIU,0.9965336858056648,Arizona,Deterministic-A,74
2026,1,Villanova,Utah St.,0.5234646169642977,Villanova,Sampled,74
2026,1,Wisconsin,High Point,0.9497165580486782,Wisconsin,Deterministic-A,74
2026,1,Arkansas,Hawaii,0.9716546622292703,Arkansas,Deterministic-A,74
2026,1,BYU,Texas,0.5197253112456744,BYU,Sampled,74
2026,1,Gonzaga,Kennesaw St.,0.9513542807092172,Gonzaga,Deterministic-A,74
2026,1,Miami FL,Missouri,0.4391702435681522,Missouri,Sampled,74
2026,1,Purdue,Queens,0.9933361519375553,Purdue,Deterministic-A,74
2026,1,Michigan,Howard,0.9951159249018185,Michigan,Deterministic-A,74
2026,1,Georgia,Saint Louis,0.7686430302506854,Georgia,Deterministic-A,74
2026,1,Texas Tech,Akron,0.9458621882672305,Texas Tech,Deterministic-A,74
2026,1,Alabama,Hofstra,0.9264093701411587,Alabama,Deterministic-A,74
2026,1,Tennessee,SMU,0.7515098630756083,Tennessee,Deterministic-A,74
2026,1,Virginia,Wright St.,0.9482248567091944,Virginia,Deterministic-A,74
2026,1,Kentucky,Santa Clara,0.4440426006429322,Kentucky,Sampled,74
2026,1,Iowa St.,Tennessee St.,0.9968430210633037,Iowa St.,Deterministic-A,74
2026,2,Duke,Ohio St.,0.7390086079975868,Duke,Deterministic-A,74
2026,2,St. John's,Kansas,0.5355379132546708,St. John's,Sampled,74
2026,2,Louisville,Michigan St.,0.5738745576876145,Louisville,Sampled,74
2026,2,UCLA,Connecticut,0.4866936834089793,UCLA,Sampled,74
2026,2,Florida,Iowa,0.7639271236235,Florida,Deterministic-A,74
2026,2,Vanderbilt,Nebraska,0.6865031249657692,Vanderbilt,Deterministic-A,74
2026,2,North Carolina,Illinois,0.1085885722333618,Illinois,Deterministic-B,74
2026,2,Texas A&M,Houston,0.12186466965786469,Houston,Deterministic-B,74
2026,2,Arizona,Villanova,0.8118606356348161,Arizona,Deterministic-A,74
2026,2,Wisconsin,Arkansas,0.4950278069857847,Wisconsin,Sampled,74
2026,2,BYU,Gonzaga,0.35499034688497266,Gonzaga,Deterministic-B,74
2026,2,Missouri,Purdue,0.12740044483533358,Purdue,Deterministic-B,74
2026,2,Michigan,Georgia,0.8507771524948368,Michigan,Deterministic-A,74
2026,2,Texas Tech,Alabama,0.5938325194380916,Alabama,Sampled,74
2026,2,Tennessee,Virginia,0.5960276902383712,Tennessee,Sampled,74
2026,2,Kentucky,Iowa St.,0.1715944196714473,Iowa St.,Deterministic-B,74
2026,3,Duke,St. John's,0.7465650367093921,Duke,Deterministic-A,74
2026,3,Louisville,UCLA,0.5026852193649918,UCLA,Sampled,74
2026,3,Florida,Vanderbilt,0.6434590659410105,Florida,Deterministic-A,74
2026,3,Illinois,Houston,0.5308158063976895,Houston,Sampled,74
2026,3,Arizona,Wisconsin,0.6696350275590703,Arizona,Deterministic-A,74
2026,3,Gonzaga,Purdue,0.1942405317302338,Purdue,Deterministic-B,74
2026,3,Michigan,Alabama,0.6764719544732708,Michigan,Deterministic-A,74
2026,3,Tennessee,Iowa St.,0.3594694078281067,Iowa St.,Deterministic-B,74
2026,4,Duke,UCLA,0.7495177625156639,Duke,Deterministic-A,74
2026,4,Florida,Houston,0.41657408763462916,Florida,Sampled,74
2026,4,Arizona,Purdue,0.45224561567796356,Purdue,Sampled,74
2026,4,Michigan,Iowa St.,0.5278884916804828,Iowa St.,Sampled,74
2026,5,Duke,Florida,0.5307269011552253,Florida,Sampled,74
2026,5,Purdue,Iowa St.,0.5223344504860334,Purdue,Sampled,74
2026,6,Florida,Purdue,0.4927603710573575,Florida,Sampled,74
2026,1,Duke,Siena,0.9935438698062663,Duke,Deterministic-A,75
2026,1,Ohio St.,TCU,0.8173194099086936,Ohio St.,Deterministic-A,75
2026,1,St. John's,Northern Iowa,0.8194627325708945,St. John's,Deterministic-A,75
2026,1,Kansas,Cal Baptist,0.9344506724910557,Kansas,Deterministic-A,75
2026,1,Louisville,South Florida,0.7860380912034134,Louisville,Deterministic-A,75
2026,1,Michigan St.,North Dakota St.,0.9477264024763377,Michigan St.,Deterministic-A,75
2026,1,UCLA,UCF,0.8608948556036264,UCLA,Deterministic-A,75
2026,1,Connecticut,Furman,0.9796773412447337,Connecticut,Deterministic-A,75
2026,1,Florida,Prairie View A&M,0.9961818193152869,Florida,Deterministic-A,75
2026,1,Clemson,Iowa,0.3505781305379848,Iowa,Deterministic-B,75
2026,1,Vanderbilt,McNeese St.,0.9184152829092163,Vanderbilt,Deterministic-A,75
2026,1,Nebraska,Troy,0.9441633711220943,Nebraska,Deterministic-A,75
2026,1,North Carolina,VCU,0.6875785627731936,North Carolina,Deterministic-A,75
2026,1,Illinois,Penn,0.9895456375342501,Illinois,Deterministic-A,75
2026,1,Saint Mary's,Texas A&M,0.4438285608095177,Saint Mary's,Sampled,75
2026,1,Houston,Idaho,0.987795711852659,Houston,Deterministic-A,75
2026,1,Arizona,LIU,0.9965336858056648,Arizona,Deterministic-A,75
2026,1,Villanova,Utah St.,0.5234646169642977,Utah St.,Sampled,75
2026,1,Wisconsin,High Point,0.9497165580486782,Wisconsin,Deterministic-A,75
2026,1,Arkansas,Hawaii,0.9716546622292703,Arkansas,Deterministic-A,75
2026,1,BYU,Texas,0.5197253112456744,Texas,Sampled,75
2026,1,Gonzaga,Kennesaw St.,0.9513542807092172,Gonzaga,Deterministic-A,75
2026,1,Miami FL,Missouri,0.4391702435681522,Missouri,Sampled,75
2026,1,Purdue,Queens,0.9933361519375553,Purdue,Deterministic-A,75
2026,1,Michigan,Howard,0.9951159249018185,Michigan,Deterministic-A,75
2026,1,Georgia,Saint Louis,0.7686430302506854,Georgia,Deterministic-A,75
2026,1,Texas Tech,Akron,0.9458621882672305,Texas Tech,Deterministic-A,75
2026,1,Alabama,Hofstra,0.9264093701411587,Alabama,Deterministic-A,75
2026,1,Tennessee,SMU,0.7515098630756083,Tennessee,Deterministic-A,75
2026,1,Virginia,Wright St.,0.9482248567091944,Virginia,Deterministic-A,75
2026,1,Kentucky,Santa Clara,0.4440426006429322,Kentucky,Sampled,75
2026,1,Iowa St.,Tennessee St.,0.9968430210633037,Iowa St.,Deterministic-A,75
2026,2,Duke,Ohio St.,0.7390086079975868,Duke,Deterministic-A,75
2026,2,St. John's,Kansas,0.5355379132546708,Kansas,Sampled,75
2026,2,Louisville,Michigan St.,0.5738745576876145,Louisville,Sampled,75
2026,2,UCLA,Connecticut,0.4866936834089793,Connecticut,Sampled,75
2026,2,Florida,Iowa,0.7639271236235,Florida,Deterministic-A,75
2026,2,Vanderbilt,Nebraska,0.6865031249657692,Vanderbilt,Deterministic-A,75
2026,2,North Carolina,Illinois,0.1085885722333618,Illinois,Deterministic-B,75
2026,2,Saint Mary's,Houston,0.09970310434646365,Houston,Deterministic-B,75
2026,2,Arizona,Utah St.,0.8257891559341833,Arizona,Deterministic-A,75
2026,2,Wisconsin,Arkansas,0.4950278069857847,Wisconsin,Sampled,75
2026,2,Texas,Gonzaga,0.3371285202551729,Gonzaga,Deterministic-B,75
2026,2,Missouri,Purdue,0.12740044483533358,Purdue,Deterministic-B,75
2026,2,Michigan,Georgia,0.8507771524948368,Michigan,Deterministic-A,75
2026,2,Texas Tech,Alabama,0.5938325194380916,Alabama,Sampled,75
2026,2,Tennessee,Virginia,0.5960276902383712,Virginia,Sampled,75
2026,2,Kentucky,Iowa St.,0.1715944196714473,Iowa St.,Deterministic-B,75
2026,3,Duke,Kansas,0.7725501680853833,Duke,Deterministic-A,75
2026,3,Louisville,Connecticut,0.489377384573671,Louisville,Sampled,75
2026,3,Florida,Vanderbilt,0.6434590659410105,Florida,Deterministic-A,75
2026,3,Illinois,Houston,0.5308158063976895,Illinois,Sampled,75
2026,3,Arizona,Wisconsin,0.6696350275590703,Arizona,Deterministic-A,75
2026,3,Gonzaga,Purdue,0.1942405317302338,Purdue,Deterministic-B,75
2026,3,Michigan,Alabama,0.6764719544732708,Michigan,Deterministic-A,75
2026,3,Virginia,Iowa St.,0.2755569966500777,Iowa St.,Deterministic-B,75
2026,4,Duke,Louisville,0.7474958418351636,Duke,Deterministic-A,75
2026,4,Florida,Illinois,0.3869211107003162,Illinois,Deterministic-B,75
2026,4,Arizona,Purdue,0.45224561567796356,Purdue,Sampled,75
2026,4,Michigan,Iowa St.,0.5278884916804828,Michigan,Sampled,75
2026,5,Duke,Illinois,0.4164873314575824,Illinois,Sampled,75
2026,5,Purdue,Michigan,0.4944320863679664,Michigan,Sampled,75
2026,6,Illinois,Michigan,0.60085759040946,Illinois,Deterministic-A,75
2026,1,Duke,Siena,0.9935438698062663,Duke,Deterministic-A,76
2026,1,Ohio St.,TCU,0.8173194099086936,Ohio St.,Deterministic-A,76
2026,1,St. John's,Northern Iowa,0.8194627325708945,St. John's,Deterministic-A,76
2026,1,Kansas,Cal Baptist,0.9344506724910557,Kansas,Deterministic-A,76
2026,1,Louisville,South Florida,0.7860380912034134,Louisville,Deterministic-A,76
2026,1,Michigan St.,North Dakota St.,0.9477264024763377,Michigan St.,Deterministic-A,76
2026,1,UCLA,UCF,0.8608948556036264,UCLA,Deterministic-A,76
2026,1,Connecticut,Furman,0.9796773412447337,Connecticut,Deterministic-A,76
2026,1,Florida,Prairie View A&M,0.9961818193152869,Florida,Deterministic-A,76
2026,1,Clemson,Iowa,0.3505781305379848,Iowa,Deterministic-B,76
2026,1,Vanderbilt,McNeese St.,0.9184152829092163,Vanderbilt,Deterministic-A,76
2026,1,Nebraska,Troy,0.9441633711220943,Nebraska,Deterministic-A,76
2026,1,North Carolina,VCU,0.6875785627731936,North Carolina,Deterministic-A,76
2026,1,Illinois,Penn,0.9895456375342501,Illinois,Deterministic-A,76
2026,1,Saint Mary's,Texas A&M,0.4438285608095177,Texas A&M,Sampled,76
2026,1,Houston,Idaho,0.987795711852659,Houston,Deterministic-A,76
2026,1,Arizona,LIU,0.9965336858056648,Arizona,Deterministic-A,76
2026,1,Villanova,Utah St.,0.5234646169642977,Villanova,Sampled,76
2026,1,Wisconsin,High Point,0.9497165580486782,Wisconsin,Deterministic-A,76
2026,1,Arkansas,Hawaii,0.9716546622292703,Arkansas,Deterministic-A,76
2026,1,BYU,Texas,0.5197253112456744,BYU,Sampled,76
2026,1,Gonzaga,Kennesaw St.,0.9513542807092172,Gonzaga,Deterministic-A,76
2026,1,Miami FL,Missouri,0.4391702435681522,Miami FL,Sampled,76
2026,1,Purdue,Queens,0.9933361519375553,Purdue,Deterministic-A,76
2026,1,Michigan,Howard,0.9951159249018185,Michigan,Deterministic-A,76
2026,1,Georgia,Saint Louis,0.7686430302506854,Georgia,Deterministic-A,76
2026,1,Texas Tech,Akron,0.9458621882672305,Texas Tech,Deterministic-A,76
2026,1,Alabama,Hofstra,0.9264093701411587,Alabama,Deterministic-A,76
2026,1,Tennessee,SMU,0.7515098630756083,Tennessee,Deterministic-A,76
2026,1,Virginia,Wright St.,0.9482248567091944,Virginia,Deterministic-A,76
2026,1,Kentucky,Santa Clara,0.4440426006429322,Santa Clara,Sampled,76
2026,1,Iowa St.,Tennessee St.,0.9968430210633037,Iowa St.,Deterministic-A,76
2026,2,Duke,Ohio St.,0.7390086079975868,Duke,Deterministic-A,76
2026,2,St. John's,Kansas,0.5355379132546708,St. John's,Sampled,76
2026,2,Louisville,Michigan St.,0.5738745576876145,Louisville,Sampled,76
2026,2,UCLA,Connecticut,0.4866936834089793,UCLA,Sampled,76
2026,2,Florida,Iowa,0.7639271236235,Florida,Deterministic-A,76
2026,2,Vanderbilt,Nebraska,0.6865031249657692,Vanderbilt,Deterministic-A,76
2026,2,North Carolina,Illinois,0.1085885722333618,Illinois,Deterministic-B,76
2026,2,Texas A&M,Houston,0.12186466965786469,Houston,Deterministic-B,76
2026,2,Arizona,Villanova,0.8118606356348161,Arizona,Deterministic-A,76
2026,2,Wisconsin,Arkansas,0.4950278069857847,Arkansas,Sampled,76
2026,2,BYU,Gonzaga,0.35499034688497266,Gonzaga,Deterministic-B,76
2026,2,Miami FL,Purdue,0.10259926213999071,Purdue,Deterministic-B,76
2026,2,Michigan,Georgia,0.8507771524948368,Michigan,Deterministic-A,76
2026,2,Texas Tech,Alabama,0.5938325194380916,Texas Tech,Sampled,76
2026,2,Tennessee,Virginia,0.5960276902383712,Virginia,Sampled,76
2026,2,Santa Clara,Iowa St.,0.2059360963517331,Iowa St.,Deterministic-B,76
2026,3,Duke,St. John's,0.7465650367093921,Duke,Deterministic-A,76
2026,3,Louisville,UCLA,0.5026852193649918,UCLA,Sampled,76
2026,3,Florida,Vanderbilt,0.6434590659410105,Florida,Deterministic-A,76
2026,3,Illinois,Houston,0.5308158063976895,Houston,Sampled,76
2026,3,Arizona,Arkansas,0.665220260010551,Arizona,Deterministic-A,76
2026,3,Gonzaga,Purdue,0.1942405317302338,Purdue,Deterministic-B,76
2026,3,Michigan,Texas Tech,0.5885013419889603,Texas Tech,Sampled,76
2026,3,Virginia,Iowa St.,0.2755569966500777,Iowa St.,Deterministic-B,76
2026,4,Duke,UCLA,0.7495177625156639,Duke,Deterministic-A,76
2026,4,Florida,Houston,0.41657408763462916,Houston,Sampled,76
2026,4,Arizona,Purdue,0.45224561567796356,Purdue,Sampled,76
2026,4,Texas Tech,Iowa St.,0.43878277184709924,Texas Tech,Sampled,76
2026,5,Duke,Houston,0.44675503197660105,Houston,Sampled,76
2026,5,Purdue,Texas Tech,0.583097218901381,Purdue,Sampled,76
2026,6,Houston,Purdue,0.5763707868888042,Houston,Sampled,76
2026,1,Duke,Siena,0.9935438698062663,Duke,Deterministic-A,77
2026,1,Ohio St.,TCU,0.8173194099086936,Ohio St.,Deterministic-A,77
2026,1,St. John's,Northern Iowa,0.8194627325708945,St. John's,Deterministic-A,77
2026,1,Kansas,Cal Baptist,0.9344506724910557,Kansas,Deterministic-A,77
2026,1,Louisville,South Florida,0.7860380912034134,Louisville,Deterministic-A,77
2026,1,Michigan St.,North Dakota St.,0.9477264024763377,Michigan St.,Deterministic-A,77
2026,1,UCLA,UCF,0.8608948556036264,UCLA,Deterministic-A,77
2026,1,Connecticut,Furman,0.9796773412447337,Connecticut,Deterministic-A,77
2026,1,Florida,Prairie View A&M,0.9961818193152869,Florida,Deterministic-A,77
2026,1,Clemson,Iowa,0.3505781305379848,Iowa,Deterministic-B,77
2026,1,Vanderbilt,McNeese St.,0.9184152829092163,Vanderbilt,Deterministic-A,77
2026,1,Nebraska,Troy,0.9441633711220943,Nebraska,Deterministic-A,77
2026,1,North Carolina,VCU,0.6875785627731936,North Carolina,Deterministic-A,77
2026,1,Illinois,Penn,0.9895456375342501,Illinois,Deterministic-A,77
2026,1,Saint Mary's,Texas A&M,0.4438285608095177,Texas A&M,Sampled,77
2026,1,Houston,Idaho,0.987795711852659,Houston,Deterministic-A,77
2026,1,Arizona,LIU,0.9965336858056648,Arizona,Deterministic-A,77
2026,1,Villanova,Utah St.,0.5234646169642977,Utah St.,Sampled,77
2026,1,Wisconsin,High Point,0.9497165580486782,Wisconsin,Deterministic-A,77
2026,1,Arkansas,Hawaii,0.9716546622292703,Arkansas,Deterministic-A,77
2026,1,BYU,Texas,0.5197253112456744,Texas,Sampled,77
2026,1,Gonzaga,Kennesaw St.,0.9513542807092172,Gonzaga,Deterministic-A,77
2026,1,Miami FL,Missouri,0.4391702435681522,Missouri,Sampled,77
2026,1,Purdue,Queens,0.9933361519375553,Purdue,Deterministic-A,77
2026,1,Michigan,Howard,0.9951159249018185,Michigan,Deterministic-A,77
2026,1,Georgia,Saint Louis,0.7686430302506854,Georgia,Deterministic-A,77
2026,1,Texas Tech,Akron,0.9458621882672305,Texas Tech,Deterministic-A,77
2026,1,Alabama,Hofstra,0.9264093701411587,Alabama,Deterministic-A,77
2026,1,Tennessee,SMU,0.7515098630756083,Tennessee,Deterministic-A,77
2026,1,Virginia,Wright St.,0.9482248567091944,Virginia,Deterministic-A,77
2026,1,Kentucky,Santa Clara,0.4440426006429322,Santa Clara,Sampled,77
2026,1,Iowa St.,Tennessee St.,0.9968430210633037,Iowa St.,Deterministic-A,77
2026,2,Duke,Ohio St.,0.7390086079975868,Duke,Deterministic-A,77
2026,2,St. John's,Kansas,0.5355379132546708,St. John's,Sampled,77
2026,2,Louisville,Michigan St.,0.5738745576876145,Louisville,Sampled,77
2026,2,UCLA,Connecticut,0.4866936834089793,UCLA,Sampled,77
2026,2,Florida,Iowa,0.7639271236235,Florida,Deterministic-A,77
2026,2,Vanderbilt,Nebraska,0.6865031249657692,Vanderbilt,Deterministic-A,77
2026,2,North Carolina,Illinois,0.1085885722333618,Illinois,Deterministic-B,77
2026,2,Texas A&M,Houston,0.12186466965786469,Houston,Deterministic-B,77
2026,2,Arizona,Utah St.,0.8257891559341833,Arizona,Deterministic-A,77
2026,2,Wisconsin,Arkansas,0.4950278069857847,Wisconsin,Sampled,77
2026,2,Texas,Gonzaga,0.3371285202551729,Gonzaga,Deterministic-B,77
2026,2,Missouri,Purdue,0.12740044483533358,Purdue,Deterministic-B,77
2026,2,Michigan,Georgia,0.8507771524948368,Michigan,Deterministic-A,77
2026,2,Texas Tech,Alabama,0.5938325194380916,Texas Tech,Sampled,77
2026,2,Tennessee,Virginia,0.5960276902383712,Virginia,Sampled,77
2026,2,Santa Clara,Iowa St.,0.2059360963517331,Iowa St.,Deterministic-B,77
2026,3,Duke,St. John's,0.7465650367093921,Duke,Deterministic-A,77
2026,3,Louisville,UCLA,0.5026852193649918,Louisville,Sampled,77
2026,3,Florida,Vanderbilt,0.6434590659410105,Florida,Deterministic-A,77
2026,3,Illinois,Houston,0.5308158063976895,Houston,Sampled,77
2026,3,Arizona,Wisconsin,0.6696350275590703,Arizona,Deterministic-A,77
2026,3,Gonzaga,Purdue,0.1942405317302338,Purdue,Deterministic-B,77
2026,3,Michigan,Texas Tech,0.5885013419889603,Texas Tech,Sampled,77
2026,3,Virginia,Iowa St.,0.2755569966500777,Iowa St.,Deterministic-B,77
2026,4,Duke,Louisville,0.7474958418351636,Duke,Deterministic-A,77
2026,4,Florida,Houston,0.41657408763462916,Florida,Sampled,77
2026,4,Arizona,Purdue,0.45224561567796356,Arizona,Sampled,77
2026,4,Texas Tech,Iowa St.,0.43878277184709924,Texas Tech,Sampled,77
2026,5,Duke,Florida,0.5307269011552253,Florida,Sampled,77
2026,5,Arizona,Texas Tech,0.5359128806719368,Arizona,Sampled,77
2026,6,Florida,Arizona,0.5405708606640353,Florida,Sampled,77
2026,1,Duke,Siena,0.9935438698062663,Duke,Deterministic-A,78
2026,1,Ohio St.,TCU,0.8173194099086936,Ohio St.,Deterministic-A,78
2026,1,St. John's,Northern Iowa,0.8194627325708945,St. John's,Deterministic-A,78
2026,1,Kansas,Cal Baptist,0.9344506724910557,Kansas,Deterministic-A,78
2026,1,Louisville,South Florida,0.7860380912034134,Louisville,Deterministic-A,78
2026,1,Michigan St.,North Dakota St.,0.9477264024763377,Michigan St.,Deterministic-A,78
2026,1,UCLA,UCF,0.8608948556036264,UCLA,Deterministic-A,78
2026,1,Connecticut,Furman,0.9796773412447337,Connecticut,Deterministic-A,78
2026,1,Florida,Prairie View A&M,0.9961818193152869,Florida,Deterministic-A,78
2026,1,Clemson,Iowa,0.3505781305379848,Iowa,Deterministic-B,78
2026,1,Vanderbilt,McNeese St.,0.9184152829092163,Vanderbilt,Deterministic-A,78
2026,1,Nebraska,Troy,0.9441633711220943,Nebraska,Deterministic-A,78
2026,1,North Carolina,VCU,0.6875785627731936,North Carolina,Deterministic-A,78
2026,1,Illinois,Penn,0.9895456375342501,Illinois,Deterministic-A,78
2026,1,Saint Mary's,Texas A&M,0.4438285608095177,Texas A&M,Sampled,78
2026,1,Houston,Idaho,0.987795711852659,Houston,Deterministic-A,78
2026,1,Arizona,LIU,0.9965336858056648,Arizona,Deterministic-A,78
2026,1,Villanova,Utah St.,0.5234646169642977,Utah St.,Sampled,78
2026,1,Wisconsin,High Point,0.9497165580486782,Wisconsin,Deterministic-A,78
2026,1,Arkansas,Hawaii,0.9716546622292703,Arkansas,Deterministic-A,78
2026,1,BYU,Texas,0.5197253112456744,BYU,Sampled,78
2026,1,Gonzaga,Kennesaw St.,0.9513542807092172,Gonzaga,Deterministic-A,78
2026,1,Miami FL,Missouri,0.4391702435681522,Miami FL,Sampled,78
2026,1,Purdue,Queens,0.9933361519375553,Purdue,Deterministic-A,78
2026,1,Michigan,Howard,0.9951159249018185,Michigan,Deterministic-A,78
2026,1,Georgia,Saint Louis,0.7686430302506854,Georgia,Deterministic-A,78
2026,1,Texas Tech,Akron,0.9458621882672305,Texas Tech,Deterministic-A,78
2026,1,Alabama,Hofstra,0.9264093701411587,Alabama,Deterministic-A,78
2026,1,Tennessee,SMU,0.7515098630756083,Tennessee,Deterministic-A,78
2026,1,Virginia,Wright St.,0.9482248567091944,Virginia,Deterministic-A,78
2026,1,Kentucky,Santa Clara,0.4440426006429322,Kentucky,Sampled,78
2026,1,Iowa St.,Tennessee St.,0.9968430210633037,Iowa St.,Deterministic-A,78
2026,2,Duke,Ohio St.,0.7390086079975868,Duke,Deterministic-A,78
2026,2,St. John's,Kansas,0.5355379132546708,St. John's,Sampled,78
2026,2,Louisville,Michigan St.,0.5738745576876145,Louisville,Sampled,78
2026,2,UCLA,Connecticut,0.4866936834089793,Connecticut,Sampled,78
2026,2,Florida,Iowa,0.7639271236235,Florida,Deterministic-A,78
2026,2,Vanderbilt,Nebraska,0.6865031249657692,Vanderbilt,Deterministic-A,78
2026,2,North Carolina,Illinois,0.1085885722333618,Illinois,Deterministic-B,78
2026,2,Texas A&M,Houston,0.12186466965786469,Houston,Deterministic-B,78
2026,2,Arizona,Utah St.,0.8257891559341833,Arizona,Deterministic-A,78
2026,2,Wisconsin,Arkansas,0.4950278069857847,Arkansas,Sampled,78
2026,2,BYU,Gonzaga,0.35499034688497266,Gonzaga,Deterministic-B,78
2026,2,Miami FL,Purdue,0.10259926213999071,Purdue,Deterministic-B,78
2026,2,Michigan,Georgia,0.8507771524948368,Michigan,Deterministic-A,78
2026,2,Texas Tech,Alabama,0.5938325194380916,Texas Tech,Sampled,78
2026,2,Tennessee,Virginia,0.5960276902383712,Virginia,Sampled,78
2026,2,Kentucky,Iowa St.,0.1715944196714473,Iowa St.,Deterministic-B,78
2026,3,Duke,St. John's,0.7465650367093921,Duke,Deterministic-A,78
2026,3,Louisville,Connecticut,0.489377384573671,Louisville,Sampled,78
2026,3,Florida,Vanderbilt,0.6434590659410105,Florida,Deterministic-A,78
2026,3,Illinois,Houston,0.5308158063976895,Houston,Sampled,78
2026,3,Arizona,Arkansas,0.665220260010551,Arizona,Deterministic-A,78
2026,3,Gonzaga,Purdue,0.1942405317302338,Purdue,Deterministic-B,78
2026,3,Michigan,Texas Tech,0.5885013419889603,Texas Tech,Sampled,78
2026,3,Virginia,Iowa St.,0.2755569966500777,Iowa St.,Deterministic-B,78
2026,4,Duke,Louisville,0.7474958418351636,Duke,Deterministic-A,78
2026,4,Florida,Houston,0.41657408763462916,Houston,Sampled,78
2026,4,Arizona,Purdue,0.45224561567796356,Purdue,Sampled,78
2026,4,Texas Tech,Iowa St.,0.43878277184709924,Texas Tech,Sampled,78
2026,5,Duke,Houston,0.44675503197660105,Duke,Sampled,78
2026,5,Purdue,Texas Tech,0.583097218901381,Purdue,Sampled,78
2026,6,Duke,Purdue,0.5235081899281402,Duke,Sampled,78
2026,1,Duke,Siena,0.9935438698062663,Duke,Deterministic-A,79
2026,1,Ohio St.,TCU,0.8173194099086936,Ohio St.,Deterministic-A,79
2026,1,St. John's,Northern Iowa,0.8194627325708945,St. John's,Deterministic-A,79
2026,1,Kansas,Cal Baptist,0.9344506724910557,Kansas,Deterministic-A,79
2026,1,Louisville,South Florida,0.7860380912034134,Louisville,Deterministic-A,79
2026,1,Michigan St.,North Dakota St.,0.9477264024763377,Michigan St.,Deterministic-A,79
2026,1,UCLA,UCF,0.8608948556036264,UCLA,Deterministic-A,79
2026,1,Connecticut,Furman,0.9796773412447337,Connecticut,Deterministic-A,79
2026,1,Florida,Prairie View A&M,0.9961818193152869,Florida,Deterministic-A,79
2026,1,Clemson,Iowa,0.3505781305379848,Iowa,Deterministic-B,79
2026,1,Vanderbilt,McNeese St.,0.9184152829092163,Vanderbilt,Deterministic-A,79
2026,1,Nebraska,Troy,0.9441633711220943,Nebraska,Deterministic-A,79
2026,1,North Carolina,VCU,0.6875785627731936,North Carolina,Deterministic-A,79
2026,1,Illinois,Penn,0.9895456375342501,Illinois,Deterministic-A,79
2026,1,Saint Mary's,Texas A&M,0.4438285608095177,Texas A&M,Sampled,79
2026,1,Houston,Idaho,0.987795711852659,Houston,Deterministic-A,79
2026,1,Arizona,LIU,0.9965336858056648,Arizona,Deterministic-A,79
2026,1,Villanova,Utah St.,0.5234646169642977,Villanova,Sampled,79
2026,1,Wisconsin,High Point,0.9497165580486782,Wisconsin,Deterministic-A,79
2026,1,Arkansas,Hawaii,0.9716546622292703,Arkansas,Deterministic-A,79
2026,1,BYU,Texas,0.5197253112456744,Texas,Sampled,79
2026,1,Gonzaga,Kennesaw St.,0.9513542807092172,Gonzaga,Deterministic-A,79
2026,1,Miami FL,Missouri,0.4391702435681522,Missouri,Sampled,79
2026,1,Purdue,Queens,0.9933361519375553,Purdue,Deterministic-A,79
2026,1,Michigan,Howard,0.9951159249018185,Michigan,Deterministic-A,79
2026,1,Georgia,Saint Louis,0.7686430302506854,Georgia,Deterministic-A,79
2026,1,Texas Tech,Akron,0.9458621882672305,Texas Tech,Deterministic-A,79
2026,1,Alabama,Hofstra,0.9264093701411587,Alabama,Deterministic-A,79
2026,1,Tennessee,SMU,0.7515098630756083,Tennessee,Deterministic-A,79
2026,1,Virginia,Wright St.,0.9482248567091944,Virginia,Deterministic-A,79
2026,1,Kentucky,Santa Clara,0.4440426006429322,Kentucky,Sampled,79
2026,1,Iowa St.,Tennessee St.,0.9968430210633037,Iowa St.,Deterministic-A,79
2026,2,Duke,Ohio St.,0.7390086079975868,Duke,Deterministic-A,79
2026,2,St. John's,Kansas,0.5355379132546708,St. John's,Sampled,79
2026,2,Louisville,Michigan St.,0.5738745576876145,Michigan St.,Sampled,79
2026,2,UCLA,Connecticut,0.4866936834089793,Connecticut,Sampled,79
2026,2,Florida,Iowa,0.7639271236235,Florida,Deterministic-A,79
2026,2,Vanderbilt,Nebraska,0.6865031249657692,Vanderbilt,Deterministic-A,79
2026,2,North Carolina,Illinois,0.1085885722333618,Illinois,Deterministic-B,79
2026,2,Texas A&M,Houston,0.12186466965786469,Houston,Deterministic-B,79
2026,2,Arizona,Villanova,0.8118606356348161,Arizona,Deterministic-A,79
2026,2,Wisconsin,Arkansas,0.4950278069857847,Wisconsin,Sampled,79
2026,2,Texas,Gonzaga,0.3371285202551729,Gonzaga,Deterministic-B,79
2026,2,Missouri,Purdue,0.12740044483533358,Purdue,Deterministic-B,79
2026,2,Michigan,Georgia,0.8507771524948368,Michigan,Deterministic-A,79
2026,2,Texas Tech,Alabama,0.5938325194380916,Texas Tech,Sampled,79
2026,2,Tennessee,Virginia,0.5960276902383712,Virginia,Sampled,79
2026,2,Kentucky,Iowa St.,0.1715944196714473,Iowa St.,Deterministic-B,79
2026,3,Duke,St. John's,0.7465650367093921,Duke,Deterministic-A,79
2026,3,Michigan St.,Connecticut,0.4157672305224931,Michigan St.,Sampled,79
2026,3,Florida,Vanderbilt,0.6434590659410105,Florida,Deterministic-A,79
2026,3,Illinois,Houston,0.5308158063976895,Houston,Sampled,79
2026,3,Arizona,Wisconsin,0.6696350275590703,Arizona,Deterministic-A,79
2026,3,Gonzaga,Purdue,0.1942405317302338,Purdue,Deterministic-B,79
2026,3,Michigan,Texas Tech,0.5885013419889603,Michigan,Sampled,79
2026,3,Virginia,Iowa St.,0.2755569966500777,Iowa St.,Deterministic-B,79
2026,4,Duke,Michigan St.,0.7994688685835264,Duke,Deterministic-A,79
2026,4,Florida,Houston,0.41657408763462916,Florida,Sampled,79
2026,4,Arizona,Purdue,0.45224561567796356,Purdue,Sampled,79
2026,4,Michigan,Iowa St.,0.5278884916804828,Michigan,Sampled,79
2026,5,Duke,Florida,0.5307269011552253,Duke,Sampled,79
2026,5,Purdue,Michigan,0.4944320863679664,Purdue,Sampled,79
2026,6,Duke,Purdue,0.5235081899281402,Purdue,Sampled,79
2026,1,Duke,Siena,0.9935438698062663,Duke,Deterministic-A,80
2026,1,Ohio St.,TCU,0.8173194099086936,Ohio St.,Deterministic-A,80
2026,1,St. John's,Northern Iowa,0.8194627325708945,St. John's,Deterministic-A,80
2026,1,Kansas,Cal Baptist,0.9344506724910557,Kansas,Deterministic-A,80
2026,1,Louisville,South Florida,0.7860380912034134,Louisville,Deterministic-A,80
2026,1,Michigan St.,North Dakota St.,0.9477264024763377,Michigan St.,Deterministic-A,80
2026,1,UCLA,UCF,0.8608948556036264,UCLA,Deterministic-A,80
2026,1,Connecticut,Furman,0.9796773412447337,Connecticut,Deterministic-A,80
2026,1,Florida,Prairie View A&M,0.9961818193152869,Florida,Deterministic-A,80
2026,1,Clemson,Iowa,0.3505781305379848,Iowa,Deterministic-B,80
2026,1,Vanderbilt,McNeese St.,0.9184152829092163,Vanderbilt,Deterministic-A,80
2026,1,Nebraska,Troy,0.9441633711220943,Nebraska,Deterministic-A,80
2026,1,North Carolina,VCU,0.6875785627731936,North Carolina,Deterministic-A,80
2026,1,Illinois,Penn,0.9895456375342501,Illinois,Deterministic-A,80
2026,1,Saint Mary's,Texas A&M,0.4438285608095177,Texas A&M,Sampled,80
2026,1,Houston,Idaho,0.987795711852659,Houston,Deterministic-A,80
2026,1,Arizona,LIU,0.9965336858056648,Arizona,Deterministic-A,80
2026,1,Villanova,Utah St.,0.5234646169642977,Villanova,Sampled,80
2026,1,Wisconsin,High Point,0.9497165580486782,Wisconsin,Deterministic-A,80
2026,1,Arkansas,Hawaii,0.9716546622292703,Arkansas,Deterministic-A,80
2026,1,BYU,Texas,0.5197253112456744,BYU,Sampled,80
2026,1,Gonzaga,Kennesaw St.,0.9513542807092172,Gonzaga,Deterministic-A,80
2026,1,Miami FL,Missouri,0.4391702435681522,Miami FL,Sampled,80
2026,1,Purdue,Queens,0.9933361519375553,Purdue,Deterministic-A,80
2026,1,Michigan,Howard,0.9951159249018185,Michigan,Deterministic-A,80
2026,1,Georgia,Saint Louis,0.7686430302506854,Georgia,Deterministic-A,80
2026,1,Texas Tech,Akron,0.9458621882672305,Texas Tech,Deterministic-A,80
2026,1,Alabama,Hofstra,0.9264093701411587,Alabama,Deterministic-A,80
2026,1,Tennessee,SMU,0.7515098630756083,Tennessee,Deterministic-A,80
2026,1,Virginia,Wright St.,0.9482248567091944,Virginia,Deterministic-A,80
2026,1,Kentucky,Santa Clara,0.4440426006429322,Santa Clara,Sampled,80
2026,1,Iowa St.,Tennessee St.,0.9968430210633037,Iowa St.,Deterministic-A,80
2026,2,Duke,Ohio St.,0.7390086079975868,Duke,Deterministic-A,80
2026,2,St. John's,Kansas,0.5355379132546708,St. John's,Sampled,80
2026,2,Louisville,Michigan St.,0.5738745576876145,Michigan St.,Sampled,80
2026,2,UCLA,Connecticut,0.4866936834089793,UCLA,Sampled,80
2026,2,Florida,Iowa,0.7639271236235,Florida,Deterministic-A,80
2026,2,Vanderbilt,Nebraska,0.6865031249657692,Vanderbilt,Deterministic-A,80
2026,2,North Carolina,Illinois,0.1085885722333618,Illinois,Deterministic-B,80
2026,2,Texas A&M,Houston,0.12186466965786469,Houston,Deterministic-B,80
2026,2,Arizona,Villanova,0.8118606356348161,Arizona,Deterministic-A,80
2026,2,Wisconsin,Arkansas,0.4950278069857847,Arkansas,Sampled,80
2026,2,BYU,Gonzaga,0.35499034688497266,Gonzaga,Deterministic-B,80
2026,2,Miami FL,Purdue,0.10259926213999071,Purdue,Deterministic-B,80
2026,2,Michigan,Georgia,0.8507771524948368,Michigan,Deterministic-A,80
2026,2,Texas Tech,Alabama,0.5938325194380916,Texas Tech,Sampled,80
2026,2,Tennessee,Virginia,0.5960276902383712,Virginia,Sampled,80
2026,2,Santa Clara,Iowa St.,0.2059360963517331,Iowa St.,Deterministic-B,80
2026,3,Duke,St. John's,0.7465650367093921,Duke,Deterministic-A,80
2026,3,Michigan St.,UCLA,0.4287541296772118,UCLA,Sampled,80
2026,3,Florida,Vanderbilt,0.6434590659410105,Florida,Deterministic-A,80
2026,3,Illinois,Houston,0.5308158063976895,Illinois,Sampled,80
2026,3,Arizona,Arkansas,0.665220260010551,Arizona,Deterministic-A,80
2026,3,Gonzaga,Purdue,0.1942405317302338,Purdue,Deterministic-B,80
2026,3,Michigan,Texas Tech,0.5885013419889603,Texas Tech,Sampled,80
2026,3,Virginia,Iowa St.,0.2755569966500777,Iowa St.,Deterministic-B,80
2026,4,Duke,UCLA,0.7495177625156639,Duke,Deterministic-A,80
2026,4,Florida,Illinois,0.3869211107003162,Illinois,Deterministic-B,80
2026,4,Arizona,Purdue,0.45224561567796356,Purdue,Sampled,80
2026,4,Texas Tech,Iowa St.,0.43878277184709924,Iowa St.,Sampled,80
2026,5,Duke,Illinois,0.4164873314575824,Illinois,Sampled,80
2026,5,Purdue,Iowa St.,0.5223344504860334,Iowa St.,Sampled,80
2026,6,Illinois,Iowa St.,0.6273136678289432,Illinois,Deterministic-A,80
2026,1,Duke,Siena,0.9935438698062663,Duke,Deterministic-A,81
2026,1,Ohio St.,TCU,0.8173194099086936,Ohio St.,Deterministic-A,81
2026,1,St. John's,Northern Iowa,0.8194627325708945,St. John's,Deterministic-A,81
2026,1,Kansas,Cal Baptist,0.9344506724910557,Kansas,Deterministic-A,81
2026,1,Louisville,South Florida,0.7860380912034134,Louisville,Deterministic-A,81
2026,1,Michigan St.,North Dakota St.,0.9477264024763377,Michigan St.,Deterministic-A,81
2026,1,UCLA,UCF,0.8608948556036264,UCLA,Deterministic-A,81
2026,1,Connecticut,Furman,0.9796773412447337,Connecticut,Deterministic-A,81
2026,1,Florida,Prairie View A&M,0.9961818193152869,Florida,Deterministic-A,81
2026,1,Clemson,Iowa,0.3505781305379848,Iowa,Deterministic-B,81
2026,1,Vanderbilt,McNeese St.,0.9184152829092163,Vanderbilt,Deterministic-A,81
2026,1,Nebraska,Troy,0.9441633711220943,Nebraska,Deterministic-A,81
2026,1,North Carolina,VCU,0.6875785627731936,North Carolina,Deterministic-A,81
2026,1,Illinois,Penn,0.9895456375342501,Illinois,Deterministic-A,81
2026,1,Saint Mary's,Texas A&M,0.4438285608095177,Texas A&M,Sampled,81
2026,1,Houston,Idaho,0.987795711852659,Houston,Deterministic-A,81
2026,1,Arizona,LIU,0.9965336858056648,Arizona,Deterministic-A,81
2026,1,Villanova,Utah St.,0.5234646169642977,Utah St.,Sampled,81
2026,1,Wisconsin,High Point,0.9497165580486782,Wisconsin,Deterministic-A,81
2026,1,Arkansas,Hawaii,0.9716546622292703,Arkansas,Deterministic-A,81
2026,1,BYU,Texas,0.5197253112456744,BYU,Sampled,81
2026,1,Gonzaga,Kennesaw St.,0.9513542807092172,Gonzaga,Deterministic-A,81
2026,1,Miami FL,Missouri,0.4391702435681522,Missouri,Sampled,81
2026,1,Purdue,Queens,0.9933361519375553,Purdue,Deterministic-A,81
2026,1,Michigan,Howard,0.9951159249018185,Michigan,Deterministic-A,81
2026,1,Georgia,Saint Louis,0.7686430302506854,Georgia,Deterministic-A,81
2026,1,Texas Tech,Akron,0.9458621882672305,Texas Tech,Deterministic-A,81
2026,1,Alabama,Hofstra,0.9264093701411587,Alabama,Deterministic-A,81
2026,1,Tennessee,SMU,0.7515098630756083,Tennessee,Deterministic-A,81
2026,1,Virginia,Wright St.,0.9482248567091944,Virginia,Deterministic-A,81
2026,1,Kentucky,Santa Clara,0.4440426006429322,Santa Clara,Sampled,81
2026,1,Iowa St.,Tennessee St.,0.9968430210633037,Iowa St.,Deterministic-A,81
2026,2,Duke,Ohio St.,0.7390086079975868,Duke,Deterministic-A,81
2026,2,St. John's,Kansas,0.5355379132546708,Kansas,Sampled,81
2026,2,Louisville,Michigan St.,0.5738745576876145,Louisville,Sampled,81
2026,2,UCLA,Connecticut,0.4866936834089793,UCLA,Sampled,81
2026,2,Florida,Iowa,0.7639271236235,Florida,Deterministic-A,81
2026,2,Vanderbilt,Nebraska,0.6865031249657692,Vanderbilt,Deterministic-A,81
2026,2,North Carolina,Illinois,0.1085885722333618,Illinois,Deterministic-B,81
2026,2,Texas A&M,Houston,0.12186466965786469,Houston,Deterministic-B,81
2026,2,Arizona,Utah St.,0.8257891559341833,Arizona,Deterministic-A,81
2026,2,Wisconsin,Arkansas,0.4950278069857847,Arkansas,Sampled,81
2026,2,BYU,Gonzaga,0.35499034688497266,Gonzaga,Deterministic-B,81
2026,2,Missouri,Purdue,0.12740044483533358,Purdue,Deterministic-B,81
2026,2,Michigan,Georgia,0.8507771524948368,Michigan,Deterministic-A,81
2026,2,Texas Tech,Alabama,0.5938325194380916,Texas Tech,Sampled,81
2026,2,Tennessee,Virginia,0.5960276902383712,Virginia,Sampled,81
2026,2,Santa Clara,Iowa St.,0.2059360963517331,Iowa St.,Deterministic-B,81
2026,3,Duke,Kansas,0.7725501680853833,Duke,Deterministic-A,81
2026,3,Louisville,UCLA,0.5026852193649918,Louisville,Sampled,81
2026,3,Florida,Vanderbilt,0.6434590659410105,Florida,Deterministic-A,81
2026,3,Illinois,Houston,0.5308158063976895,Illinois,Sampled,81
2026,3,Arizona,Arkansas,0.665220260010551,Arizona,Deterministic-A,81
2026,3,Gonzaga,Purdue,0.1942405317302338,Purdue,Deterministic-B,81
2026,3,Michigan,Texas Tech,0.5885013419889603,Texas Tech,Sampled,81
2026,3,Virginia,Iowa St.,0.2755569966500777,Iowa St.,Deterministic-B,81
2026,4,Duke,Louisville,0.7474958418351636,Duke,Deterministic-A,81
2026,4,Florida,Illinois,0.3869211107003162,Illinois,Deterministic-B,81
2026,4,Arizona,Purdue,0.45224561567796356,Arizona,Sampled,81
2026,4,Texas Tech,Iowa St.,0.43878277184709924,Texas Tech,Sampled,81
2026,5,Duke,Illinois,0.4164873314575824,Illinois,Sampled,81
2026,5,Arizona,Texas Tech,0.5359128806719368,Texas Tech,Sampled,81
2026,6,Illinois,Texas Tech,0.6828311070751559,Illinois,Deterministic-A,81
2026,1,Duke,Siena,0.9935438698062663,Duke,Deterministic-A,82
2026,1,Ohio St.,TCU,0.8173194099086936,Ohio St.,Deterministic-A,82
2026,1,St. John's,Northern Iowa,0.8194627325708945,St. John's,Deterministic-A,82
2026,1,Kansas,Cal Baptist,0.9344506724910557,Kansas,Deterministic-A,82
2026,1,Louisville,South Florida,0.7860380912034134,Louisville,Deterministic-A,82
2026,1,Michigan St.,North Dakota St.,0.9477264024763377,Michigan St.,Deterministic-A,82
2026,1,UCLA,UCF,0.8608948556036264,UCLA,Deterministic-A,82
2026,1,Connecticut,Furman,0.9796773412447337,Connecticut,Deterministic-A,82
2026,1,Florida,Prairie View A&M,0.9961818193152869,Florida,Deterministic-A,82
2026,1,Clemson,Iowa,0.3505781305379848,Iowa,Deterministic-B,82
2026,1,Vanderbilt,McNeese St.,0.9184152829092163,Vanderbilt,Deterministic-A,82
2026,1,Nebraska,Troy,0.9441633711220943,Nebraska,Deterministic-A,82
2026,1,North Carolina,VCU,0.6875785627731936,North Carolina,Deterministic-A,82
2026,1,Illinois,Penn,0.9895456375342501,Illinois,Deterministic-A,82
2026,1,Saint Mary's,Texas A&M,0.4438285608095177,Texas A&M,Sampled,82
2026,1,Houston,Idaho,0.987795711852659,Houston,Deterministic-A,82
2026,1,Arizona,LIU,0.9965336858056648,Arizona,Deterministic-A,82
2026,1,Villanova,Utah St.,0.5234646169642977,Villanova,Sampled,82
2026,1,Wisconsin,High Point,0.9497165580486782,Wisconsin,Deterministic-A,82
2026,1,Arkansas,Hawaii,0.9716546622292703,Arkansas,Deterministic-A,82
2026,1,BYU,Texas,0.5197253112456744,BYU,Sampled,82
2026,1,Gonzaga,Kennesaw St.,0.9513542807092172,Gonzaga,Deterministic-A,82
2026,1,Miami FL,Missouri,0.4391702435681522,Missouri,Sampled,82
2026,1,Purdue,Queens,0.9933361519375553,Purdue,Deterministic-A,82
2026,1,Michigan,Howard,0.9951159249018185,Michigan,Deterministic-A,82
2026,1,Georgia,Saint Louis,0.7686430302506854,Georgia,Deterministic-A,82
2026,1,Texas Tech,Akron,0.9458621882672305,Texas Tech,Deterministic-A,82
2026,1,Alabama,Hofstra,0.9264093701411587,Alabama,Deterministic-A,82
2026,1,Tennessee,SMU,0.7515098630756083,Tennessee,Deterministic-A,82
2026,1,Virginia,Wright St.,0.9482248567091944,Virginia,Deterministic-A,82
2026,1,Kentucky,Santa Clara,0.4440426006429322,Kentucky,Sampled,82
2026,1,Iowa St.,Tennessee St.,0.9968430210633037,Iowa St.,Deterministic-A,82
2026,2,Duke,Ohio St.,0.7390086079975868,Duke,Deterministic-A,82
2026,2,St. John's,Kansas,0.5355379132546708,St. John's,Sampled,82
2026,2,Louisville,Michigan St.,0.5738745576876145,Louisville,Sampled,82
2026,2,UCLA,Connecticut,0.4866936834089793,Connecticut,Sampled,82
2026,2,Florida,Iowa,0.7639271236235,Florida,Deterministic-A,82
2026,2,Vanderbilt,Nebraska,0.6865031249657692,Vanderbilt,Deterministic-A,82
2026,2,North Carolina,Illinois,0.1085885722333618,Illinois,Deterministic-B,82
2026,2,Texas A&M,Houston,0.12186466965786469,Houston,Deterministic-B,82
2026,2,Arizona,Villanova,0.8118606356348161,Arizona,Deterministic-A,82
2026,2,Wisconsin,Arkansas,0.4950278069857847,Arkansas,Sampled,82
2026,2,BYU,Gonzaga,0.35499034688497266,Gonzaga,Deterministic-B,82
2026,2,Missouri,Purdue,0.12740044483533358,Purdue,Deterministic-B,82
2026,2,Michigan,Georgia,0.8507771524948368,Michigan,Deterministic-A,82
2026,2,Texas Tech,Alabama,0.5938325194380916,Alabama,Sampled,82
2026,2,Tennessee,Virginia,0.5960276902383712,Virginia,Sampled,82
2026,2,Kentucky,Iowa St.,0.1715944196714473,Iowa St.,Deterministic-B,82
2026,3,Duke,St. John's,0.7465650367093921,Duke,Deterministic-A,82
2026,3,Louisville,Connecticut,0.489377384573671,Louisville,Sampled,82
2026,3,Florida,Vanderbilt,0.6434590659410105,Florida,Deterministic-A,82
2026,3,Illinois,Houston,0.5308158063976895,Illinois,Sampled,82
2026,3,Arizona,Arkansas,0.665220260010551,Arizona,Deterministic-A,82
2026,3,Gonzaga,Purdue,0.1942405317302338,Purdue,Deterministic-B,82
2026,3,Michigan,Alabama,0.6764719544732708,Michigan,Deterministic-A,82
2026,3,Virginia,Iowa St.,0.2755569966500777,Iowa St.,Deterministic-B,82
2026,4,Duke,Louisville,0.7474958418351636,Duke,Deterministic-A,82
2026,4,Florida,Illinois,0.3869211107003162,Illinois,Deterministic-B,82
2026,4,Arizona,Purdue,0.45224561567796356,Purdue,Sampled,82
2026,4,Michigan,Iowa St.,0.5278884916804828,Michigan,Sampled,82
2026,5,Duke,Illinois,0.4164873314575824,Duke,Sampled,82
2026,5,Purdue,Michigan,0.4944320863679664,Purdue,Sampled,82
2026,6,Duke,Purdue,0.5235081899281402,Duke,Sampled,82
2026,1,Duke,Siena,0.9935438698062663,Duke,Deterministic-A,83
2026,1,Ohio St.,TCU,0.8173194099086936,Ohio St.,Deterministic-A,83
2026,1,St. John's,Northern Iowa,0.8194627325708945,St. John's,Deterministic-A,83
2026,1,Kansas,Cal Baptist,0.9344506724910557,Kansas,Deterministic-A,83
2026,1,Louisville,South Florida,0.7860380912034134,Louisville,Deterministic-A,83
2026,1,Michigan St.,North Dakota St.,0.9477264024763377,Michigan St.,Deterministic-A,83
2026,1,UCLA,UCF,0.8608948556036264,UCLA,Deterministic-A,83
2026,1,Connecticut,Furman,0.9796773412447337,Connecticut,Deterministic-A,83
2026,1,Florida,Prairie View A&M,0.9961818193152869,Florida,Deterministic-A,83
2026,1,Clemson,Iowa,0.3505781305379848,Iowa,Deterministic-B,83
2026,1,Vanderbilt,McNeese St.,0.9184152829092163,Vanderbilt,Deterministic-A,83
2026,1,Nebraska,Troy,0.9441633711220943,Nebraska,Deterministic-A,83
2026,1,North Carolina,VCU,0.6875785627731936,North Carolina,Deterministic-A,83
2026,1,Illinois,Penn,0.9895456375342501,Illinois,Deterministic-A,83
2026,1,Saint Mary's,Texas A&M,0.4438285608095177,Texas A&M,Sampled,83
2026,1,Houston,Idaho,0.987795711852659,Houston,Deterministic-A,83
2026,1,Arizona,LIU,0.9965336858056648,Arizona,Deterministic-A,83
2026,1,Villanova,Utah St.,0.5234646169642977,Utah St.,Sampled,83
2026,1,Wisconsin,High Point,0.9497165580486782,Wisconsin,Deterministic-A,83
2026,1,Arkansas,Hawaii,0.9716546622292703,Arkansas,Deterministic-A,83
2026,1,BYU,Texas,0.5197253112456744,BYU,Sampled,83
2026,1,Gonzaga,Kennesaw St.,0.9513542807092172,Gonzaga,Deterministic-A,83
2026,1,Miami FL,Missouri,0.4391702435681522,Missouri,Sampled,83
2026,1,Purdue,Queens,0.9933361519375553,Purdue,Deterministic-A,83
2026,1,Michigan,Howard,0.9951159249018185,Michigan,Deterministic-A,83
2026,1,Georgia,Saint Louis,0.7686430302506854,Georgia,Deterministic-A,83
2026,1,Texas Tech,Akron,0.9458621882672305,Texas Tech,Deterministic-A,83
2026,1,Alabama,Hofstra,0.9264093701411587,Alabama,Deterministic-A,83
2026,1,Tennessee,SMU,0.7515098630756083,Tennessee,Deterministic-A,83
2026,1,Virginia,Wright St.,0.9482248567091944,Virginia,Deterministic-A,83
2026,1,Kentucky,Santa Clara,0.4440426006429322,Santa Clara,Sampled,83
2026,1,Iowa St.,Tennessee St.,0.9968430210633037,Iowa St.,Deterministic-A,83
2026,2,Duke,Ohio St.,0.7390086079975868,Duke,Deterministic-A,83
2026,2,St. John's,Kansas,0.5355379132546708,Kansas,Sampled,83
2026,2,Louisville,Michigan St.,0.5738745576876145,Michigan St.,Sampled,83
2026,2,UCLA,Connecticut,0.4866936834089793,UCLA,Sampled,83
2026,2,Florida,Iowa,0.7639271236235,Florida,Deterministic-A,83
2026,2,Vanderbilt,Nebraska,0.6865031249657692,Vanderbilt,Deterministic-A,83
2026,2,North Carolina,Illinois,0.1085885722333618,Illinois,Deterministic-B,83
2026,2,Texas A&M,Houston,0.12186466965786469,Houston,Deterministic-B,83
2026,2,Arizona,Utah St.,0.8257891559341833,Arizona,Deterministic-A,83
2026,2,Wisconsin,Arkansas,0.4950278069857847,Arkansas,Sampled,83
2026,2,BYU,Gonzaga,0.35499034688497266,Gonzaga,Deterministic-B,83
2026,2,Missouri,Purdue,0.12740044483533358,Purdue,Deterministic-B,83
2026,2,Michigan,Georgia,0.8507771524948368,Michigan,Deterministic-A,83
2026,2,Texas Tech,Alabama,0.5938325194380916,Texas Tech,Sampled,83
2026,2,Tennessee,Virginia,0.5960276902383712,Tennessee,Sampled,83
2026,2,Santa Clara,Iowa St.,0.2059360963517331,Iowa St.,Deterministic-B,83
2026,3,Duke,Kansas,0.7725501680853833,Duke,Deterministic-A,83
2026,3,Michigan St.,UCLA,0.4287541296772118,Michigan St.,Sampled,83
2026,3,Florida,Vanderbilt,0.6434590659410105,Florida,Deterministic-A,83
2026,3,Illinois,Houston,0.5308158063976895,Illinois,Sampled,83
2026,3,Arizona,Arkansas,0.665220260010551,Arizona,Deterministic-A,83
2026,3,Gonzaga,Purdue,0.1942405317302338,Purdue,Deterministic-B,83
2026,3,Michigan,Texas Tech,0.5885013419889603,Michigan,Sampled,83
2026,3,Tennessee,Iowa St.,0.3594694078281067,Iowa St.,Deterministic-B,83
2026,4,Duke,Michigan St.,0.7994688685835264,Duke,Deterministic-A,83
2026,4,Florida,Illinois,0.3869211107003162,Illinois,Deterministic-B,83
2026,4,Arizona,Purdue,0.45224561567796356,Arizona,Sampled,83
2026,4,Michigan,Iowa St.,0.5278884916804828,Iowa St.,Sampled,83
2026,5,Duke,Illinois,0.4164873314575824,Duke,Sampled,83
2026,5,Arizona,Iowa St.,0.4744711531664893,Arizona,Sampled,83
2026,6,Duke,Arizona,0.5709440018736711,Duke,Sampled,83
2026,1,Duke,Siena,0.9935438698062663,Duke,Deterministic-A,84
2026,1,Ohio St.,TCU,0.8173194099086936,Ohio St.,Deterministic-A,84
2026,1,St. John's,Northern Iowa,0.8194627325708945,St. John's,Deterministic-A,84
2026,1,Kansas,Cal Baptist,0.9344506724910557,Kansas,Deterministic-A,84
2026,1,Louisville,South Florida,0.7860380912034134,Louisville,Deterministic-A,84
2026,1,Michigan St.,North Dakota St.,0.9477264024763377,Michigan St.,Deterministic-A,84
2026,1,UCLA,UCF,0.8608948556036264,UCLA,Deterministic-A,84
2026,1,Connecticut,Furman,0.9796773412447337,Connecticut,Deterministic-A,84
2026,1,Florida,Prairie View A&M,0.9961818193152869,Florida,Deterministic-A,84
2026,1,Clemson,Iowa,0.3505781305379848,Iowa,Deterministic-B,84
2026,1,Vanderbilt,McNeese St.,0.9184152829092163,Vanderbilt,Deterministic-A,84
2026,1,Nebraska,Troy,0.9441633711220943,Nebraska,Deterministic-A,84
2026,1,North Carolina,VCU,0.6875785627731936,North Carolina,Deterministic-A,84
2026,1,Illinois,Penn,0.9895456375342501,Illinois,Deterministic-A,84
2026,1,Saint Mary's,Texas A&M,0.4438285608095177,Saint Mary's,Sampled,84
2026,1,Houston,Idaho,0.987795711852659,Houston,Deterministic-A,84
2026,1,Arizona,LIU,0.9965336858056648,Arizona,Deterministic-A,84
2026,1,Villanova,Utah St.,0.5234646169642977,Villanova,Sampled,84
2026,1,Wisconsin,High Point,0.9497165580486782,Wisconsin,Deterministic-A,84
2026,1,Arkansas,Hawaii,0.9716546622292703,Arkansas,Deterministic-A,84
2026,1,BYU,Texas,0.5197253112456744,BYU,Sampled,84
2026,1,Gonzaga,Kennesaw St.,0.9513542807092172,Gonzaga,Deterministic-A,84
2026,1,Miami FL,Missouri,0.4391702435681522,Miami FL,Sampled,84
2026,1,Purdue,Queens,0.9933361519375553,Purdue,Deterministic-A,84
2026,1,Michigan,Howard,0.9951159249018185,Michigan,Deterministic-A,84
2026,1,Georgia,Saint Louis,0.7686430302506854,Georgia,Deterministic-A,84
2026,1,Texas Tech,Akron,0.9458621882672305,Texas Tech,Deterministic-A,84
2026,1,Alabama,Hofstra,0.9264093701411587,Alabama,Deterministic-A,84
2026,1,Tennessee,SMU,0.7515098630756083,Tennessee,Deterministic-A,84
2026,1,Virginia,Wright St.,0.9482248567091944,Virginia,Deterministic-A,84
2026,1,Kentucky,Santa Clara,0.4440426006429322,Santa Clara,Sampled,84
2026,1,Iowa St.,Tennessee St.,0.9968430210633037,Iowa St.,Deterministic-A,84
2026,2,Duke,Ohio St.,0.7390086079975868,Duke,Deterministic-A,84
2026,2,St. John's,Kansas,0.5355379132546708,Kansas,Sampled,84
2026,2,Louisville,Michigan St.,0.5738745576876145,Louisville,Sampled,84
2026,2,UCLA,Connecticut,0.4866936834089793,Connecticut,Sampled,84
2026,2,Florida,Iowa,0.7639271236235,Florida,Deterministic-A,84
2026,2,Vanderbilt,Nebraska,0.6865031249657692,Vanderbilt,Deterministic-A,84
2026,2,North Carolina,Illinois,0.1085885722333618,Illinois,Deterministic-B,84
2026,2,Saint Mary's,Houston,0.09970310434646365,Houston,Deterministic-B,84
2026,2,Arizona,Villanova,0.8118606356348161,Arizona,Deterministic-A,84
2026,2,Wisconsin,Arkansas,0.4950278069857847,Arkansas,Sampled,84
2026,2,BYU,Gonzaga,0.35499034688497266,Gonzaga,Deterministic-B,84
2026,2,Miami FL,Purdue,0.10259926213999071,Purdue,Deterministic-B,84
2026,2,Michigan,Georgia,0.8507771524948368,Michigan,Deterministic-A,84
2026,2,Texas Tech,Alabama,0.5938325194380916,Alabama,Sampled,84
2026,2,Tennessee,Virginia,0.5960276902383712,Virginia,Sampled,84
2026,2,Santa Clara,Iowa St.,0.2059360963517331,Iowa St.,Deterministic-B,84
2026,3,Duke,Kansas,0.7725501680853833,Duke,Deterministic-A,84
2026,3,Louisville,Connecticut,0.489377384573671,Connecticut,Sampled,84
2026,3,Florida,Vanderbilt,0.6434590659410105,Florida,Deterministic-A,84
2026,3,Illinois,Houston,0.5308158063976895,Houston,Sampled,84
2026,3,Arizona,Arkansas,0.665220260010551,Arizona,Deterministic-A,84
2026,3,Gonzaga,Purdue,0.1942405317302338,Purdue,Deterministic-B,84
2026,3,Michigan,Alabama,0.6764719544732708,Michigan,Deterministic-A,84
2026,3,Virginia,Iowa St.,0.2755569966500777,Iowa St.,Deterministic-B,84
2026,4,Duke,Connecticut,0.7393907100072757,Duke,Deterministic-A,84
2026,4,Florida,Houston,0.41657408763462916,Houston,Sampled,84
2026,4,Arizona,Purdue,0.45224561567796356,Purdue,Sampled,84
2026,4,Michigan,Iowa St.,0.5278884916804828,Michigan,Sampled,84
2026,5,Duke,Houston,0.44675503197660105,Duke,Sampled,84
2026,5,Purdue,Michigan,0.4944320863679664,Purdue,Sampled,84
2026,6,Duke,Purdue,0.5235081899281402,Duke,Sampled,84
2026,1,Duke,Siena,0.9935438698062663,Duke,Deterministic-A,85
2026,1,Ohio St.,TCU,0.8173194099086936,Ohio St.,Deterministic-A,85
2026,1,St. John's,Northern Iowa,0.8194627325708945,St. John's,Deterministic-A,85
2026,1,Kansas,Cal Baptist,0.9344506724910557,Kansas,Deterministic-A,85
2026,1,Louisville,South Florida,0.7860380912034134,Louisville,Deterministic-A,85
2026,1,Michigan St.,North Dakota St.,0.9477264024763377,Michigan St.,Deterministic-A,85
2026,1,UCLA,UCF,0.8608948556036264,UCLA,Deterministic-A,85
2026,1,Connecticut,Furman,0.9796773412447337,Connecticut,Deterministic-A,85
2026,1,Florida,Prairie View A&M,0.9961818193152869,Florida,Deterministic-A,85
2026,1,Clemson,Iowa,0.3505781305379848,Iowa,Deterministic-B,85
2026,1,Vanderbilt,McNeese St.,0.9184152829092163,Vanderbilt,Deterministic-A,85
2026,1,Nebraska,Troy,0.9441633711220943,Nebraska,Deterministic-A,85
2026,1,North Carolina,VCU,0.6875785627731936,North Carolina,Deterministic-A,85
2026,1,Illinois,Penn,0.9895456375342501,Illinois,Deterministic-A,85
2026,1,Saint Mary's,Texas A&M,0.4438285608095177,Saint Mary's,Sampled,85
2026,1,Houston,Idaho,0.987795711852659,Houston,Deterministic-A,85
2026,1,Arizona,LIU,0.9965336858056648,Arizona,Deterministic-A,85
2026,1,Villanova,Utah St.,0.5234646169642977,Utah St.,Sampled,85
2026,1,Wisconsin,High Point,0.9497165580486782,Wisconsin,Deterministic-A,85
2026,1,Arkansas,Hawaii,0.9716546622292703,Arkansas,Deterministic-A,85
2026,1,BYU,Texas,0.5197253112456744,Texas,Sampled,85
2026,1,Gonzaga,Kennesaw St.,0.9513542807092172,Gonzaga,Deterministic-A,85
2026,1,Miami FL,Missouri,0.4391702435681522,Missouri,Sampled,85
2026,1,Purdue,Queens,0.9933361519375553,Purdue,Deterministic-A,85
2026,1,Michigan,Howard,0.9951159249018185,Michigan,Deterministic-A,85
2026,1,Georgia,Saint Louis,0.7686430302506854,Georgia,Deterministic-A,85
2026,1,Texas Tech,Akron,0.9458621882672305,Texas Tech,Deterministic-A,85
2026,1,Alabama,Hofstra,0.9264093701411587,Alabama,Deterministic-A,85
2026,1,Tennessee,SMU,0.7515098630756083,Tennessee,Deterministic-A,85
2026,1,Virginia,Wright St.,0.9482248567091944,Virginia,Deterministic-A,85
2026,1,Kentucky,Santa Clara,0.4440426006429322,Kentucky,Sampled,85
2026,1,Iowa St.,Tennessee St.,0.9968430210633037,Iowa St.,Deterministic-A,85
2026,2,Duke,Ohio St.,0.7390086079975868,Duke,Deterministic-A,85
2026,2,St. John's,Kansas,0.5355379132546708,St. John's,Sampled,85
2026,2,Louisville,Michigan St.,0.5738745576876145,Michigan St.,Sampled,85
2026,2,UCLA,Connecticut,0.4866936834089793,Connecticut,Sampled,85
2026,2,Florida,Iowa,0.7639271236235,Florida,Deterministic-A,85
2026,2,Vanderbilt,Nebraska,0.6865031249657692,Vanderbilt,Deterministic-A,85
2026,2,North Carolina,Illinois,0.1085885722333618,Illinois,Deterministic-B,85
2026,2,Saint Mary's,Houston,0.09970310434646365,Houston,Deterministic-B,85
2026,2,Arizona,Utah St.,0.8257891559341833,Arizona,Deterministic-A,85
2026,2,Wisconsin,Arkansas,0.4950278069857847,Arkansas,Sampled,85
2026,2,Texas,Gonzaga,0.3371285202551729,Gonzaga,Deterministic-B,85
2026,2,Missouri,Purdue,0.12740044483533358,Purdue,Deterministic-B,85
2026,2,Michigan,Georgia,0.8507771524948368,Michigan,Deterministic-A,85
2026,2,Texas Tech,Alabama,0.5938325194380916,Alabama,Sampled,85
2026,2,Tennessee,Virginia,0.5960276902383712,Virginia,Sampled,85
2026,2,Kentucky,Iowa St.,0.1715944196714473,Iowa St.,Deterministic-B,85
2026,3,Duke,St. John's,0.7465650367093921,Duke,Deterministic-A,85
2026,3,Michigan St.,Connecticut,0.4157672305224931,Michigan St.,Sampled,85
2026,3,Florida,Vanderbilt,0.6434590659410105,Florida,Deterministic-A,85
2026,3,Illinois,Houston,0.5308158063976895,Illinois,Sampled,85
2026,3,Arizona,Arkansas,0.665220260010551,Arizona,Deterministic-A,85
2026,3,Gonzaga,Purdue,0.1942405317302338,Purdue,Deterministic-B,85
2026,3,Michigan,Alabama,0.6764719544732708,Michigan,Deterministic-A,85
2026,3,Virginia,Iowa St.,0.2755569966500777,Iowa St.,Deterministic-B,85
2026,4,Duke,Michigan St.,0.7994688685835264,Duke,Deterministic-A,85
2026,4,Florida,Illinois,0.3869211107003162,Illinois,Deterministic-B,85
2026,4,Arizona,Purdue,0.45224561567796356,Arizona,Sampled,85
2026,4,Michigan,Iowa St.,0.5278884916804828,Iowa St.,Sampled,85
2026,5,Duke,Illinois,0.4164873314575824,Illinois,Sampled,85
2026,5,Arizona,Iowa St.,0.4744711531664893,Arizona,Sampled,85
2026,6,Illinois,Arizona,0.6508809589180099,Illinois,Deterministic-A,85
2026,1,Duke,Siena,0.9935438698062663,Duke,Deterministic-A,86
2026,1,Ohio St.,TCU,0.8173194099086936,Ohio St.,Deterministic-A,86
2026,1,St. John's,Northern Iowa,0.8194627325708945,St. John's,Deterministic-A,86
2026,1,Kansas,Cal Baptist,0.9344506724910557,Kansas,Deterministic-A,86
2026,1,Louisville,South Florida,0.7860380912034134,Louisville,Deterministic-A,86
2026,1,Michigan St.,North Dakota St.,0.9477264024763377,Michigan St.,Deterministic-A,86
2026,1,UCLA,UCF,0.8608948556036264,UCLA,Deterministic-A,86
2026,1,Connecticut,Furman,0.9796773412447337,Connecticut,Deterministic-A,86
2026,1,Florida,Prairie View A&M,0.9961818193152869,Florida,Deterministic-A,86
2026,1,Clemson,Iowa,0.3505781305379848,Iowa,Deterministic-B,86
2026,1,Vanderbilt,McNeese St.,0.9184152829092163,Vanderbilt,Deterministic-A,86
2026,1,Nebraska,Troy,0.9441633711220943,Nebraska,Deterministic-A,86
2026,1,North Carolina,VCU,0.6875785627731936,North Carolina,Deterministic-A,86
2026,1,Illinois,Penn,0.9895456375342501,Illinois,Deterministic-A,86
2026,1,Saint Mary's,Texas A&M,0.4438285608095177,Texas A&M,Sampled,86
2026,1,Houston,Idaho,0.987795711852659,Houston,Deterministic-A,86
2026,1,Arizona,LIU,0.9965336858056648,Arizona,Deterministic-A,86
2026,1,Villanova,Utah St.,0.5234646169642977,Villanova,Sampled,86
2026,1,Wisconsin,High Point,0.9497165580486782,Wisconsin,Deterministic-A,86
2026,1,Arkansas,Hawaii,0.9716546622292703,Arkansas,Deterministic-A,86
2026,1,BYU,Texas,0.5197253112456744,BYU,Sampled,86
2026,1,Gonzaga,Kennesaw St.,0.9513542807092172,Gonzaga,Deterministic-A,86
2026,1,Miami FL,Missouri,0.4391702435681522,Miami FL,Sampled,86
2026,1,Purdue,Queens,0.9933361519375553,Purdue,Deterministic-A,86
2026,1,Michigan,Howard,0.9951159249018185,Michigan,Deterministic-A,86
2026,1,Georgia,Saint Louis,0.7686430302506854,Georgia,Deterministic-A,86
2026,1,Texas Tech,Akron,0.9458621882672305,Texas Tech,Deterministic-A,86
2026,1,Alabama,Hofstra,0.9264093701411587,Alabama,Deterministic-A,86
2026,1,Tennessee,SMU,0.7515098630756083,Tennessee,Deterministic-A,86
2026,1,Virginia,Wright St.,0.9482248567091944,Virginia,Deterministic-A,86
2026,1,Kentucky,Santa Clara,0.4440426006429322,Kentucky,Sampled,86
2026,1,Iowa St.,Tennessee St.,0.9968430210633037,Iowa St.,Deterministic-A,86
2026,2,Duke,Ohio St.,0.7390086079975868,Duke,Deterministic-A,86
2026,2,St. John's,Kansas,0.5355379132546708,Kansas,Sampled,86
2026,2,Louisville,Michigan St.,0.5738745576876145,Louisville,Sampled,86
2026,2,UCLA,Connecticut,0.4866936834089793,Connecticut,Sampled,86
2026,2,Florida,Iowa,0.7639271236235,Florida,Deterministic-A,86
2026,2,Vanderbilt,Nebraska,0.6865031249657692,Vanderbilt,Deterministic-A,86
2026,2,North Carolina,Illinois,0.1085885722333618,Illinois,Deterministic-B,86
2026,2,Texas A&M,Houston,0.12186466965786469,Houston,Deterministic-B,86
2026,2,Arizona,Villanova,0.8118606356348161,Arizona,Deterministic-A,86
2026,2,Wisconsin,Arkansas,0.4950278069857847,Arkansas,Sampled,86
2026,2,BYU,Gonzaga,0.35499034688497266,Gonzaga,Deterministic-B,86
2026,2,Miami FL,Purdue,0.10259926213999071,Purdue,Deterministic-B,86
2026,2,Michigan,Georgia,0.8507771524948368,Michigan,Deterministic-A,86
2026,2,Texas Tech,Alabama,0.5938325194380916,Texas Tech,Sampled,86
2026,2,Tennessee,Virginia,0.5960276902383712,Tennessee,Sampled,86
2026,2,Kentucky,Iowa St.,0.1715944196714473,Iowa St.,Deterministic-B,86
2026,3,Duke,Kansas,0.7725501680853833,Duke,Deterministic-A,86
2026,3,Louisville,Connecticut,0.489377384573671,Connecticut,Sampled,86
2026,3,Florida,Vanderbilt,0.6434590659410105,Florida,Deterministic-A,86
2026,3,Illinois,Houston,0.5308158063976895,Illinois,Sampled,86
2026,3,Arizona,Arkansas,0.665220260010551,Arizona,Deterministic-A,86
2026,3,Gonzaga,Purdue,0.1942405317302338,Purdue,Deterministic-B,86
2026,3,Michigan,Texas Tech,0.5885013419889603,Texas Tech,Sampled,86
2026,3,Tennessee,Iowa St.,0.3594694078281067,Iowa St.,Deterministic-B,86
2026,4,Duke,Connecticut,0.7393907100072757,Duke,Deterministic-A,86
2026,4,Florida,Illinois,0.3869211107003162,Illinois,Deterministic-B,86
2026,4,Arizona,Purdue,0.45224561567796356,Arizona,Sampled,86
2026,4,Texas Tech,Iowa St.,0.43878277184709924,Iowa St.,Sampled,86
2026,5,Duke,Illinois,0.4164873314575824,Illinois,Sampled,86
2026,5,Arizona,Iowa St.,0.4744711531664893,Arizona,Sampled,86
2026,6,Illinois,Arizona,0.6508809589180099,Illinois,Deterministic-A,86
2026,1,Duke,Siena,0.9935438698062663,Duke,Deterministic-A,87
2026,1,Ohio St.,TCU,0.8173194099086936,Ohio St.,Deterministic-A,87
2026,1,St. John's,Northern Iowa,0.8194627325708945,St. John's,Deterministic-A,87
2026,1,Kansas,Cal Baptist,0.9344506724910557,Kansas,Deterministic-A,87
2026,1,Louisville,South Florida,0.7860380912034134,Louisville,Deterministic-A,87
2026,1,Michigan St.,North Dakota St.,0.9477264024763377,Michigan St.,Deterministic-A,87
2026,1,UCLA,UCF,0.8608948556036264,UCLA,Deterministic-A,87
2026,1,Connecticut,Furman,0.9796773412447337,Connecticut,Deterministic-A,87
2026,1,Florida,Prairie View A&M,0.9961818193152869,Florida,Deterministic-A,87
2026,1,Clemson,Iowa,0.3505781305379848,Iowa,Deterministic-B,87
2026,1,Vanderbilt,McNeese St.,0.9184152829092163,Vanderbilt,Deterministic-A,87
2026,1,Nebraska,Troy,0.9441633711220943,Nebraska,Deterministic-A,87
2026,1,North Carolina,VCU,0.6875785627731936,North Carolina,Deterministic-A,87
2026,1,Illinois,Penn,0.9895456375342501,Illinois,Deterministic-A,87
2026,1,Saint Mary's,Texas A&M,0.4438285608095177,Saint Mary's,Sampled,87
2026,1,Houston,Idaho,0.987795711852659,Houston,Deterministic-A,87
2026,1,Arizona,LIU,0.9965336858056648,Arizona,Deterministic-A,87
2026,1,Villanova,Utah St.,0.5234646169642977,Utah St.,Sampled,87
2026,1,Wisconsin,High Point,0.9497165580486782,Wisconsin,Deterministic-A,87
2026,1,Arkansas,Hawaii,0.9716546622292703,Arkansas,Deterministic-A,87
2026,1,BYU,Texas,0.5197253112456744,BYU,Sampled,87
2026,1,Gonzaga,Kennesaw St.,0.9513542807092172,Gonzaga,Deterministic-A,87
2026,1,Miami FL,Missouri,0.4391702435681522,Miami FL,Sampled,87
2026,1,Purdue,Queens,0.9933361519375553,Purdue,Deterministic-A,87
2026,1,Michigan,Howard,0.9951159249018185,Michigan,Deterministic-A,87
2026,1,Georgia,Saint Louis,0.7686430302506854,Georgia,Deterministic-A,87
2026,1,Texas Tech,Akron,0.9458621882672305,Texas Tech,Deterministic-A,87
2026,1,Alabama,Hofstra,0.9264093701411587,Alabama,Deterministic-A,87
2026,1,Tennessee,SMU,0.7515098630756083,Tennessee,Deterministic-A,87
2026,1,Virginia,Wright St.,0.9482248567091944,Virginia,Deterministic-A,87
2026,1,Kentucky,Santa Clara,0.4440426006429322,Kentucky,Sampled,87
2026,1,Iowa St.,Tennessee St.,0.9968430210633037,Iowa St.,Deterministic-A,87
2026,2,Duke,Ohio St.,0.7390086079975868,Duke,Deterministic-A,87
2026,2,St. John's,Kansas,0.5355379132546708,St. John's,Sampled,87
2026,2,Louisville,Michigan St.,0.5738745576876145,Michigan St.,Sampled,87
2026,2,UCLA,Connecticut,0.4866936834089793,Connecticut,Sampled,87
2026,2,Florida,Iowa,0.7639271236235,Florida,Deterministic-A,87
2026,2,Vanderbilt,Nebraska,0.6865031249657692,Vanderbilt,Deterministic-A,87
2026,2,North Carolina,Illinois,0.1085885722333618,Illinois,Deterministic-B,87
2026,2,Saint Mary's,Houston,0.09970310434646365,Houston,Deterministic-B,87
2026,2,Arizona,Utah St.,0.8257891559341833,Arizona,Deterministic-A,87
2026,2,Wisconsin,Arkansas,0.4950278069857847,Wisconsin,Sampled,87
2026,2,BYU,Gonzaga,0.35499034688497266,Gonzaga,Deterministic-B,87
2026,2,Miami FL,Purdue,0.10259926213999071,Purdue,Deterministic-B,87
2026,2,Michigan,Georgia,0.8507771524948368,Michigan,Deterministic-A,87
2026,2,Texas Tech,Alabama,0.5938325194380916,Alabama,Sampled,87
2026,2,Tennessee,Virginia,0.5960276902383712,Tennessee,Sampled,87
2026,2,Kentucky,Iowa St.,0.1715944196714473,Iowa St.,Deterministic-B,87
2026,3,Duke,St. John's,0.7465650367093921,Duke,Deterministic-A,87
2026,3,Michigan St.,Connecticut,0.4157672305224931,Michigan St.,Sampled,87
2026,3,Florida,Vanderbilt,0.6434590659410105,Florida,Deterministic-A,87
2026,3,Illinois,Houston,0.5308158063976895,Houston,Sampled,87
2026,3,Arizona,Wisconsin,0.6696350275590703,Arizona,Deterministic-A,87
2026,3,Gonzaga,Purdue,0.1942405317302338,Purdue,Deterministic-B,87
2026,3,Michigan,Alabama,0.6764719544732708,Michigan,Deterministic-A,87
2026,3,Tennessee,Iowa St.,0.3594694078281067,Iowa St.,Deterministic-B,87
2026,4,Duke,Michigan St.,0.7994688685835264,Duke,Deterministic-A,87
2026,4,Florida,Houston,0.41657408763462916,Houston,Sampled,87
2026,4,Arizona,Purdue,0.45224561567796356,Arizona,Sampled,87
2026,4,Michigan,Iowa St.,0.5278884916804828,Michigan,Sampled,87
2026,5,Duke,Houston,0.44675503197660105,Houston,Sampled,87
2026,5,Arizona,Michigan,0.4467343537440333,Michigan,Sampled,87
2026,6,Houston,Michigan,0.5709235073185751,Houston,Sampled,87
2026,1,Duke,Siena,0.9935438698062663,Duke,Deterministic-A,88
2026,1,Ohio St.,TCU,0.8173194099086936,Ohio St.,Deterministic-A,88
2026,1,St. John's,Northern Iowa,0.8194627325708945,St. John's,Deterministic-A,88
2026,1,Kansas,Cal Baptist,0.9344506724910557,Kansas,Deterministic-A,88
2026,1,Louisville,South Florida,0.7860380912034134,Louisville,Deterministic-A,88
2026,1,Michigan St.,North Dakota St.,0.9477264024763377,Michigan St.,Deterministic-A,88
2026,1,UCLA,UCF,0.8608948556036264,UCLA,Deterministic-A,88
2026,1,Connecticut,Furman,0.9796773412447337,Connecticut,Deterministic-A,88
2026,1,Florida,Prairie View A&M,0.9961818193152869,Florida,Deterministic-A,88
2026,1,Clemson,Iowa,0.3505781305379848,Iowa,Deterministic-B,88
2026,1,Vanderbilt,McNeese St.,0.9184152829092163,Vanderbilt,Deterministic-A,88
2026,1,Nebraska,Troy,0.9441633711220943,Nebraska,Deterministic-A,88
2026,1,North Carolina,VCU,0.6875785627731936,North Carolina,Deterministic-A,88
2026,1,Illinois,Penn,0.9895456375342501,Illinois,Deterministic-A,88
2026,1,Saint Mary's,Texas A&M,0.4438285608095177,Saint Mary's,Sampled,88
2026,1,Houston,Idaho,0.987795711852659,Houston,Deterministic-A,88
2026,1,Arizona,LIU,0.9965336858056648,Arizona,Deterministic-A,88
2026,1,Villanova,Utah St.,0.5234646169642977,Utah St.,Sampled,88
2026,1,Wisconsin,High Point,0.9497165580486782,Wisconsin,Deterministic-A,88
2026,1,Arkansas,Hawaii,0.9716546622292703,Arkansas,Deterministic-A,88
2026,1,BYU,Texas,0.5197253112456744,BYU,Sampled,88
2026,1,Gonzaga,Kennesaw St.,0.9513542807092172,Gonzaga,Deterministic-A,88
2026,1,Miami FL,Missouri,0.4391702435681522,Miami FL,Sampled,88
2026,1,Purdue,Queens,0.9933361519375553,Purdue,Deterministic-A,88
2026,1,Michigan,Howard,0.9951159249018185,Michigan,Deterministic-A,88
2026,1,Georgia,Saint Louis,0.7686430302506854,Georgia,Deterministic-A,88
2026,1,Texas Tech,Akron,0.9458621882672305,Texas Tech,Deterministic-A,88
2026,1,Alabama,Hofstra,0.9264093701411587,Alabama,Deterministic-A,88
2026,1,Tennessee,SMU,0.7515098630756083,Tennessee,Deterministic-A,88
2026,1,Virginia,Wright St.,0.9482248567091944,Virginia,Deterministic-A,88
2026,1,Kentucky,Santa Clara,0.4440426006429322,Kentucky,Sampled,88
2026,1,Iowa St.,Tennessee St.,0.9968430210633037,Iowa St.,Deterministic-A,88
2026,2,Duke,Ohio St.,0.7390086079975868,Duke,Deterministic-A,88
2026,2,St. John's,Kansas,0.5355379132546708,St. John's,Sampled,88
2026,2,Louisville,Michigan St.,0.5738745576876145,Louisville,Sampled,88
2026,2,UCLA,Connecticut,0.4866936834089793,Connecticut,Sampled,88
2026,2,Florida,Iowa,0.7639271236235,Florida,Deterministic-A,88
2026,2,Vanderbilt,Nebraska,0.6865031249657692,Vanderbilt,Deterministic-A,88
2026,2,North Carolina,Illinois,0.1085885722333618,Illinois,Deterministic-B,88
2026,2,Saint Mary's,Houston,0.09970310434646365,Houston,Deterministic-B,88
2026,2,Arizona,Utah St.,0.8257891559341833,Arizona,Deterministic-A,88
2026,2,Wisconsin,Arkansas,0.4950278069857847,Arkansas,Sampled,88
2026,2,BYU,Gonzaga,0.35499034688497266,Gonzaga,Deterministic-B,88
2026,2,Miami FL,Purdue,0.10259926213999071,Purdue,Deterministic-B,88
2026,2,Michigan,Georgia,0.8507771524948368,Michigan,Deterministic-A,88
2026,2,Texas Tech,Alabama,0.5938325194380916,Alabama,Sampled,88
2026,2,Tennessee,Virginia,0.5960276902383712,Virginia,Sampled,88
2026,2,Kentucky,Iowa St.,0.1715944196714473,Iowa St.,Deterministic-B,88
2026,3,Duke,St. John's,0.7465650367093921,Duke,Deterministic-A,88
2026,3,Louisville,Connecticut,0.489377384573671,Louisville,Sampled,88
2026,3,Florida,Vanderbilt,0.6434590659410105,Florida,Deterministic-A,88
2026,3,Illinois,Houston,0.5308158063976895,Illinois,Sampled,88
2026,3,Arizona,Arkansas,0.665220260010551,Arizona,Deterministic-A,88
2026,3,Gonzaga,Purdue,0.1942405317302338,Purdue,Deterministic-B,88
2026,3,Michigan,Alabama,0.6764719544732708,Michigan,Deterministic-A,88
2026,3,Virginia,Iowa St.,0.2755569966500777,Iowa St.,Deterministic-B,88
2026,4,Duke,Louisville,0.7474958418351636,Duke,Deterministic-A,88
2026,4,Florida,Illinois,0.3869211107003162,Illinois,Deterministic-B,88
2026,4,Arizona,Purdue,0.45224561567796356,Purdue,Sampled,88
2026,4,Michigan,Iowa St.,0.5278884916804828,Michigan,Sampled,88
2026,5,Duke,Illinois,0.4164873314575824,Illinois,Sampled,88
2026,5,Purdue,Michigan,0.4944320863679664,Michigan,Sampled,88
2026,6,Illinois,Michigan,0.60085759040946,Illinois,Deterministic-A,88
2026,1,Duke,Siena,0.9935438698062663,Duke,Deterministic-A,89
2026,1,Ohio St.,TCU,0.8173194099086936,Ohio St.,Deterministic-A,89
2026,1,St. John's,Northern Iowa,0.8194627325708945,St. John's,Deterministic-A,89
2026,1,Kansas,Cal Baptist,0.9344506724910557,Kansas,Deterministic-A,89
2026,1,Louisville,South Florida,0.7860380912034134,Louisville,Deterministic-A,89
2026,1,Michigan St.,North Dakota St.,0.9477264024763377,Michigan St.,Deterministic-A,89
2026,1,UCLA,UCF,0.8608948556036264,UCLA,Deterministic-A,89
2026,1,Connecticut,Furman,0.9796773412447337,Connecticut,Deterministic-A,89
2026,1,Florida,Prairie View A&M,0.9961818193152869,Florida,Deterministic-A,89
2026,1,Clemson,Iowa,0.3505781305379848,Iowa,Deterministic-B,89
2026,1,Vanderbilt,McNeese St.,0.9184152829092163,Vanderbilt,Deterministic-A,89
2026,1,Nebraska,Troy,0.9441633711220943,Nebraska,Deterministic-A,89
2026,1,North Carolina,VCU,0.6875785627731936,North Carolina,Deterministic-A,89
2026,1,Illinois,Penn,0.9895456375342501,Illinois,Deterministic-A,89
2026,1,Saint Mary's,Texas A&M,0.4438285608095177,Saint Mary's,Sampled,89
2026,1,Houston,Idaho,0.987795711852659,Houston,Deterministic-A,89
2026,1,Arizona,LIU,0.9965336858056648,Arizona,Deterministic-A,89
2026,1,Villanova,Utah St.,0.5234646169642977,Villanova,Sampled,89
2026,1,Wisconsin,High Point,0.9497165580486782,Wisconsin,Deterministic-A,89
2026,1,Arkansas,Hawaii,0.9716546622292703,Arkansas,Deterministic-A,89
2026,1,BYU,Texas,0.5197253112456744,BYU,Sampled,89
2026,1,Gonzaga,Kennesaw St.,0.9513542807092172,Gonzaga,Deterministic-A,89
2026,1,Miami FL,Missouri,0.4391702435681522,Miami FL,Sampled,89
2026,1,Purdue,Queens,0.9933361519375553,Purdue,Deterministic-A,89
2026,1,Michigan,Howard,0.9951159249018185,Michigan,Deterministic-A,89
2026,1,Georgia,Saint Louis,0.7686430302506854,Georgia,Deterministic-A,89
2026,1,Texas Tech,Akron,0.9458621882672305,Texas Tech,Deterministic-A,89
2026,1,Alabama,Hofstra,0.9264093701411587,Alabama,Deterministic-A,89
2026,1,Tennessee,SMU,0.7515098630756083,Tennessee,Deterministic-A,89
2026,1,Virginia,Wright St.,0.9482248567091944,Virginia,Deterministic-A,89
2026,1,Kentucky,Santa Clara,0.4440426006429322,Santa Clara,Sampled,89
2026,1,Iowa St.,Tennessee St.,0.9968430210633037,Iowa St.,Deterministic-A,89
2026,2,Duke,Ohio St.,0.7390086079975868,Duke,Deterministic-A,89
2026,2,St. John's,Kansas,0.5355379132546708,St. John's,Sampled,89
2026,2,Louisville,Michigan St.,0.5738745576876145,Michigan St.,Sampled,89
2026,2,UCLA,Connecticut,0.4866936834089793,Connecticut,Sampled,89
2026,2,Florida,Iowa,0.7639271236235,Florida,Deterministic-A,89
2026,2,Vanderbilt,Nebraska,0.6865031249657692,Vanderbilt,Deterministic-A,89
2026,2,North Carolina,Illinois,0.1085885722333618,Illinois,Deterministic-B,89
2026,2,Saint Mary's,Houston,0.09970310434646365,Houston,Deterministic-B,89
2026,2,Arizona,Villanova,0.8118606356348161,Arizona,Deterministic-A,89
2026,2,Wisconsin,Arkansas,0.4950278069857847,Arkansas,Sampled,89
2026,2,BYU,Gonzaga,0.35499034688497266,Gonzaga,Deterministic-B,89
2026,2,Miami FL,Purdue,0.10259926213999071,Purdue,Deterministic-B,89
2026,2,Michigan,Georgia,0.8507771524948368,Michigan,Deterministic-A,89
2026,2,Texas Tech,Alabama,0.5938325194380916,Texas Tech,Sampled,89
2026,2,Tennessee,Virginia,0.5960276902383712,Tennessee,Sampled,89
2026,2,Santa Clara,Iowa St.,0.2059360963517331,Iowa St.,Deterministic-B,89
2026,3,Duke,St. John's,0.7465650367093921,Duke,Deterministic-A,89
2026,3,Michigan St.,Connecticut,0.4157672305224931,Michigan St.,Sampled,89
2026,3,Florida,Vanderbilt,0.6434590659410105,Florida,Deterministic-A,89
2026,3,Illinois,Houston,0.5308158063976895,Illinois,Sampled,89
2026,3,Arizona,Arkansas,0.665220260010551,Arizona,Deterministic-A,89
2026,3,Gonzaga,Purdue,0.1942405317302338,Purdue,Deterministic-B,89
2026,3,Michigan,Texas Tech,0.5885013419889603,Texas Tech,Sampled,89
2026,3,Tennessee,Iowa St.,0.3594694078281067,Iowa St.,Deterministic-B,89
2026,4,Duke,Michigan St.,0.7994688685835264,Duke,Deterministic-A,89
2026,4,Florida,Illinois,0.3869211107003162,Illinois,Deterministic-B,89
2026,4,Arizona,Purdue,0.45224561567796356,Arizona,Sampled,89
2026,4,Texas Tech,Iowa St.,0.43878277184709924,Texas Tech,Sampled,89
2026,5,Duke,Illinois,0.4164873314575824,Illinois,Sampled,89
2026,5,Arizona,Texas Tech,0.5359128806719368,Arizona,Sampled,89
2026,6,Illinois,Arizona,0.6508809589180099,Illinois,Deterministic-A,89
2026,1,Duke,Siena,0.9935438698062663,Duke,Deterministic-A,90
2026,1,Ohio St.,TCU,0.8173194099086936,Ohio St.,Deterministic-A,90
2026,1,St. John's,Northern Iowa,0.8194627325708945,St. John's,Deterministic-A,90
2026,1,Kansas,Cal Baptist,0.9344506724910557,Kansas,Deterministic-A,90
2026,1,Louisville,South Florida,0.7860380912034134,Louisville,Deterministic-A,90
2026,1,Michigan St.,North Dakota St.,0.9477264024763377,Michigan St.,Deterministic-A,90
2026,1,UCLA,UCF,0.8608948556036264,UCLA,Deterministic-A,90
2026,1,Connecticut,Furman,0.9796773412447337,Connecticut,Deterministic-A,90
2026,1,Florida,Prairie View A&M,0.9961818193152869,Florida,Deterministic-A,90
2026,1,Clemson,Iowa,0.3505781305379848,Iowa,Deterministic-B,90
2026,1,Vanderbilt,McNeese St.,0.9184152829092163,Vanderbilt,Deterministic-A,90
2026,1,Nebraska,Troy,0.9441633711220943,Nebraska,Deterministic-A,90
2026,1,North Carolina,VCU,0.6875785627731936,North Carolina,Deterministic-A,90
2026,1,Illinois,Penn,0.9895456375342501,Illinois,Deterministic-A,90
2026,1,Saint Mary's,Texas A&M,0.4438285608095177,Saint Mary's,Sampled,90
2026,1,Houston,Idaho,0.987795711852659,Houston,Deterministic-A,90
2026,1,Arizona,LIU,0.9965336858056648,Arizona,Deterministic-A,90
2026,1,Villanova,Utah St.,0.5234646169642977,Villanova,Sampled,90
2026,1,Wisconsin,High Point,0.9497165580486782,Wisconsin,Deterministic-A,90
2026,1,Arkansas,Hawaii,0.9716546622292703,Arkansas,Deterministic-A,90
2026,1,BYU,Texas,0.5197253112456744,Texas,Sampled,90
2026,1,Gonzaga,Kennesaw St.,0.9513542807092172,Gonzaga,Deterministic-A,90
2026,1,Miami FL,Missouri,0.4391702435681522,Missouri,Sampled,90
2026,1,Purdue,Queens,0.9933361519375553,Purdue,Deterministic-A,90
2026,1,Michigan,Howard,0.9951159249018185,Michigan,Deterministic-A,90
2026,1,Georgia,Saint Louis,0.7686430302506854,Georgia,Deterministic-A,90
2026,1,Texas Tech,Akron,0.9458621882672305,Texas Tech,Deterministic-A,90
2026,1,Alabama,Hofstra,0.9264093701411587,Alabama,Deterministic-A,90
2026,1,Tennessee,SMU,0.7515098630756083,Tennessee,Deterministic-A,90
2026,1,Virginia,Wright St.,0.9482248567091944,Virginia,Deterministic-A,90
2026,1,Kentucky,Santa Clara,0.4440426006429322,Kentucky,Sampled,90
2026,1,Iowa St.,Tennessee St.,0.9968430210633037,Iowa St.,Deterministic-A,90
2026,2,Duke,Ohio St.,0.7390086079975868,Duke,Deterministic-A,90
2026,2,St. John's,Kansas,0.5355379132546708,Kansas,Sampled,90
2026,2,Louisville,Michigan St.,0.5738745576876145,Michigan St.,Sampled,90
2026,2,UCLA,Connecticut,0.4866936834089793,Connecticut,Sampled,90
2026,2,Florida,Iowa,0.7639271236235,Florida,Deterministic-A,90
2026,2,Vanderbilt,Nebraska,0.6865031249657692,Vanderbilt,Deterministic-A,90
2026,2,North Carolina,Illinois,0.1085885722333618,Illinois,Deterministic-B,90
2026,2,Saint Mary's,Houston,0.09970310434646365,Houston,Deterministic-B,90
2026,2,Arizona,Villanova,0.8118606356348161,Arizona,Deterministic-A,90
2026,2,Wisconsin,Arkansas,0.4950278069857847,Wisconsin,Sampled,90
2026,2,Texas,Gonzaga,0.3371285202551729,Gonzaga,Deterministic-B,90
2026,2,Missouri,Purdue,0.12740044483533358,Purdue,Deterministic-B,90
2026,2,Michigan,Georgia,0.8507771524948368,Michigan,Deterministic-A,90
2026,2,Texas Tech,Alabama,0.5938325194380916,Texas Tech,Sampled,90
2026,2,Tennessee,Virginia,0.5960276902383712,Virginia,Sampled,90
2026,2,Kentucky,Iowa St.,0.1715944196714473,Iowa St.,Deterministic-B,90
2026,3,Duke,Kansas,0.7725501680853833,Duke,Deterministic-A,90
2026,3,Michigan St.,Connecticut,0.4157672305224931,Michigan St.,Sampled,90
2026,3,Florida,Vanderbilt,0.6434590659410105,Florida,Deterministic-A,90
2026,3,Illinois,Houston,0.5308158063976895,Houston,Sampled,90
2026,3,Arizona,Wisconsin,0.6696350275590703,Arizona,Deterministic-A,90
2026,3,Gonzaga,Purdue,0.1942405317302338,Purdue,Deterministic-B,90
2026,3,Michigan,Texas Tech,0.5885013419889603,Texas Tech,Sampled,90
2026,3,Virginia,Iowa St.,0.2755569966500777,Iowa St.,Deterministic-B,90
2026,4,Duke,Michigan St.,0.7994688685835264,Duke,Deterministic-A,90
2026,4,Florida,Houston,0.41657408763462916,Florida,Sampled,90
2026,4,Arizona,Purdue,0.45224561567796356,Purdue,Sampled,90
2026,4,Texas Tech,Iowa St.,0.43878277184709924,Iowa St.,Sampled,90
2026,5,Duke,Florida,0.5307269011552253,Florida,Sampled,90
2026,5,Purdue,Iowa St.,0.5223344504860334,Purdue,Sampled,90
2026,6,Florida,Purdue,0.4927603710573575,Purdue,Sampled,90
2026,1,Duke,Siena,0.9935438698062663,Duke,Deterministic-A,91
2026,1,Ohio St.,TCU,0.8173194099086936,Ohio St.,Deterministic-A,91
2026,1,St. John's,Northern Iowa,0.8194627325708945,St. John's,Deterministic-A,91
2026,1,Kansas,Cal Baptist,0.9344506724910557,Kansas,Deterministic-A,91
2026,1,Louisville,South Florida,0.7860380912034134,Louisville,Deterministic-A,91
2026,1,Michigan St.,North Dakota St.,0.9477264024763377,Michigan St.,Deterministic-A,91
2026,1,UCLA,UCF,0.8608948556036264,UCLA,Deterministic-A,91
2026,1,Connecticut,Furman,0.9796773412447337,Connecticut,Deterministic-A,91
2026,1,Florida,Prairie View A&M,0.9961818193152869,Florida,Deterministic-A,91
2026,1,Clemson,Iowa,0.3505781305379848,Iowa,Deterministic-B,91
2026,1,Vanderbilt,McNeese St.,0.9184152829092163,Vanderbilt,Deterministic-A,91
2026,1,Nebraska,Troy,0.9441633711220943,Nebraska,Deterministic-A,91
2026,1,North Carolina,VCU,0.6875785627731936,North Carolina,Deterministic-A,91
2026,1,Illinois,Penn,0.9895456375342501,Illinois,Deterministic-A,91
2026,1,Saint Mary's,Texas A&M,0.4438285608095177,Texas A&M,Sampled,91
2026,1,Houston,Idaho,0.987795711852659,Houston,Deterministic-A,91
2026,1,Arizona,LIU,0.9965336858056648,Arizona,Deterministic-A,91
2026,1,Villanova,Utah St.,0.5234646169642977,Utah St.,Sampled,91
2026,1,Wisconsin,High Point,0.9497165580486782,Wisconsin,Deterministic-A,91
2026,1,Arkansas,Hawaii,0.9716546622292703,Arkansas,Deterministic-A,91
2026,1,BYU,Texas,0.5197253112456744,Texas,Sampled,91
2026,1,Gonzaga,Kennesaw St.,0.9513542807092172,Gonzaga,Deterministic-A,91
2026,1,Miami FL,Missouri,0.4391702435681522,Missouri,Sampled,91
2026,1,Purdue,Queens,0.9933361519375553,Purdue,Deterministic-A,91
2026,1,Michigan,Howard,0.9951159249018185,Michigan,Deterministic-A,91
2026,1,Georgia,Saint Louis,0.7686430302506854,Georgia,Deterministic-A,91
2026,1,Texas Tech,Akron,0.9458621882672305,Texas Tech,Deterministic-A,91
2026,1,Alabama,Hofstra,0.9264093701411587,Alabama,Deterministic-A,91
2026,1,Tennessee,SMU,0.7515098630756083,Tennessee,Deterministic-A,91
2026,1,Virginia,Wright St.,0.9482248567091944,Virginia,Deterministic-A,91
2026,1,Kentucky,Santa Clara,0.4440426006429322,Kentucky,Sampled,91
2026,1,Iowa St.,Tennessee St.,0.9968430210633037,Iowa St.,Deterministic-A,91
2026,2,Duke,Ohio St.,0.7390086079975868,Duke,Deterministic-A,91
2026,2,St. John's,Kansas,0.5355379132546708,St. John's,Sampled,91
2026,2,Louisville,Michigan St.,0.5738745576876145,Louisville,Sampled,91
2026,2,UCLA,Connecticut,0.4866936834089793,Connecticut,Sampled,91
2026,2,Florida,Iowa,0.7639271236235,Florida,Deterministic-A,91
2026,2,Vanderbilt,Nebraska,0.6865031249657692,Vanderbilt,Deterministic-A,91
2026,2,North Carolina,Illinois,0.1085885722333618,Illinois,Deterministic-B,91
2026,2,Texas A&M,Houston,0.12186466965786469,Houston,Deterministic-B,91
2026,2,Arizona,Utah St.,0.8257891559341833,Arizona,Deterministic-A,91
2026,2,Wisconsin,Arkansas,0.4950278069857847,Arkansas,Sampled,91
2026,2,Texas,Gonzaga,0.3371285202551729,Gonzaga,Deterministic-B,91
2026,2,Missouri,Purdue,0.12740044483533358,Purdue,Deterministic-B,91
2026,2,Michigan,Georgia,0.8507771524948368,Michigan,Deterministic-A,91
2026,2,Texas Tech,Alabama,0.5938325194380916,Texas Tech,Sampled,91
2026,2,Tennessee,Virginia,0.5960276902383712,Tennessee,Sampled,91
2026,2,Kentucky,Iowa St.,0.1715944196714473,Iowa St.,Deterministic-B,91
2026,3,Duke,St. John's,0.7465650367093921,Duke,Deterministic-A,91
2026,3,Louisville,Connecticut,0.489377384573671,Connecticut,Sampled,91
2026,3,Florida,Vanderbilt,0.6434590659410105,Florida,Deterministic-A,91
2026,3,Illinois,Houston,0.5308158063976895,Houston,Sampled,91
2026,3,Arizona,Arkansas,0.665220260010551,Arizona,Deterministic-A,91
2026,3,Gonzaga,Purdue,0.1942405317302338,Purdue,Deterministic-B,91
2026,3,Michigan,Texas Tech,0.5885013419889603,Michigan,Sampled,91
2026,3,Tennessee,Iowa St.,0.3594694078281067,Iowa St.,Deterministic-B,91
2026,4,Duke,Connecticut,0.7393907100072757,Duke,Deterministic-A,91
2026,4,Florida,Houston,0.41657408763462916,Houston,Sampled,91
2026,4,Arizona,Purdue,0.45224561567796356,Purdue,Sampled,91
2026,4,Michigan,Iowa St.,0.5278884916804828,Michigan,Sampled,91
2026,5,Duke,Houston,0.44675503197660105,Duke,Sampled,91
2026,5,Purdue,Michigan,0.4944320863679664,Michigan,Sampled,91
2026,6,Duke,Michigan,0.5179496741403071,Michigan,Sampled,91
2026,1,Duke,Siena,0.9935438698062663,Duke,Deterministic-A,92
2026,1,Ohio St.,TCU,0.8173194099086936,Ohio St.,Deterministic-A,92
2026,1,St. John's,Northern Iowa,0.8194627325708945,St. John's,Deterministic-A,92
2026,1,Kansas,Cal Baptist,0.9344506724910557,Kansas,Deterministic-A,92
2026,1,Louisville,South Florida,0.7860380912034134,Louisville,Deterministic-A,92
2026,1,Michigan St.,North Dakota St.,0.9477264024763377,Michigan St.,Deterministic-A,92
2026,1,UCLA,UCF,0.8608948556036264,UCLA,Deterministic-A,92
2026,1,Connecticut,Furman,0.9796773412447337,Connecticut,Deterministic-A,92
2026,1,Florida,Prairie View A&M,0.9961818193152869,Florida,Deterministic-A,92
2026,1,Clemson,Iowa,0.3505781305379848,Iowa,Deterministic-B,92
2026,1,Vanderbilt,McNeese St.,0.9184152829092163,Vanderbilt,Deterministic-A,92
2026,1,Nebraska,Troy,0.9441633711220943,Nebraska,Deterministic-A,92
2026,1,North Carolina,VCU,0.6875785627731936,North Carolina,Deterministic-A,92
2026,1,Illinois,Penn,0.9895456375342501,Illinois,Deterministic-A,92
2026,1,Saint Mary's,Texas A&M,0.4438285608095177,Texas A&M,Sampled,92
2026,1,Houston,Idaho,0.987795711852659,Houston,Deterministic-A,92
2026,1,Arizona,LIU,0.9965336858056648,Arizona,Deterministic-A,92
2026,1,Villanova,Utah St.,0.5234646169642977,Utah St.,Sampled,92
2026,1,Wisconsin,High Point,0.9497165580486782,Wisconsin,Deterministic-A,92
2026,1,Arkansas,Hawaii,0.9716546622292703,Arkansas,Deterministic-A,92
2026,1,BYU,Texas,0.5197253112456744,Texas,Sampled,92
2026,1,Gonzaga,Kennesaw St.,0.9513542807092172,Gonzaga,Deterministic-A,92
2026,1,Miami FL,Missouri,0.4391702435681522,Miami FL,Sampled,92
2026,1,Purdue,Queens,0.9933361519375553,Purdue,Deterministic-A,92
2026,1,Michigan,Howard,0.9951159249018185,Michigan,Deterministic-A,92
2026,1,Georgia,Saint Louis,0.7686430302506854,Georgia,Deterministic-A,92
2026,1,Texas Tech,Akron,0.9458621882672305,Texas Tech,Deterministic-A,92
2026,1,Alabama,Hofstra,0.9264093701411587,Alabama,Deterministic-A,92
2026,1,Tennessee,SMU,0.7515098630756083,Tennessee,Deterministic-A,92
2026,1,Virginia,Wright St.,0.9482248567091944,Virginia,Deterministic-A,92
2026,1,Kentucky,Santa Clara,0.4440426006429322,Santa Clara,Sampled,92
2026,1,Iowa St.,Tennessee St.,0.9968430210633037,Iowa St.,Deterministic-A,92
2026,2,Duke,Ohio St.,0.7390086079975868,Duke,Deterministic-A,92
2026,2,St. John's,Kansas,0.5355379132546708,St. John's,Sampled,92
2026,2,Louisville,Michigan St.,0.5738745576876145,Michigan St.,Sampled,92
2026,2,UCLA,Connecticut,0.4866936834089793,UCLA,Sampled,92
2026,2,Florida,Iowa,0.7639271236235,Florida,Deterministic-A,92
2026,2,Vanderbilt,Nebraska,0.6865031249657692,Vanderbilt,Deterministic-A,92
2026,2,North Carolina,Illinois,0.1085885722333618,Illinois,Deterministic-B,92
2026,2,Texas A&M,Houston,0.12186466965786469,Houston,Deterministic-B,92
2026,2,Arizona,Utah St.,0.8257891559341833,Arizona,Deterministic-A,92
2026,2,Wisconsin,Arkansas,0.4950278069857847,Wisconsin,Sampled,92
2026,2,Texas,Gonzaga,0.3371285202551729,Gonzaga,Deterministic-B,92
2026,2,Miami FL,Purdue,0.10259926213999071,Purdue,Deterministic-B,92
2026,2,Michigan,Georgia,0.8507771524948368,Michigan,Deterministic-A,92
2026,2,Texas Tech,Alabama,0.5938325194380916,Alabama,Sampled,92
2026,2,Tennessee,Virginia,0.5960276902383712,Tennessee,Sampled,92
2026,2,Santa Clara,Iowa St.,0.2059360963517331,Iowa St.,Deterministic-B,92
2026,3,Duke,St. John's,0.7465650367093921,Duke,Deterministic-A,92
2026,3,Michigan St.,UCLA,0.4287541296772118,UCLA,Sampled,92
2026,3,Florida,Vanderbilt,0.6434590659410105,Florida,Deterministic-A,92
2026,3,Illinois,Houston,0.5308158063976895,Illinois,Sampled,92
2026,3,Arizona,Wisconsin,0.6696350275590703,Arizona,Deterministic-A,92
2026,3,Gonzaga,Purdue,0.1942405317302338,Purdue,Deterministic-B,92
2026,3,Michigan,Alabama,0.6764719544732708,Michigan,Deterministic-A,92
2026,3,Tennessee,Iowa St.,0.3594694078281067,Iowa St.,Deterministic-B,92
2026,4,Duke,UCLA,0.7495177625156639,Duke,Deterministic-A,92
2026,4,Florida,Illinois,0.3869211107003162,Illinois,Deterministic-B,92
2026,4,Arizona,Purdue,0.45224561567796356,Purdue,Sampled,92
2026,4,Michigan,Iowa St.,0.5278884916804828,Iowa St.,Sampled,92
2026,5,Duke,Illinois,0.4164873314575824,Duke,Sampled,92
2026,5,Purdue,Iowa St.,0.5223344504860334,Iowa St.,Sampled,92
2026,6,Duke,Iowa St.,0.545746564850346,Duke,Sampled,92
2026,1,Duke,Siena,0.9935438698062663,Duke,Deterministic-A,93
2026,1,Ohio St.,TCU,0.8173194099086936,Ohio St.,Deterministic-A,93
2026,1,St. John's,Northern Iowa,0.8194627325708945,St. John's,Deterministic-A,93
2026,1,Kansas,Cal Baptist,0.9344506724910557,Kansas,Deterministic-A,93
2026,1,Louisville,South Florida,0.7860380912034134,Louisville,Deterministic-A,93
2026,1,Michigan St.,North Dakota St.,0.9477264024763377,Michigan St.,Deterministic-A,93
2026,1,UCLA,UCF,0.8608948556036264,UCLA,Deterministic-A,93
2026,1,Connecticut,Furman,0.9796773412447337,Connecticut,Deterministic-A,93
2026,1,Florida,Prairie View A&M,0.9961818193152869,Florida,Deterministic-A,93
2026,1,Clemson,Iowa,0.3505781305379848,Iowa,Deterministic-B,93
2026,1,Vanderbilt,McNeese St.,0.9184152829092163,Vanderbilt,Deterministic-A,93
2026,1,Nebraska,Troy,0.9441633711220943,Nebraska,Deterministic-A,93
2026,1,North Carolina,VCU,0.6875785627731936,North Carolina,Deterministic-A,93
2026,1,Illinois,Penn,0.9895456375342501,Illinois,Deterministic-A,93
2026,1,Saint Mary's,Texas A&M,0.4438285608095177,Texas A&M,Sampled,93
2026,1,Houston,Idaho,0.987795711852659,Houston,Deterministic-A,93
2026,1,Arizona,LIU,0.9965336858056648,Arizona,Deterministic-A,93
2026,1,Villanova,Utah St.,0.5234646169642977,Utah St.,Sampled,93
2026,1,Wisconsin,High Point,0.9497165580486782,Wisconsin,Deterministic-A,93
2026,1,Arkansas,Hawaii,0.9716546622292703,Arkansas,Deterministic-A,93
2026,1,BYU,Texas,0.5197253112456744,Texas,Sampled,93
2026,1,Gonzaga,Kennesaw St.,0.9513542807092172,Gonzaga,Deterministic-A,93
2026,1,Miami FL,Missouri,0.4391702435681522,Miami FL,Sampled,93
2026,1,Purdue,Queens,0.9933361519375553,Purdue,Deterministic-A,93
2026,1,Michigan,Howard,0.9951159249018185,Michigan,Deterministic-A,93
2026,1,Georgia,Saint Louis,0.7686430302506854,Georgia,Deterministic-A,93
2026,1,Texas Tech,Akron,0.9458621882672305,Texas Tech,Deterministic-A,93
2026,1,Alabama,Hofstra,0.9264093701411587,Alabama,Deterministic-A,93
2026,1,Tennessee,SMU,0.7515098630756083,Tennessee,Deterministic-A,93
2026,1,Virginia,Wright St.,0.9482248567091944,Virginia,Deterministic-A,93
2026,1,Kentucky,Santa Clara,0.4440426006429322,Kentucky,Sampled,93
2026,1,Iowa St.,Tennessee St.,0.9968430210633037,Iowa St.,Deterministic-A,93
2026,2,Duke,Ohio St.,0.7390086079975868,Duke,Deterministic-A,93
2026,2,St. John's,Kansas,0.5355379132546708,Kansas,Sampled,93
2026,2,Louisville,Michigan St.,0.5738745576876145,Louisville,Sampled,93
2026,2,UCLA,Connecticut,0.4866936834089793,Connecticut,Sampled,93
2026,2,Florida,Iowa,0.7639271236235,Florida,Deterministic-A,93
2026,2,Vanderbilt,Nebraska,0.6865031249657692,Vanderbilt,Deterministic-A,93
2026,2,North Carolina,Illinois,0.1085885722333618,Illinois,Deterministic-B,93
2026,2,Texas A&M,Houston,0.12186466965786469,Houston,Deterministic-B,93
2026,2,Arizona,Utah St.,0.8257891559341833,Arizona,Deterministic-A,93
2026,2,Wisconsin,Arkansas,0.4950278069857847,Wisconsin,Sampled,93
2026,2,Texas,Gonzaga,0.3371285202551729,Gonzaga,Deterministic-B,93
2026,2,Miami FL,Purdue,0.10259926213999071,Purdue,Deterministic-B,93
2026,2,Michigan,Georgia,0.8507771524948368,Michigan,Deterministic-A,93
2026,2,Texas Tech,Alabama,0.5938325194380916,Texas Tech,Sampled,93
2026,2,Tennessee,Virginia,0.5960276902383712,Virginia,Sampled,93
2026,2,Kentucky,Iowa St.,0.1715944196714473,Iowa St.,Deterministic-B,93
2026,3,Duke,Kansas,0.7725501680853833,Duke,Deterministic-A,93
2026,3,Louisville,Connecticut,0.489377384573671,Louisville,Sampled,93
2026,3,Florida,Vanderbilt,0.6434590659410105,Florida,Deterministic-A,93
2026,3,Illinois,Houston,0.5308158063976895,Illinois,Sampled,93
2026,3,Arizona,Wisconsin,0.6696350275590703,Arizona,Deterministic-A,93
2026,3,Gonzaga,Purdue,0.1942405317302338,Purdue,Deterministic-B,93
2026,3,Michigan,Texas Tech,0.5885013419889603,Texas Tech,Sampled,93
2026,3,Virginia,Iowa St.,0.2755569966500777,Iowa St.,Deterministic-B,93
2026,4,Duke,Louisville,0.7474958418351636,Duke,Deterministic-A,93
2026,4,Florida,Illinois,0.3869211107003162,Illinois,Deterministic-B,93
2026,4,Arizona,Purdue,0.45224561567796356,Arizona,Sampled,93
2026,4,Texas Tech,Iowa St.,0.43878277184709924,Iowa St.,Sampled,93
2026,5,Duke,Illinois,0.4164873314575824,Duke,Sampled,93
2026,5,Arizona,Iowa St.,0.4744711531664893,Iowa St.,Sampled,93
2026,6,Duke,Iowa St.,0.545746564850346,Iowa St.,Sampled,93
2026,1,Duke,Siena,0.9935438698062663,Duke,Deterministic-A,94
2026,1,Ohio St.,TCU,0.8173194099086936,Ohio St.,Deterministic-A,94
2026,1,St. John's,Northern Iowa,0.8194627325708945,St. John's,Deterministic-A,94
2026,1,Kansas,Cal Baptist,0.9344506724910557,Kansas,Deterministic-A,94
2026,1,Louisville,South Florida,0.7860380912034134,Louisville,Deterministic-A,94
2026,1,Michigan St.,North Dakota St.,0.9477264024763377,Michigan St.,Deterministic-A,94
2026,1,UCLA,UCF,0.8608948556036264,UCLA,Deterministic-A,94
2026,1,Connecticut,Furman,0.9796773412447337,Connecticut,Deterministic-A,94
2026,1,Florida,Prairie View A&M,0.9961818193152869,Florida,Deterministic-A,94
2026,1,Clemson,Iowa,0.3505781305379848,Iowa,Deterministic-B,94
2026,1,Vanderbilt,McNeese St.,0.9184152829092163,Vanderbilt,Deterministic-A,94
2026,1,Nebraska,Troy,0.9441633711220943,Nebraska,Deterministic-A,94
2026,1,North Carolina,VCU,0.6875785627731936,North Carolina,Deterministic-A,94
2026,1,Illinois,Penn,0.9895456375342501,Illinois,Deterministic-A,94
2026,1,Saint Mary's,Texas A&M,0.4438285608095177,Texas A&M,Sampled,94
2026,1,Houston,Idaho,0.987795711852659,Houston,Deterministic-A,94
2026,1,Arizona,LIU,0.9965336858056648,Arizona,Deterministic-A,94
2026,1,Villanova,Utah St.,0.5234646169642977,Villanova,Sampled,94
2026,1,Wisconsin,High Point,0.9497165580486782,Wisconsin,Deterministic-A,94
2026,1,Arkansas,Hawaii,0.9716546622292703,Arkansas,Deterministic-A,94
2026,1,BYU,Texas,0.5197253112456744,Texas,Sampled,94
2026,1,Gonzaga,Kennesaw St.,0.9513542807092172,Gonzaga,Deterministic-A,94
2026,1,Miami FL,Missouri,0.4391702435681522,Missouri,Sampled,94
2026,1,Purdue,Queens,0.9933361519375553,Purdue,Deterministic-A,94
2026,1,Michigan,Howard,0.9951159249018185,Michigan,Deterministic-A,94
2026,1,Georgia,Saint Louis,0.7686430302506854,Georgia,Deterministic-A,94
2026,1,Texas Tech,Akron,0.9458621882672305,Texas Tech,Deterministic-A,94
2026,1,Alabama,Hofstra,0.9264093701411587,Alabama,Deterministic-A,94
2026,1,Tennessee,SMU,0.7515098630756083,Tennessee,Deterministic-A,94
2026,1,Virginia,Wright St.,0.9482248567091944,Virginia,Deterministic-A,94
2026,1,Kentucky,Santa Clara,0.4440426006429322,Kentucky,Sampled,94
2026,1,Iowa St.,Tennessee St.,0.9968430210633037,Iowa St.,Deterministic-A,94
2026,2,Duke,Ohio St.,0.7390086079975868,Duke,Deterministic-A,94
2026,2,St. John's,Kansas,0.5355379132546708,St. John's,Sampled,94
2026,2,Louisville,Michigan St.,0.5738745576876145,Louisville,Sampled,94
2026,2,UCLA,Connecticut,0.4866936834089793,Connecticut,Sampled,94
2026,2,Florida,Iowa,0.7639271236235,Florida,Deterministic-A,94
2026,2,Vanderbilt,Nebraska,0.6865031249657692,Vanderbilt,Deterministic-A,94
2026,2,North Carolina,Illinois,0.1085885722333618,Illinois,Deterministic-B,94
2026,2,Texas A&M,Houston,0.12186466965786469,Houston,Deterministic-B,94
2026,2,Arizona,Villanova,0.8118606356348161,Arizona,Deterministic-A,94
2026,2,Wisconsin,Arkansas,0.4950278069857847,Arkansas,Sampled,94
2026,2,Texas,Gonzaga,0.3371285202551729,Gonzaga,Deterministic-B,94
2026,2,Missouri,Purdue,0.12740044483533358,Purdue,Deterministic-B,94
2026,2,Michigan,Georgia,0.8507771524948368,Michigan,Deterministic-A,94
2026,2,Texas Tech,Alabama,0.5938325194380916,Alabama,Sampled,94
2026,2,Tennessee,Virginia,0.5960276902383712,Virginia,Sampled,94
2026,2,Kentucky,Iowa St.,0.1715944196714473,Iowa St.,Deterministic-B,94
2026,3,Duke,St. John's,0.7465650367093921,Duke,Deterministic-A,94
2026,3,Louisville,Connecticut,0.489377384573671,Connecticut,Sampled,94
2026,3,Florida,Vanderbilt,0.6434590659410105,Florida,Deterministic-A,94
2026,3,Illinois,Houston,0.5308158063976895,Illinois,Sampled,94
2026,3,Arizona,Arkansas,0.665220260010551,Arizona,Deterministic-A,94
2026,3,Gonzaga,Purdue,0.1942405317302338,Purdue,Deterministic-B,94
2026,3,Michigan,Alabama,0.6764719544732708,Michigan,Deterministic-A,94
2026,3,Virginia,Iowa St.,0.2755569966500777,Iowa St.,Deterministic-B,94
2026,4,Duke,Connecticut,0.7393907100072757,Duke,Deterministic-A,94
2026,4,Florida,Illinois,0.3869211107003162,Illinois,Deterministic-B,94
2026,4,Arizona,Purdue,0.45224561567796356,Arizona,Sampled,94
2026,4,Michigan,Iowa St.,0.5278884916804828,Iowa St.,Sampled,94
2026,5,Duke,Illinois,0.4164873314575824,Duke,Sampled,94
2026,5,Arizona,Iowa St.,0.4744711531664893,Iowa St.,Sampled,94
2026,6,Duke,Iowa St.,0.545746564850346,Iowa St.,Sampled,94
2026,1,Duke,Siena,0.9935438698062663,Duke,Deterministic-A,95
2026,1,Ohio St.,TCU,0.8173194099086936,Ohio St.,Deterministic-A,95
2026,1,St. John's,Northern Iowa,0.8194627325708945,St. John's,Deterministic-A,95
2026,1,Kansas,Cal Baptist,0.9344506724910557,Kansas,Deterministic-A,95
2026,1,Louisville,South Florida,0.7860380912034134,Louisville,Deterministic-A,95
2026,1,Michigan St.,North Dakota St.,0.9477264024763377,Michigan St.,Deterministic-A,95
2026,1,UCLA,UCF,0.8608948556036264,UCLA,Deterministic-A,95
2026,1,Connecticut,Furman,0.9796773412447337,Connecticut,Deterministic-A,95
2026,1,Florida,Prairie View A&M,0.9961818193152869,Florida,Deterministic-A,95
2026,1,Clemson,Iowa,0.3505781305379848,Iowa,Deterministic-B,95
2026,1,Vanderbilt,McNeese St.,0.9184152829092163,Vanderbilt,Deterministic-A,95
2026,1,Nebraska,Troy,0.9441633711220943,Nebraska,Deterministic-A,95
2026,1,North Carolina,VCU,0.6875785627731936,North Carolina,Deterministic-A,95
2026,1,Illinois,Penn,0.9895456375342501,Illinois,Deterministic-A,95
2026,1,Saint Mary's,Texas A&M,0.4438285608095177,Saint Mary's,Sampled,95
2026,1,Houston,Idaho,0.987795711852659,Houston,Deterministic-A,95
2026,1,Arizona,LIU,0.9965336858056648,Arizona,Deterministic-A,95
2026,1,Villanova,Utah St.,0.5234646169642977,Utah St.,Sampled,95
2026,1,Wisconsin,High Point,0.9497165580486782,Wisconsin,Deterministic-A,95
2026,1,Arkansas,Hawaii,0.9716546622292703,Arkansas,Deterministic-A,95
2026,1,BYU,Texas,0.5197253112456744,BYU,Sampled,95
2026,1,Gonzaga,Kennesaw St.,0.9513542807092172,Gonzaga,Deterministic-A,95
2026,1,Miami FL,Missouri,0.4391702435681522,Missouri,Sampled,95
2026,1,Purdue,Queens,0.9933361519375553,Purdue,Deterministic-A,95
2026,1,Michigan,Howard,0.9951159249018185,Michigan,Deterministic-A,95
2026,1,Georgia,Saint Louis,0.7686430302506854,Georgia,Deterministic-A,95
2026,1,Texas Tech,Akron,0.9458621882672305,Texas Tech,Deterministic-A,95
2026,1,Alabama,Hofstra,0.9264093701411587,Alabama,Deterministic-A,95
2026,1,Tennessee,SMU,0.7515098630756083,Tennessee,Deterministic-A,95
2026,1,Virginia,Wright St.,0.9482248567091944,Virginia,Deterministic-A,95
2026,1,Kentucky,Santa Clara,0.4440426006429322,Santa Clara,Sampled,95
2026,1,Iowa St.,Tennessee St.,0.9968430210633037,Iowa St.,Deterministic-A,95
2026,2,Duke,Ohio St.,0.7390086079975868,Duke,Deterministic-A,95
2026,2,St. John's,Kansas,0.5355379132546708,Kansas,Sampled,95
2026,2,Louisville,Michigan St.,0.5738745576876145,Louisville,Sampled,95
2026,2,UCLA,Connecticut,0.4866936834089793,UCLA,Sampled,95
2026,2,Florida,Iowa,0.7639271236235,Florida,Deterministic-A,95
2026,2,Vanderbilt,Nebraska,0.6865031249657692,Vanderbilt,Deterministic-A,95
2026,2,North Carolina,Illinois,0.1085885722333618,Illinois,Deterministic-B,95
2026,2,Saint Mary's,Houston,0.09970310434646365,Houston,Deterministic-B,95
2026,2,Arizona,Utah St.,0.8257891559341833,Arizona,Deterministic-A,95
2026,2,Wisconsin,Arkansas,0.4950278069857847,Wisconsin,Sampled,95
2026,2,BYU,Gonzaga,0.35499034688497266,Gonzaga,Deterministic-B,95
2026,2,Missouri,Purdue,0.12740044483533358,Purdue,Deterministic-B,95
2026,2,Michigan,Georgia,0.8507771524948368,Michigan,Deterministic-A,95
2026,2,Texas Tech,Alabama,0.5938325194380916,Texas Tech,Sampled,95
2026,2,Tennessee,Virginia,0.5960276902383712,Tennessee,Sampled,95
2026,2,Santa Clara,Iowa St.,0.2059360963517331,Iowa St.,Deterministic-B,95
2026,3,Duke,Kansas,0.7725501680853833,Duke,Deterministic-A,95
2026,3,Louisville,UCLA,0.5026852193649918,Louisville,Sampled,95
2026,3,Florida,Vanderbilt,0.6434590659410105,Florida,Deterministic-A,95
2026,3,Illinois,Houston,0.5308158063976895,Houston,Sampled,95
2026,3,Arizona,Wisconsin,0.6696350275590703,Arizona,Deterministic-A,95
2026,3,Gonzaga,Purdue,0.1942405317302338,Purdue,Deterministic-B,95
2026,3,Michigan,Texas Tech,0.5885013419889603,Michigan,Sampled,95
2026,3,Tennessee,Iowa St.,0.3594694078281067,Iowa St.,Deterministic-B,95
2026,4,Duke,Louisville,0.7474958418351636,Duke,Deterministic-A,95
2026,4,Florida,Houston,0.41657408763462916,Florida,Sampled,95
2026,4,Arizona,Purdue,0.45224561567796356,Purdue,Sampled,95
2026,4,Michigan,Iowa St.,0.5278884916804828,Iowa St.,Sampled,95
2026,5,Duke,Florida,0.5307269011552253,Florida,Sampled,95
2026,5,Purdue,Iowa St.,0.5223344504860334,Iowa St.,Sampled,95
2026,6,Florida,Iowa St.,0.5151045907778832,Iowa St.,Sampled,95
2026,1,Duke,Siena,0.9935438698062663,Duke,Deterministic-A,96
2026,1,Ohio St.,TCU,0.8173194099086936,Ohio St.,Deterministic-A,96
2026,1,St. John's,Northern Iowa,0.8194627325708945,St. John's,Deterministic-A,96
2026,1,Kansas,Cal Baptist,0.9344506724910557,Kansas,Deterministic-A,96
2026,1,Louisville,South Florida,0.7860380912034134,Louisville,Deterministic-A,96
2026,1,Michigan St.,North Dakota St.,0.9477264024763377,Michigan St.,Deterministic-A,96
2026,1,UCLA,UCF,0.8608948556036264,UCLA,Deterministic-A,96
2026,1,Connecticut,Furman,0.9796773412447337,Connecticut,Deterministic-A,96
2026,1,Florida,Prairie View A&M,0.9961818193152869,Florida,Deterministic-A,96
2026,1,Clemson,Iowa,0.3505781305379848,Iowa,Deterministic-B,96
2026,1,Vanderbilt,McNeese St.,0.9184152829092163,Vanderbilt,Deterministic-A,96
2026,1,Nebraska,Troy,0.9441633711220943,Nebraska,Deterministic-A,96
2026,1,North Carolina,VCU,0.6875785627731936,North Carolina,Deterministic-A,96
2026,1,Illinois,Penn,0.9895456375342501,Illinois,Deterministic-A,96
2026,1,Saint Mary's,Texas A&M,0.4438285608095177,Texas A&M,Sampled,96
2026,1,Houston,Idaho,0.987795711852659,Houston,Deterministic-A,96
2026,1,Arizona,LIU,0.9965336858056648,Arizona,Deterministic-A,96
2026,1,Villanova,Utah St.,0.5234646169642977,Villanova,Sampled,96
2026,1,Wisconsin,High Point,0.9497165580486782,Wisconsin,Deterministic-A,96
2026,1,Arkansas,Hawaii,0.9716546622292703,Arkansas,Deterministic-A,96
2026,1,BYU,Texas,0.5197253112456744,Texas,Sampled,96
2026,1,Gonzaga,Kennesaw St.,0.9513542807092172,Gonzaga,Deterministic-A,96
2026,1,Miami FL,Missouri,0.4391702435681522,Missouri,Sampled,96
2026,1,Purdue,Queens,0.9933361519375553,Purdue,Deterministic-A,96
2026,1,Michigan,Howard,0.9951159249018185,Michigan,Deterministic-A,96
2026,1,Georgia,Saint Louis,0.7686430302506854,Georgia,Deterministic-A,96
2026,1,Texas Tech,Akron,0.9458621882672305,Texas Tech,Deterministic-A,96
2026,1,Alabama,Hofstra,0.9264093701411587,Alabama,Deterministic-A,96
2026,1,Tennessee,SMU,0.7515098630756083,Tennessee,Deterministic-A,96
2026,1,Virginia,Wright St.,0.9482248567091944,Virginia,Deterministic-A,96
2026,1,Kentucky,Santa Clara,0.4440426006429322,Kentucky,Sampled,96
2026,1,Iowa St.,Tennessee St.,0.9968430210633037,Iowa St.,Deterministic-A,96
2026,2,Duke,Ohio St.,0.7390086079975868,Duke,Deterministic-A,96
2026,2,St. John's,Kansas,0.5355379132546708,St. John's,Sampled,96
2026,2,Louisville,Michigan St.,0.5738745576876145,Louisville,Sampled,96
2026,2,UCLA,Connecticut,0.4866936834089793,Connecticut,Sampled,96
2026,2,Florida,Iowa,0.7639271236235,Florida,Deterministic-A,96
2026,2,Vanderbilt,Nebraska,0.6865031249657692,Vanderbilt,Deterministic-A,96
2026,2,North Carolina,Illinois,0.1085885722333618,Illinois,Deterministic-B,96
2026,2,Texas A&M,Houston,0.12186466965786469,Houston,Deterministic-B,96
2026,2,Arizona,Villanova,0.8118606356348161,Arizona,Deterministic-A,96
2026,2,Wisconsin,Arkansas,0.4950278069857847,Wisconsin,Sampled,96
2026,2,Texas,Gonzaga,0.3371285202551729,Gonzaga,Deterministic-B,96
2026,2,Missouri,Purdue,0.12740044483533358,Purdue,Deterministic-B,96
2026,2,Michigan,Georgia,0.8507771524948368,Michigan,Deterministic-A,96
2026,2,Texas Tech,Alabama,0.5938325194380916,Texas Tech,Sampled,96
2026,2,Tennessee,Virginia,0.5960276902383712,Tennessee,Sampled,96
2026,2,Kentucky,Iowa St.,0.1715944196714473,Iowa St.,Deterministic-B,96
2026,3,Duke,St. John's,0.7465650367093921,Duke,Deterministic-A,96
2026,3,Louisville,Connecticut,0.489377384573671,Connecticut,Sampled,96
2026,3,Florida,Vanderbilt,0.6434590659410105,Florida,Deterministic-A,96
2026,3,Illinois,Houston,0.5308158063976895,Illinois,Sampled,96
2026,3,Arizona,Wisconsin,0.6696350275590703,Arizona,Deterministic-A,96
2026,3,Gonzaga,Purdue,0.1942405317302338,Purdue,Deterministic-B,96
2026,3,Michigan,Texas Tech,0.5885013419889603,Texas Tech,Sampled,96
2026,3,Tennessee,Iowa St.,0.3594694078281067,Iowa St.,Deterministic-B,96
2026,4,Duke,Connecticut,0.7393907100072757,Duke,Deterministic-A,96
2026,4,Florida,Illinois,0.3869211107003162,Illinois,Deterministic-B,96
2026,4,Arizona,Purdue,0.45224561567796356,Purdue,Sampled,96
2026,4,Texas Tech,Iowa St.,0.43878277184709924,Texas Tech,Sampled,96
2026,5,Duke,Illinois,0.4164873314575824,Illinois,Sampled,96
2026,5,Purdue,Texas Tech,0.583097218901381,Purdue,Sampled,96
2026,6,Illinois,Purdue,0.6061869799015335,Illinois,Deterministic-A,96
2026,1,Duke,Siena,0.9935438698062663,Duke,Deterministic-A,97
2026,1,Ohio St.,TCU,0.8173194099086936,Ohio St.,Deterministic-A,97
2026,1,St. John's,Northern Iowa,0.8194627325708945,St. John's,Deterministic-A,97
2026,1,Kansas,Cal Baptist,0.9344506724910557,Kansas,Deterministic-A,97
2026,1,Louisville,South Florida,0.7860380912034134,Louisville,Deterministic-A,97
2026,1,Michigan St.,North Dakota St.,0.9477264024763377,Michigan St.,Deterministic-A,97
2026,1,UCLA,UCF,0.8608948556036264,UCLA,Deterministic-A,97
2026,1,Connecticut,Furman,0.9796773412447337,Connecticut,Deterministic-A,97
2026,1,Florida,Prairie View A&M,0.9961818193152869,Florida,Deterministic-A,97
2026,1,Clemson,Iowa,0.3505781305379848,Iowa,Deterministic-B,97
2026,1,Vanderbilt,McNeese St.,0.9184152829092163,Vanderbilt,Deterministic-A,97
2026,1,Nebraska,Troy,0.9441633711220943,Nebraska,Deterministic-A,97
2026,1,North Carolina,VCU,0.6875785627731936,North Carolina,Deterministic-A,97
2026,1,Illinois,Penn,0.9895456375342501,Illinois,Deterministic-A,97
2026,1,Saint Mary's,Texas A&M,0.4438285608095177,Saint Mary's,Sampled,97
2026,1,Houston,Idaho,0.987795711852659,Houston,Deterministic-A,97
2026,1,Arizona,LIU,0.9965336858056648,Arizona,Deterministic-A,97
2026,1,Villanova,Utah St.,0.5234646169642977,Utah St.,Sampled,97
2026,1,Wisconsin,High Point,0.9497165580486782,Wisconsin,Deterministic-A,97
2026,1,Arkansas,Hawaii,0.9716546622292703,Arkansas,Deterministic-A,97
2026,1,BYU,Texas,0.5197253112456744,Texas,Sampled,97
2026,1,Gonzaga,Kennesaw St.,0.9513542807092172,Gonzaga,Deterministic-A,97
2026,1,Miami FL,Missouri,0.4391702435681522,Miami FL,Sampled,97
2026,1,Purdue,Queens,0.9933361519375553,Purdue,Deterministic-A,97
2026,1,Michigan,Howard,0.9951159249018185,Michigan,Deterministic-A,97
2026,1,Georgia,Saint Louis,0.7686430302506854,Georgia,Deterministic-A,97
2026,1,Texas Tech,Akron,0.9458621882672305,Texas Tech,Deterministic-A,97
2026,1,Alabama,Hofstra,0.9264093701411587,Alabama,Deterministic-A,97
2026,1,Tennessee,SMU,0.7515098630756083,Tennessee,Deterministic-A,97
2026,1,Virginia,Wright St.,0.9482248567091944,Virginia,Deterministic-A,97
2026,1,Kentucky,Santa Clara,0.4440426006429322,Santa Clara,Sampled,97
2026,1,Iowa St.,Tennessee St.,0.9968430210633037,Iowa St.,Deterministic-A,97
2026,2,Duke,Ohio St.,0.7390086079975868,Duke,Deterministic-A,97
2026,2,St. John's,Kansas,0.5355379132546708,St. John's,Sampled,97
2026,2,Louisville,Michigan St.,0.5738745576876145,Louisville,Sampled,97
2026,2,UCLA,Connecticut,0.4866936834089793,Connecticut,Sampled,97
2026,2,Florida,Iowa,0.7639271236235,Florida,Deterministic-A,97
2026,2,Vanderbilt,Nebraska,0.6865031249657692,Vanderbilt,Deterministic-A,97
2026,2,North Carolina,Illinois,0.1085885722333618,Illinois,Deterministic-B,97
2026,2,Saint Mary's,Houston,0.09970310434646365,Houston,Deterministic-B,97
2026,2,Arizona,Utah St.,0.8257891559341833,Arizona,Deterministic-A,97
2026,2,Wisconsin,Arkansas,0.4950278069857847,Arkansas,Sampled,97
2026,2,Texas,Gonzaga,0.3371285202551729,Gonzaga,Deterministic-B,97
2026,2,Miami FL,Purdue,0.10259926213999071,Purdue,Deterministic-B,97
2026,2,Michigan,Georgia,0.8507771524948368,Michigan,Deterministic-A,97
2026,2,Texas Tech,Alabama,0.5938325194380916,Alabama,Sampled,97
2026,2,Tennessee,Virginia,0.5960276902383712,Tennessee,Sampled,97
2026,2,Santa Clara,Iowa St.,0.2059360963517331,Iowa St.,Deterministic-B,97
2026,3,Duke,St. John's,0.7465650367093921,Duke,Deterministic-A,97
2026,3,Louisville,Connecticut,0.489377384573671,Connecticut,Sampled,97
2026,3,Florida,Vanderbilt,0.6434590659410105,Florida,Deterministic-A,97
2026,3,Illinois,Houston,0.5308158063976895,Houston,Sampled,97
2026,3,Arizona,Arkansas,0.665220260010551,Arizona,Deterministic-A,97
2026,3,Gonzaga,Purdue,0.1942405317302338,Purdue,Deterministic-B,97
2026,3,Michigan,Alabama,0.6764719544732708,Michigan,Deterministic-A,97
2026,3,Tennessee,Iowa St.,0.3594694078281067,Iowa St.,Deterministic-B,97
2026,4,Duke,Connecticut,0.7393907100072757,Duke,Deterministic-A,97
2026,4,Florida,Houston,0.41657408763462916,Houston,Sampled,97
2026,4,Arizona,Purdue,0.45224561567796356,Arizona,Sampled,97
2026,4,Michigan,Iowa St.,0.5278884916804828,Michigan,Sampled,97
2026,5,Duke,Houston,0.44675503197660105,Duke,Sampled,97
2026,5,Arizona,Michigan,0.4467343537440333,Arizona,Sampled,97
2026,6,Duke,Arizona,0.5709440018736711,Duke,Sampled,97
2026,1,Duke,Siena,0.9935438698062663,Duke,Deterministic-A,98
2026,1,Ohio St.,TCU,0.8173194099086936,Ohio St.,Deterministic-A,98
2026,1,St. John's,Northern Iowa,0.8194627325708945,St. John's,Deterministic-A,98
2026,1,Kansas,Cal Baptist,0.9344506724910557,Kansas,Deterministic-A,98
2026,1,Louisville,South Florida,0.7860380912034134,Louisville,Deterministic-A,98
2026,1,Michigan St.,North Dakota St.,0.9477264024763377,Michigan St.,Deterministic-A,98
2026,1,UCLA,UCF,0.8608948556036264,UCLA,Deterministic-A,98
2026,1,Connecticut,Furman,0.9796773412447337,Connecticut,Deterministic-A,98
2026,1,Florida,Prairie View A&M,0.9961818193152869,Florida,Deterministic-A,98
2026,1,Clemson,Iowa,0.3505781305379848,Iowa,Deterministic-B,98
2026,1,Vanderbilt,McNeese St.,0.9184152829092163,Vanderbilt,Deterministic-A,98
2026,1,Nebraska,Troy,0.9441633711220943,Nebraska,Deterministic-A,98
2026,1,North Carolina,VCU,0.6875785627731936,North Carolina,Deterministic-A,98
2026,1,Illinois,Penn,0.9895456375342501,Illinois,Deterministic-A,98
2026,1,Saint Mary's,Texas A&M,0.4438285608095177,Saint Mary's,Sampled,98
2026,1,Houston,Idaho,0.987795711852659,Houston,Deterministic-A,98
2026,1,Arizona,LIU,0.9965336858056648,Arizona,Deterministic-A,98
2026,1,Villanova,Utah St.,0.5234646169642977,Utah St.,Sampled,98
2026,1,Wisconsin,High Point,0.9497165580486782,Wisconsin,Deterministic-A,98
2026,1,Arkansas,Hawaii,0.9716546622292703,Arkansas,Deterministic-A,98
2026,1,BYU,Texas,0.5197253112456744,BYU,Sampled,98
2026,1,Gonzaga,Kennesaw St.,0.9513542807092172,Gonzaga,Deterministic-A,98
2026,1,Miami FL,Missouri,0.4391702435681522,Missouri,Sampled,98
2026,1,Purdue,Queens,0.9933361519375553,Purdue,Deterministic-A,98
2026,1,Michigan,Howard,0.9951159249018185,Michigan,Deterministic-A,98
2026,1,Georgia,Saint Louis,0.7686430302506854,Georgia,Deterministic-A,98
2026,1,Texas Tech,Akron,0.9458621882672305,Texas Tech,Deterministic-A,98
2026,1,Alabama,Hofstra,0.9264093701411587,Alabama,Deterministic-A,98
2026,1,Tennessee,SMU,0.7515098630756083,Tennessee,Deterministic-A,98
2026,1,Virginia,Wright St.,0.9482248567091944,Virginia,Deterministic-A,98
2026,1,Kentucky,Santa Clara,0.4440426006429322,Santa Clara,Sampled,98
2026,1,Iowa St.,Tennessee St.,0.9968430210633037,Iowa St.,Deterministic-A,98
2026,2,Duke,Ohio St.,0.7390086079975868,Duke,Deterministic-A,98
2026,2,St. John's,Kansas,0.5355379132546708,Kansas,Sampled,98
2026,2,Louisville,Michigan St.,0.5738745576876145,Louisville,Sampled,98
2026,2,UCLA,Connecticut,0.4866936834089793,Connecticut,Sampled,98
2026,2,Florida,Iowa,0.7639271236235,Florida,Deterministic-A,98
2026,2,Vanderbilt,Nebraska,0.6865031249657692,Vanderbilt,Deterministic-A,98
2026,2,North Carolina,Illinois,0.1085885722333618,Illinois,Deterministic-B,98
2026,2,Saint Mary's,Houston,0.09970310434646365,Houston,Deterministic-B,98
2026,2,Arizona,Utah St.,0.8257891559341833,Arizona,Deterministic-A,98
2026,2,Wisconsin,Arkansas,0.4950278069857847,Arkansas,Sampled,98
2026,2,BYU,Gonzaga,0.35499034688497266,Gonzaga,Deterministic-B,98
2026,2,Missouri,Purdue,0.12740044483533358,Purdue,Deterministic-B,98
2026,2,Michigan,Georgia,0.8507771524948368,Michigan,Deterministic-A,98
2026,2,Texas Tech,Alabama,0.5938325194380916,Alabama,Sampled,98
2026,2,Tennessee,Virginia,0.5960276902383712,Tennessee,Sampled,98
2026,2,Santa Clara,Iowa St.,0.2059360963517331,Iowa St.,Deterministic-B,98
2026,3,Duke,Kansas,0.7725501680853833,Duke,Deterministic-A,98
2026,3,Louisville,Connecticut,0.489377384573671,Connecticut,Sampled,98
2026,3,Florida,Vanderbilt,0.6434590659410105,Florida,Deterministic-A,98
2026,3,Illinois,Houston,0.5308158063976895,Houston,Sampled,98
2026,3,Arizona,Arkansas,0.665220260010551,Arizona,Deterministic-A,98
2026,3,Gonzaga,Purdue,0.1942405317302338,Purdue,Deterministic-B,98
2026,3,Michigan,Alabama,0.6764719544732708,Michigan,Deterministic-A,98
2026,3,Tennessee,Iowa St.,0.3594694078281067,Iowa St.,Deterministic-B,98
2026,4,Duke,Connecticut,0.7393907100072757,Duke,Deterministic-A,98
2026,4,Florida,Houston,0.41657408763462916,Houston,Sampled,98
2026,4,Arizona,Purdue,0.45224561567796356,Arizona,Sampled,98
2026,4,Michigan,Iowa St.,0.5278884916804828,Michigan,Sampled,98
2026,5,Duke,Houston,0.44675503197660105,Houston,Sampled,98
2026,5,Arizona,Michigan,0.4467343537440333,Michigan,Sampled,98
2026,6,Houston,Michigan,0.5709235073185751,Houston,Sampled,98
2026,1,Duke,Siena,0.9935438698062663,Duke,Deterministic-A,99
2026,1,Ohio St.,TCU,0.8173194099086936,Ohio St.,Deterministic-A,99
2026,1,St. John's,Northern Iowa,0.8194627325708945,St. John's,Deterministic-A,99
2026,1,Kansas,Cal Baptist,0.9344506724910557,Kansas,Deterministic-A,99
2026,1,Louisville,South Florida,0.7860380912034134,Louisville,Deterministic-A,99
2026,1,Michigan St.,North Dakota St.,0.9477264024763377,Michigan St.,Deterministic-A,99
2026,1,UCLA,UCF,0.8608948556036264,UCLA,Deterministic-A,99
2026,1,Connecticut,Furman,0.9796773412447337,Connecticut,Deterministic-A,99
2026,1,Florida,Prairie View A&M,0.9961818193152869,Florida,Deterministic-A,99
2026,1,Clemson,Iowa,0.3505781305379848,Iowa,Deterministic-B,99
2026,1,Vanderbilt,McNeese St.,0.9184152829092163,Vanderbilt,Deterministic-A,99
2026,1,Nebraska,Troy,0.9441633711220943,Nebraska,Deterministic-A,99
2026,1,North Carolina,VCU,0.6875785627731936,North Carolina,Deterministic-A,99
2026,1,Illinois,Penn,0.9895456375342501,Illinois,Deterministic-A,99
2026,1,Saint Mary's,Texas A&M,0.4438285608095177,Texas A&M,Sampled,99
2026,1,Houston,Idaho,0.987795711852659,Houston,Deterministic-A,99
2026,1,Arizona,LIU,0.9965336858056648,Arizona,Deterministic-A,99
2026,1,Villanova,Utah St.,0.5234646169642977,Utah St.,Sampled,99
2026,1,Wisconsin,High Point,0.9497165580486782,Wisconsin,Deterministic-A,99
2026,1,Arkansas,Hawaii,0.9716546622292703,Arkansas,Deterministic-A,99
2026,1,BYU,Texas,0.5197253112456744,BYU,Sampled,99
2026,1,Gonzaga,Kennesaw St.,0.9513542807092172,Gonzaga,Deterministic-A,99
2026,1,Miami FL,Missouri,0.4391702435681522,Miami FL,Sampled,99
2026,1,Purdue,Queens,0.9933361519375553,Purdue,Deterministic-A,99
2026,1,Michigan,Howard,0.9951159249018185,Michigan,Deterministic-A,99
2026,1,Georgia,Saint Louis,0.7686430302506854,Georgia,Deterministic-A,99
2026,1,Texas Tech,Akron,0.9458621882672305,Texas Tech,Deterministic-A,99
2026,1,Alabama,Hofstra,0.9264093701411587,Alabama,Deterministic-A,99
2026,1,Tennessee,SMU,0.7515098630756083,Tennessee,Deterministic-A,99
2026,1,Virginia,Wright St.,0.9482248567091944,Virginia,Deterministic-A,99
2026,1,Kentucky,Santa Clara,0.4440426006429322,Kentucky,Sampled,99
2026,1,Iowa St.,Tennessee St.,0.9968430210633037,Iowa St.,Deterministic-A,99
2026,2,Duke,Ohio St.,0.7390086079975868,Duke,Deterministic-A,99
2026,2,St. John's,Kansas,0.5355379132546708,St. John's,Sampled,99
2026,2,Louisville,Michigan St.,0.5738745576876145,Louisville,Sampled,99
2026,2,UCLA,Connecticut,0.4866936834089793,UCLA,Sampled,99
2026,2,Florida,Iowa,0.7639271236235,Florida,Deterministic-A,99
2026,2,Vanderbilt,Nebraska,0.6865031249657692,Vanderbilt,Deterministic-A,99
2026,2,North Carolina,Illinois,0.1085885722333618,Illinois,Deterministic-B,99
2026,2,Texas A&M,Houston,0.12186466965786469,Houston,Deterministic-B,99
2026,2,Arizona,Utah St.,0.8257891559341833,Arizona,Deterministic-A,99
2026,2,Wisconsin,Arkansas,0.4950278069857847,Arkansas,Sampled,99
2026,2,BYU,Gonzaga,0.35499034688497266,Gonzaga,Deterministic-B,99
2026,2,Miami FL,Purdue,0.10259926213999071,Purdue,Deterministic-B,99
2026,2,Michigan,Georgia,0.8507771524948368,Michigan,Deterministic-A,99
2026,2,Texas Tech,Alabama,0.5938325194380916,Alabama,Sampled,99
2026,2,Tennessee,Virginia,0.5960276902383712,Tennessee,Sampled,99
2026,2,Kentucky,Iowa St.,0.1715944196714473,Iowa St.,Deterministic-B,99
2026,3,Duke,St. John's,0.7465650367093921,Duke,Deterministic-A,99
2026,3,Louisville,UCLA,0.5026852193649918,UCLA,Sampled,99
2026,3,Florida,Vanderbilt,0.6434590659410105,Florida,Deterministic-A,99
2026,3,Illinois,Houston,0.5308158063976895,Illinois,Sampled,99
2026,3,Arizona,Arkansas,0.665220260010551,Arizona,Deterministic-A,99
2026,3,Gonzaga,Purdue,0.1942405317302338,Purdue,Deterministic-B,99
2026,3,Michigan,Alabama,0.6764719544732708,Michigan,Deterministic-A,99
2026,3,Tennessee,Iowa St.,0.3594694078281067,Iowa St.,Deterministic-B,99
2026,4,Duke,UCLA,0.7495177625156639,Duke,Deterministic-A,99
2026,4,Florida,Illinois,0.3869211107003162,Illinois,Deterministic-B,99
2026,4,Arizona,Purdue,0.45224561567796356,Purdue,Sampled,99
2026,4,Michigan,Iowa St.,0.5278884916804828,Michigan,Sampled,99
2026,5,Duke,Illinois,0.4164873314575824,Illinois,Sampled,99
2026,5,Purdue,Michigan,0.4944320863679664,Purdue,Sampled,99
2026,6,Illinois,Purdue,0.6061869799015335,Illinois,Deterministic-A,99
2026,1,Duke,Siena,0.9935438698062663,Duke,Deterministic-A,100
2026,1,Ohio St.,TCU,0.8173194099086936,Ohio St.,Deterministic-A,100
2026,1,St. John's,Northern Iowa,0.8194627325708945,St. John's,Deterministic-A,100
2026,1,Kansas,Cal Baptist,0.9344506724910557,Kansas,Deterministic-A,100
2026,1,Louisville,South Florida,0.7860380912034134,Louisville,Deterministic-A,100
2026,1,Michigan St.,North Dakota St.,0.9477264024763377,Michigan St.,Deterministic-A,100
2026,1,UCLA,UCF,0.8608948556036264,UCLA,Deterministic-A,100
2026,1,Connecticut,Furman,0.9796773412447337,Connecticut,Deterministic-A,100
2026,1,Florida,Prairie View A&M,0.9961818193152869,Florida,Deterministic-A,100
2026,1,Clemson,Iowa,0.3505781305379848,Iowa,Deterministic-B,100
2026,1,Vanderbilt,McNeese St.,0.9184152829092163,Vanderbilt,Deterministic-A,100
2026,1,Nebraska,Troy,0.9441633711220943,Nebraska,Deterministic-A,100
2026,1,North Carolina,VCU,0.6875785627731936,North Carolina,Deterministic-A,100
2026,1,Illinois,Penn,0.9895456375342501,Illinois,Deterministic-A,100
2026,1,Saint Mary's,Texas A&M,0.4438285608095177,Texas A&M,Sampled,100
2026,1,Houston,Idaho,0.987795711852659,Houston,Deterministic-A,100
2026,1,Arizona,LIU,0.9965336858056648,Arizona,Deterministic-A,100
2026,1,Villanova,Utah St.,0.5234646169642977,Villanova,Sampled,100
2026,1,Wisconsin,High Point,0.9497165580486782,Wisconsin,Deterministic-A,100
2026,1,Arkansas,Hawaii,0.9716546622292703,Arkansas,Deterministic-A,100
2026,1,BYU,Texas,0.5197253112456744,Texas,Sampled,100
2026,1,Gonzaga,Kennesaw St.,0.9513542807092172,Gonzaga,Deterministic-A,100
2026,1,Miami FL,Missouri,0.4391702435681522,Miami FL,Sampled,100
2026,1,Purdue,Queens,0.9933361519375553,Purdue,Deterministic-A,100
2026,1,Michigan,Howard,0.9951159249018185,Michigan,Deterministic-A,100
2026,1,Georgia,Saint Louis,0.7686430302506854,Georgia,Deterministic-A,100
2026,1,Texas Tech,Akron,0.9458621882672305,Texas Tech,Deterministic-A,100
2026,1,Alabama,Hofstra,0.9264093701411587,Alabama,Deterministic-A,100
2026,1,Tennessee,SMU,0.7515098630756083,Tennessee,Deterministic-A,100
2026,1,Virginia,Wright St.,0.9482248567091944,Virginia,Deterministic-A,100
2026,1,Kentucky,Santa Clara,0.4440426006429322,Santa Clara,Sampled,100
2026,1,Iowa St.,Tennessee St.,0.9968430210633037,Iowa St.,Deterministic-A,100
2026,2,Duke,Ohio St.,0.7390086079975868,Duke,Deterministic-A,100
2026,2,St. John's,Kansas,0.5355379132546708,St. John's,Sampled,100
2026,2,Louisville,Michigan St.,0.5738745576876145,Michigan St.,Sampled,100
2026,2,UCLA,Connecticut,0.4866936834089793,Connecticut,Sampled,100
2026,2,Florida,Iowa,0.7639271236235,Florida,Deterministic-A,100
2026,2,Vanderbilt,Nebraska,0.6865031249657692,Vanderbilt,Deterministic-A,100
2026,2,North Carolina,Illinois,0.1085885722333618,Illinois,Deterministic-B,100
2026,2,Texas A&M,Houston,0.12186466965786469,Houston,Deterministic-B,100
2026,2,Arizona,Villanova,0.8118606356348161,Arizona,Deterministic-A,100
2026,2,Wisconsin,Arkansas,0.4950278069857847,Arkansas,Sampled,100
2026,2,Texas,Gonzaga,0.3371285202551729,Gonzaga,Deterministic-B,100
2026,2,Miami FL,Purdue,0.10259926213999071,Purdue,Deterministic-B,100
2026,2,Michigan,Georgia,0.8507771524948368,Michigan,Deterministic-A,100
2026,2,Texas Tech,Alabama,0.5938325194380916,Texas Tech,Sampled,100
2026,2,Tennessee,Virginia,0.5960276902383712,Tennessee,Sampled,100
2026,2,Santa Clara,Iowa St.,0.2059360963517331,Iowa St.,Deterministic-B,100
2026,3,Duke,St. John's,0.7465650367093921,Duke,Deterministic-A,100
2026,3,Michigan St.,Connecticut,0.4157672305224931,Michigan St.,Sampled,100
2026,3,Florida,Vanderbilt,0.6434590659410105,Florida,Deterministic-A,100
2026,3,Illinois,Houston,0.5308158063976895,Illinois,Sampled,100
2026,3,Arizona,Arkansas,0.665220260010551,Arizona,Deterministic-A,100
2026,3,Gonzaga,Purdue,0.1942405317302338,Purdue,Deterministic-B,100
2026,3,Michigan,Texas Tech,0.5885013419889603,Michigan,Sampled,100
2026,3,Tennessee,Iowa St.,0.3594694078281067,Iowa St.,Deterministic-B,100
2026,4,Duke,Michigan St.,0.7994688685835264,Duke,Deterministic-A,100
2026,4,Florida,Illinois,0.3869211107003162,Illinois,Deterministic-B,100
2026,4,Arizona,Purdue,0.45224561567796356,Purdue,Sampled,100
2026,4,Michigan,Iowa St.,0.5278884916804828,Iowa St.,Sampled,100
2026,5,Duke,Illinois,0.4164873314575824,Illinois,Sampled,100
2026,5,Purdue,Iowa St.,0.5223344504860334,Iowa St.,Sampled,100
2026,6,Illinois,Iowa St.,0.6273136678289432,Illinois,Deterministic-A,100
